document_id,chunk_number,parsed_successfully,raw_output
17,1,True,"```json
{
  ""document_metadata"": {
    ""title"": ""Design Standards for Offshore Wind Farms"",
    ""document_number"": ""M10PC00105"",
    ""type_of_wind_farm"": ""Offshore""
  },
  ""regulatory_constraints"": [],
  ""regulatory_entities"": [
    {
      ""entity_name"": ""Bureau of Ocean Energy Management, Regulation, and Enforcement (BOEMRE)"",
      ""jurisdiction"": ""Federal (U.S.)"",
      ""role"": ""Funding and review/approval of the study defining design standards""
    },
    {
      ""entity_name"": ""U.S. Department of the Interior"",
      ""jurisdiction"": ""Federal (U.S.)"",
      ""role"": ""Oversight of BOEMRE""
    }
  ]
}
```"
17,2,True,"```json
{
  ""document_metadata"": {
    ""title"": ""Design Standards for Offshore Wind Farms Final Report"",
    ""document_number"": ""M10PC00105"",
    ""type_of_wind_farm"": ""Offshore""
  },
  ""regulatory_constraints"": [
    {
      ""type"": ""Technical"",
      ""requirement"": ""Design of offshore wind turbines must consider hurricane conditions on the US Outer Continental Shelf (OCS)."",
      ""scope"": ""US Outer Continental Shelf (OCS)"",
      ""numerical_value"": null,
      ""unit"": null,
      ""source"": ""M10PC00105: Design Standards for Offshore Wind Farms Final Report"",
      ""related_domains"": ""technical, safety""
    }
  ],
  ""regulatory_entities"": []
}
```"
17,3,True,"```json
{
  ""document_metadata"": {
    ""title"": ""Design Standards for Offshore Wind Farms Final Report"",
    ""document_number"": ""M10PC00105"",
    ""type_of_wind_farm"": ""Offshore""
  },
  ""regulatory_constraints"": [
    {
      ""type"": ""Technical"",
      ""requirement"": ""Consideration of site conditions"",
      ""scope"": ""Offshore wind farms"",
      ""numerical_value"": null,
      ""unit"": null,
      ""source"": ""Design Standards for Offshore Wind Farms"",
      ""related_domains"": ""technical""
    },
    {
      ""type"": ""Technical"",
      ""requirement"": ""Specification of wind turbine RNA and tower"",
      ""scope"": ""Offshore wind farms"",
      ""numerical_value"": null,
      ""unit"": null,
      ""source"": ""Design Standards for Offshore Wind Farms"",
      ""related_domains"": ""technical""
    },
    {
      ""type"": ""Technical"",
      ""requirement"": ""Definition of support structure configurations"",
      ""scope"": ""Offshore wind farms"",
      ""numerical_value"": null,
      ""unit"": null,
      ""source"": ""Design Standards for Offshore Wind Farms"",
      ""related_domains"": ""technical""
    },
    {
      ""type"": ""Technical"",
      ""requirement"": ""Conducting sensitivity studies to determine modeling parameters"",
      ""scope"": ""Offshore wind farms"",
      ""numerical_value"": null,
      ""unit"": null,
      ""source"": ""Design Standards for Offshore Wind Farms"",
      ""related_domains"": ""technical""
    },
    {
      ""type"": ""Technical"",
      ""requirement"": ""Comparison of API and IEC wind models"",
      ""scope"": ""Offshore wind farms"",
      ""numerical_value"": null,
      ""unit"": null,
      ""source"": ""Design Standards for Offshore Wind Farms"",
      ""related_domains"": ""technical""
    },
    {
      ""type"": ""Technical"",
      ""requirement"": ""Analysis of the effect of faults in turbine's yaw and pitch control"",
      ""scope"": ""Offshore wind farms"",
      ""numerical_value"": null,
      ""unit"": null,
      ""source"": ""Design Standards for Offshore Wind Farms"",
      ""related_domains"": ""safety, technical""
    },
    {
      ""type"": ""Technical"",
      ""requirement"": ""Case studies for monopile and tripod support structures"",
      ""scope"": ""Offshore wind farms"",
      ""numerical_value"": null,
      ""unit"": null,
      ""source"": ""Design Standards for Offshore Wind Farms"",
      ""related_domains"": ""technical""
    }

  ],
  ""regulatory_entities"": []
}
```


The provided text outlines technical considerations and analyses within a design standard document.  It does *not* explicitly state regulatory constraints or regulatory entities.  The JSON output reflects this lack of regulatory information while still capturing the technical requirements mentioned in the document as constraints within the design standard itself.  It's important to distinguish between design standards (best practices, recommended approaches) and legally binding regulations. This document appears to fall into the former category."
17,4,True,"```json
{
  ""document_metadata"": {
    ""title"": null,
    ""document_number"": null,
    ""type_of_wind_farm"": ""Offshore""
  },
  ""regulatory_constraints"": [],
  ""regulatory_entities"": []
}
```

**Explanation:**

The provided document excerpt focuses on technical analysis and case study results related to offshore wind turbine support structures and wave loading. It does *not* contain any explicit regulatory information, requirements, or mention of regulatory entities.  Therefore, according to the instructions, all fields are populated with `null` or empty arrays as appropriate."
17,5,True,"```json
{
  ""document_metadata"": {
    ""title"": ""Design Standards for Offshore Wind Farms Final Report"",
    ""document_number"": ""M10PC00105"",
    ""type_of_wind_farm"": ""Offshore""
  },
  ""regulatory_constraints"": [],
  ""regulatory_entities"": []
}
```

**Explanation:**

The provided document excerpt is a table of contents and some metadata. It does not contain any explicit regulatory constraints or mention any regulatory entities.  Therefore, according to the instructions, all fields are populated with null values (represented as empty arrays and empty strings in the JSON structure).  The document focuses on technical aspects and research related to offshore wind farm design, specifically slamming loads, but doesn't delve into the actual regulatory framework."
17,6,True,"```json
{
  ""document_metadata"": {
    ""title"": null,
    ""document_number"": null,
    ""type_of_wind_farm"": ""Offshore""
  },
  ""regulatory_constraints"": [
    {
      ""type"": ""Technical"",
      ""requirement"": null, 
      ""scope"": ""Offshore Wind Turbines"",
      ""numerical_value"": null,
      ""unit"": null,
      ""source"": ""Design Standards/Regulations referenced in Table 2.1"",
      ""related_domains"": ""Technical, Safety""
    },
    {
      ""type"": ""Technical"",
      ""requirement"": ""Load Cases as described in Table 2.2"",
      ""scope"": ""Case Studies (Offshore Wind Turbines)"",
      ""numerical_value"": null,
      ""unit"": null,
      ""source"": ""Table 2.2 General Load Cases Descriptions for the Case Studies"",
      ""related_domains"": ""Technical, Safety""
    },
    {
      ""type"": ""Technical"",
      ""requirement"": ""50-Year Return Water Depth, Current Speed, and Wind Speed values as specified in Table 2.3"",
      ""scope"": ""Offshore Wind Turbines"",
      ""numerical_value"": null, 
      ""unit"": null, 
      ""source"": ""Table 2.3 50-Year Return Water Depth, Current Speed and Wind Speed"",
      ""related_domains"": ""Technical, Safety""
    },
    {
      ""type"": ""Technical"",
      ""requirement"": ""50-Year Return Wave Condition as specified in Table 2.4"",
      ""scope"": ""Offshore Wind Turbines"",
      ""numerical_value"": null,
      ""unit"": null,
      ""source"": ""Table 2.4 50-Year Return Wave Condition"",
      ""related_domains"": ""Technical, Safety""
    },
    {
      ""type"": ""Technical"",
      ""requirement"": ""100-Year Return Water Depth, Current Speed, and Wind Speed values as specified in Table 2.5"",
      ""scope"": ""Offshore Wind Turbines"",
      ""numerical_value"": null,
      ""unit"": null,
      ""source"": ""Table 2.5 100-Year Return Water Depth, Current Speed and Wind Speed"",
      ""related_domains"": ""Technical, Safety""
    },
    {
      ""type"": ""Technical"",
      ""requirement"": ""100-Year Return Wave Conditions as specified in Table 2.6"",
      ""scope"": ""Offshore Wind Turbines"",
      ""numerical_value"": null,
      ""unit"": null,
      ""source"": ""Table 2.6 100-Year Return Wave Conditions"",
      ""related_domains"": ""Technical, Safety""
    }


  ],
  ""regulatory_entities"": []
}
```


Explanation of Changes and Reasoning:

* **No Regulatory Entities:** The provided text refers to standards and technical specifications, but doesn't explicitly name regulatory bodies or their jurisdictions.  Therefore, `regulatory_entities` is an empty array.

* **Focus on Technical Constraints:** The tables primarily detail technical requirements and design parameters.  The JSON output reflects this by categorizing the extracted information as ""Technical"" constraints.

* **Handling Missing Numerical Values:**  While some tables imply numerical values, the text itself doesn't provide them.  The JSON uses `null` for `numerical_value` and `unit` in these cases, but still includes the reference to the table as the `source` of the requirement.  This preserves the link to the relevant information.

* **Scope Clarification:** The `scope` field is used to specify that these requirements relate to ""Offshore Wind Turbines"" or specific components thereof.  This adds context and clarifies the applicability of the constraints.

* **Related Domains:** The `related_domains` field often includes both ""Technical"" and ""Safety"" because design specifications frequently have implications for both aspects of wind farm development.

* **No Document Metadata:** The provided excerpt lacks a title or document number, so these fields are set to `null`.  The `type_of_wind_farm` is identified as ""Offshore"" based on the context.


This revised JSON structure accurately represents the information provided in the document while adhering to the specified format and instructions. It focuses on extracting concrete technical requirements and avoids including descriptive information that doesn't represent a specific regulation or constraint."
17,7,True,"```json
{
  ""document_metadata"": {
    ""title"": ""Design Standards for Offshore Wind Farms Final Report"",
    ""document_number"": ""M10PC00105"",
    ""type_of_wind_farm"": ""Offshore""
  },
  ""regulatory_constraints"": [],
  ""regulatory_entities"": []
}
```

**Explanation:**

The provided document excerpt is a table of contents and a partial title page. It does not contain any regulatory constraints or mention any regulatory entities.  It focuses on technical properties and analysis parameters, not regulatory requirements. Therefore, according to the instructions, all fields are populated with null values (represented as empty arrays and empty strings in the JSON structure)."
17,8,True,"```json
{
  ""document_metadata"": {
    ""title"": null,
    ""document_number"": null,
    ""type_of_wind_farm"": ""Offshore""
  },
  ""regulatory_constraints"": [
    {
      ""type"": ""Technical"",
      ""requirement"": ""Turbulence properties at hub height must be calculated based on the API Wind Model."",
      ""scope"": ""Offshore wind turbine monopile and tripod support structures"",
      ""numerical_value"": null,
      ""unit"": null,
      ""source"": ""API Bulletin 2INT-MET (2007)"",
      ""related_domains"": ""Structural design, wind loading""
    },
    {
      ""type"": ""Technical"",
      ""requirement"": ""Turbulence properties at hub height must be calculated based on the IEC Wind Model."",
      ""scope"": ""Offshore wind turbine monopile and tripod support structures"",
      ""numerical_value"": null,
      ""unit"": null,
      ""source"": ""IEC Standard (Specific standard not identified in document)"",
      ""related_domains"": ""Structural design, wind loading""
    },
    {
      ""type"": ""Technical"",
      ""requirement"": ""Coherence function for wind loading calculations must use coefficients and distances specified."",
      ""scope"": ""Offshore wind turbine monopile and tripod support structures"",
      ""numerical_value"": null,
      ""unit"": null,
      ""source"": ""API Bulletin 2INT-MET (2007)"",
      ""related_domains"": ""Structural design, wind loading""
    }
  ],
  ""regulatory_entities"": [
    {
      ""entity_name"": ""American Petroleum Institute (API)"",
      ""jurisdiction"": ""International (Industry Standard)"",
      ""role"": ""Develops standards and recommended practices for the oil and gas industry, which are often applied to offshore wind projects.""
    },
    {
      ""entity_name"": ""International Electrotechnical Commission (IEC)"",
      ""jurisdiction"": ""International"",
      ""role"": ""Develops international standards for electrical, electronic, and related technologies, including wind turbines.""
    }
  ]
}
```"
17,9,True,"```json
{
  ""document_metadata"": {
    ""title"": ""Design Standards for Offshore Wind Farms Final Report"",
    ""document_number"": ""M10PC00105"",
    ""type_of_wind_farm"": ""Offshore""
  },
  ""regulatory_constraints"": [],
  ""regulatory_entities"": []
}
```

**Explanation:**

The provided document excerpt is a table of contents and list of figures from a report on design standards for offshore wind farms.  It does *not* contain any explicit regulatory constraints or mention any regulatory entities.  It references various models and analyses (e.g., Wienke Model, Campbell-Weynberg Model) related to structural loads and responses, but these are design considerations, not regulations.  Therefore, according to the instructions, all fields are populated with null values (represented as empty arrays and empty strings in the JSON structure)."
17,10,True,"```json
{
  ""document_metadata"": {
    ""title"": null,
    ""document_number"": null,
    ""type_of_wind_farm"": ""Offshore""
  },
  ""regulatory_constraints"": [
    {
      ""type"": ""Technical"",
      ""requirement"": ""Use of NREL 5-MW Baseline Offshore Wind Turbine design."",
      ""scope"": ""Offshore wind turbine design"",
      ""numerical_value"": 5,
      ""unit"": ""MW"",
      ""source"": ""Jonkman et al., 2009 (Figure 2.17)"",
      ""related_domains"": ""Technical""
    },
    {
      ""type"": ""Technical"",
      ""requirement"": ""Consideration of 50-year and 100-year return wave conditions."",
      ""scope"": ""Offshore wind turbine design and structural analysis"",
      ""numerical_value"": null,
      ""unit"": null,
      ""source"": ""Inferred from Figures 2.14 and 2.15"",
      ""related_domains"": ""Technical, Safety""
    },
    {
      ""type"": ""Environmental"",
      ""requirement"": ""Analysis of regional wind conditions in the US Atlantic Coast and Gulf of Mexico West Central Region."",
      ""scope"": ""Offshore wind farm site selection"",
      ""numerical_value"": null,
      ""unit"": null,
      ""source"": ""Inferred from Figures 2.6 and 2.7"",
      ""related_domains"": ""Environmental, Spatial""
    },
    {
      ""type"": ""Technical"",
      ""requirement"": ""Use of Gumbel distribution for extreme value analysis of wind and wave data."",
      ""scope"": ""Offshore wind farm design and risk assessment"",
      ""numerical_value"": null,
      ""unit"": null,
      ""source"": ""Inferred from Figures 2.9 and 2.10"",
      ""related_domains"": ""Technical, Safety""
    }


  ],
  ""regulatory_entities"": []
}
```"
17,11,True,"```json
{
  ""document_metadata"": {
    ""title"": ""Design Standards for Offshore Wind Farms Final Report"",
    ""document_number"": ""M10PC00105"",
    ""type_of_wind_farm"": ""Offshore""
  },
  ""regulatory_constraints"": [
    {
      ""type"": ""Technical"",
      ""requirement"": ""GOM West Central 100-yr Return Wind Condition"",
      ""scope"": ""GOM West Central"",
      ""numerical_value"": 100,
      ""unit"": ""years"",
      ""source"": ""Contract M10PC00105: Design Standards for Offshore Wind Farms Final Report"",
      ""related_domains"": ""structural design, wind loading""
    },
    {
      ""type"": ""Technical"",
      ""requirement"": ""IEC Wind Model"",
      ""scope"": ""Offshore Wind Farms"",
      ""numerical_value"": null,
      ""unit"": null,
      ""source"": ""Contract M10PC00105: Design Standards for Offshore Wind Farms Final Report (Figure 2.33)"",
      ""related_domains"": ""wind modeling""
    },
    {
      ""type"": ""Technical"",
      ""requirement"": ""API Wind Model"",
      ""scope"": ""Offshore Wind Farms"",
      ""numerical_value"": null,
      ""unit"": null,
      ""source"": ""Contract M10PC00105: Design Standards for Offshore Wind Farms Final Report (Figure 2.33)"",
      ""related_domains"": ""wind modeling""
    }

  ],
  ""regulatory_entities"": []
}
```"
17,12,True,"```json
{
  ""document_metadata"": {
    ""title"": null,
    ""document_number"": null,
    ""type_of_wind_farm"": ""Offshore""
  },
  ""regulatory_constraints"": [
    {
      ""type"": ""Technical"",
      ""requirement"": ""Wind turbine design must consider IEC and API wind models."",
      ""scope"": ""Offshore wind turbines"",
      ""numerical_value"": null,
      ""unit"": null,
      ""source"": ""Inferred from Figure 2.34 and 2.35: Coherence IEC and API Wind Model"",
      ""related_domains"": ""structural design, wind loading""
    },
    {
      ""type"": ""Safety"",
      ""requirement"": ""Analysis of maximum shear force and overturning moment at the mudline is required."",
      ""scope"": ""Offshore wind turbine foundations"",
      ""numerical_value"": null,
      ""unit"": null,
      ""source"": ""Inferred from Figure 2.36: Comparison of the Maximum Shear Force and Overturning Moment at the Mudline"",
      ""related_domains"": ""structural safety, foundation design""
    },
    {
      ""type"": ""Technical"",
      ""requirement"": ""Assessment of mudline shear force sensitivity to nacelle yaw angle is required for the GOM West Central 100-yr Return Wind Condition."",
      ""scope"": ""Offshore wind turbines in the GOM West Central region"",
      ""numerical_value"": null,
      ""unit"": null,
      ""source"": ""Inferred from Figure 2.38: Sensitivity of Mudline Shear Force to Nacelle Yaw Angle for the GOM West Central 100-yr Return Wind Condition"",
      ""related_domains"": ""structural design, wind loading, control systems""
    },
    {
      ""type"": ""Technical"",
      ""requirement"": ""Assessment of mudline overturning moment sensitivity to nacelle yaw angle is required for the GOM West Central 100-yr Return Wind Condition."",
      ""scope"": ""Offshore wind turbines in the GOM West Central region"",
      ""numerical_value"": null,
      ""unit"": null,
      ""source"": ""Inferred from Figure 2.39: Sensitivity of Mudline Overturning Moment to Nacelle Yaw Angle for the GOM West Central 100-yr Return Wind Condition"",
      ""related_domains"": ""structural design, wind loading, control systems""
    },
        {
      ""type"": ""Technical"",
      ""requirement"": ""Assessment of mudline shear force and overturning moment sensitivity to blade pitch angle is required for the GOM West Central 100-yr Return Wind Condition."",
      ""scope"": ""Offshore wind turbines in the GOM West Central region"",
      ""numerical_value"": null,
      ""unit"": null,
      ""source"": ""Inferred from Figures 2.40 and 2.41: Sensitivity to Blade Pitch Angle for the GOM West Central 100-yr Return Wind Condition"",
      ""related_domains"": ""structural design, wind loading, control systems""
    },
    {
      ""type"": ""Technical"",
      ""requirement"": ""Consideration of static wind forces and wave slamming loads in the design of monopile support structures."",
      ""scope"": ""Offshore wind turbine monopile foundations"",
      ""numerical_value"": null,
      ""unit"": null,
      ""source"": ""Inferred from Figures 2.42-2.45: Static Wind Forces and Wave Slamming Loads on Monopile"",
      ""related_domains"": ""structural design, wave loading, foundation design""
    }

  ],
  ""regulatory_entities"": []
}
```"
17,13,True,"```json
{
  ""document_metadata"": {
    ""title"": ""Design Standards for Offshore Wind Farms Final Report"",
    ""document_number"": ""M10PC00105"",
    ""type_of_wind_farm"": ""Offshore""
  },
  ""regulatory_constraints"": [
    {
      ""type"": ""Technical"",
      ""requirement"": ""Consideration of 100-year and 50-year return periods for mudline shear forces and overturning moments."",
      ""scope"": ""Offshore wind turbine tripod and jacket support structures"",
      ""numerical_value"": null,
      ""unit"": null,
      ""source"": ""Design Standards for Offshore Wind Farms Final Report (M10PC00105)"",
      ""related_domains"": ""Structural, Safety""
    },
    {
      ""type"": ""Technical"",
      ""requirement"": ""Evaluation of utilization ratios for tripod and jacket members."",
      ""scope"": ""Offshore wind turbine tripod and jacket support structures"",
      ""numerical_value"": null,
      ""unit"": null,
      ""source"": ""Design Standards for Offshore Wind Farms Final Report (M10PC00105)"",
      ""related_domains"": ""Structural, Safety""
    },
    {
      ""type"": ""Technical"",
      ""requirement"": ""Analysis of wave slamming loads on tripod structures."",
      ""scope"": ""Offshore wind turbine tripod support structures"",
      ""numerical_value"": null,
      ""unit"": null,
      ""source"": ""Design Standards for Offshore Wind Farms Final Report (M10PC00105)"",
      ""related_domains"": ""Structural, Safety""
    },
    {
      ""type"": ""Technical"",
      ""requirement"": ""Consideration of static wind forces on jacket support structures."",
      ""scope"": ""Offshore wind turbine jacket support structures"",
      ""numerical_value"": null,
      ""unit"": null,
      ""source"": ""Design Standards for Offshore Wind Farms Final Report (M10PC00105)"",
      ""related_domains"": ""Structural, Safety""
    },
    {
      ""type"": ""Technical"",
      ""requirement"": ""Analysis of mudline shear forces and overturning moments under normal and abnormal conditions for 50-year and 100-year return periods."",
      ""scope"": ""Offshore wind turbine structures in ATL2 and GOM regions"",
      ""numerical_value"": null,
      ""unit"": null,
      ""source"": ""Design Standards for Offshore Wind Farms Final Report (M10PC00105)"",
      ""related_domains"": ""Structural, Safety""
    }


  ],
  ""regulatory_entities"": []
}
```"
17,14,True,"```json
{
  ""document_metadata"": {
    ""title"": ""Design Standards for Offshore Wind Farms Final Report"",
    ""document_number"": ""M10PC00105"",
    ""type_of_wind_farm"": ""Offshore""
  },
  ""regulatory_constraints"": [
    {
      ""type"": ""Technical"",
      ""requirement"": ""Consideration of plunging breaking wave splashing patterns."",
      ""scope"": ""Offshore wind farms"",
      ""numerical_value"": null,
      ""unit"": null,
      ""source"": ""IEC61400-3 Annex D"",
      ""related_domains"": ""Safety, Technical""
    },
    {
      ""type"": ""Technical"",
      ""requirement"": ""Evaluation of breaking wave slamming loads on circular cylinders."",
      ""scope"": ""Offshore wind farms"",
      ""numerical_value"": null,
      ""unit"": null,
      ""source"": ""IEC 61400-3, 2009"",
      ""related_domains"": ""Safety, Technical""
    }
  ],
  ""regulatory_entities"": [
    {
      ""entity_name"": ""IEC"",
      ""jurisdiction"": ""International"",
      ""role"": ""Standards development for electrical, electronic and related technologies""
    }
  ]
}
```"
17,15,True,"```json
{
  ""document_metadata"": {
    ""title"": ""Design Standards for Offshore Wind Farms Final Report"",
    ""document_number"": ""M10PC00105"",
    ""type_of_wind_farm"": ""Offshore""
  },
  ""regulatory_constraints"": [],
  ""regulatory_entities"": [
    {
      ""entity_name"": ""BOEMRE (Bureau of Ocean Energy Management, Regulation and Enforcement)"",
      ""jurisdiction"": ""Federal (US)"",
      ""role"": ""Contract issuer and likely regulatory oversight""
    }
  ]
}
```"
17,16,True,"```json
{
  ""document_metadata"": {
    ""title"": ""Design Standards for Offshore Wind Farms Final Report"",
    ""document_number"": ""M10PC00105"",
    ""type_of_wind_farm"": ""Offshore""
  },
  ""regulatory_constraints"": [
    {
      ""type"": ""Technical"",
      ""requirement"": ""Load cases and load effects must be evaluated according to the relevant load cases specified in IEC 61400-3."",
      ""scope"": ""Bottom-founded wind turbines in US waters, specifically Mid-Atlantic, South Atlantic, and Gulf of Mexico"",
      ""numerical_value"": null,
      ""unit"": null,
      ""source"": ""IEC 61400-3"",
      ""related_domains"": ""structural design, safety""
    },
    {
      ""type"": ""Technical"",
      ""requirement"": ""Consideration of load cases critical to hurricane-prone regions, even if not specified in IEC standards."",
      ""scope"": ""Bottom-founded wind turbines in hurricane-prone regions on the US OCS"",
      ""numerical_value"": null,
      ""unit"": null,
      ""source"": ""Implied from the document; not explicitly from a specific standard"",
      ""related_domains"": ""structural design, safety""
    }
  ],
  ""regulatory_entities"": [
    {
      ""entity_name"": ""International Electrotechnical Commission (IEC)"",
      ""jurisdiction"": ""International"",
      ""role"": ""Standards development for electrical, electronic and related technologies, including IEC 61400-3 for wind turbine design.""
    }
  ]
}
```"
17,17,True,"```json
{
  ""document_metadata"": {
    ""title"": ""Design Standards for Offshore Wind Farms Final Report"",
    ""document_number"": ""M10PC00105"",
    ""type_of_wind_farm"": ""Offshore""
  },
  ""regulatory_constraints"": [
    {
      ""type"": ""Technical"",
      ""requirement"": ""Design of offshore structures located on the US OCS must consider wave, wind, current, and earthquake loads."",
      ""scope"": ""US Outer Continental Shelf (OCS)"",
      ""numerical_value"": null,
      ""unit"": null,
      ""source"": ""API RP 2A-WSD"",
      ""related_domains"": ""structural, safety""
    },
    {
      ""type"": ""Technical"",
      ""requirement"": ""Design requirements for offshore wind turbines."",
      ""scope"": ""Offshore Wind Turbines"",
      ""numerical_value"": null,
      ""unit"": null,
      ""source"": ""IEC 61400-3 (2009)"",
      ""related_domains"": ""technical, safety""
    }
  ],
  ""regulatory_entities"": [
    {
      ""entity_name"": ""Bureau of Ocean Energy Management, Regulation, and Enforcement (BOEMRE)"",
      ""jurisdiction"": ""Federal (US)"",
      ""role"": ""Regulation and Enforcement of offshore structures on the US OCS""
    },
    {
      ""entity_name"": ""American Petroleum Institute (API)"",
      ""jurisdiction"": ""Industry (US)"",
      ""role"": ""Publishes recommended practices for design of offshore structures, specifically API RP 2A-WSD""
    },
    {
      ""entity_name"": ""International Electrotechnical Commission (IEC)"",
      ""jurisdiction"": ""International"",
      ""role"": ""Develops international standards, specifically IEC 61400-3 for offshore wind turbine design.""
    }
  ]
}
```"
17,18,True,"```json
{
  ""document_metadata"": {
    ""title"": ""Design Standards for Offshore Wind Farms Final Report"",
    ""document_number"": ""M10PC00105"",
    ""type_of_wind_farm"": ""Offshore""
  },
  ""regulatory_constraints"": [
    {
      ""type"": ""Technical"",
      ""requirement"": ""Framework of defining the site-specific Class S wind turbines"",
      ""scope"": ""Offshore wind turbines"",
      ""numerical_value"": null,
      ""unit"": null,
      ""source"": ""IEC 61400-1 (2005) Wind turbines – Part 1: Design Requirements"",
      ""related_domains"": ""technical, safety""
    },
    {
      ""type"": ""Technical"",
      ""requirement"": ""Design criteria that takes into account the risk of tropical storms"",
      ""scope"": ""Offshore wind turbine support structures in US waters"",
      ""numerical_value"": null,
      ""unit"": null,
      ""source"": ""ABS Guide for Building and Classing Offshore Wind Turbine Installations (2010)"",
      ""related_domains"": ""technical, safety""
    },
    {
      ""type"": ""Safety"",
      ""requirement"": ""Offshore wind turbine support structure in US waters designed to ABS criteria is at least as safe as those designed to IEC 61400-3 (2009) under European offshore conditions."",
      ""scope"": ""Offshore wind turbine support structures in US waters"",
      ""numerical_value"": null,
      ""unit"": null,
      ""source"": ""Comparison between ABS Guide and IEC 61400-3 (2009)"",
      ""related_domains"": ""safety""

    }
  ],
  ""regulatory_entities"": [
    {
      ""entity_name"": ""IEC"",
      ""jurisdiction"": ""International"",
      ""role"": ""Standards development for electrical, electronic and related technologies""
    },
    {
      ""entity_name"": ""ABS (American Bureau of Shipping)"",
      ""jurisdiction"": ""International (with a focus on US waters in this context)"",
      ""role"": ""Classification society providing standards and guidance for marine and offshore structures""
    }
  ]
}
```"
17,19,True,"```json
{
  ""document_metadata"": {
    ""title"": null,
    ""document_number"": null,
    ""type_of_wind_farm"": ""Offshore""
  },
  ""regulatory_constraints"": [
    {
      ""type"": ""Technical"",
      ""requirement"": ""Guidelines for determining breaking wave load for design"",
      ""scope"": ""Offshore wind turbine support structures"",
      ""numerical_value"": null,
      ""unit"": null,
      ""source"": ""IEC 61400-3 (2007) Annex D"",
      ""related_domains"": ""structural safety, design""
    }
  ],
  ""regulatory_entities"": [
    {
      ""entity_name"": ""IEC (International Electrotechnical Commission)"",
      ""jurisdiction"": ""International"",
      ""role"": ""Standards development for electrical and electronic technologies""
    }
  ]
}
```"
17,20,True,"```json
{
  ""document_metadata"": {
    ""title"": ""Design Standards for Offshore Wind Farms Final Report"",
    ""document_number"": ""M10PC00105"",
    ""type_of_wind_farm"": ""Offshore""
  },
  ""regulatory_constraints"": [
    {
      ""type"": ""Technical"",
      ""requirement"": ""Design standards should address the gaps between existing offshore wind turbine design standards and the established practices for designing offshore oil and gas platforms on the US OCS."",
      ""scope"": ""US OCS (Outer Continental Shelf)"",
      ""numerical_value"": null,
      ""unit"": null,
      ""source"": ""Contract M10PC00105: Design Standards for Offshore Wind Farms Final Report"",
      ""related_domains"": ""technical, safety""
    },
    {
      ""type"": ""Technical"",
      ""requirement"": ""Consider extending the coverage of IEC 61400-3 (2009) to hurricane-prone regions."",
      ""scope"": ""Hurricane-prone regions"",
      ""numerical_value"": null,
      ""unit"": null,
      ""source"": ""Contract M10PC00105: Design Standards for Offshore Wind Farms Final Report"",
      ""related_domains"": ""technical, safety""
    },
    {
      ""type"": ""Technical"",
      ""requirement"": ""Consider adapting the design criteria in API RP 2A-WSD (2007) for the design of offshore wind turbines subjected to hurricane risks."",
      ""scope"": ""Offshore wind turbines in hurricane-prone regions"",
      ""numerical_value"": null,
      ""unit"": null,
      ""source"": ""Contract M10PC00105: Design Standards for Offshore Wind Farms Final Report"",
      ""related_domains"": ""technical, safety""
    }
  ],
  ""regulatory_entities"": []
}
```"
17,21,True,"```json
{
  ""document_metadata"": {
    ""title"": ""Design Standards for Offshore Wind Farms Final Report"",
    ""document_number"": ""M10PC00105"",
    ""type_of_wind_farm"": ""Offshore""
  },
  ""regulatory_constraints"": [
    {
      ""type"": ""Technical"",
      ""requirement"": ""Consideration of the Kaimal wind model"",
      ""scope"": ""Offshore wind turbine design"",
      ""numerical_value"": null,
      ""unit"": null,
      ""source"": ""IEC 61400-3 (2009)"",
      ""related_domains"": ""Technical, Safety""
    },
    {
      ""type"": ""Technical"",
      ""requirement"": ""Consideration of the NPD (Frøya) wind model"",
      ""scope"": ""Offshore wind turbine design"",
      ""numerical_value"": null,
      ""unit"": null,
      ""source"": ""API RP 2A-WSD (2007)"",
      ""related_domains"": ""Technical, Safety""
    },
    {
      ""type"": ""Safety"",
      ""requirement"": ""Analysis of failure of nacelle yaw and blade pitch control systems due to control system fault or loss of electric power supply"",
      ""scope"": ""Offshore wind turbine design"",
      ""numerical_value"": null,
      ""unit"": null,
      ""source"": ""Implied by the study's scope"",
      ""related_domains"": ""Safety, Technical""
    },
        {
      ""type"": ""Technical"",
      ""requirement"": ""Design considerations for monopile, tripod, and jacket support structures"",
      ""scope"": ""Offshore wind turbine structures"",
      ""numerical_value"": null,
      ""unit"": null,
      ""source"": ""Implied by the study's scope"",
      ""related_domains"": ""Technical, Safety""
    }
  ],
  ""regulatory_entities"": [
    {
      ""entity_name"": ""ABS"",
      ""jurisdiction"": ""International (Classification Society)"",
      ""role"": ""Guidance and standards development (Guide for Building and Classing Offshore Wind Turbine Installations (2010))""
    },
    {
      ""entity_name"": ""IEC"",
      ""jurisdiction"": ""International"",
      ""role"": ""Standards development (IEC 61400-3)""
    },
    {
      ""entity_name"": ""API"",
      ""jurisdiction"": ""International"",
      ""role"": ""Standards development (API RP 2A-WSD)""
    }
  ]
}
```"
17,22,True,"```json
{
  ""document_metadata"": {
    ""title"": ""Design Standards for Offshore Wind Farms Final Report"",
    ""document_number"": ""M10PC00105"",
    ""type_of_wind_farm"": ""Offshore""
  },
  ""regulatory_constraints"": [
    {
      ""type"": ""Technical"",
      ""requirement"": ""Consideration of extreme wind conditions, specifically hurricane conditions, in the design of offshore wind turbines."",
      ""scope"": ""US Atlantic Coast and the Gulf of Mexico"",
      ""numerical_value"": null,
      ""unit"": null,
      ""source"": ""Implied from the document's focus on hurricane wind modeling"",
      ""related_domains"": ""technical, safety""
    },
    {
      ""type"": ""Technical"",
      ""requirement"": ""Use of IEC and API wind models for comparative study."",
      ""scope"": ""Offshore wind turbine design (implied)"",
      ""numerical_value"": null,
      ""unit"": null,
      ""source"": ""Mentioned in Section 2.4 of the document"",
      ""related_domains"": ""technical""
    }

  ],
  ""regulatory_entities"": []
}
```"
17,23,True,"```json
{
  ""document_metadata"": {
    ""title"": ""Design Standards for Offshore Wind Farms Final Report"",
    ""document_number"": ""M10PC00105"",
    ""type_of_wind_farm"": ""Offshore""
  },
  ""regulatory_constraints"": [],
  ""regulatory_entities"": []
}
```

**Explanation:**

The provided document primarily discusses data collection methodologies and resources related to wind modeling for hurricane forecasting. It does *not* explicitly mention any regulatory constraints or entities specifically related to offshore wind farm development.  While it references organizations like NWS, NOAA, NDBC, and USACE, their roles described in the text pertain to data collection and management, not regulatory oversight of wind farms.  Therefore, based on the strict criteria outlined in the prompt, no regulatory constraints or entities could be extracted."
17,24,True,"```json
{
  ""document_metadata"": {
    ""title"": ""Design Standards for Offshore Wind Farms Final Report"",
    ""document_number"": ""M10PC00105"",
    ""type_of_wind_farm"": ""Offshore""
  },
  ""regulatory_constraints"": [],
  ""regulatory_entities"": []
}
```

**Explanation:**

The provided document excerpt discusses various data sources for wind and wave information, including NCEP/NCAR, Oceanweather, Inc., JMA, and JTWC.  It describes the characteristics of these datasets and their potential limitations. However, it does *not* mention any specific regulations, standards, or regulatory bodies related to offshore wind farm development.  Therefore, according to the instructions, all fields are populated with null values (represented as empty arrays and empty strings in the JSON structure)."
17,25,True,"```json
{
  ""document_metadata"": {
    ""title"": null,
    ""document_number"": null,
    ""type_of_wind_farm"": ""Offshore""
  },
  ""regulatory_constraints"": [
    {
      ""type"": ""Technical"",
      ""requirement"": ""Regional averaged extreme wind speeds"",
      ""scope"": ""GOM (Gulf of Mexico)"",
      ""numerical_value"": null,
      ""unit"": null,
      ""source"": ""API Bulletin 2INT-MET (2007)"",
      ""related_domains"": ""structural design""
    },
    {
      ""type"": ""Technical"",
      ""requirement"": ""100-year return wind speeds"",
      ""scope"": ""US OCS (Outer Continental Shelf)"",
      ""numerical_value"": null,
      ""unit"": null,
      ""source"": ""API RP 2A-WSD (2007)"",
      ""related_domains"": ""structural design""
    },
    {
      ""type"": ""Technical"",
      ""requirement"": ""Updated wind speed contour maps with various return periods"",
      ""scope"": ""On-land and coastal regions in the US"",
      ""numerical_value"": null,
      ""unit"": null,
      ""source"": ""ASCE-7 (2010)"",
      ""related_domains"": ""structural design, siting""
    }
  ],
  ""regulatory_entities"": [
    {
      ""entity_name"": ""BOEMRE (Bureau of Ocean Energy Management, Regulation and Enforcement)"", 
      ""jurisdiction"": ""Federal (US)"",
      ""role"": ""Provides metocean data for offshore wind farm development""
    },
     {
      ""entity_name"": ""American Petroleum Institute (API)"",
      ""jurisdiction"": ""Industry standards organization"",
      ""role"": ""Develops standards related to wind and metocean conditions for offshore structures""
    },
    {
      ""entity_name"": ""American Society of Civil Engineers (ASCE)"",
      ""jurisdiction"": ""Industry standards organization"",
      ""role"": ""Develops standards related to structural design and wind loads""
    }

  ]
}
```"
17,26,True,"```json
{
  ""document_metadata"": {
    ""title"": ""Design Standards for Offshore Wind Farms Final Report"",
    ""document_number"": ""M10PC00105"",
    ""type_of_wind_farm"": ""Offshore""
  },
  ""regulatory_constraints"": [],
  ""regulatory_entities"": []
}
```"
17,27,True,"```json
{
  ""document_metadata"": {
    ""title"": ""Design Standards for Offshore Wind Farms Final Report"",
    ""document_number"": ""M10PC00105"",
    ""type_of_wind_farm"": ""Offshore""
  },
  ""regulatory_constraints"": [],
  ""regulatory_entities"": [
    {
      ""entity_name"": ""World Meteorological Organization (WMO)"",
      ""jurisdiction"": ""International"",
      ""role"": ""Provides guidelines for converting between wind speeds with different averaging periods under tropical cyclone conditions, including gust factors for different surface conditions and cyclone origins.""
    }
  ]
}
```"
17,28,True,"```json
{
  ""document_metadata"": {
    ""title"": null,
    ""document_number"": null,
    ""type_of_wind_farm"": ""Offshore""
  },
  ""regulatory_constraints"": [],
  ""regulatory_entities"": []
}
```

**Explanation:**

The provided text discusses gust factor calculations and research related to wind speeds, particularly in hurricane conditions. It does *not* mention any specific regulations, standards, or regulatory bodies related to offshore wind farm development.  Therefore, according to the instructions, all fields are populated with `null` or empty arrays as appropriate.  The document is about wind modeling, not regulatory requirements."
17,29,True,"```json
{
  ""document_metadata"": {
    ""title"": ""Design Standards for Offshore Wind Farms Final Report"",
    ""document_number"": ""M10PC00105"",
    ""type_of_wind_farm"": ""Offshore""
  },
  ""regulatory_constraints"": [
    {
      ""type"": ""Technical"",
      ""requirement"": ""The most commonly used averaging period for mean wind speed is 10 minutes."",
      ""scope"": ""Offshore wind farms"",
      ""numerical_value"": 10,
      ""unit"": ""minutes"",
      ""source"": ""WMO report by Harper et al. (2009) [2.34], Barth and Peinke (2007) [2.10]"",
      ""related_domains"": ""technical""
    },
    {
      ""type"": ""Technical"",
      ""requirement"": ""Consideration of non-Gaussian behavior for smaller time scales due to their impact on extreme loads on wind turbines."",
      ""scope"": ""Offshore wind turbines"",
      ""numerical_value"": null,
      ""unit"": null,
      ""source"": ""Document text"",
      ""related_domains"": ""technical, safety""
    },
    {
      ""type"": ""Technical"",
      ""requirement"": ""Conversion factors are recommended between the WMO standard 10-minute average wind speed at 10 m above [ground level]."",
      ""scope"": ""Offshore wind farms"",
      ""numerical_value"": 10,
      ""unit"": ""meters"",
      ""source"": ""WMO report by Harper et al. (2009) [2.34]"",
      ""related_domains"": ""technical""
    }

  ],
  ""regulatory_entities"": [
    {
      ""entity_name"": ""WMO (World Meteorological Organization)"",
      ""jurisdiction"": ""International"",
      ""role"": ""Provides standards and recommendations for meteorological measurements, including wind speed averaging periods.""
    }
  ]
}
```"
17,30,True,"```json
{
  ""document_metadata"": {
    ""title"": ""Design Standards for Offshore Wind Farms Final Report"",
    ""document_number"": ""M10PC00105"",
    ""type_of_wind_farm"": ""Offshore""
  },
  ""regulatory_constraints"": [
    {
      ""type"": ""Technical"",
      ""requirement"": ""An at-sea conversion factor between the 1-minute sustained estimate of peak storm intensity and the 10-minute average wind speed should be 0.93."",
      ""scope"": ""Offshore wind farms"",
      ""numerical_value"": 0.93,
      ""unit"": ""unitless (conversion factor)"",
      ""source"": ""M10PC00105: Design Standards for Offshore Wind Farms Final Report"",
      ""related_domains"": ""technical, safety""
    },
    {
      ""type"": ""Technical"",
      ""requirement"": ""The logarithmic law, which is defined as a function of the surface roughness, has been used in most cases to describe the relationship between the wind speed and the height above surface."",
      ""scope"": ""Wind turbine design"",
      ""numerical_value"": null,
      ""unit"": null,
      ""source"": ""M10PC00105: Design Standards for Offshore Wind Farms Final Report; [2.24] [2.85] [2.8] [2.65]"",
      ""related_domains"": ""technical""
    },
    {
      ""type"": ""Technical"",
      ""requirement"": ""A relatively simple empirical format of exponential model has also been widely used in the wind turbine design standards such as IEC 61400-3."",
      ""scope"": ""Wind turbine design"",
      ""numerical_value"": null,
      ""unit"": null,
      ""source"": ""IEC 61400-3; M10PC00105: Design Standards for Offshore Wind Farms Final Report"",
      ""related_domains"": ""technical""
    },
    {
      ""type"": ""Technical"",
      ""requirement"": ""The distribution of mean wind speed recommended in most of wind turbine related standards follows the Weibull distribution or, with some limitations, the Rayleigh distribution."",
      ""scope"": ""Wind turbine design"",
      ""numerical_value"": null,
      ""unit"": null,
      ""source"": ""M10PC00105: Design Standards for Offshore Wind Farms Final Report; Argyriadis (2003) [2.8]"",
      ""related_domains"": ""technical""
    },
    {
      ""type"": ""Technical"",
      ""requirement"": ""Both the wind standard deviation and mean wind speed should be determined from the same set of measured data samples of wind speed taken over a specified period of time (usually 10 minutes)."",
      ""scope"": ""Wind turbine design, Turbulence Intensity Calculation"",
      ""numerical_value"": 10,
      ""unit"": ""minutes"",
      ""source"": ""M10PC00105: Design Standards for Offshore Wind Farms Final Report"",
      ""related_domains"": ""technical""
    }
  ],
  ""regulatory_entities"": [
    {
      ""entity_name"": ""IEC"",
      ""jurisdiction"": ""International"",
      ""role"": ""Standards development (IEC 61400-3)""
    }
  ]
}
```"
17,31,True,"```json
{
  ""document_metadata"": {
    ""title"": ""Design Standards for Offshore Wind Farms Final Report"",
    ""document_number"": ""M10PC00105"",
    ""type_of_wind_farm"": ""Offshore""
  },
  ""regulatory_constraints"": [
    {
      ""type"": ""Technical"",
      ""requirement"": ""Use Mann's spectrum (with reference to Kaimal spectrum) for offshore wind turbine design."",
      ""scope"": ""Offshore wind turbines"",
      ""numerical_value"": null,
      ""unit"": null,
      ""source"": ""IEC 61400-3 [2.40]"",
      ""related_domains"": ""Technical, Design""
    }
  ],
  ""regulatory_entities"": [
    {
      ""entity_name"": ""IEC"",
      ""jurisdiction"": ""International"",
      ""role"": ""Standards development for electrical, electronic and related technologies""
    }
  ]
}
```"
17,32,True,"```json
{
  ""document_metadata"": {
    ""title"": null,
    ""document_number"": null,
    ""type_of_wind_farm"": ""Offshore""
  },
  ""regulatory_constraints"": [
    {
      ""type"": ""Technical"",
      ""requirement"": ""The spectra used for onshore wind turbines may be used for offshore applications."",
      ""scope"": ""Offshore wind turbines"",
      ""numerical_value"": null,
      ""unit"": null,
      ""source"": ""GL [2.32] and Danish [2.19] standards"",
      ""related_domains"": ""Technical""
    },
    {
      ""type"": ""Technical"",
      ""requirement"": ""Use the NPD wind spectrum (also known as the Frøya wind model) and the two-point coherence function in conjunction with the logarithmic wind shear law."",
      ""scope"": ""Offshore structures and structural elements for which wind load induced dynamic responses need to be considered"",
      ""numerical_value"": null,
      ""unit"": null,
      ""source"": ""API RP 2A-WSD (2007) [2.5], API Bulletin 2INT-MET (2007) [2.4] and ISO 19901-1 [2.41]"",
      ""related_domains"": ""Technical, Safety""
    }
  ],
  ""regulatory_entities"": [
    {
      ""entity_name"": ""GL"",
      ""jurisdiction"": null, 
      ""role"": ""Standards development""
    },
    {
      ""entity_name"": ""Danish Standards"",
      ""jurisdiction"": null,
      ""role"": ""Standards development""
    },
    {
      ""entity_name"": ""API (American Petroleum Institute)"",
      ""jurisdiction"": null, 
      ""role"": ""Standards development""
    },
    {
      ""entity_name"": ""ISO (International Organization for Standardization)"",
      ""jurisdiction"": ""International"",
      ""role"": ""Standards development""
    }

  ]
}
```"
17,33,True,"```json
{
  ""document_metadata"": {
    ""title"": ""Design Standards for Offshore Wind Farms Final Report"",
    ""document_number"": ""M10PC00105"",
    ""type_of_wind_farm"": ""Offshore""
  },
  ""regulatory_constraints"": [
    {
      ""type"": ""Technical"",
      ""requirement"": ""Consideration of roughness length in the logarithmic law of wind speed profile for characterizing surface roughness and its correlation with wind field characteristics such as gust factor and turbulent intensity."",
      ""scope"": ""Offshore wind farms"",
      ""numerical_value"": null,
      ""unit"": null,
      ""source"": ""Contract M10PC00105: Design Standards for Offshore Wind Farms Final Report"",
      ""related_domains"": ""Technical, Safety""
    },
    {
      ""type"": ""Technical"",
      ""requirement"": ""Modeling hurricane generated waves based on maximum sustained wind speed, minimum surface pressure in the hurricane eye, forward velocity of the hurricane center, and radius of maximum wind speed."",
      ""scope"": ""Offshore wind farms in hurricane-prone regions"",
      ""numerical_value"": null,
      ""unit"": null,
      ""source"": ""Contract M10PC00105: Design Standards for Offshore Wind Farms Final Report"",
      ""related_domains"": ""Technical, Safety""
    },
    {
      ""type"": ""Technical"",
      ""requirement"": ""Use of the Charnock relation for calculating surface roughness length over the sea."",
      ""scope"": ""Offshore wind farms"",
      ""numerical_value"": null,
      ""unit"": null,
      ""source"": ""IEC 61400-3 (referenced in the document)"",
      ""related_domains"": ""Technical""
    }
  ],
  ""regulatory_entities"": [
    {
      ""entity_name"": ""IEC"",
      ""jurisdiction"": ""International"",
      ""role"": ""Standards development for electrical, electronic, and related technologies (specifically IEC 61400-3 for wind turbines)""
    }
  ]
}
```"
17,34,True,"```json
{
  ""document_metadata"": {
    ""title"": ""Design Standards for Offshore Wind Farms Final Report"",
    ""document_number"": ""M10PC00105"",
    ""type_of_wind_farm"": ""Offshore""
  },
  ""regulatory_constraints"": [
    {
      ""type"": ""Technical"",
      ""requirement"": ""Extreme wind and wave parameters with various return periods are specified."",
      ""scope"": ""Selected offshore sites on the US OCS"",
      ""numerical_value"": null,
      ""unit"": null,
      ""source"": ""API Bulletin 2INT-MET (2007) [2.4] and API RP 2A-WSD (2007) [2.5]"",
      ""related_domains"": ""Technical, Safety""
    }
  ],
  ""regulatory_entities"": [
    {
      ""entity_name"": ""National Data Buoy Center (NDBC)"",
      ""jurisdiction"": ""Federal (US)"",
      ""role"": ""Data collection and management for wave measurements""
    },
    {
      ""entity_name"": ""National Oceanic and Atmospheric Administration (NOAA)"",
      ""jurisdiction"": ""Federal (US)"",
      ""role"": ""Manages data buoys and provides wave data through NDBC and WAVEWATCH III model""
    },
    {
      ""entity_name"": ""US Army Corps of Engineers (USACE)"",
      ""jurisdiction"": ""Federal (US)"",
      ""role"": ""Sponsors the Wave Information Studies (WIS) project, providing wave data.""
    },
    {
      ""entity_name"": ""U.S. National Centers for Environmental Prediction (NCEP)"",
      ""jurisdiction"": ""Federal (US)"",
      ""role"": ""Develops and provides metocean hindcast data, including wave data.""
    },
    {
      ""entity_name"": ""National Center for Atmospheric Research (NCAR)"",
      ""jurisdiction"": ""Federal (US)"",
      ""role"": ""Develops and provides metocean hindcast data, including wave data, in conjunction with NCEP.""
    },
    {
      ""entity_name"": ""BOEMRE"",
      ""jurisdiction"": ""Federal (US)"",
      ""role"": ""Conducts research projects (e.g., TA&R Project No.672) related to offshore wind farm development.""
    }


  ]
}
```"
17,35,True,"```json
{
  ""document_metadata"": {
    ""title"": ""Design Standards for Offshore Wind Farms Final Report"",
    ""document_number"": ""M10PC00105"",
    ""type_of_wind_farm"": ""Offshore""
  },
  ""regulatory_constraints"": [],
  ""regulatory_entities"": []
}
```

**Explanation:**

The provided document excerpt discusses the characteristics of hurricane-generated wave fields, citing various research papers and NOAA resources.  It does *not* contain any regulatory constraints or mention any regulatory entities related to offshore wind farm development.  Therefore, all fields in the JSON structure are null or empty as per the instructions.  The document is purely descriptive and informative regarding metocean conditions relevant to offshore wind farm design, but it doesn't itself impose any rules or requirements."
17,36,True,"```json
{
  ""document_metadata"": {
    ""title"": null,
    ""document_number"": null,
    ""type_of_wind_farm"": ""Offshore"" 
  },
  ""regulatory_constraints"": [],
  ""regulatory_entities"": []
}
```

**Explanation:**

The provided document discusses hurricane wave modeling and spectral analysis. It describes the characteristics of waves in different parts of a hurricane and explains how wave spectra are used to characterize sea states. It also mentions specific models like the Pierson-Moskowitz and JONSWAP spectra, and the work of Young (1988) on hurricane wave modeling.

However, this document does *not* contain any regulatory information or constraints related to offshore wind farm planning, construction, or operation.  It's a purely technical document focused on oceanographic modeling. Therefore, all fields in the JSON output are null or empty as per the instructions."
17,37,True,"```json
{
  ""document_metadata"": {
    ""title"": ""Desi g n Standards for Offshore Wind Farms Final Re p ort"",
    ""document_number"": ""M10PC00105"",
    ""type_of_wind_farm"": ""Offshore""
  },
  ""regulatory_constraints"": [],
  ""regulatory_entities"": []
}
```

**Explanation:**

The provided document discusses wave modeling techniques and research related to hurricane wave prediction, specifically referencing the JONSWAP spectrum and modifications for tropical cyclones.  It does *not* contain any regulatory constraints or mention any regulatory entities related to offshore wind farm development.  Therefore, according to the instructions, all fields within `regulatory_constraints` and `regulatory_entities` are null.  The `document_metadata` is filled based on the information available in the document."
17,38,True,"```json
{
  ""document_metadata"": {
    ""title"": ""Design Standards for Offshore Wind Farms Final Report"",
    ""document_number"": ""M10PC00105"",
    ""type_of_wind_farm"": ""Offshore""
  },
  ""regulatory_constraints"": [
    {
      ""type"": ""Technical"",
      ""requirement"": ""Design environmental loadings are represented by a set of Design Load Cases (DLCs), which are defined by the combinations of turbine operational modes, site-specific environmental conditions, electrical network conditions and other applicable design conditions, such as specific transportation, assembly, maintenance or repair conditions."",
      ""scope"": ""Offshore wind turbine support structures"",
      ""numerical_value"": null,
      ""unit"": null,
      ""source"": ""Contract M10PC00105: Design Standards for Offshore Wind Farms Final Report"",
      ""related_domains"": ""technical, safety""
    },
    {
      ""type"": ""Technical"",
      ""requirement"": ""DLCs for hurricane conditions must take into account the effects of the turbine’s operations during the hurricane’s passage."",
      ""scope"": ""Offshore wind turbines"",
      ""numerical_value"": null,
      ""unit"": null,
      ""source"": ""Contract M10PC00105: Design Standards for Offshore Wind Farms Final Report"",
      ""related_domains"": ""technical, safety""
    },
    {
      ""type"": ""Technical"",
      ""requirement"": ""Consideration of wave spectral formulation for non-breaking waves in shallow/finite water using the TMA spectrum (JONSWAP spectrum multiplied by a frequency and water depth dependent transformation factor)."",
      ""scope"": ""Offshore wind turbines in shallow/finite water"",
      ""numerical_value"": null,
      ""unit"": null,
      ""source"": ""Costal Engineering Manual (2008), Bouws et al., 1985"",
      ""related_domains"": ""technical""
    },
    {
      ""type"": ""Technical"",
      ""requirement"": ""Consideration of a wave spectrum for shallow water waves with consideration of slope and water depth of local seabed as referenced in IEC 61400-3 (2009)."",
      ""scope"": ""Offshore wind turbines in shallow water"",
      ""numerical_value"": null,
      ""unit"": null,
      ""source"": ""IEC 61400-3 (2009)"",
      ""related_domains"": ""technical""
    }
  ],
  ""regulatory_entities"": [
    {
      ""entity_name"": ""IEC"",
      ""jurisdiction"": ""International"",
      ""role"": ""Standards development for electrical, electronic and related technologies""
    }
  ]
}
```"
17,39,True,"```json
{
  ""document_metadata"": {
    ""title"": ""Design Standards for Offshore Wind Farms Final Report"",
    ""document_number"": ""M10PC00105"",
    ""type_of_wind_farm"": ""Offshore""
  },
  ""regulatory_constraints"": [
    {
      ""type"": ""Safety"",
      ""requirement"": ""Maintain a 50-year return period for extreme events (e.g., hurricanes)"",
      ""scope"": ""Hurricane-prone regions, implicitly including the Gulf of Mexico"",
      ""numerical_value"": 50,
      ""unit"": ""years"",
      ""source"": ""IEC 61400-3 (interpreted in the context of hurricane regions)"",
      ""related_domains"": ""safety, structural""
    },
    {
      ""type"": ""Safety"",
      ""requirement"": ""Achieve the same level of safety as required by IEC 61400-3"",
      ""scope"": ""Hurricane-prone regions, implicitly including the Gulf of Mexico"",
      ""numerical_value"": null,
      ""unit"": null,
      ""source"": ""IEC 61400-3 (interpreted in the context of hurricane regions)"",
      ""related_domains"": ""safety, structural""
    },
    {
      ""type"": ""Technical"",
      ""requirement"": ""Consider 'policy risk' in addition to the risk of loss of human life and environmental pollution."",
      ""scope"": ""Offshore oil and gas platforms in the US (with potential implications for offshore wind)"",
      ""numerical_value"": null,
      ""unit"": null,
      ""source"": ""Transportation Research Board (2011) [2.70]"",
      ""related_domains"": ""policy, safety, environmental""
    },
    {
      ""type"": ""Technical"",
      ""requirement"": ""API RP 2A 100-year criteria (considered but not necessarily required)"",
      ""scope"": ""Offshore structures (with potential application to wind turbines)"",
      ""numerical_value"": 100,
      ""unit"": ""years"",
      ""source"": ""API RP 2A (mentioned in the context of comparison with IEC 61400-3)"",
      ""related_domains"": ""safety, structural""
    }

  ],
  ""regulatory_entities"": [
    {
      ""entity_name"": ""IEC"",
      ""jurisdiction"": ""International"",
      ""role"": ""Standards development (IEC 61400-3 for wind turbines)""
    },
    {
      ""entity_name"": ""Transportation Research Board"",
      ""jurisdiction"": ""US (likely Federal)"",
      ""role"": ""Recommending policy and regulations related to transportation infrastructure, including offshore platforms""
    },
    {
      ""entity_name"": ""API (American Petroleum Institute)"",
      ""jurisdiction"": ""Industry body (US focus)"",
      ""role"": ""Developing standards for the oil and gas industry (API RP 2A)""
    }
  ]
}
```"
17,40,True,"```json
{
  ""document_metadata"": {
    ""title"": ""Comparative Study of IEC 61400-3 and API RP 2A-WSD for Offshore Wind Turbine Support Structures"",
    ""document_number"": null,
    ""type_of_wind_farm"": ""Offshore""
  },
  ""regulatory_constraints"": [
    {
      ""type"": ""Technical"",
      ""requirement"": ""Support structure designs must meet the requirements of either IEC 61400-3 in combination with ISO 19902 or API RP 2A-WSD."",
      ""scope"": ""Offshore wind turbine support structures"",
      ""numerical_value"": null,
      ""unit"": null,
      ""source"": ""Comparative study of IEC 61400-3 and API RP 2A-WSD"",
      ""related_domains"": ""structural, safety""
    },
    {
      ""type"": ""Safety"",
      ""requirement"": ""Component level structural strength check based on the requirements of the chosen design standard (IEC/ISO or API)."",
      ""scope"": ""Offshore wind turbine support structures"",
      ""numerical_value"": null,
      ""unit"": null,
      ""source"": ""Comparative study of IEC 61400-3 and API RP 2A-WSD"",
      ""related_domains"": ""structural, safety""
    },
    {
      ""type"": ""Safety"",
      ""requirement"": ""Designs based on API 100-year conditions in conjunction with API safety factors must achieve a reliability level comparable to designs based on IEC 61400-3 and ISO 19902."",
      ""scope"": ""Offshore wind turbine support structures"",
      ""numerical_value"": 100,
      ""unit"": ""years"",
      ""source"": ""Comparative study of IEC 61400-3 and API RP 2A-WSD"",
      ""related_domains"": ""structural, safety""
    },
    {
      ""type"": ""Technical"",
      ""requirement"": ""Consideration of \""normal\"" turbine operating conditions (IEC) or \""operational\"" conditions (API)."",
      ""scope"": ""Offshore wind turbine support structures"",
      ""numerical_value"": null,
      ""unit"": null,
      ""source"": ""Comparative study of IEC 61400-3 and API RP 2A-WSD"",
      ""related_domains"": ""safety, operational""
    },
    {
      ""type"": ""Technical"",
      ""requirement"": ""Specific design criteria for offshore wind turbine support structures in hurricane-prone regions as defined in *ABS Guide for Building and Classing Offshore Wind Turbine Installations*."",
      ""scope"": ""Offshore wind turbine support structures in hurricane-prone regions"",
      ""numerical_value"": null,
      ""unit"": null,
      ""source"": ""ABS Guide for Building and Classing Offshore Wind Turbine Installations"",
      ""related_domains"": ""structural, safety""
    }
  ],
  ""regulatory_entities"": [
    {
      ""entity_name"": ""IEC"",
      ""jurisdiction"": ""International"",
      ""role"": ""Standards development""
    },
    {
      ""entity_name"": ""ISO"",
      ""jurisdiction"": ""International"",
      ""role"": ""Standards development""
    },
    {
      ""entity_name"": ""API"",
      ""jurisdiction"": ""Industry (primarily US)"",
      ""role"": ""Standards development""
    },
    {
      ""entity_name"": ""ABS"",
      ""jurisdiction"": ""International (Classification Society)"",
      ""role"": ""Guidance and certification""
    },
    {
      ""entity_name"": ""MMS/BOEMRE"",
      ""jurisdiction"": ""US Federal"",
      ""role"": ""Regulatory oversight (at the time of the study)""
    },
    {
      ""entity_name"": ""NREL"",
      ""jurisdiction"": ""US Federal"",
      ""role"": ""Research and development""
    }

  ]
}
```"
17,41,True,"```json
{
  ""document_metadata"": {
    ""title"": ""Design Standards for Offshore Wind Farms Final Report"",
    ""document_number"": ""M10PC00105"",
    ""type_of_wind_farm"": ""Offshore""
  },
  ""regulatory_constraints"": [
    {
      ""type"": ""Safety"",
      ""requirement"": ""The definition of “Operating” and “Extreme” design conditions in API RP 2A-WSD (2007) is not directly applicable to offshore wind turbines because of the unique load characteristic of offshore wind turbines."",
      ""scope"": ""US waters"",
      ""numerical_value"": null,
      ""unit"": null,
      ""source"": ""API RP 2A-WSD (2007)"",
      ""related_domains"": ""safety, technical""
    },
    {
      ""type"": ""Safety"",
      ""requirement"": ""Offshore wind turbines in US waters would not achieve the same level of safety as those in European waters if the existing IEC Ultimate Limit State (ULS) design criteria were applied without any modification."",
      ""scope"": ""US waters, specifically hurricane-prone areas"",
      ""numerical_value"": null,
      ""unit"": null,
      ""source"": ""IEC 61400-3"",
      ""related_domains"": ""safety, technical""
    },
    {
      ""type"": ""Technical"",
      ""requirement"": ""ULS design criteria specified in IEC 61400-3"",
      ""scope"": ""European coastal areas (originally), potentially US waters with modifications"",
      ""numerical_value"": null,
      ""unit"": null,
      ""source"": ""IEC 61400-3"",
      ""related_domains"": ""technical, safety""
    },
    {
      ""type"": ""Technical"",
      ""requirement"": ""ABS WSD-based design criteria"",
      ""scope"": ""US waters"",
      ""numerical_value"": null,
      ""unit"": null,
      ""source"": ""ABS"",
      ""related_domains"": ""technical, safety""
    }

  ],
  ""regulatory_entities"": [
    {
      ""entity_name"": ""BOEMRE"",
      ""jurisdiction"": ""US Federal (likely, based on context)"",
      ""role"": ""Sponsoring research and reviews of design guidelines""
    },
    {
      ""entity_name"": ""IEC"",
      ""jurisdiction"": ""International"",
      ""role"": ""Developing standards (IEC 61400-3)""
    },
    {
      ""entity_name"": ""API"",
      ""jurisdiction"": ""Industry/International"",
      ""role"": ""Developing standards (API RP 2A-WSD)""
    },
    {
      ""entity_name"": ""ABS"",
      ""jurisdiction"": ""Industry/International"",
      ""role"": ""Developing standards (ABS WSD-based design criteria)""
    }

  ]
}
```"
17,42,True,"```json
{
  ""document_metadata"": {
    ""title"": ""Design Standards for Offshore Wind Farms Final Report"",
    ""document_number"": ""M10PC00105"",
    ""type_of_wind_farm"": ""Offshore""
  },
  ""regulatory_constraints"": [
    {
      ""type"": ""Safety"",
      ""requirement"": ""Load factor of the LRFD-based criteria in IEC 61400-1 needs to be increased by approximately 25% to 50% for regions subjected to typhoons."",
      ""scope"": ""Regions subjected to typhoons (Philippines, implied)"",
      ""numerical_value"": ""25-50"",
      ""unit"": ""% increase in load factor"",
      ""source"": ""Clausen, et al. (2006a, 2006b, 2007) [2.16][2.17][2.18] interpreting IEC 61400-1"",
      ""related_domains"": ""safety, technical""
    },
    {
      ""type"": ""Safety"",
      ""requirement"": ""Increase the resistance factor by as much as 74% for turbine support structures designed for surviving typhoon winds while maintaining the same IEC load factors."",
      ""scope"": ""Turbine support structures in typhoon-prone regions"",
      ""numerical_value"": ""74"",
      ""unit"": ""% increase in resistance factor"",
      ""source"": ""Garciano and Koike (2007) [2.29] in relation to IEC standards"",
      ""related_domains"": ""safety, technical""
    },
    {
      ""type"": ""Technical"",
      ""requirement"": ""Consideration of hurricane conditions in design criteria."",
      ""scope"": ""US OCS"",
      ""numerical_value"": null,
      ""unit"": null,
      ""source"": ""Adaptation of IEC 61400-3 for US waters"",
      ""related_domains"": ""safety, technical""
    },
    {
      ""type"": ""Technical"",
      ""requirement"": ""Conformity to IEC 61400-3"",
      ""scope"": ""Offshore wind turbines (with adaptations for US waters)"",
      ""numerical_value"": null,
      ""unit"": null,
      ""source"": ""IEC 61400-3"",
      ""related_domains"": ""technical, safety""

    }


  ],
  ""regulatory_entities"": [
    {
      ""entity_name"": ""IEC"",
      ""jurisdiction"": ""International"",
      ""role"": ""Standards development organization""
    }
  ]
}
```"
17,43,True,"```json
{
  ""document_metadata"": {
    ""title"": ""Design Standards for Offshore Wind Farms Final Report"",
    ""document_number"": ""M10PC00105"",
    ""type_of_wind_farm"": ""Offshore""
  },
  ""regulatory_constraints"": [
    {
      ""type"": ""Technical"",
      ""requirement"": ""Turbine support structure design should be comparable in strength to those designed to API RP 2A-WSD."",
      ""scope"": ""Hurricane-prone offshore sites"",
      ""numerical_value"": null,
      ""unit"": null,
      ""source"": ""MMI Engineering (2009) [2.53]"",
      ""related_domains"": ""structural safety""
    },
    {
      ""type"": ""Technical"",
      ""requirement"": ""Consideration of \""normal\"" and \""abnormal\"" turbine operating conditions as defined in IEC 61400-3, which may be equivalent to \""operational\"" and \""extreme\"" conditions defined in API RP 2A-WSD."",
      ""scope"": ""Hurricane-prone offshore sites"",
      ""numerical_value"": null,
      ""unit"": null,
      ""source"": ""MMI Engineering (2009) [2.53]"",
      ""related_domains"": ""safety, operations""
    },
    {
      ""type"": ""Technical"",
      ""requirement"": ""Design based on 50-year return environmental conditions with load factors from IEC 61400-3 and resistance factors from ISO 19902."",
      ""scope"": ""Offshore wind turbines (IEC/ISO scheme)"",
      ""numerical_value"": 50,
      ""unit"": ""years"",
      ""source"": ""MMI Engineering (2009) [2.53]"",
      ""related_domains"": ""structural design, safety""
    },
    {
      ""type"": ""Technical"",
      ""requirement"": ""Design based on 100-year return conditions along with the safety factors defined in API RP 2A-WSD."",
      ""scope"": ""Offshore wind turbines (API scheme)"",
      ""numerical_value"": 100,
      ""unit"": ""years"",
      ""source"": ""MMI Engineering (2009) [2.53]"",
      ""related_domains"": ""structural design, safety""
    },
    {
      ""type"": ""Technical"",
      ""requirement"": ""Conformance to IEC 61400-3 for offshore wind turbines."",
      ""scope"": ""Offshore wind turbines, primarily European coastal areas"",
      ""numerical_value"": null,
      ""unit"": null,
      ""source"": ""IEC 61400-3"",
      ""related_domains"": ""general design and safety""
    },
    {
      ""type"": ""Technical"",
      ""requirement"": ""Conformance to IEC 61400-1 for site-specific Class S wind turbines (referred to by IEC 61400-3 for offshore applications)."",
      ""scope"": ""Offshore and onshore wind turbines (Class S)"",
      ""numerical_value"": null,
      ""unit"": null,
      ""source"": ""IEC 61400-1, IEC 61400-3"",
      ""related_domains"": ""site-specific design""
    }


  ],
  ""regulatory_entities"": [
    {
      ""entity_name"": ""IEC"",
      ""jurisdiction"": ""International"",
      ""role"": ""Standards development""
    },
    {
      ""entity_name"": ""ISO"",
      ""jurisdiction"": ""International"",
      ""role"": ""Standards development""
    },
    {
      ""entity_name"": ""API"",
      ""jurisdiction"": ""International"",
      ""role"": ""Standards development""
    }
  ]
}
```"
17,44,True,"```json
{
  ""document_metadata"": {
    ""title"": ""Standards and Regulations for Offshore Wind Turbines"",
    ""document_number"": null,
    ""type_of_wind_farm"": ""Offshore""
  },
  ""regulatory_constraints"": [
    {
      ""type"": ""Technical"",
      ""requirement"": ""Design requirements for environmental conditions, design load cases, structural and foundation design criteria are specified."",
      ""scope"": ""International (Land-based, adopted by IEC 61400-3 for offshore)"",
      ""numerical_value"": null,
      ""unit"": null,
      ""source"": ""IEC 61400-1 Ed.3: Wind turbines – Part 1: Design Requirements (2005)"",
      ""related_domains"": ""design, structural, foundation""
    },
    {
      ""type"": ""Technical"",
      ""requirement"": ""Requirements for environmental conditions and design load cases are specified."",
      ""scope"": ""International (Offshore, primarily North European shallow waters)"",
      ""numerical_value"": null,
      ""unit"": null,
      ""source"": ""IEC 61400-3 Ed.1: Wind turbines – Part 3: Design Requirements for Offshore Wind Turbines (2009)"",
      ""related_domains"": ""design, environmental""
    },
    {
      ""type"": ""Technical"",
      ""requirement"": ""Environmental conditions and load cases are based on IEC 61400-3 but with additional requirements to account for hurricane/tropical cyclone conditions."",
      ""scope"": ""Offshore"",
      ""numerical_value"": null,
      ""unit"": null,
      ""source"": ""American Bureau of Shipping (ABS), 2010. Guide for Building and Classing Offshore Wind Turbine Installations"",
      ""related_domains"": ""environmental, design, safety""
    },
    {
      ""type"": ""Technical"",
      ""requirement"": ""Working Stress Design (WSD) based criteria are specified in addition to Load and Resistance Design (LRFD) based criteria."",
      ""scope"": ""Offshore"",
      ""numerical_value"": null,
      ""unit"": null,
      ""source"": ""American Bureau of Shipping (ABS), 2010. Guide for Building and Classing Offshore Wind Turbine Installations"",
      ""related_domains"": ""design, structural""
    },
    {
      ""type"": ""Technical"",
      ""requirement"": ""Environmental conditions and load cases are similar to those in IEC 61400-3 with some modifications."",
      ""scope"": ""Offshore"",
      ""numerical_value"": null,
      ""unit"": null,
      ""source"": ""Germanischer Lloyd (GL), 2005. Guideline for the Certification of Offshore Wind Turbines"",
      ""related_domains"": ""environmental, design""
    },
    {
      ""type"": ""Technical"",
      ""requirement"": ""IEC environmental conditions and load cases are adopted with minor modifications."",
      ""scope"": ""Offshore"",
      ""numerical_value"": null,
      ""unit"": null,
      ""source"": ""Det Norske Veritas (DNV), 2010. Design of Offshore Wind Turbine Structures"",
      ""related_domains"": ""environmental, design""
    },
    {
      ""type"": ""Technical"",
      ""requirement"": ""Reference is made to API RP 2A-WSD for the design and inspection."",
      ""scope"": ""Outer Continental Shelf (US)"",
      ""numerical_value"": null,
      ""unit"": null,
      ""source"": ""US Department of Interior, 30 CFR Part 285, 2009. Renewable Energy Alternate Uses of Existing Facilities on the Outer Continental Shelf"",
      ""related_domains"": ""design, safety, inspection""
    }
  ],
  ""regulatory_entities"": [
    {
      ""entity_name"": ""International Electrotechnical Commission (IEC)"",
      ""jurisdiction"": ""International"",
      ""role"": ""Standards Development""
    },
    {
      ""entity_name"": ""American Bureau of Shipping (ABS)"",
      ""jurisdiction"": ""International"",
      ""role"": ""Classification and Certification""
    },
    {
      ""entity_name"": ""Germanischer Lloyd (GL)"",
      ""jurisdiction"": ""International"",
      ""role"": ""Classification and Certification""
    },
    {
      ""entity_name"": ""Det Norske Veritas (DNV)"",
      ""jurisdiction"": ""International"",
      ""role"": ""Classification and Certification""
    },
    {
      ""entity_name"": ""US Department of Interior"",
      ""jurisdiction"": ""Federal (US)"",
      ""role"": ""Regulation""
    },
    {
      ""entity_name"": ""German Federal Maritime and Hydrographic Agency (BSH)"",
      ""jurisdiction"": ""Federal (Germany)"",
      ""role"": ""Regulation""
    },
    {
      ""entity_name"": ""Danish Energy Agency"",
      ""jurisdiction"": ""National (Denmark)"",
      ""role"": ""Regulation""
    }
  ]
}
```"
17,45,True,"```json
{
  ""document_metadata"": {
    ""title"": ""Design Standards for Offshore Wind Farms Final Report"",
    ""document_number"": ""M10PC00105"",
    ""type_of_wind_farm"": ""Offshore""
  },
  ""regulatory_constraints"": [
    {
      ""type"": ""Safety"",
      ""requirement"": ""Achieve a comparable level of safety to designs in European waters."",
      ""scope"": ""US Outer Continental Shelf (OCS)"",
      ""numerical_value"": null,
      ""unit"": null,
      ""source"": ""Implied comparison with IEC 61400-3 and North Sea design practices"",
      ""related_domains"": ""safety, structural""
    },
    {
      ""type"": ""Technical"",
      ""requirement"": ""Consider \""normal\"" and \""abnormal\"" turbine operating conditions in design."",
      ""scope"": ""US Outer Continental Shelf (OCS)"",
      ""numerical_value"": null,
      ""unit"": null,
      ""source"": ""ABS calibration study (Yu et al., 2011)"",
      ""related_domains"": ""technical, safety""
    },
    {
      ""type"": ""Technical"",
      ""requirement"": ""Address design considerations such as resonance avoidance, wave slamming, and fatigue resistance."",
      ""scope"": ""US Outer Continental Shelf (OCS)"",
      ""numerical_value"": null,
      ""unit"": null,
      ""source"": ""Mentioned as potentially dominant factors influencing structural reliability"",
      ""related_domains"": ""technical, safety, structural""
    }
  ],
  ""regulatory_entities"": [
    {
      ""entity_name"": ""IEC (International Electrotechnical Commission)"",
      ""jurisdiction"": ""International"",
      ""role"": ""Standards development (IEC 61400-3)""
    },
    {
      ""entity_name"": ""ABS (American Bureau of Shipping)"",
      ""jurisdiction"": ""International (US focus in this context)"",
      ""role"": ""Calibration studies and design guidance""
    },
    {
      ""entity_name"": ""MMI (DNV Maritime)"",
      ""jurisdiction"": ""International"",
      ""role"": ""Design and verification of offshore structures"" 
    }

  ]
}
```"
17,46,True,"```json
{
  ""document_metadata"": {
    ""title"": ""Desi g n Standards for Offshore Wind Farms Final Re p ort"",
    ""document_number"": ""M10PC00105"",
    ""type_of_wind_farm"": ""Offshore""
  },
  ""regulatory_constraints"": [
    {
      ""type"": ""Safety"",
      ""requirement"": ""Reliability Index for Normal Conditions under Wind or Wave Loads"",
      ""scope"": ""GOM (Gulf of Mexico), Atlantic (various locations), MA, TX"",
      ""numerical_value"": null, 
      ""unit"": null,
      ""source"": ""Yu et al., 2011 [2.86]"",
      ""related_domains"": ""structural safety, wind loads, wave loads""
    },
    {
      ""type"": ""Safety"",
      ""requirement"": ""Reliability Index for Abnormal Conditions under Wind or Wave Loads"",
      ""scope"": ""GOM (Gulf of Mexico), Atlantic (various locations), MA, TX"",
      ""numerical_value"": null,
      ""unit"": null,
      ""source"": ""Yu et al., 2011 [2.86]"",
      ""related_domains"": ""structural safety, wind loads, wave loads""
    },
    {
      ""type"": ""Technical"",
      ""requirement"": ""Consideration of failure of yaw control system with omni-directional hurricane winds"",
      ""scope"": ""GOM offshore Texas"",
      ""numerical_value"": null,
      ""unit"": null,
      ""source"": ""Yu et al. (2011) [2.86]"",
      ""related_domains"": ""yaw control system, hurricane winds""
    },
    {
      ""type"": ""Technical"",
      ""requirement"": ""Relative increase in structural response due to change of return period from 50-year to 100-year is approximately 60%"",
      ""scope"": ""GOM offshore Texas"",
      ""numerical_value"": 60,
      ""unit"": ""%"",
      ""source"": ""Yu et al. (2011) [2.86]"",
      ""related_domains"": ""structural response, return period""
    },
    {
      ""type"": ""Technical"",
      ""requirement"": ""Fixed offshore platform design according to API RP 2A-WSD"",
      ""scope"": ""GOM"",
      ""numerical_value"": null,
      ""unit"": null,
      ""source"": ""Document mentions API RP 2A-WSD in context of 20-30% increase in structural response for 50-100yr return period change"",
      ""related_domains"": ""structural design""
    },
    {
      ""type"": ""Technical"",
      ""requirement"": ""ABS (100yr)"",
      ""scope"": ""Not specified, appears in table headers"",
      ""numerical_value"": null,
      ""unit"": null,
      ""source"": ""Document table headers"",
      ""related_domains"": ""design standards""
    },
    {
      ""type"": ""Technical"",
      ""requirement"": ""IEC (50-yr)"",
      ""scope"": ""North Sea, appears in table headers"",
      ""numerical_value"": null,
      ""unit"": null,
      ""source"": ""Document table headers"",
      ""related_domains"": ""design standards""
    }

  ],
  ""regulatory_entities"": [
     {
      ""entity_name"": ""ABS"",
      ""jurisdiction"": ""International (likely, based on context)"",
      ""role"": ""Standards development organization"" 
    },
    {
      ""entity_name"": ""IEC"",
      ""jurisdiction"": ""International"",
      ""role"": ""Standards development organization""
    },
    {
      ""entity_name"": ""API"",
      ""jurisdiction"": ""International (industry body)"",
      ""role"": ""Standards development organization (specifically mentioned in relation to RP 2A-WSD)""
    }
  ]
}
```"
17,47,True,"```json
{
  ""document_metadata"": {
    ""title"": ""Design Standards for Offshore Wind Farms Final Report"",
    ""document_number"": ""M10PC00105"",
    ""type_of_wind_farm"": ""Offshore""
  },
  ""regulatory_constraints"": [],
  ""regulatory_entities"": [
    {
      ""entity_name"": ""International Energy Agency (IEA)"",
      ""jurisdiction"": ""International"",
      ""role"": ""Research and collaboration on offshore wind turbine design standards through initiatives like IEA Wind Task 23 and IEA Wind Task 30.""
    }
  ]
}
```"
17,48,True,"```json
{
  ""document_metadata"": {
    ""title"": ""Design Standards for Offshore Wind Farms Final Report"",
    ""document_number"": ""M10PC00105"",
    ""type_of_wind_farm"": ""Offshore""
  },
  ""regulatory_constraints"": [
    {
      ""type"": ""Technical"",
      ""requirement"": ""Relevant load cases originally defined in IEC 61400-3 for bottom-founded offshore wind turbines"",
      ""scope"": ""US OCS, Hurricane-prone areas"",
      ""numerical_value"": null,
      ""unit"": null,
      ""source"": ""IEC 61400-3"",
      ""related_domains"": ""structural design, safety""
    }
  ],
  ""regulatory_entities"": []
}
```"
17,49,True,"```json
{
  ""document_metadata"": {
    ""title"": ""Design Standards for Offshore Wind Farms Final Report"",
    ""document_number"": ""M10PC00105"",
    ""type_of_wind_farm"": ""Offshore""
  },
  ""regulatory_constraints"": [],
  ""regulatory_entities"": []
}
```

**Explanation:**

The provided document is a technical report discussing design considerations for different offshore wind turbine support structures. It does *not* explicitly mention any regulatory entities or specific regulatory constraints.  It focuses on design choices and analysis methodologies, not on fulfilling specific regulatory requirements.  Therefore, according to the instructions, all fields related to regulatory constraints and entities are null.  The document metadata is filled based on the information available."
17,50,True,"```json
{
  ""document_metadata"": {
    ""title"": ""Design Standards for Offshore Wind Farms Final Report"",
    ""document_number"": ""M10PC00105"",
    ""type_of_wind_farm"": ""Offshore""
  },
  ""regulatory_constraints"": [
    {
      ""type"": ""Safety"",
      ""requirement"": ""Consider 50-year and 100-year return periods for extreme turbulent wind, waves, currents, and water levels in design."",
      ""scope"": ""Offshore wind turbine design"",
      ""numerical_value"": null,
      ""unit"": null,
      ""source"": ""Inferred from the document's load case descriptions"",
      ""related_domains"": ""structural, safety""
    },
    {
      ""type"": ""Safety"",
      ""requirement"": ""Design must account for collinear, ±30° cross waves, and ±90° cross waves."",
      ""scope"": ""Offshore wind turbine design"",
      ""numerical_value"": 30,
      ""unit"": ""degrees"",
      ""source"": ""Inferred from the document's load case descriptions"",
      ""related_domains"": ""structural, safety""
    },
    {
      ""type"": ""Safety"",
      ""requirement"": ""Design must account for yaw misalignment of ±80° in normal operation and -1800° ≤ ϕ < 1800° in abnormal operation."",
      ""scope"": ""Offshore wind turbine yaw control system"",
      ""numerical_value"": 80,
      ""unit"": ""degrees"",
      ""source"": ""Inferred from the document's load case descriptions"",
      ""related_domains"": ""control systems, safety""
    },
    {
      ""type"": ""Safety"",
      ""requirement"": ""Use different safety factors for normal and abnormal turbine operating modes as defined in IEC 61400-3 (2009) for LRFD and ABS Guide (2010) for WSD design approaches."",
      ""scope"": ""Offshore wind turbine design"",
      ""numerical_value"": null,
      ""unit"": null,
      ""source"": ""IEC 61400-3 (2009), ABS Guide (2010)"",
      ""related_domains"": ""structural, safety""
    }
  ],
  ""regulatory_entities"": [
    {
      ""entity_name"": ""IEC"",
      ""jurisdiction"": ""International"",
      ""role"": ""Standards development for electrotechnology""
    },
    {
      ""entity_name"": ""ABS (American Bureau of Shipping)"",
      ""jurisdiction"": ""International"",
      ""role"": ""Classification society providing standards and guidance for marine and offshore structures""
    }
  ]
}
```"
17,51,True,"```json
{
  ""document_metadata"": {
    ""title"": ""Desi g n Standards for Offshore Wind Farms Final Re p ort"",
    ""document_number"": ""M10PC00105"",
    ""type_of_wind_farm"": ""Offshore""
  },
  ""regulatory_constraints"": [
    {
      ""type"": ""Technical"",
      ""requirement"": ""Consideration of wind models recommended in API RP-2A-WSD (2007)"",
      ""scope"": ""Offshore wind turbine design"",
      ""numerical_value"": null,
      ""unit"": null,
      ""source"": ""API RP-2A-WSD (2007)"",
      ""related_domains"": ""structural, aerodynamic""
    },
    {
      ""type"": ""Safety"",
      ""requirement"": ""Evaluation of loads on the wind turbine support structure for a range of yaw misalignment angles"",
      ""scope"": ""Offshore wind turbine design"",
      ""numerical_value"": null,
      ""unit"": null,
      ""source"": ""Inferred from document - likely related to broader safety standards"",
      ""related_domains"": ""safety, structural""
    },
    {
      ""type"": ""Safety"",
      ""requirement"": ""Evaluation of the effect of blade pitch angle locking on the loads on turbine support structure"",
      ""scope"": ""Offshore wind turbine design"",
      ""numerical_value"": null,
      ""unit"": null,
      ""source"": ""Inferred from document - likely related to broader safety standards"",
      ""related_domains"": ""safety, structural""
    }
  ],
  ""regulatory_entities"": []
}
```"
17,52,True,"```json
{
  ""document_metadata"": {
    ""title"": null,
    ""document_number"": null,
    ""type_of_wind_farm"": ""Offshore""
  },
  ""regulatory_constraints"": [],
  ""regulatory_entities"": []
}
```

**Explanation:**

The provided text describes technical assumptions and modeling choices for load analysis of an offshore wind turbine. It does not mention any specific regulatory entities or constraints.  It discusses the use of the NREL 5-MW baseline offshore wind turbine model and the FAST program, but these are design and analysis tools, not regulations.  The text focuses on the *process* of analysis, not on regulatory requirements that the analysis must comply with. Therefore, all fields are null according to the instructions."
17,53,True,"```json
{
  ""document_metadata"": {
    ""title"": ""Design Standards for Offshore Wind Farms Final Report"",
    ""document_number"": ""M10PC00105"",
    ""type_of_wind_farm"": ""Offshore""
  },
  ""regulatory_constraints"": [
    {
      ""type"": ""Technical"",
      ""requirement"": ""Consideration of static wind drag load on the nacelle and support structure, as well as wave slamming load where applicable."",
      ""scope"": ""Offshore wind turbine design"",
      ""numerical_value"": null,
      ""unit"": null,
      ""source"": ""Design Standards for Offshore Wind Farms Final Report (M10PC00105)"",
      ""related_domains"": ""structural, safety""
    },
    {
      ""type"": ""Environmental"",
      ""requirement"": ""Site-specific metocean data must be used for design."",
      ""scope"": ""Offshore wind farm design"",
      ""numerical_value"": null,
      ""unit"": null,
      ""source"": ""Design Standards for Offshore Wind Farms Final Report (M10PC00105)"",
      ""related_domains"": ""environmental, safety""
    },
    {
      ""type"": ""Technical"",
      ""requirement"": ""Metocean data should consider water depth effects on significant wave height."",
      ""scope"": ""Offshore wind farm design"",
      ""numerical_value"": null,
      ""unit"": null,
      ""source"": ""Design Standards for Offshore Wind Farms Final Report (M10PC00105)"",
      ""related_domains"": ""environmental, technical""
    },
    {
      ""type"": ""Technical"",
      ""requirement"": ""Consideration of API standards"",
      ""scope"": ""Offshore wind farm design"",
      ""numerical_value"": null,
      ""unit"": null,
      ""source"": ""Design Standards for Offshore Wind Farms Final Report (M10PC00105)"",
      ""related_domains"": ""technical""
    },
    {
      ""type"": ""Technical"",
      ""requirement"": ""Consideration of ASCE-7 (2010)"",
      ""scope"": ""Offshore wind farm design"",
      ""numerical_value"": null,
      ""unit"": null,
      ""source"": ""Design Standards for Offshore Wind Farms Final Report (M10PC00105)"",
      ""related_domains"": ""technical""
    }


  ],
  ""regulatory_entities"": [
    {
      ""entity_name"": ""ABS"",
      ""jurisdiction"": ""Not specified in document excerpt"",
      ""role"": ""Acquired gridded wind map and performed site assessment for US Atlantic Coast.""
    },
    {
      ""entity_name"": ""NOAA NDBC"",
      ""jurisdiction"": ""US Federal"",
      ""role"": ""Provides buoy database referenced for metocean data comparison.""
    }
  ]
}
```"
17,54,True,"```json
{
  ""document_metadata"": {
    ""title"": ""Design Standards for Offshore Wind Farms Final Report"",
    ""document_number"": ""M10PC00105"",
    ""type_of_wind_farm"": ""Offshore""
  },
  ""regulatory_constraints"": [
    {
      ""type"": ""Technical"",
      ""requirement"": ""1-minute mean wind speeds at 10 m above surface with 10-year, 50-year and 100-year return periods must be calculated."",
      ""scope"": ""Atlantic Coast (30 miles offshore)"",
      ""numerical_value"": null,
      ""unit"": null,
      ""source"": ""Design Standards for Offshore Wind Farms Final Report (M10PC00105)"",
      ""related_domains"": ""structural design, safety""
    },
    {
      ""type"": ""Technical"",
      ""requirement"": ""Significant wave height must be calculated using the parametric model developed by Young (1988)."",
      ""scope"": ""Atlantic Coast (30 miles offshore)"",
      ""numerical_value"": null,
      ""unit"": null,
      ""source"": ""Design Standards for Offshore Wind Farms Final Report (M10PC00105); Young (1988) [2.83]"",
      ""related_domains"": ""structural design, safety""
    },
    {
      ""type"": ""Technical"",
      ""requirement"": ""Surface current should be estimated as 2 to 3 % of the one-hour sustained wind speed during a tropical storm."",
      ""scope"": ""Atlantic Coast (30 miles offshore)"",
      ""numerical_value"": ""2-3"",
      ""unit"": ""% of one-hour sustained wind speed"",
      ""source"": ""API RP 2A-WSD (2007)"",
      ""related_domains"": ""structural design, safety""
    },
    {
      ""type"": ""Technical"",
      ""requirement"": ""Storm surge heights must be derived using the SLOSH program."",
      ""scope"": ""Atlantic Coast (30 miles offshore)"",
      ""numerical_value"": null,
      ""unit"": null,
      ""source"": ""Design Standards for Offshore Wind Farms Final Report (M10PC00105)"",
      ""related_domains"": ""safety, structural design""
    },
    {
      ""type"": ""Technical"",
      ""requirement"": ""Metocean data for the West Central region of the Gulf of Mexico should be extracted from API Bulletin 2INT-MET (2007)."",
      ""scope"": ""Gulf of Mexico (West Central Region)"",
      ""numerical_value"": null,
      ""unit"": null,
      ""source"": ""API Bulletin 2INT-MET (2007)"",
      ""related_domains"": ""environmental, safety, structural design""
    }


  ],
  ""regulatory_entities"": [
    {
      ""entity_name"": ""Federal Emergency Management Agency (FEMA)"",
      ""jurisdiction"": ""Federal (US)"",
      ""role"": ""Development of SLOSH program for storm surge analysis""
    },
    {
      ""entity_name"": ""United States Army Corps of Engineers (USACE)"",
      ""jurisdiction"": ""Federal (US)"",
      ""role"": ""Development of SLOSH program for storm surge analysis""
    },
    {
      ""entity_name"": ""National Weather Service (NWS)"",
      ""jurisdiction"": ""Federal (US)"",
      ""role"": ""Development of SLOSH program for storm surge analysis""
    }
  ]
}
```"
17,55,True,"```json
{
  ""document_metadata"": {
    ""title"": ""Design Standards for Offshore Wind Farms Final Report"",
    ""document_number"": ""M10PC00105"",
    ""type_of_wind_farm"": ""Offshore""
  },
  ""regulatory_constraints"": [
    {
      ""type"": ""Technical"",
      ""requirement"": ""Consideration of 50-year and 100-year return wind speeds and wave height for design."",
      ""scope"": ""Gulf of Mexico, specifically near Galveston Bay"",
      ""numerical_value"": null,
      ""unit"": null,
      ""source"": ""Implied from the document's analysis methodology"",
      ""related_domains"": ""structural design, safety""
    },
    {
      ""type"": ""Technical"",
      ""requirement"": ""Use of Gumbel curve fitting for determining 50-year and 100-year return wind speeds and wave height."",
      ""scope"": ""Gulf of Mexico, specifically near Galveston Bay"",
      ""numerical_value"": null,
      ""unit"": null,
      ""source"": ""Explicitly stated in the document's methodology"",
      ""related_domains"": ""data analysis, structural design""
    },
    {
      ""type"": ""Technical"",
      ""requirement"": ""Consideration of current speed and surge height."",
      ""scope"": ""Gulf of Mexico, specifically near Galveston Bay"",
      ""numerical_value"": null,
      ""unit"": null,
      ""source"": ""API Bulletin 2INT-MET (2007)"",
      ""related_domains"": ""structural design, safety""
    }

  ],
  ""regulatory_entities"": [
    {
      ""entity_name"": ""NOAA NDBC (National Oceanic and Atmospheric Administration National Data Buoy Center)"",
      ""jurisdiction"": ""Federal (US)"",
      ""role"": ""Data provider for metocean conditions""
    },
    {
      ""entity_name"": ""API (American Petroleum Institute)"",
      ""jurisdiction"": ""Industry body"",
      ""role"": ""Provides standards and recommended practices, specifically API Bulletin 2INT-MET (2007) for metocean conditions""
    }
  ]
}
```"
17,56,True,"```json
{
  ""document_metadata"": {
    ""title"": ""Design Standards for Offshore Wind Farms Final Report"",
    ""document_number"": ""M10PC00105"",
    ""type_of_wind_farm"": ""Offshore""
  },
  ""regulatory_constraints"": [
    {
      ""type"": ""Technical"",
      ""requirement"": ""The coupled aero-hydro-servo-elastic analyses are carried out using the FAST program developed by NREL."",
      ""scope"": ""Offshore wind turbine design and analysis"",
      ""numerical_value"": null,
      ""unit"": null,
      ""source"": ""Contract M10PC00105: Design Standards for Offshore Wind Farms Final Report"",
      ""related_domains"": ""technical, safety""
    },
    {
      ""type"": ""Technical"",
      ""requirement"": ""The modeling capability in the FAST program is currently limited to the monopile type of turbine support structure with a clamped foundation and constant drag and inertia coefficients."",
      ""scope"": ""Offshore wind turbine foundation modeling using FAST"",
      ""numerical_value"": null,
      ""unit"": null,
      ""source"": ""Contract M10PC00105: Design Standards for Offshore Wind Farms Final Report"",
      ""related_domains"": ""technical""
    },
    {
      ""type"": ""Technical"",
      ""requirement"": ""An equivalent monopile emulating the first four natural frequencies and mode shapes as well as the mass, stiffness and wave drag and inertial loads of the actual structure is derived for the load analysis using the FAST program."",
      ""scope"": ""Offshore wind turbine foundation modeling for non-monopile structures using FAST"",
      ""numerical_value"": 4, 
      ""unit"": null,
      ""source"": ""Contract M10PC00105: Design Standards for Offshore Wind Farms Final Report"",
      ""related_domains"": ""technical""
    }

  ],
  ""regulatory_entities"": [
    {
      ""entity_name"": ""NREL (National Renewable Energy Laboratory)"",
      ""jurisdiction"": ""Federal (US)"",
      ""role"": ""Development of FAST software for wind turbine analysis""
    }
  ]
}
```"
17,57,True,"```json
{
  ""document_metadata"": {
    ""title"": ""Design Standards for Offshore Wind Farms Final Report"",
    ""document_number"": ""M10PC00105"",
    ""type_of_wind_farm"": ""Offshore""
  },
  ""regulatory_constraints"": [
    {
      ""type"": ""Technical"",
      ""requirement"": ""Kaimal wind spectrum and exponential coherence function"",
      ""scope"": ""Wind field simulation"",
      ""numerical_value"": null,
      ""unit"": null,
      ""source"": ""IEC 61400-1 (2005)"",
      ""related_domains"": ""technical, safety""
    },
    {
      ""type"": ""Technical"",
      ""requirement"": ""Wind model recommendations"",
      ""scope"": ""Wind field simulation"",
      ""numerical_value"": null,
      ""unit"": null,
      ""source"": ""API Bulletin 2INT MET (2007)"",
      ""related_domains"": ""technical, safety""
    }
  ],
  ""regulatory_entities"": [
    {
      ""entity_name"": ""IEC"",
      ""jurisdiction"": ""International"",
      ""role"": ""Standards development for electrical, electronic and related technologies""
    },
    {
      ""entity_name"": ""API"",
      ""jurisdiction"": ""International"",
      ""role"": ""Standards development for the oil and gas industry""
    }
  ]
}
```"
17,58,True,"```json
{
  ""document_metadata"": {
    ""title"": ""Design Standards for Offshore Wind Farms Final Report"",
    ""document_number"": ""M10PC00105"",
    ""type_of_wind_farm"": ""Offshore""
  },
  ""regulatory_constraints"": [
    {
      ""type"": ""Technical"",
      ""requirement"": ""The slamming load calculation follows the guidance given in IEC 61400-3 Annex D."",
      ""scope"": ""Offshore wind turbine support structures"",
      ""numerical_value"": null,
      ""unit"": null,
      ""source"": ""IEC 61400-3 Annex D"",
      ""related_domains"": ""safety, structural""
    }
  ],
  ""regulatory_entities"": [
    {
      ""entity_name"": ""IEC"",
      ""jurisdiction"": ""International"",
      ""role"": ""Standards development organization""
    }
  ]
}
```"
17,59,True,"```json
{
  ""document_metadata"": {
    ""title"": ""Design Standards for Offshore Wind Farms Final Report"",
    ""document_number"": ""M10PC00105"",
    ""type_of_wind_farm"": ""Offshore""
  },
  ""regulatory_constraints"": [
    {
      ""type"": ""Technical"",
      ""requirement"": ""The natural frequencies of the offshore wind turbine must be compared against the turbine Campbell chart to verify that there is no resonance between the turbine RNA and turbine’s support structure."",
      ""scope"": ""Offshore wind turbines"",
      ""numerical_value"": null,
      ""unit"": null,
      ""source"": ""Design Standards for Offshore Wind Farms Final Report"",
      ""related_domains"": ""structural, safety""
    },
    {
      ""type"": ""Technical"",
      ""requirement"": ""Modal shapes must be used as input to the FAST analysis."",
      ""scope"": ""Offshore wind turbines"",
      ""numerical_value"": null,
      ""unit"": null,
      ""source"": ""Design Standards for Offshore Wind Farms Final Report"",
      ""related_domains"": ""structural, simulation""
    },
    {
      ""type"": ""Technical"",
      ""requirement"": ""Modal shapes must be employed to verify the equivalent monopile model for the FAST simulation."",
      ""scope"": ""Offshore wind turbines, monopile foundations"",
      ""numerical_value"": null,
      ""unit"": null,
      ""source"": ""Design Standards for Offshore Wind Farms Final Report"",
      ""related_domains"": ""structural, simulation""
    },
    {
      ""type"": ""Technical"",
      ""requirement"": ""The FAST program requires uniform drag (Cd) and inertia (Cm) coefficients of the equivalent monopile as inputs."",
      ""scope"": ""Offshore wind turbines, monopile foundations, FAST simulation"",
      ""numerical_value"": null,
      ""unit"": null,
      ""source"": ""Design Standards for Offshore Wind Farms Final Report"",
      ""related_domains"": ""hydrodynamic, simulation""
    }
  ],
  ""regulatory_entities"": []
}
```"
17,60,True,"```json
{
  ""document_metadata"": {
    ""title"": ""Design Standards for Offshore Wind Farms Final Report"",
    ""document_number"": ""M10PC00105"",
    ""type_of_wind_farm"": ""Offshore""
  },
  ""regulatory_constraints"": [
    {
      ""type"": ""Technical"",
      ""requirement"": ""Dynamic structural analysis should be performed for all load combinations derived from FAST simulation results (tower base loads and mudline loads) to identify maximum responses in each structural member."",
      ""scope"": ""Offshore wind turbine support structures"",
      ""numerical_value"": null,
      ""unit"": null,
      ""source"": ""Design Standards for Offshore Wind Farms Final Report (M10PC00105), Section 2.2.2.3"",
      ""related_domains"": ""structural, safety""
    },
    {
      ""type"": ""Technical"",
      ""requirement"": ""Tower base loads for one load combination expected to generate maximum structural responses should be determined and applied in structural dynamic analysis."",
      ""scope"": ""Offshore wind turbine support structures"",
      ""numerical_value"": null,
      ""unit"": null,
      ""source"": ""Design Standards for Offshore Wind Farms Final Report (M10PC00105)"",
      ""related_domains"": ""structural, safety""
    },
    {
      ""type"": ""Technical"",
      ""requirement"": ""Time history of stream function wave under a given site condition should be applied to the support structure in conjunction with the selected load combination of tower base loads."",
      ""scope"": ""Offshore wind turbine support structures"",
      ""numerical_value"": null,
      ""unit"": null,
      ""source"": ""Design Standards for Offshore Wind Farms Final Report (M10PC00105)"",
      ""related_domains"": ""structural, safety""
    },
    {
      ""type"": ""Technical"",
      ""requirement"": ""Inertia effects are assumed to be accounted for in the FAST simulation and the quasi-static tower base loads, therefore inertia effect does not need to be considered separately in the structural analysis."",
      ""scope"": ""Offshore wind turbine support structures"",
      ""numerical_value"": null,
      ""unit"": null,
      ""source"": ""Design Standards for Offshore Wind Farms Final Report (M10PC00105)"",
      ""related_domains"": ""structural, safety""
    }

  ],
  ""regulatory_entities"": []
}
```"
17,61,True,"```json
{
  ""document_metadata"": {
    ""title"": ""Design Standards for Offshore Wind Farms Final Report"",
    ""document_number"": ""M10PC00105"",
    ""type_of_wind_farm"": ""Offshore""
  },
  ""regulatory_constraints"": [],
  ""regulatory_entities"": []
}
```

**Explanation:**

The provided text excerpt focuses on the *technical analysis and modeling choices* for simulating the structural dynamics of offshore wind turbine support structures under wave loading.  It does *not* contain any regulatory requirements or mention any regulatory entities.  The document discusses specific modeling assumptions and their validation against more detailed simulations, but these are engineering choices, not imposed regulations.  Therefore, according to the instructions, all fields are populated with null values (represented as empty arrays and empty strings where appropriate)."
17,62,True,"```json
{
  ""document_metadata"": {
    ""title"": null,
    ""document_number"": null,
    ""type_of_wind_farm"": ""Offshore""
  },
  ""regulatory_constraints"": [
    {
      ""type"": ""Technical"",
      ""requirement"": ""Load and Resistance Factor Design (LRFD) strength criteria"",
      ""scope"": ""Offshore wind turbine support structures"",
      ""numerical_value"": null,
      ""unit"": null,
      ""source"": ""IEC 61400-3 (2009) in conjunction with ISO 19902 (2007)"",
      ""related_domains"": ""structural, safety""
    },
    {
      ""type"": ""Technical"",
      ""requirement"": ""Working Stress Design (WSD) strength criteria"",
      ""scope"": ""Offshore wind turbine support structures"",
      ""numerical_value"": null,
      ""unit"": null,
      ""source"": ""ABS Guide (2011)"",
      ""related_domains"": ""structural, safety""
    },
    {
      ""type"": ""Safety"",
      ""requirement"": ""Strength criteria for extreme design condition"",
      ""scope"": ""Offshore wind turbine support structures"",
      ""numerical_value"": null,
      ""unit"": null,
      ""source"": ""API RP 2A-WSD (2007)"",
      ""related_domains"": ""structural, safety""
    },
    {
      ""type"": ""Safety"",
      ""requirement"": ""Extreme condition defined as a 50-year return event"",
      ""scope"": ""Offshore wind turbines"",
      ""numerical_value"": 50,
      ""unit"": ""years"",
      ""source"": ""IEC 61400-3 (2009)"",
      ""related_domains"": ""safety, design""
    }
  ],
  ""regulatory_entities"": [
    {
      ""entity_name"": ""IEC"",
      ""jurisdiction"": ""International"",
      ""role"": ""Standards development for electrotechnology""
    },
    {
      ""entity_name"": ""ISO"",
      ""jurisdiction"": ""International"",
      ""role"": ""Standards development""
    },
    {
      ""entity_name"": ""ABS"",
      ""jurisdiction"": ""International"",
      ""role"": ""Classification society providing standards and guidance for marine and offshore structures""
    },
    {
      ""entity_name"": ""API"",
      ""jurisdiction"": ""International"",
      ""role"": ""Standards development for the oil and gas industry""
    }
  ]
}
```"
17,63,True,"```json
{
  ""document_metadata"": {
    ""title"": ""Design Standards for Offshore Wind Farms Final Report"",
    ""document_number"": ""M10PC00105"",
    ""type_of_wind_farm"": ""Offshore""
  },
  ""regulatory_constraints"": [
    {
      ""type"": ""Technical"",
      ""requirement"": ""Strength criteria, particularly the load factors, must meet the specifications in IEC 61400-3."",
      ""scope"": ""Offshore wind farms"",
      ""numerical_value"": null,
      ""unit"": null,
      ""source"": ""IEC 61400-3"",
      ""related_domains"": ""structural safety, design""
    },
    {
      ""type"": ""Technical"",
      ""requirement"": ""Load factors according to IEC 61400-3 are applied to load cases for both the 50-year and 100-year return conditions."",
      ""scope"": ""Offshore wind farms"",
      ""numerical_value"": 50,
      ""unit"": ""years"",
      ""source"": ""IEC 61400-3"",
      ""related_domains"": ""structural safety, design, metocean conditions""
    },
    {
      ""type"": ""Technical"",
      ""requirement"": ""Load factors according to IEC 61400-3 are applied to load cases for both the 50-year and 100-year return conditions."",
      ""scope"": ""Offshore wind farms"",
      ""numerical_value"": 100,
      ""unit"": ""years"",
      ""source"": ""IEC 61400-3"",
      ""related_domains"": ""structural safety, design, metocean conditions""
    },
    {
      ""type"": ""Technical"",
      ""requirement"": ""When maximum wave height (Hmax) reaches the breaking limit, wave slamming load and dynamic structural analysis must be performed."",
      ""scope"": ""Offshore wind farms"",
      ""numerical_value"": null,
      ""unit"": null,
      ""source"": ""Derived from document M10PC00105"",
      ""related_domains"": ""structural safety, design, metocean conditions""
    },
    {
      ""type"": ""Technical"",
      ""requirement"": ""The logarithmic wind shear equation from API RP 2A-WSD (2007) must be used to convert wind speed predictions based on buoy data."",
      ""scope"": ""Offshore wind farms, Gulf of Mexico"",
      ""numerical_value"": null,
      ""unit"": null,
      ""source"": ""API RP 2A-WSD (2007)"",
      ""related_domains"": ""metocean conditions, design""
    }

  ],
  ""regulatory_entities"": [
    {
      ""entity_name"": ""IEC"",
      ""jurisdiction"": ""International"",
      ""role"": ""Standards development for electrotechnology""
    },
    {
      ""entity_name"": ""API"",
      ""jurisdiction"": ""International"",
      ""role"": ""Standards development for the oil and gas industry""
    }
  ]
}
```"
17,64,True,"```json
{
  ""document_metadata"": {
    ""title"": ""Design Standards for Offshore Wind Farms Final Report"",
    ""document_number"": ""M10PC00105"",
    ""type_of_wind_farm"": ""Offshore""
  },
  ""regulatory_constraints"": [
    {
      ""type"": ""Technical"",
      ""requirement"": ""1-hour mean wind speed at 10 m above the mean water level...converted using the logarithmic wind shear equation"",
      ""scope"": ""TX Site in the Gulf of Mexico"",
      ""numerical_value"": null,
      ""unit"": null,
      ""source"": ""API RP 2A-WSD (2007)"",
      ""related_domains"": ""Meteorological, Technical""
    },
    {
      ""type"": ""Technical"",
      ""requirement"": ""Current speed, surge height and wave period of maximum wave height (Tmax) are approximately taken as the regional data... at the water depth of 13.7 m"",
      ""scope"": ""GOM West Central"",
      ""numerical_value"": 13.7,
      ""unit"": ""m"",
      ""source"": ""API Bulletin 2INT-MET (2007)"",
      ""related_domains"": ""Meteorological, Hydrodynamic""
    }
  ],
  ""regulatory_entities"": [
    {
      ""entity_name"": ""API (American Petroleum Institute)"",
      ""jurisdiction"": ""Industry Standards"",
      ""role"": ""Development of standards and recommended practices for the oil and gas industry, which are often applied to offshore wind projects.""
    }
  ]
}
```"
17,65,True,"```json
{
  ""document_metadata"": {
    ""title"": ""Design Standards for Offshore Wind Farms Final Report"",
    ""document_number"": ""M10PC00105"",
    ""type_of_wind_farm"": ""Offshore""
  },
  ""regulatory_constraints"": [
    {
      ""type"": ""Technical"",
      ""requirement"": ""10-min mean wind speed at 10m above the mean water level is derived using the 1-hr mean wind speed at 10m above the mean water level and the conversion equation specified in API RP 2A-WSD (2007)."",
      ""scope"": ""Offshore wind farms"",
      ""numerical_value"": null,
      ""unit"": null,
      ""source"": ""API RP 2A-WSD (2007)"",
      ""related_domains"": ""technical, safety""
    },
    {
      ""type"": ""Safety"",
      ""requirement"": ""When the breaking limit of wave height is reached, wave slamming load needs to be taken into account."",
      ""scope"": ""Offshore wind farms"",
      ""numerical_value"": null,
      ""unit"": null,
      ""source"": ""Document M10PC00105"",
      ""related_domains"": ""safety, structural""
    }

  ],
  ""regulatory_entities"": [
    {
      ""entity_name"": ""American Petroleum Institute (API)"",
      ""jurisdiction"": ""Industry standard"",
      ""role"": ""Standard development for wind turbine design (API RP 2A-WSD)""
    }
  ]
}
```"
17,66,True,"```json
{
  ""document_metadata"": {
    ""title"": null,
    ""document_number"": null,
    ""type_of_wind_farm"": ""Offshore""
  },
  ""regulatory_constraints"": [
    {
      ""type"": ""Technical"",
      ""requirement"": ""Logarithmic wind shear equation as defined in API RP 2A-WSD (2007)"",
      ""scope"": ""TX Site in GOM"",
      ""numerical_value"": null,
      ""unit"": null,
      ""source"": ""API RP 2A-WSD (2007)"",
      ""related_domains"": ""Technical, Safety""
    },
    {
      ""type"": ""Technical"",
      ""requirement"": ""Conversion equation for 10-min mean wind speed from 1-hr mean wind speed as specified in API RP 2A-WSD (2007)"",
      ""scope"": ""General (applicable to all locations in the table)"",
      ""numerical_value"": null,
      ""unit"": null,
      ""source"": ""API RP 2A-WSD (2007)"",
      ""related_domains"": ""Technical, Safety""
    }
  ],
  ""regulatory_entities"": [
    {
      ""entity_name"": ""American Petroleum Institute (API)"",
      ""jurisdiction"": ""Industry Standard"",
      ""role"": ""Standard Setting Organization""
    }
  ]
}
```"
17,67,True,"```json
{
  ""document_metadata"": {
    ""title"": ""Design Standards for Offshore Wind Farms Final Report"",
    ""document_number"": ""M10PC00105"",
    ""type_of_wind_farm"": ""Offshore""
  },
  ""regulatory_constraints"": [
    {
      ""type"": ""Technical"",
      ""requirement"": ""Breaking wave height (Hb) to wavelength (L0) ratio is determined according to Dean (1974) [2.20]"",
      ""scope"": ""Offshore wind farms"",
      ""numerical_value"": null,
      ""unit"": null,
      ""source"": ""Dean (1974) [2.20]"",
      ""related_domains"": ""structural safety, design""
    },
    {
      ""type"": ""Safety"",
      ""requirement"": ""Wave slamming load needs to be taken into account when the breaking limit of maximum wave height is reached."",
      ""scope"": ""Offshore wind farms"",
      ""numerical_value"": null,
      ""unit"": null,
      ""source"": ""Document M10PC00105"",
      ""related_domains"": ""structural safety, design""
    }
  ],
  ""regulatory_entities"": []
}
```"
17,68,True,"```json
{
  ""document_metadata"": {
    ""title"": ""Design Standards for Offshore Wind Farms Final Report"",
    ""document_number"": ""M10PC00105"",
    ""type_of_wind_farm"": ""Offshore""
  },
  ""regulatory_constraints"": [
    {
      ""type"": ""Technical"",
      ""requirement"": ""The soil at all site locations is assumed to be composed of stiff clays."",
      ""scope"": ""All site locations"",
      ""numerical_value"": null,
      ""unit"": null,
      ""source"": ""Contract M10PC00105: Design Standards for Offshore Wind Farms Final Report"",
      ""related_domains"": ""Geotechnical""
    },
    {
      ""type"": ""Technical"",
      ""requirement"": ""The undrained shear strength (cu) of the soil is a function of depth (z) below the mudline as depicted in Figure 2.16."",
      ""scope"": ""All site locations"",
      ""numerical_value"": null,
      ""unit"": null,
      ""source"": ""Contract M10PC00105: Design Standards for Offshore Wind Farms Final Report"",
      ""related_domains"": ""Geotechnical""
    },
    {
      ""type"": ""Technical"",
      ""requirement"": ""The effective unit weight of the soil is taken as 8 kN/m3."",
      ""scope"": ""All site locations"",
      ""numerical_value"": 8,
      ""unit"": ""kN/m3"",
      ""source"": ""Contract M10PC00105: Design Standards for Offshore Wind Farms Final Report"",
      ""related_domains"": ""Geotechnical""
    },
    {
      ""type"": ""Technical"",
      ""requirement"": ""The effect of sea floor slope and scour is not considered in the case studies."",
      ""scope"": ""Case studies"",
      ""numerical_value"": null,
      ""unit"": null,
      ""source"": ""Contract M10PC00105: Design Standards for Offshore Wind Farms Final Report"",
      ""related_domains"": ""Geotechnical, Structural""
    },
    {
      ""type"": ""Technical"",
      ""requirement"": ""The wind turbine rotor-nacelle assembly (RNA) selected for the case studies is the NREL 5-MW baseline offshore wind turbine."",
      ""scope"": ""Case studies"",
      ""numerical_value"": 5,
      ""unit"": ""MW"",
      ""source"": ""Contract M10PC00105: Design Standards for Offshore Wind Farms Final Report, Jonkman et al., 2009"",
      ""related_domains"": ""Technical""
    }

  ],
  ""regulatory_entities"": []
}
```"
17,69,True,"```json
{
  ""document_metadata"": {
    ""title"": ""Desi g n Standards for Offshore Wind Farms Final Re p ort"",
    ""document_number"": ""M10PC00105"",
    ""type_of_wind_farm"": ""Offshore""
  },
  ""regulatory_constraints"": [
    {
      ""type"": ""Technical"",
      ""requirement"": ""The structural frequency of the support structure must lie between 0.20 Hz and 0.34 Hz to avoid resonance with the rotor."",
      ""scope"": ""Offshore wind turbine support structures"",
      ""numerical_value"": ""0.20"",
      ""unit"": ""Hz"",
      ""source"": ""Contract M10PC00105: Desi g n Standards for Offshore Wind Farms Final Re p ort"",
      ""related_domains"": ""structural, safety""
    },
    {
      ""type"": ""Technical"",
      ""requirement"": ""The structural frequency of the support structure must lie between 0.20 Hz and 0.34 Hz to avoid resonance with the rotor."",
      ""scope"": ""Offshore wind turbine support structures"",
      ""numerical_value"": ""0.34"",
      ""unit"": ""Hz"",
      ""source"": ""Contract M10PC00105: Desi g n Standards for Offshore Wind Farms Final Re p ort"",
      ""related_domains"": ""structural, safety""
    }
  ],
  ""regulatory_entities"": []
}
```"
17,70,True,"```json
{
  ""document_metadata"": {
    ""title"": ""Design Standards for Offshore Wind Farms Final Report"",
    ""document_number"": ""M10PC00105"",
    ""type_of_wind_farm"": ""Offshore""
  },
  ""regulatory_constraints"": [],
  ""regulatory_entities"": []
}
```

**Explanation:**

The provided document is a technical report discussing design considerations and analysis for offshore wind turbine support structures. It does *not* contain explicit regulatory constraints or mention regulatory entities.  It focuses on engineering analysis and design choices, not on regulatory compliance.  Therefore, according to the instructions, all fields are populated with null values (represented as empty arrays and empty strings in the JSON structure)."
17,71,True,"```json
{
  ""document_metadata"": {
    ""title"": ""Design Standards for Offshore Wind Farms Final Report"",
    ""document_number"": ""M10PC00105"",
    ""type_of_wind_farm"": ""Offshore""
  },
  ""regulatory_constraints"": [],
  ""regulatory_entities"": []
}
```

**Explanation:**

The provided document excerpt is primarily technical and descriptive. It outlines design considerations and calculations for an equivalent monopile model used in load analysis for offshore wind turbine support structures.  It does *not* contain any explicit regulatory constraints or mention any regulatory entities.  Therefore, according to the instructions, all fields are populated with null values (represented as empty arrays and empty strings where appropriate).  Although the document refers to design standards, it doesn't state specific regulatory requirements derived from those standards.  It focuses on the *application* of engineering principles and modeling techniques, not on the regulations themselves."
17,72,True,"```json
{
  ""document_metadata"": {
    ""title"": ""Desi g n Standards for Offshore Wind Farms Final Re p ort"",
    ""document_number"": ""M10PC00105"",
    ""type_of_wind_farm"": ""Offshore""
  },
  ""regulatory_constraints"": [],
  ""regulatory_entities"": []
}
```

**Explanation and Reasoning:**

The provided document primarily describes the technical specifications and properties of a specific monopile support structure for an offshore wind turbine. It does *not* contain any explicit regulatory constraints or mention any regulatory entities.  The tables detail dimensions, materials, mass properties, and design parameters. While these parameters are likely informed by industry best practices and potentially underlying regulatory requirements, the document itself does *not* state those regulations directly.  Therefore, according to the instructions, the JSON output reflects the absence of explicitly stated regulatory information with null values for the relevant fields."
17,73,True,"```json
{
  ""document_metadata"": {
    ""title"": ""Design Standards for Offshore Wind Farms Final Report"",
    ""document_number"": ""M10PC00105"",
    ""type_of_wind_farm"": ""Offshore""
  },
  ""regulatory_constraints"": [],
  ""regulatory_entities"": []
}
```

**Explanation and Reasoning:**

The provided document excerpt is primarily a technical report detailing structural analysis and modeling of monopile and tripod support structures for offshore wind turbines. It focuses on comparing the natural frequencies and modal shapes of these structures.  While it mentions design standards, it doesn't explicitly state any specific regulatory constraints or identify any regulatory entities.

The information presented is related to engineering analysis and validation rather than regulatory requirements.  There are no explicit mentions of laws, permits, or specific standards that *must* be adhered to. The document uses the analysis results to inform design choices, but these choices are presented as engineering best practices rather than legally binding obligations.

Therefore, based on the strict criteria for extraction, the JSON output reflects the absence of extractable regulatory information in this particular document section."
17,74,True,"```json
{
  ""document_metadata"": {
    ""title"": ""Design Standards for Offshore Wind Farms Final Report"",
    ""document_number"": ""M10PC00105"",
    ""type_of_wind_farm"": ""Offshore""
  },
  ""regulatory_constraints"": [],
  ""regulatory_entities"": []
}
```

**Explanation:**

The provided document is primarily a technical report detailing the structural analysis and modeling of a tripod support structure for an offshore wind turbine. It focuses on the engineering aspects of designing an equivalent monopile model for load analysis.  It does *not* contain any regulatory requirements or mention any regulatory entities.  Therefore, according to the instructions, all fields are populated with null values (represented as empty arrays and empty strings where appropriate)."
17,75,True,"```json
{
  ""document_metadata"": {
    ""title"": ""Desi g n Standards for Offshore Wind Farms Final Re p ort"",
    ""document_number"": ""M10PC00105"",
    ""type_of_wind_farm"": ""Offshore""
  },
  ""regulatory_constraints"": [],
  ""regulatory_entities"": []
}
```

**Explanation:**

The provided document primarily describes the *technical specifications and properties* of a tripod support structure for an offshore wind turbine. It does *not* explicitly state any regulatory constraints or mention any regulatory entities.  The tables detail material properties, dimensions, and mass properties, which are design inputs, not regulatory requirements.  Therefore, according to the instructions, the JSON output should reflect the absence of regulatory information by using null values (represented as empty arrays and empty strings in this case) for the relevant fields."
17,76,True,"```json
{
  ""document_metadata"": {
    ""title"": ""Design Standards for Offshore Wind Farms Final Report"",
    ""document_number"": ""M10PC00105"",
    ""type_of_wind_farm"": ""Offshore""
  },
  ""regulatory_constraints"": [],
  ""regulatory_entities"": []
}
```

**Explanation and Reasoning:**

The provided document is primarily a technical report detailing structural analysis and modeling of offshore wind turbine support structures. It focuses on comparing the dynamic behavior of a tripod structure to an equivalent monopile.  While it references an ""IEA-OC4 study (OC4-Jacket)"" and mentions adjusting water depth ""to provide a sufficient air gap,"" these snippets do *not* explicitly state regulatory requirements.

* **IEA OC4:**  While this refers to a standardized reference model, the document doesn't specify any regulatory obligation to use it or adhere to its parameters.
* **Water Depth Adjustment:** The air gap mention suggests a best practice or design consideration for safety, but it's not phrased as a mandated requirement from a regulatory body.
* **Table 2.20:** This table presents data on drag and inertia coefficients (Cd and Cm) for different regions.  These are environmental parameters used in design calculations, not regulatory limits.
* **Other Tables and Figures:**  These provide technical specifications and analysis results, not regulatory constraints.

Therefore, since the document doesn't contain explicit regulatory information, the JSON output reflects null values for the `regulatory_constraints` and `regulatory_entities` sections."
17,77,True,"```json
{
  ""document_metadata"": {
    ""title"": ""Design Standards for Offshore Wind Farms Final Report"",
    ""document_number"": ""M10PC00105"",
    ""type_of_wind_farm"": ""Offshore""
  },
  ""regulatory_constraints"": [],
  ""regulatory_entities"": []
}
```

**Explanation and Reasoning:**

The provided document is primarily a technical report detailing the design and specifications of a specific offshore wind turbine structure. It does *not* contain explicit regulatory constraints or mention regulatory entities.  It focuses on engineering details, material properties, and modeling approaches.

While the document references standards and software like ANSYS and FAST, these are tools and methodologies used in design and analysis, not regulatory bodies or enforced requirements themselves.  The changes in dimensions (e.g., hub height, leg diameter) are design choices for this specific project, not mandated regulations.

Therefore, following the instructions, since no regulatory information is present, the JSON output reflects null values for the relevant fields."
17,78,True,"```json
{
  ""document_metadata"": {
    ""title"": ""Design Standards for Offshore Wind Farms Final Report"",
    ""document_number"": ""M10PC00105"",
    ""type_of_wind_farm"": ""Offshore""
  },
  ""regulatory_constraints"": [],
  ""regulatory_entities"": []
}
```

**Explanation:**

The provided document excerpt is primarily technical and descriptive, focusing on the structural analysis and modeling of an offshore wind turbine support structure. It does not explicitly mention any regulatory entities or specific regulatory constraints.  While it discusses design standards and calculations, these are presented as engineering best practices and modeling approaches, not as legally binding requirements.  Therefore, according to the instructions, the JSON output reflects the absence of regulatory information in the provided text."
17,79,True,"```json
{
  ""document_metadata"": {
    ""title"": ""Desi g n Standards for Offshore Wind Farms Final Re p ort"",
    ""document_number"": ""M10PC00105"",
    ""type_of_wind_farm"": ""Offshore""
  },
  ""regulatory_constraints"": [],
  ""regulatory_entities"": []
}
```

**Explanation and Reasoning:**

The provided document is primarily a technical report detailing the structural properties and specifications of a specific offshore wind turbine jacket structure. It does *not* contain explicit regulatory constraints or mention regulatory entities.  While it presents design standards and parameters, these are project-specific and do not represent general regulatory requirements imposed by an external authority.

Here's a breakdown of why specific sections don't qualify as regulatory constraints:

* **Tables 2.24, 2.26, 2.27, and the initial table describing structural components:** These tables detail the physical characteristics and mass properties of the jacket. These are design specifications, not regulatory requirements.
* **Table 2.25:** This table lists *C<sub>d</sub>* and *C<sub>m</sub>* values (drag and inertia coefficients) for different regions. While these values are likely derived from environmental models and might inform design choices to meet certain performance criteria in different conditions, the table itself doesn't state a specific regulation.
* **""58"" and ""Contract M10PC00105"":**  ""58"" appears to be a page number, and the contract number identifies the project, not a regulatory body.

Because the document lacks explicit regulatory information, the JSON output reflects empty lists for `regulatory_constraints` and `regulatory_entities`."
17,80,True,"```json
{
  ""document_metadata"": {
    ""title"": ""Design Standards for Offshore Wind Farms Final Report"",
    ""document_number"": ""M10PC00105"",
    ""type_of_wind_farm"": ""Offshore""
  },
  ""regulatory_constraints"": [
    {
      ""type"": ""Technical"",
      ""requirement"": ""Minimum number of realizations for turbulent (random) wind field and aerodynamic load simulation must be determined through sensitivity studies to ensure statistically converged structural responses."",
      ""scope"": ""Offshore wind turbine support structures"",
      ""numerical_value"": null,
      ""unit"": null,
      ""source"": ""Contract M10PC00105: Design Standards for Offshore Wind Farms Final Report"",
      ""related_domains"": ""structural, safety""
    },
    {
      ""type"": ""Technical"",
      ""requirement"": ""Optimal size of wind field domain and grid resolution must be determined through sensitivity studies."",
      ""scope"": ""Offshore wind turbine aerodynamic load simulations"",
      ""numerical_value"": null,
      ""unit"": null,
      ""source"": ""Contract M10PC00105: Design Standards for Offshore Wind Farms Final Report"",
      ""related_domains"": ""technical, safety""
    }
  ],
  ""regulatory_entities"": []
}
```"
17,81,True,"```json
{
  ""document_metadata"": {
    ""title"": ""Design Standards for Offshore Wind Farms Final Report"",
    ""document_number"": ""M10PC00105"",
    ""type_of_wind_farm"": ""Offshore""
  },
  ""regulatory_constraints"": [
    {
      ""type"": ""Technical"",
      ""requirement"": ""The number of realizations of wind data and the resultant structural responses for each load case shall be 12."",
      ""scope"": ""GOM West Central region"",
      ""numerical_value"": 12,
      ""unit"": ""realizations"",
      ""source"": ""Design Standards for Offshore Wind Farms Final Report (M10PC00105)"",
      ""related_domains"": ""structural, safety""
    },
    {
      ""type"": ""Technical"",
      ""requirement"": ""The 10-minute mean wind speed used for design considerations shall be 42.5 m/s at 10 m above the mean sea level."",
      ""scope"": ""GOM West Central region (100-year return period)"",
      ""numerical_value"": 42.5,
      ""unit"": ""m/s"",
      ""source"": ""Design Standards for Offshore Wind Farms Final Report (M10PC00105)"",
      ""related_domains"": ""structural, safety""
    },
    {
      ""type"": ""Technical"",
      ""requirement"": ""The size of the domain where the wind data is calculated should be sufficiently large to cover the blade rotating plane with certain margins."",
      ""scope"": ""Wind data calculation domain"",
      ""numerical_value"": null,
      ""unit"": null,
      ""source"": ""Design Standards for Offshore Wind Farms Final Report (M10PC00105)"",
      ""related_domains"": ""technical""
    }

  ],
  ""regulatory_entities"": []
}
```"
17,82,True,"```json
{
  ""document_metadata"": {
    ""title"": ""Desi g n Standards for Offshore Wind Farms Final Re p ort"",
    ""document_number"": ""M10PC00105"",
    ""type_of_wind_farm"": ""Offshore""
  },
  ""regulatory_constraints"": [
    {
      ""type"": ""Technical"",
      ""requirement"": ""Consider wind load induced dynamic response in the design of offshore oil/gas platform structures."",
      ""scope"": ""Offshore oil/gas platform structures"",
      ""numerical_value"": null,
      ""unit"": null,
      ""source"": ""API RP 2A-WSD (2007) [2.5], API Bulletin 2INT-MET (2007) [2.4] and ISO 19901-1 [2.41]"",
      ""related_domains"": ""structural design, wind loading""
    },
    {
      ""type"": ""Technical"",
      ""requirement"": ""Use the NPD wind spectrum (Frøya wind model) and the two-point coherence function in conjunction with the logarithmic wind shear law for representing turbulent wind."",
      ""scope"": ""Offshore oil/gas platform structures"",
      ""numerical_value"": null,
      ""unit"": null,
      ""source"": ""API RP 2A-WSD (2007) [2.5], API Bulletin 2INT-MET (2007) [2.4] and ISO 19901-1 [2.41]"",
      ""related_domains"": ""wind modeling""
    }

  ],
  ""regulatory_entities"": [
    {
      ""entity_name"": ""API (American Petroleum Institute)"",
      ""jurisdiction"": ""International (Industry Standard)"",
      ""role"": ""Develops standards and recommended practices for the oil and gas industry, including those related to wind loading on offshore structures.""
    },
    {
      ""entity_name"": ""ISO (International Organization for Standardization)"",
      ""jurisdiction"": ""International"",
      ""role"": ""Develops international standards, including those related to wind turbine design and offshore structures (ISO 19901-1).""
    }
  ]
}
```"
17,83,True,"```json
{
  ""document_metadata"": {
    ""title"": ""Design Standards for Offshore Wind Farms Final Report"",
    ""document_number"": ""M10PC00105"",
    ""type_of_wind_farm"": ""Offshore""
  },
  ""regulatory_constraints"": [
    {
      ""type"": ""Technical"",
      ""requirement"": ""Use of Kaimal's model and Mann's model for wind modeling as described in IEC 61400-1 (2005)"",
      ""scope"": ""Offshore wind turbines"",
      ""numerical_value"": null,
      ""unit"": null,
      ""source"": ""IEC 61400-1 (2005)"",
      ""related_domains"": ""Technical, Safety""
    },
    {
      ""type"": ""Technical"",
      ""requirement"": ""Wind shear law formulated in a power law format as described in IEC 61400-1 (2005)"",
      ""scope"": ""Offshore wind turbines"",
      ""numerical_value"": null,
      ""unit"": null,
      ""source"": ""IEC 61400-1 (2005)"",
      ""related_domains"": ""Technical, Safety""
    },
    {
      ""type"": ""Technical"",
      ""requirement"": ""Consideration of wind models appropriate for open ocean surface"",
      ""scope"": ""Offshore wind turbines"",
      ""numerical_value"": null,
      ""unit"": null,
      ""source"": ""State-of-the-art review of hurricane wind modeling (Section 2.1.1)"",
      ""related_domains"": ""Technical, Safety""
    },
    {
      ""type"": ""Technical"",
      ""requirement"": ""Use of the extreme wind speed model (EWM) for wind shear and Kaimal's model for turbulence as described in IEC 61400-1 (2005)"",
      ""scope"": ""Offshore wind turbines (referred to as \""IEC wind model\"" in the document)"",
      ""numerical_value"": null,
      ""unit"": null,
      ""source"": ""IEC 61400-1 (2005)"",
      ""related_domains"": ""Technical, Safety""
    },
    {
      ""type"": ""Technical"",
      ""requirement"": ""Use of the model described in API Bulletin 2INT MET (2007)"",
      ""scope"": ""Offshore wind turbines (referred to as \""API wind model\"" in the document)"",
      ""numerical_value"": null,
      ""unit"": null,
      ""source"": ""API Bulletin 2INT MET (2007)"",
      ""related_domains"": ""Technical, Safety""
    }

  ],
  ""regulatory_entities"": [
    {
      ""entity_name"": ""IEC"",
      ""jurisdiction"": ""International"",
      ""role"": ""Standards development""
    },
    {
      ""entity_name"": ""API"",
      ""jurisdiction"": ""International"",
      ""role"": ""Standards development""
    }
  ]
}
```"
17,84,True,"```json
{
  ""document_metadata"": {
    ""title"": ""Desi g n Standards for Offshore Wind Farms Final Re p ort"",
    ""document_number"": ""M10PC00105"",
    ""type_of_wind_farm"": ""Offshore""
  },
  ""regulatory_constraints"": [
    {
      ""type"": ""Technical"",
      ""requirement"": ""Wind speed calculations shall consider averaging time periods shorter than 3600 seconds (1 hour) using the formula u(z, t) = U(z) [1 - .041 Iu(z) ln(t / t0)] for t < t0"",
      ""scope"": ""Offshore wind farms"",
      ""numerical_value"": 3600,
      ""unit"": ""seconds"",
      ""source"": ""API wind model"",
      ""related_domains"": ""technical, safety""
    },
    {
      ""type"": ""Technical"",
      ""requirement"": ""Wind shear for extreme wind speed model (EWM) shall be calculated using the power law equation V(z) = Vref * (z / zref)^0.11"",
      ""scope"": ""Offshore wind farms"",
      ""numerical_value"": 0.11,
      ""unit"": ""N/A (exponent)"",
      ""source"": ""IEC 61400-1"",
      ""related_domains"": ""technical, safety""
    }
  ],
  ""regulatory_entities"": [
    {
      ""entity_name"": ""API"",
      ""jurisdiction"": ""International (Industry Standard)"",
      ""role"": ""Development of wind model standards""
    },
    {
      ""entity_name"": ""IEC"",
      ""jurisdiction"": ""International (Industry Standard)"",
      ""role"": ""Development of wind turbine and wind farm standards (IEC 61400-1)""
    }
  ]
}
```"
17,85,True,"```json
{
  ""document_metadata"": {
    ""title"": ""Comparison of Wind Shear for the GOM West Central 100-yr Return Wind Condition"",
    ""document_number"": ""M10PC00105"",
    ""type_of_wind_farm"": ""Offshore""
  },
  ""regulatory_constraints"": [
    {
      ""type"": ""Technical"",
      ""requirement"": ""The one-point spectrum for the energy density of the longitudinal wind speed fluctuations must be calculated according to the formula provided in equation (2.3)."",
      ""scope"": ""GOM West Central"",
      ""numerical_value"": null,
      ""unit"": null,
      ""source"": ""API Model"",
      ""related_domains"": ""structural design, wind load calculation""
    },
    {
      ""type"": ""Technical"",
      ""requirement"": ""Power spectral densities for wind fluctuations in three dimensions must be calculated according to equation (2.4)."",
      ""scope"": ""GOM West Central"",
      ""numerical_value"": null,
      ""unit"": null,
      ""source"": ""IEC 61400-1 (2005)"",
      ""related_domains"": ""structural design, wind load calculation""
    },
    {
      ""type"": ""Technical"",
      ""requirement"": ""Spectral parameters for the Kaimal model must adhere to the values provided in Table 2.29."",
      ""scope"": ""GOM West Central"",
      ""numerical_value"": null,
      ""unit"": null,
      ""source"": ""IEC 61400-1 (2005)"",
      ""related_domains"": ""structural design, wind load calculation""
    }
  ],
  ""regulatory_entities"": [
    {
      ""entity_name"": ""API"",
      ""jurisdiction"": ""Industry Standard"",
      ""role"": ""Standards Development""
    },
    {
      ""entity_name"": ""IEC"",
      ""jurisdiction"": ""International"",
      ""role"": ""Standards Development""
    }
  ]
}
```"
17,86,True,"```json
{
  ""document_metadata"": {
    ""title"": ""Design Standards for Offshore Wind Farms Final Report"",
    ""document_number"": ""M10PC00105"",
    ""type_of_wind_farm"": ""Offshore""
  },
  ""regulatory_constraints"": [
    {
      ""type"": ""Technical"",
      ""requirement"": ""Consideration of API wind model for floating wind turbine support structures due to potential for higher responses compared to IEC wind spectrum."",
      ""scope"": ""Floating wind turbine support structures"",
      ""numerical_value"": null,
      ""unit"": null,
      ""source"": ""API wind model"",
      ""related_domains"": ""structural design, safety""
    },
    {
      ""type"": ""Technical"",
      ""requirement"": ""Consideration of IEC wind model for bottom-founded wind turbine support structures due to potential for exciting large structural responses."",
      ""scope"": ""Bottom-founded wind turbine support structures"",
      ""numerical_value"": null,
      ""unit"": null,
      ""source"": ""IEC wind model"",
      ""related_domains"": ""structural design, safety""
    },
    {
      ""type"": ""Technical"",
      ""requirement"": ""Scale parameter of the turbulence, Λ1 = 0.7 * z for z ≤ 60m; Λ1 = 42 for z ≥ 60m"",
      ""scope"": ""Wind turbine turbulence modeling"",
      ""numerical_value"": null, 
      ""unit"": ""m"",
      ""source"": ""API and/or IEC (unclear from provided text)"",
      ""related_domains"": ""technical, design""
    }
  ],
  ""regulatory_entities"": [
    {
      ""entity_name"": ""API"",
      ""jurisdiction"": ""Industry standard (implied)"",
      ""role"": ""Development of wind model standards""
    },
    {
      ""entity_name"": ""IEC"",
      ""jurisdiction"": ""International standard (implied)"",
      ""role"": ""Development of wind model standards""
    }
  ]
}
```"
17,87,True,"```json
{
  ""document_metadata"": {
    ""title"": ""Design Standards for Offshore Wind Farms Final Report"",
    ""document_number"": ""M10PC00105"",
    ""type_of_wind_farm"": ""Offshore""
  },
  ""regulatory_constraints"": [
    {
      ""type"": ""Technical"",
      ""requirement"": ""Mean wind speed calculation: Iu = .006 [ 1 + .0043 U0 ] (z/10)^.022 / [ 1 + .0043 U0 ]"",
      ""scope"": ""Offshore wind farms"",
      ""numerical_value"": "".006, .0043, .022"",
      ""unit"": ""Coefficients in the equation, dimensionless"",
      ""source"": ""API wind model (Equation 2.5)"",
      ""related_domains"": ""Structural design, wind load calculation""
    },
    {
      ""type"": ""Technical"",
      ""requirement"": ""Longitudinal turbulence standard deviation calculation (10-minute averaging): σ1 = .011 * Vref"",
      ""scope"": ""Offshore wind farms"",
      ""numerical_value"": "".011"",
      ""unit"": ""Coefficient in the equation, dimensionless"",
      ""source"": ""IEC wind model (Equation 2.6)"",
      ""related_domains"": ""Structural design, wind load calculation""
    },
    {
      ""type"": ""Technical"",
      ""requirement"": ""Standard deviations for horizontal and vertical wind components are assumed as 80% and 50%, respectively, of the longitudinal component's standard deviation."",
      ""scope"": ""Offshore wind farms"",
      ""numerical_value"": ""80, 50"",
      ""unit"": ""Percentage"",
      ""source"": ""API and IEC wind models"",
      ""related_domains"": ""Structural design, wind load calculation""
    }
  ],
  ""regulatory_entities"": [
    {
      ""entity_name"": ""API"",
      ""jurisdiction"": ""Industry standard"",
      ""role"": ""Provides wind model standards""
    },
    {
      ""entity_name"": ""IEC"",
      ""jurisdiction"": ""International standard"",
      ""role"": ""Provides wind model standards""
    }
  ]
}
```"
17,88,True,"```json
{
  ""document_metadata"": {
    ""title"": ""Design Standards for Offshore Wind Farms Final Report"",
    ""document_number"": ""M10PC00105"",
    ""type_of_wind_farm"": ""Offshore""
  },
  ""regulatory_constraints"": [
    {
      ""type"": ""Technical"",
      ""requirement"": ""Consideration of API wind model for turbulence intensity calculations."",
      ""scope"": ""GOM West Central region"",
      ""numerical_value"": null,
      ""unit"": null,
      ""source"": ""API Wind Model"",
      ""related_domains"": ""structural design, wind turbine design""
    },
    {
      ""type"": ""Technical"",
      ""requirement"": ""Consideration of IEC wind model for turbulence intensity calculations."",
      ""scope"": ""GOM West Central region"",
      ""numerical_value"": null,
      ""unit"": null,
      ""source"": ""IEC Wind Model"",
      ""related_domains"": ""structural design, wind turbine design""
    },
    {
      ""type"": ""Technical"",
      ""requirement"": ""Use of 100-year return wind condition for analysis."",
      ""scope"": ""GOM West Central region"",
      ""numerical_value"": 100,
      ""unit"": ""years"",
      ""source"": ""Document M10PC00105"",
      ""related_domains"": ""structural design, risk assessment""
    }
  ],
  ""regulatory_entities"": [
    {
      ""entity_name"": ""API (American Petroleum Institute)"",
      ""jurisdiction"": ""Industry Standard"",
      ""role"": ""Development of wind model standards (API Wind Model)""
    },
    {
      ""entity_name"": ""IEC (International Electrotechnical Commission)"",
      ""jurisdiction"": ""International Standard"",
      ""role"": ""Development of wind model standards (IEC Wind Model)""
    }
  ]
}
```"
17,89,True,"```json
{
  ""document_metadata"": {
    ""title"": ""Design Standards for Offshore Wind Farms Final Report"",
    ""document_number"": ""M10PC00105"",
    ""type_of_wind_farm"": ""Offshore""
  },
  ""regulatory_constraints"": [
    {
      ""type"": ""Technical"",
      ""requirement"": ""The squared correlation between the spectral energy densities S(f) of the longitudinal wind speed fluctuations between two points (xj, yj, zj), j = 1, 2, (in meter) in space is described by the two-point coherence function: Coh(f) = exp{ -1/U_0^3 * Σ[A]_i } where A_i = α_i * f * r_i * ∆_i^q_i * z_g^-p_i and z_g = 10 * z_1 * z_2, with α_i, r_i, q_i, p_i, and ∆_i defined in Table 2.32."",
      ""scope"": ""Offshore Wind Farms"",
      ""numerical_value"": null,
      ""unit"": null,
      ""source"": ""API Bulletin 2INT-MET (2007)"",
      ""related_domains"": ""structural design, wind load calculation""
    },
    {
      ""type"": ""Technical"",
      ""requirement"": ""Coefficients and Distances for the Coherence Function as defined in Table 2.32."",
      ""scope"": ""Offshore Wind Farms"",
      ""numerical_value"": null,
      ""unit"": null,
      ""source"": ""API Bulletin 2INT-MET (2007)"",
      ""related_domains"": ""structural design, wind load calculation""
    },
    {
      ""type"": ""Technical"",
      ""requirement"": ""An exponential coherence model is used to account for the spatial correlation of the longitudinal wind speed: Coh(r, f) = exp[-12 * (f * r / V_hub)^2 + (0.012 * r / L_c)^2]"",
      ""scope"": ""Offshore Wind Farms"",
      ""numerical_value"": null,
      ""unit"": null,
      ""source"": ""IEC 61400-1 (2005)"",
      ""related_domains"": ""structural design, wind load calculation""
    }
  ],
  ""regulatory_entities"": [
    {
      ""entity_name"": ""American Petroleum Institute (API)"",
      ""jurisdiction"": ""International"",
      ""role"": ""Standards Development Organization""
    },
    {
      ""entity_name"": ""International Electrotechnical Commission (IEC)"",
      ""jurisdiction"": ""International"",
      ""role"": ""Standards Development Organization""
    }
  ]
}
```"
17,90,True,"```json
{
  ""document_metadata"": {
    ""title"": ""Design Standards for Offshore Wind Farms Final Report"",
    ""document_number"": ""M10PC00105"",
    ""type_of_wind_farm"": ""Offshore""
  },
  ""regulatory_constraints"": [
    {
      ""type"": ""Technical"",
      ""requirement"": ""Use of the IEC (Kaimal model) and API (NPD model) for coherence functions in wind data analysis."",
      ""scope"": ""GOM (Gulf of Mexico) West Central region"",
      ""numerical_value"": null,
      ""unit"": null,
      ""source"": ""Design Standards for Offshore Wind Farms Final Report (M10PC00105)"",
      ""related_domains"": ""Technical, Safety""
    },
    {
      ""type"": ""Technical"",
      ""requirement"": ""Consideration of 100-year return wind conditions in wind data analysis."",
      ""scope"": ""GOM (Gulf of Mexico) West Central region"",
      ""numerical_value"": 100,
      ""unit"": ""years"",
      ""source"": ""Design Standards for Offshore Wind Farms Final Report (M10PC00105)"",
      ""related_domains"": ""Technical, Safety""
    },
    {
      ""type"": ""Technical"",
      ""requirement"": ""10-minute mean wind speed at hub height (V_hub) must be considered."",
      ""scope"": ""Offshore Wind Farms"",
      ""numerical_value"": 10,
      ""unit"": ""minutes"",
      ""source"": ""Design Standards for Offshore Wind Farms Final Report (M10PC00105)"",
      ""related_domains"": ""Technical""
    },
    {
      ""type"": ""Technical"",
      ""requirement"": ""Coherence scale parameter (L_c) is calculated as 8.1 Λ 1."",
      ""scope"": ""Offshore Wind Farms"",
      ""numerical_value"": 8.1,
      ""unit"": ""m"",
      ""source"": ""Design Standards for Offshore Wind Farms Final Report (M10PC00105)"",
      ""related_domains"": ""Technical""
    }

  ],
  ""regulatory_entities"": [
    {
      ""entity_name"": ""IEC (International Electrotechnical Commission)"",
      ""jurisdiction"": ""International"",
      ""role"": ""Standards Development for Electrical and Electronic Technologies""
    },
    {
      ""entity_name"": ""API (American Petroleum Institute)"",
      ""jurisdiction"": ""International"",
      ""role"": ""Standards Development for Oil and Gas Industry""
    }
  ]
}
```"
17,91,True,"```json
{
  ""document_metadata"": {
    ""title"": ""Design Standards for Offshore Wind Farms Final Report"",
    ""document_number"": ""M10PC00105"",
    ""type_of_wind_farm"": ""Offshore""
  },
  ""regulatory_constraints"": [
    {
      ""type"": ""Technical"",
      ""requirement"": ""Use of API and IEC wind models for structural response analysis of jacket support structures."",
      ""scope"": ""GOM West Central region"",
      ""numerical_value"": null,
      ""unit"": null,
      ""source"": ""API and IEC design guidelines"",
      ""related_domains"": ""structural, safety""
    },
    {
      ""type"": ""Technical"",
      ""requirement"": ""Consideration of 100-year return turbulent wind condition for design."",
      ""scope"": ""GOM West Central region"",
      ""numerical_value"": 100,
      ""unit"": ""years"",
      ""source"": ""Document M10PC00105"",
      ""related_domains"": ""structural, safety""
    },
    {
      ""type"": ""Technical"",
      ""requirement"": ""API wind model simulation time scale of 1 hour."",
      ""scope"": ""Wind load analysis using API wind model"",
      ""numerical_value"": 1,
      ""unit"": ""hour"",
      ""source"": ""API design guidelines"",
      ""related_domains"": ""technical""
    },
    {
      ""type"": ""Technical"",
      ""requirement"": ""IEC wind model simulation time scale of 10 minutes."",
      ""scope"": ""Wind load analysis using IEC wind model"",
      ""numerical_value"": 10,
      ""unit"": ""minutes"",
      ""source"": ""IEC design guidelines"",
      ""related_domains"": ""technical""
    }
  ],
  ""regulatory_entities"": [
    {
      ""entity_name"": ""API"",
      ""jurisdiction"": ""International"",
      ""role"": ""Standards development for the oil and gas industry, which are often applied in offshore wind""
    },
    {
      ""entity_name"": ""IEC"",
      ""jurisdiction"": ""International"",
      ""role"": ""Standards development for electrical, electronic and related technologies, including wind turbines""
    }
  ]
}
```"
17,92,True,"```json
{
  ""document_metadata"": {
    ""title"": ""Design Standards for Offshore Wind Farms Final Report"",
    ""document_number"": ""M10PC00105"",
    ""type_of_wind_farm"": ""Offshore""
  },
  ""regulatory_constraints"": [
    {
      ""type"": ""Technical"",
      ""requirement"": ""Use of the API wind model"",
      ""scope"": ""Offshore floating wind turbine support structures where low frequency responses are significant for dynamic stability, global motions, and design of electric cables and mooring systems."",
      ""numerical_value"": null,
      ""unit"": null,
      ""source"": ""API"",
      ""related_domains"": ""structural design, cable design, mooring system design""
    },
    {
      ""type"": ""Technical"",
      ""requirement"": ""Use of the IEC wind model"",
      ""scope"": ""Bottom-founded offshore wind turbines, particularly in areas where high frequency wind fluctuations are relevant."",
      ""numerical_value"": null,
      ""unit"": null,
      ""source"": ""IEC"",
      ""related_domains"": ""structural design""
    },
    {
      ""type"": ""Technical"",
      ""requirement"": ""Consideration of wave loads in conjunction with wind loads"",
      ""scope"": ""Offshore wind turbine support structures, especially where wave forces and/or slamming forces are predominant."",
      ""numerical_value"": null,
      ""unit"": null,
      ""source"": ""Implied - best practice based on document analysis"",
      ""related_domains"": ""structural design""
    }

  ],
  ""regulatory_entities"": [
    {
      ""entity_name"": ""API"",
      ""jurisdiction"": ""International (Industry Standard)"",
      ""role"": ""Develops standards and recommended practices for the oil and gas industry, which are often applied to offshore wind projects.""
    },
    {
      ""entity_name"": ""IEC"",
      ""jurisdiction"": ""International (Industry Standard)"",
      ""role"": ""Develops international standards for electrical, electronic, and related technologies, including wind turbine standards.""
    }
  ]
}
```"
17,93,True,"```json
{
  ""document_metadata"": {
    ""title"": ""Design Standards for Offshore Wind Farms Final Report"",
    ""document_number"": ""M10PC00105"",
    ""type_of_wind_farm"": ""Offshore""
  },
  ""regulatory_constraints"": [
    {
      ""type"": ""Technical"",
      ""requirement"": ""Kaimal model referenced in IEC 61400-1 (2005) and IEC 61400-3 (2009) is used to generate turbulent wind data."",
      ""scope"": ""Offshore wind turbines"",
      ""numerical_value"": null,
      ""unit"": null,
      ""source"": ""IEC 61400-1 (2005) and IEC 61400-3 (2009)"",
      ""related_domains"": ""technical""
    },
    {
      ""type"": ""Technical"",
      ""requirement"": ""For DLC 6.1a (normal turbine operating modes, turbulent wind condition), ±8 degrees yaw misalignment should be considered."",
      ""scope"": ""Offshore wind turbines"",
      ""numerical_value"": 8,
      ""unit"": ""degrees"",
      ""source"": ""IEC 61400-3 (2009)"",
      ""related_domains"": ""safety, technical""
    },
    {
      ""type"": ""Technical"",
      ""requirement"": ""For DLC 6.1b and 6.1c (companion load cases, steady-state wind model), ±15 degrees of yaw misalignment should be considered."",
      ""scope"": ""Offshore wind turbines"",
      ""numerical_value"": 15,
      ""unit"": ""degrees"",
      ""source"": ""IEC 61400-3 (2009)"",
      ""related_domains"": ""safety, technical""
    },
    {
      ""type"": ""Technical"",
      ""requirement"": ""For DLC 6.2a and 6.2b (abnormal turbine operating mode, loss of electrical grid connection), yaw misalignment up to ±180 degrees should be considered unless there are at least 6 hours of backup power supply."",
      ""scope"": ""Offshore wind turbines"",
      ""numerical_value"": 180,
      ""unit"": ""degrees"",
      ""source"": ""IEC 61400-3 (2009)"",
      ""related_domains"": ""safety, technical""
    },
    {
      ""type"": ""Technical"",
      ""requirement"": ""A stricter requirement in terms of the capacity of backup power supply is imposed (specifics not detailed in this document excerpt)."",
      ""scope"": ""Offshore wind turbines"",
      ""numerical_value"": null,
      ""unit"": null,
      ""source"": ""GL’s guideline (2005) [2.32]"",
      ""related_domains"": ""safety, technical""
    },
    {
      ""type"": ""Technical"",
      ""requirement"": ""Omni-directional wind and yaw misalignment up to ±180 degrees is generally required to be considered in the abnormal turbine operating mode as defined in DLC 6.2a and 6.2b."",
      ""scope"": ""Offshore wind turbine installations"",
      ""numerical_value"": 180,
      ""unit"": ""degrees"",
      ""source"": ""ABS Guide for Building and Classing Offshore Wind Turbine Installations (2010)"",
      ""related_domains"": ""safety, technical""
    }
  ],
  ""regulatory_entities"": [
    {
      ""entity_name"": ""IEC"",
      ""jurisdiction"": ""International"",
      ""role"": ""Standards development for electrical, electronic, and related technologies""
    },
    {
      ""entity_name"": ""GL"",
      ""jurisdiction"": ""International"",
      ""role"": ""Classification and technical assurance provider (now DNV)""
    },
    {
      ""entity_name"": ""ABS"",
      ""jurisdiction"": ""International"",
      ""role"": ""Classification society for marine and offshore structures""
    }
  ]
}
```"
17,94,True,"```json
{
  ""document_metadata"": {
    ""title"": ""Design Standards for Offshore Wind Farms Final Report"",
    ""document_number"": ""M10PC00105"",
    ""type_of_wind_farm"": ""Offshore""
  },
  ""regulatory_constraints"": [
    {
      ""type"": ""Technical"",
      ""requirement"": ""Consider omni-directional wind and a yaw misalignment with ± 180° for DLC 6.2a and 6.2b."",
      ""scope"": ""Offshore wind turbine support structures"",
      ""numerical_value"": 180,
      ""unit"": ""degrees"",
      ""source"": ""Design Standards for Offshore Wind Farms Final Report (M10PC00105)"",
      ""related_domains"": ""structural safety, load calculations""
    },
    {
      ""type"": ""Technical"",
      ""requirement"": ""Load calculations are to be based on the misalignment angle that results in the highest load acting on the Support Structure."",
      ""scope"": ""Offshore wind turbine support structures"",
      ""numerical_value"": null,
      ""unit"": null,
      ""source"": ""Design Standards for Offshore Wind Farms Final Report (M10PC00105)"",
      ""related_domains"": ""structural safety, load calculations""
    },
    {
      ""type"": ""Technical"",
      ""requirement"": ""The range of yaw misalignment assumed in the design of the Support Structure may be reduced to account for the contribution from an active or passive yaw control system, provided that the designer can justify that such a system is capable of achieving the assumed reduction of yaw misalignment under site specific conditions and an appropriate monitoring and maintenance program is implemented to maintain the effectiveness of yawing control during the service life of an offshore wind turbine."",
      ""scope"": ""Offshore wind turbine yaw control systems"",
      ""numerical_value"": null,
      ""unit"": null,
      ""source"": ""Design Standards for Offshore Wind Farms Final Report (M10PC00105)"",
      ""related_domains"": ""yaw control system performance, maintenance, structural safety""
    }
  ],
  ""regulatory_entities"": []
}
```"
17,95,True,"```json
{
  ""document_metadata"": {
    ""title"": ""Design Standards for Offshore Wind Farms Final Report"",
    ""document_number"": ""M10PC00105"",
    ""type_of_wind_farm"": ""Offshore""
  },
  ""regulatory_constraints"": [
    {
      ""type"": ""Technical"",
      ""requirement"": ""All turbine blades must be feathered (turned to a 90-degree pitch angle) to minimize loads during specific operating conditions (e.g., high wind events)."",
      ""scope"": ""Offshore wind turbines"",
      ""numerical_value"": ""90"",
      ""unit"": ""degrees"",
      ""source"": ""Design Standards for Offshore Wind Farms Final Report (M10PC00105)"",
      ""related_domains"": ""safety, technical""
    }
  ],
  ""regulatory_entities"": []
}
```"
17,96,True,"```json
{
  ""document_metadata"": {
    ""title"": ""Design Standards for Offshore Wind Farms Final Report"",
    ""document_number"": ""M10PC00105"",
    ""type_of_wind_farm"": ""Offshore""
  },
  ""regulatory_constraints"": [],
  ""regulatory_entities"": []
}
```

**Explanation:**

The provided document is a technical report discussing design considerations and simulation results related to blade pitch locking and yaw misalignment in offshore wind turbines. It does *not* contain explicit regulatory constraints or mention regulatory entities.  The document focuses on design standards and analysis, not on regulatory requirements. Therefore, according to the instructions, the JSON output reflects the absence of regulatory information with null values for the relevant fields."
17,97,True,"```json
{
  ""document_metadata"": {
    ""title"": ""Sensitivity of Mudline Shear Force and Overturning Moment to Blade Pitch Angle"",
    ""document_number"": ""M10PC00105"",
    ""type_of_wind_farm"": ""Offshore""
  },
  ""regulatory_constraints"": [
    {
      ""type"": ""Technical"",
      ""requirement"": ""Account for up to ±8 degrees of yaw misalignment in the extreme storm design load case where the turbulent wind model is used in the design, provided that there are at least 6 hours of capacity of back-up power supply to the safety and control systems."",
      ""scope"": ""Offshore wind turbine support structures"",
      ""numerical_value"": 8,
      ""unit"": ""degrees"",
      ""source"": ""IEC 61400-3 (2009)"",
      ""related_domains"": ""safety, technical""
    },
    {
      ""type"": ""Safety"",
      ""requirement"": ""At least 6 hours of capacity of back-up power supply to the safety and control systems is required when accounting for yaw misalignment in the extreme storm design load case using the turbulent wind model."",
      ""scope"": ""Offshore wind turbine support structures"",
      ""numerical_value"": 6,
      ""unit"": ""hours"",
      ""source"": ""IEC 61400-3 (2009)"",
      ""related_domains"": ""safety, technical""
    },
        {
      ""type"": ""Technical"",
      ""requirement"": ""Turbine support structure can be designed to accommodate the most unfavorable load conditions due to yaw misalignment."",
      ""scope"": ""Offshore wind turbine support structures"",
      ""numerical_value"": null,
      ""unit"": null,
      ""source"": ""IEC 61400-3 (2009) (implied as an alternative)"",
      ""related_domains"": ""safety, technical""
    }
  ],
  ""regulatory_entities"": [
    {
      ""entity_name"": ""IEC"",
      ""jurisdiction"": ""International"",
      ""role"": ""Standards development""
    }
  ]
}
```"
17,98,True,"```json
{
  ""document_metadata"": {
    ""title"": ""Design Standards for Offshore Wind Farms Final Report"",
    ""document_number"": ""M10PC00105"",
    ""type_of_wind_farm"": ""Offshore""
  },
  ""regulatory_constraints"": [
    {
      ""type"": ""Safety"",
      ""requirement"": ""Pitch control failure and angle locking are normally not considered during the design of turbine support structure and thus not included in the IEC abnormal load cases."",
      ""scope"": ""Offshore wind turbine support structures"",
      ""numerical_value"": null,
      ""unit"": null,
      ""source"": ""IEC"",
      ""related_domains"": ""safety, technical""
    },
    {
      ""type"": ""Technical"",
      ""requirement"": ""The turbine blades are normally feathered during the storm condition to minimize the load."",
      ""scope"": ""Offshore wind turbines"",
      ""numerical_value"": null,
      ""unit"": null,
      ""source"": ""Design Standards for Offshore Wind Farms"",
      ""related_domains"": ""technical, safety""
    },
    {
      ""type"": ""Technical"",
      ""requirement"": ""For abnormal turbine operating modes, the nacelle yaw misalignment (yaw error) is taken as 30 degrees. All blades are assumed in the feathered position with the pitch angle of 90 degrees."",
      ""scope"": ""Offshore wind turbines, load case definitions"",
      ""numerical_value"": 30,
      ""unit"": ""degrees"",
      ""source"": ""Design Standards for Offshore Wind Farms"",
      ""related_domains"": ""technical, safety""
    },
        {
      ""type"": ""Technical"",
      ""requirement"": ""For abnormal turbine operating modes, the blades are assumed in the feathered position with the pitch angle of 90 degrees."",
      ""scope"": ""Offshore wind turbines, load case definitions"",
      ""numerical_value"": 90,
      ""unit"": ""degrees"",
      ""source"": ""Design Standards for Offshore Wind Farms"",
      ""related_domains"": ""technical, safety""
    }
  ],
  ""regulatory_entities"": [
    {
      ""entity_name"": ""IEC"",
      ""jurisdiction"": ""International"",
      ""role"": ""Standards development for electrical, electronic and related technologies""
    }
  ]
}
```"
17,99,True,"```json
{
  ""document_metadata"": {
    ""title"": ""Design Standards for Offshore Wind Farms Final Report"",
    ""document_number"": ""M10PC00105"",
    ""type_of_wind_farm"": ""Offshore""
  },
  ""regulatory_constraints"": [
    {
      ""type"": ""Technical"",
      ""requirement"": ""Consideration of return period of environmental conditions, normal and abnormal turbine operating modes, wind and wave misalignment, and site condition variations in structural response evaluation of monopile support structures."",
      ""scope"": ""Monopile support structures"",
      ""numerical_value"": 20,
      ""unit"": ""load cases"",
      ""source"": ""M10PC00105 Section 2.6.1"",
      ""related_domains"": ""structural, safety""
    },
    {
      ""type"": ""Technical"",
      ""requirement"": ""Account for wind drag load on the tower separately."",
      ""scope"": ""Monopile support structures, Tower"",
      ""numerical_value"": null,
      ""unit"": null,
      ""source"": ""M10PC00105 Section 2.6.1"",
      ""related_domains"": ""structural, technical""
    },
    {
      ""type"": ""Technical"",
      ""requirement"": ""Use exponential wind shear law (Equation 2.2) for extreme wind condition calculations."",
      ""scope"": ""Wind load calculations"",
      ""numerical_value"": null,
      ""unit"": null,
      ""source"": ""M10PC00105 Section 2.6.1, Equation 2.2"",
      ""related_domains"": ""technical, safety""
    },
    {
      ""type"": ""Technical"",
      ""requirement"": ""Apply wind shape coefficient of 0.5 for cylindrical sections."",
      ""scope"": ""Wind load calculations on cylindrical sections"",
      ""numerical_value"": 0.5,
      ""unit"": ""wind shape coefficient"",
      ""source"": ""M10PC00105 Section 2.6.1"",
      ""related_domains"": ""technical""
    },
    {
      ""type"": ""Technical"",
      ""requirement"": ""Consider breaking wave slamming load if the wave breaking limit is reached."",
      ""scope"": ""Wave load calculations"",
      ""numerical_value"": null,
      ""unit"": null,
      ""source"": ""M10PC00105 Section 2.6.1"",
      ""related_domains"": ""structural, safety""
    }


  ],
  ""regulatory_entities"": []
}
```"
17,100,True,"```json
{
  ""document_metadata"": {
    ""title"": ""Design Standards for Offshore Wind Farms Final Report"",
    ""document_number"": ""M10PC00105"",
    ""type_of_wind_farm"": ""Offshore""
  },
  ""regulatory_constraints"": [
    {
      ""type"": ""Technical"",
      ""requirement"": ""Wave slamming load calculations shall be performed according to IEC 61400-3 (2009)."",
      ""scope"": ""Offshore wind farms"",
      ""numerical_value"": null,
      ""unit"": null,
      ""source"": ""IEC 61400-3 (2009)"",
      ""related_domains"": ""structural, safety""
    }
  ],
  ""regulatory_entities"": [
    {
      ""entity_name"": ""IEC (International Electrotechnical Commission)"",
      ""jurisdiction"": ""International"",
      ""role"": ""Standards development for electrical and electronic technologies, including wind turbines.""
    }
  ]
}
```"
17,101,True,"```json
{
  ""document_metadata"": {
    ""title"": ""Design Standards for Offshore Wind Farms Final Report"",
    ""document_number"": ""M10PC00105"",
    ""type_of_wind_farm"": ""Offshore""
  },
  ""regulatory_constraints"": [],
  ""regulatory_entities"": []
}
```

**Explanation:**

The provided document presents analysis results (e.g., wave slamming loads, mudline base shear) for different monopile designs under various scenarios (different locations and return periods).  It does *not* explicitly state any regulatory constraints or mention any regulatory entities.  It's a technical report showcasing modeling and analysis, not a regulatory document. Therefore, the JSON output reflects the absence of regulatory information by returning null values (represented as empty arrays and empty strings) for the relevant fields."
17,102,True,"```json
{
  ""document_metadata"": {
    ""title"": ""Design Standards for Offshore Wind Farms Final Report"",
    ""document_number"": ""M10PC00105"",
    ""type_of_wind_farm"": ""Offshore""
  },
  ""regulatory_constraints"": [],
  ""regulatory_entities"": []
}
```

**Explanation:**

The provided document is a technical report summarizing structural load calculations for monopile foundations in offshore wind farms. It presents *results* of applying design standards, but it does *not* explicitly state the standards themselves.  While we can infer that design standards exist and are being followed (implied by terms like ""Design Standards"" in the title and the presentation of calculated loads), the document doesn't articulate specific regulatory requirements.  Therefore, according to the instructions, we return null values (represented as empty arrays and empty strings) for the regulatory constraints and entities.  The document metadata is extracted based on the available information."
17,103,True,"```json
{
  ""document_metadata"": {
    ""title"": null,
    ""document_number"": null,
    ""type_of_wind_farm"": ""Offshore""
  },
  ""regulatory_constraints"": [],
  ""regulatory_entities"": []
}
```

**Explanation:**

The provided document presents data from simulations related to the structural analysis of monopile offshore wind turbine foundations under various load cases (wind, wave, misalignment). It does *not* contain any explicit regulatory constraints or mention any regulatory entities.  The data itself represents technical analysis, not regulatory requirements.  Therefore, all fields related to regulatory constraints and entities are null or empty.  The document type is identified as ""Offshore"" based on the context."
17,104,True,"```json
{
  ""document_metadata"": {
    ""title"": ""Design Standards for Offshore Wind Farms Final Report"",
    ""document_number"": ""M10PC00105"",
    ""type_of_wind_farm"": ""Offshore""
  },
  ""regulatory_constraints"": [
    {
      ""type"": ""Technical"",
      ""requirement"": ""Material yield strength shall be considered as 345 MPa."",
      ""scope"": ""Monopile structures"",
      ""numerical_value"": 345,
      ""unit"": ""MPa"",
      ""source"": ""M10PC00105 (Implicit assumption in the case study)"",
      ""related_domains"": ""structural, technical""
    },
    {
      ""type"": ""Technical"",
      ""requirement"": ""Strength design criteria shall be in accordance with ABS Guide (2011) (ABS-WSD), API-RP 2A-WSD (2007) (API-WSD), and IEC 61400-3 (2007)/ISO 19902 (2007) (IEC/ISO)."",
      ""scope"": ""Monopile structures"",
      ""numerical_value"": null,
      ""unit"": null,
      ""source"": ""M10PC00105"",
      ""related_domains"": ""structural, technical, safety""
    },
    {
      ""type"": ""Technical"",
      ""requirement"": ""Working stress design approach shall utilize unfactored loads (ABS-WSD and API-WSD)."",
      ""scope"": ""Monopile structures"",
      ""numerical_value"": null,
      ""unit"": null,
      ""source"": ""M10PC00105"",
      ""related_domains"": ""structural, technical, safety""
    },
    {
      ""type"": ""Technical"",
      ""requirement"": ""Load and Resistance Factor Design (LRFD) method shall apply load factors (IEC/ISO)."",
      ""scope"": ""Monopile structures"",
      ""numerical_value"": null,
      ""unit"": null,
      ""source"": ""M10PC00105"",
      ""related_domains"": ""structural, technical, safety""
    },
    {
      ""type"": ""Technical"",
      ""requirement"": ""Design load case for extreme storms shall refer to the 50-year return event (IEC 61400-3)."",
      ""scope"": ""Offshore wind turbines"",
      ""numerical_value"": 50,
      ""unit"": ""years"",
      ""source"": ""IEC 61400-3 (2007)"",
      ""related_domains"": ""safety, technical""
    },
    {
      ""type"": ""Technical"",
      ""requirement"": ""Load factors specified in IEC 61400-3 shall be applied to both 50-year and 100-year return conditions."",
      ""scope"": ""Offshore wind turbines"",
      ""numerical_value"": null,
      ""unit"": null,
      ""source"": ""M10PC00105, IEC 61400-3 (2007)"",
      ""related_domains"": ""safety, technical""
    },
    {
      ""type"": ""Technical"",
      ""requirement"": ""Strength criteria defined in API-WSD for extreme design conditions shall be applied to both normal and abnormal turbine operating modes under 50-year or 100-year return environmental conditions."",
      ""scope"": ""Offshore wind turbine support structures"",
      ""numerical_value"": null,
      ""unit"": null,
      ""source"": ""M10PC00105, API-RP 2A-WSD (2007)"",
      ""related_domains"": ""safety, technical""
    }
  ],
  ""regulatory_entities"": [
    {
      ""entity_name"": ""American Bureau of Shipping (ABS)"",
      ""jurisdiction"": ""International"",
      ""role"": ""Standards development (ABS Guide)""
    },
    {
      ""entity_name"": ""American Petroleum Institute (API)"",
      ""jurisdiction"": ""International"",
      ""role"": ""Standards development (API-RP 2A-WSD)""
    },
    {
      ""entity_name"": ""International Electrotechnical Commission (IEC)"",
      ""jurisdiction"": ""International"",
      ""role"": ""Standards development (IEC 61400-3)""
    },
    {
      ""entity_name"": ""International Organization for Standardization (ISO)"",
      ""jurisdiction"": ""International"",
      ""role"": ""Standards development (ISO 19902)""
    }
  ]
}
```"
17,105,True,"```json
{
  ""document_metadata"": {
    ""title"": ""Design Standards for Offshore Wind Farms Final Report"",
    ""document_number"": ""M10PC00105"",
    ""type_of_wind_farm"": ""Offshore""
  },
  ""regulatory_constraints"": [
    {
      ""type"": ""Safety"",
      ""requirement"": ""Member strength criterion as defined in Eq. (13.3-8) in ISO 19902 (2007)"",
      ""scope"": ""Offshore wind turbine support structures"",
      ""numerical_value"": ""0.15"",
      ""unit"": ""Ratio of member's acting axial force to its allowable axial force"",
      ""source"": ""ISO 19902 (2007)"",
      ""related_domains"": ""structural safety, design""
    },
    {
      ""type"": ""Safety"",
      ""requirement"": ""Member strength criteria as defined in ABS Guide (ABS, 2011 [2.3])"",
      ""scope"": ""Offshore wind turbine support structures"",
      ""numerical_value"": null,
      ""unit"": null,
      ""source"": ""ABS Guide (ABS, 2011 [2.3])"",
      ""related_domains"": ""structural safety, design""
    },
    {
      ""type"": ""Safety"",
      ""requirement"": ""Extreme design criteria as defined in API RP 2A-WSD"",
      ""scope"": ""Offshore wind turbine support structures"",
      ""numerical_value"": null,
      ""unit"": null,
      ""source"": ""API RP 2A-WSD"",
      ""related_domains"": ""structural safety, design""
    },
        {
      ""type"": ""Safety"",
      ""requirement"": ""Load case considerations for normal and abnormal operating conditions, including 30-degree yaw misalignment."",
      ""scope"": ""Offshore wind turbine support structures"",
      ""numerical_value"": ""30"",
      ""unit"": ""degrees"",
      ""source"": ""Document M10PC00105"",
      ""related_domains"": ""structural safety, design, operation""
    }

  ],
  ""regulatory_entities"": [
    {
      ""entity_name"": ""ABS"",
      ""jurisdiction"": ""International (classification society)"",
      ""role"": ""Development of standards for offshore structures""
    },
    {
      ""entity_name"": ""API"",
      ""jurisdiction"": ""International (industry association)"",
      ""role"": ""Development of recommended practices for the petroleum and natural gas industries, including offshore structures""
    },
    {
      ""entity_name"": ""ISO"",
      ""jurisdiction"": ""International (standards organization)"",
      ""role"": ""Development of international standards, including those for wind turbine structures""
    }
  ]
}
```"
17,106,True,"```json
{
  ""document_metadata"": {
    ""title"": ""Design Standards for Offshore Wind Farms Final Report"",
    ""document_number"": ""M10PC00105"",
    ""type_of_wind_farm"": ""Offshore""
  },
  ""regulatory_constraints"": [
    {
      ""type"": ""Technical"",
      ""requirement"": ""Code check according to ABS standard"",
      ""scope"": ""Monopile support structure"",
      ""numerical_value"": null,
      ""unit"": null,
      ""source"": ""ABS"",
      ""related_domains"": ""structural, safety""
    },
    {
      ""type"": ""Technical"",
      ""requirement"": ""Code check according to API standard"",
      ""scope"": ""Monopile support structure"",
      ""numerical_value"": null,
      ""unit"": null,
      ""source"": ""API"",
      ""related_domains"": ""structural, safety""
    },
    {
      ""type"": ""Technical"",
      ""requirement"": ""Code check according to IEC/ISO standard"",
      ""scope"": ""Monopile support structure"",
      ""numerical_value"": null,
      ""unit"": null,
      ""source"": ""IEC/ISO"",
      ""related_domains"": ""structural, safety""
    }
  ],
  ""regulatory_entities"": [
    {
      ""entity_name"": ""ABS"",
      ""jurisdiction"": ""International (likely)"",
      ""role"": ""Standard setting and certification for marine and offshore structures""
    },
    {
      ""entity_name"": ""API"",
      ""jurisdiction"": ""International (likely)"",
      ""role"": ""Standard setting for the oil and gas industry, often applied to offshore structures""
    },
    {
      ""entity_name"": ""IEC/ISO"",
      ""jurisdiction"": ""International"",
      ""role"": ""Standard setting for electrotechnical systems and related areas, including wind turbines""
    }
  ]
}
```"
17,107,True,"```json
{
  ""document_metadata"": {
    ""title"": ""Design Standards for Offshore Wind Farms Final Report"",
    ""document_number"": ""M10PC00105"",
    ""type_of_wind_farm"": ""Offshore""
  },
  ""regulatory_constraints"": [
    {
      ""type"": ""Technical"",
      ""requirement"": ""Load factors as specified in IEC 61400-3 (2007)"",
      ""scope"": ""Offshore Wind Farms"",
      ""numerical_value"": null,
      ""unit"": null,
      ""source"": ""IEC 61400-3 (2007)"",
      ""related_domains"": ""structural design, safety""
    },
    {
      ""type"": ""Technical"",
      ""requirement"": ""Resistance factors and component strength criteria as specified in ISO 19902 (2007)"",
      ""scope"": ""Offshore Wind Farms"",
      ""numerical_value"": null,
      ""unit"": null,
      ""source"": ""ISO 19902 (2007)"",
      ""related_domains"": ""structural design, safety""
    }
  ],
  ""regulatory_entities"": [
    {
      ""entity_name"": ""IEC"",
      ""jurisdiction"": ""International"",
      ""role"": ""Standards Development Organization""
    },
    {
      ""entity_name"": ""ISO"",
      ""jurisdiction"": ""International"",
      ""role"": ""Standards Development Organization""
    }
  ]
}
```"
17,108,True,"```json
{
  ""document_metadata"": {
    ""title"": null,
    ""document_number"": null,
    ""type_of_wind_farm"": ""Offshore""
  },
  ""regulatory_constraints"": [
    {
      ""type"": ""Technical"",
      ""requirement"": ""Utilization Ratio limit based on ABS standard"",
      ""scope"": ""Offshore wind turbine tower and foundation"",
      ""numerical_value"": 1.13,
      ""unit"": null,
      ""source"": ""ABS"",
      ""related_domains"": ""structural, safety""
    },
    {
      ""type"": ""Technical"",
      ""requirement"": ""Utilization Ratio limit based on API standard"",
      ""scope"": ""Offshore wind turbine tower and foundation"",
      ""numerical_value"": 1.12,
      ""unit"": null,
      ""source"": ""API"",
      ""related_domains"": ""structural, safety""
    },
    {
      ""type"": ""Technical"",
      ""requirement"": ""Utilization Ratio limit based on IEC/ISO standard"",
      ""scope"": ""Offshore wind turbine tower and foundation"",
      ""numerical_value"": 1.03,
      ""unit"": null,
      ""source"": ""IEC/ISO"",
      ""related_domains"": ""structural, safety""
    },
    {
      ""type"": ""Technical"",
      ""requirement"": ""Safety factors for load cases according to ABS, API, and IEC standards."",
      ""scope"": ""Offshore wind turbine structures"",
      ""numerical_value"": null,
      ""unit"": null,
      ""source"": ""ABS, API, IEC"",
      ""related_domains"": ""safety, structural""
    },
        {
      ""type"": ""Technical"",
      ""requirement"": ""Material property requirement for Young's Modulus (E)"",
      ""scope"": ""Offshore wind turbine structure"",
      ""numerical_value"": 210000,
      ""unit"": ""MPa"",
      ""source"": null, 
      ""related_domains"": ""structural""
    }

  ],
  ""regulatory_entities"": [
    {
      ""entity_name"": ""ABS"",
      ""jurisdiction"": ""International"",
      ""role"": ""Standards development and certification for marine and offshore structures""
    },
    {
      ""entity_name"": ""API"",
      ""jurisdiction"": ""International"",
      ""role"": ""Standards development for the oil and gas industry, including offshore structures""
    },
    {
      ""entity_name"": ""IEC/ISO"",
      ""jurisdiction"": ""International"",
      ""role"": ""Standards development for electrotechnical systems and related areas, including wind turbines""
    }
  ]
}
```"
17,109,True,"```json
{
  ""document_metadata"": {
    ""title"": ""Design Standards for Offshore Wind Farms Final Report"",
    ""document_number"": ""M10PC00105"",
    ""type_of_wind_farm"": ""Offshore""
  },
  ""regulatory_constraints"": [
    {
      ""type"": ""Technical"",
      ""requirement"": ""Static wind load on the tower shall be calculated using the exponential wind shear law."",
      ""scope"": ""Offshore wind farms, tripod support structures"",
      ""numerical_value"": null,
      ""unit"": null,
      ""source"": ""Contract M10PC00105, Section 2.7.1"",
      ""related_domains"": ""structural, technical""
    },
    {
      ""type"": ""Technical"",
      ""requirement"": ""Wind shape coefficient of 0.5 shall be applied for cylindrical sections."",
      ""scope"": ""Offshore wind farms, tripod support structures, cylindrical sections"",
      ""numerical_value"": 0.5,
      ""unit"": null,
      ""source"": ""Contract M10PC00105, Section 2.7.1"",
      ""related_domains"": ""structural, technical""
    },
    {
      ""type"": ""Technical"",
      ""requirement"": ""Breaking wave slamming load shall be considered when the wave breaking limit is reached."",
      ""scope"": ""Offshore wind farms, tripod support structures"",
      ""numerical_value"": null,
      ""unit"": null,
      ""source"": ""Contract M10PC00105, Section 2.7.1"",
      ""related_domains"": ""structural, safety""
    },
    {
      ""type"": ""Technical"",
      ""requirement"": ""Nonlinear dynamic finite element analyses shall be performed to determine transient responses of the tripod support structure when breaking waves are involved."",
      ""scope"": ""Offshore wind farms, tripod support structures, breaking wave conditions"",
      ""numerical_value"": null,
      ""unit"": null,
      ""source"": ""Contract M10PC00105, Section 2.7.1"",
      ""related_domains"": ""structural, technical""
    },
    {
      ""type"": ""Technical"",
      ""requirement"": ""API/ABS and ISO/ABS standards are referenced for comparison (implied requirement for compliance)."",
      ""scope"": ""Offshore wind farms (implied)"",
      ""numerical_value"": null,
      ""unit"": null,
      ""source"": ""Contract M10PC00105, Documentation Table"",
      ""related_domains"": ""technical, standards""
    }


  ],
  ""regulatory_entities"": []
}
```"
17,110,True,"```json
{
  ""document_metadata"": {
    ""title"": ""Desi g n Standards for Offshore Wind Farms Final Re p ort"",
    ""document_number"": ""M10PC00105"",
    ""type_of_wind_farm"": ""Offshore""
  },
  ""regulatory_constraints"": [
    {
      ""type"": ""Technical"",
      ""requirement"": ""Wave slamming loads shall be calculated according to IEC 61400-3 (2009)."",
      ""scope"": ""Offshore wind farms, tripod support structures"",
      ""numerical_value"": null,
      ""unit"": null,
      ""source"": ""IEC 61400-3 (2009)"",
      ""related_domains"": ""structural safety, design""
    }
  ],
  ""regulatory_entities"": [
    {
      ""entity_name"": ""IEC"",
      ""jurisdiction"": ""International"",
      ""role"": ""Standards development organization""
    }
  ]
}
```"
17,111,True,"```json
{
  ""document_metadata"": {
    ""title"": ""Desi g n Standards for Offshore Wind Farms Final Re p ort"",
    ""document_number"": ""M10PC00105"",
    ""type_of_wind_farm"": ""Offshore""
  },
  ""regulatory_constraints"": [
    {
      ""type"": ""Technical"",
      ""requirement"": ""Mudline Base Shear Forces due to Wave Slamming on Tripod"",
      ""scope"": ""Atlantic Region 2, 100-year return period, 25.9m effective depth"",
      ""numerical_value"": 568,
      ""unit"": ""kN"",
      ""source"": ""Table 2.39"",
      ""related_domains"": ""structural, safety""
    },
    {
      ""type"": ""Technical"",
      ""requirement"": ""Mudline Overturning Moment due to Wave Slamming on Tripod"",
      ""scope"": ""Atlantic Region 2, 100-year return period, 25.9m effective depth"",
      ""numerical_value"": 128.4,
      ""unit"": ""MN.m"",
      ""source"": ""Table 2.39"",
      ""related_domains"": ""structural, safety""
    },
    {
      ""type"": ""Technical"",
      ""requirement"": ""Mudline Base Shear Forces due to Wave Slamming on Tripod"",
      ""scope"": ""Atlantic Region 3, 100-year return period, 26.9m effective depth"",
      ""numerical_value"": 320,
      ""unit"": ""kN"",
      ""source"": ""Table 2.39"",
      ""related_domains"": ""structural, safety""
    },
    {
      ""type"": ""Technical"",
      ""requirement"": ""Mudline Overturning Moment due to Wave Slamming on Tripod"",
      ""scope"": ""Atlantic Region 3, 100-year return period, 26.9m effective depth"",
      ""numerical_value"": 167.1,
      ""unit"": ""MN.m"",
      ""source"": ""Table 2.39"",
      ""related_domains"": ""structural, safety""
    },
    {
      ""type"": ""Technical"",
      ""requirement"": ""Mudline Base Shear Forces due to Wave Slamming on Tripod"",
      ""scope"": ""Atlantic Region 3, 50-year return period, 26.4m effective depth"",
      ""numerical_value"": 843,
      ""unit"": ""kN"",
      ""source"": ""Table 2.39"",
      ""related_domains"": ""structural, safety""
    },
    {
      ""type"": ""Technical"",
      ""requirement"": ""Mudline Overturning Moment due to Wave Slamming on Tripod"",
      ""scope"": ""Atlantic Region 3, 50-year return period, 26.4m effective depth"",
      ""numerical_value"": 154.9,
      ""unit"": ""MN.m"",
      ""source"": ""Table 2.39"",
      ""related_domains"": ""structural, safety""
    }
  ],
  ""regulatory_entities"": []
}
```"
17,112,True,"```json
{
  ""document_metadata"": {
    ""title"": ""Design Standards for Offshore Wind Farms Final Report"",
    ""document_number"": ""M10PC00105"",
    ""type_of_wind_farm"": ""Offshore""
  },
  ""regulatory_constraints"": [],
  ""regulatory_entities"": []
}
```

**Explanation:**

The provided document excerpt is primarily a technical report presenting results from a case study on tripod structures for offshore wind farms. It doesn't explicitly state any regulatory constraints or mention any regulatory entities.  The table presents data on structural responses under different load cases, but these are engineering analysis results, not regulatory requirements.  While the document likely operates within a regulatory context, the excerpt itself doesn't provide the necessary information to extract specific regulations or regulatory bodies. Therefore, the JSON output reflects the absence of extractable regulatory information in the provided text."
17,113,True,"```json
{
  ""document_metadata"": {
    ""title"": null,
    ""document_number"": null,
    ""type_of_wind_farm"": ""Offshore""
  },
  ""regulatory_constraints"": [
    {
      ""type"": ""Technical"",
      ""requirement"": ""Material yield strength must be considered in structural member design."",
      ""scope"": ""Offshore wind turbine tripod support structures"",
      ""numerical_value"": 345,
      ""unit"": ""MPa"",
      ""source"": ""Implied from the document's analysis"",
      ""related_domains"": ""structural, safety""
    },
    {
      ""type"": ""Technical"",
      ""requirement"": ""Utilization ratio of structural members must be calculated and checked against design guidelines."",
      ""scope"": ""Offshore wind turbine tripod support structures"",
      ""numerical_value"": null,
      ""unit"": null,
      ""source"": ""Implied from the document's analysis"",
      ""related_domains"": ""structural, safety""
    },
    {
      ""type"": ""Technical"",
      ""requirement"": ""Design guidelines ABS-WSD, API-WSD, and IEC/ISO must be considered for utilization ratio calculations."",
      ""scope"": ""Offshore wind turbine tripod support structures"",
      ""numerical_value"": null,
      ""unit"": null,
      ""source"": ""Document mentions these standards are used for calculations"",
      ""related_domains"": ""structural, safety""
    }
  ],
  ""regulatory_entities"": []
}
```"
17,114,True,"```json
{
  ""document_metadata"": {
    ""title"": ""Design Standards for Offshore Wind Farms Final Report"",
    ""document_number"": ""M10PC00105"",
    ""type_of_wind_farm"": ""Offshore""
  },
  ""regulatory_constraints"": [
    {
      ""type"": ""Technical"",
      ""requirement"": ""Utilization ratios should be calculated using both ABS-WSD and LRFD (IEC/ISO) approaches."",
      ""scope"": ""Offshore wind turbine support structures (monopile and tripod)"",
      ""numerical_value"": null,
      ""unit"": null,
      ""source"": ""Contract M10PC00105: Design Standards for Offshore Wind Farms Final Report"",
      ""related_domains"": ""structural safety, design""
    },
    {
      ""type"": ""Technical"",
      ""requirement"": ""Utilization equations as specified in ISO 19902 and the ABS guide should be considered."",
      ""scope"": ""Offshore wind turbine support structures"",
      ""numerical_value"": null,
      ""unit"": null,
      ""source"": ""Contract M10PC00105: Design Standards for Offshore Wind Farms Final Report"",
      ""related_domains"": ""structural safety, design""
    }
  ],
  ""regulatory_entities"": [
    {
      ""entity_name"": ""ABS"",
      ""jurisdiction"": ""International (classification society)"",
      ""role"": ""Provides guidance and standards for offshore structures""
    },
    {
      ""entity_name"": ""IEC/ISO"",
      ""jurisdiction"": ""International (standards organizations)"",
      ""role"": ""Develops international standards for wind turbine design, including LRFD formulation""
    }
  ]
}
```"
17,115,True,"```json
{
  ""document_metadata"": {
    ""title"": ""Design Standards for Offshore Wind Farms Final Report"",
    ""document_number"": ""M10PC00105"",
    ""type_of_wind_farm"": ""Offshore""
  },
  ""regulatory_constraints"": [
    {
      ""type"": ""Safety"",
      ""requirement"": ""ABS Code Check (Max. UC)"",
      ""scope"": ""Offshore wind farms, Tripod structures"",
      ""numerical_value"": null,
      ""unit"": null,
      ""source"": ""ABS"",
      ""related_domains"": ""safety, structural""
    },
    {
      ""type"": ""Safety"",
      ""requirement"": ""API Code Check (Max. UC)"",
      ""scope"": ""Offshore wind farms, Tripod structures"",
      ""numerical_value"": null,
      ""unit"": null,
      ""source"": ""API"",
      ""related_domains"": ""safety, structural""
    },
    {
      ""type"": ""Safety"",
      ""requirement"": ""IEC/ISO Code Check (Max. UC)"",
      ""scope"": ""Offshore wind farms, Tripod structures"",
      ""numerical_value"": null,
      ""unit"": null,
      ""source"": ""IEC 61400-3 (2007), ISO 19902 (2007)"",
      ""related_domains"": ""safety, structural""
    },
    {
      ""type"": ""Technical"",
      ""requirement"": ""Load factors as specified in IEC 61400-3 (2007)"",
      ""scope"": ""Offshore wind farms"",
      ""numerical_value"": null,
      ""unit"": null,
      ""source"": ""IEC 61400-3 (2007)"",
      ""related_domains"": ""structural, safety""
    },
    {
      ""type"": ""Technical"",
      ""requirement"": ""Resistance factors and component strength criteria as specified in ISO 19902 (2007)"",
      ""scope"": ""Offshore wind farms"",
      ""numerical_value"": null,
      ""unit"": null,
      ""source"": ""ISO 19902 (2007)"",
      ""related_domains"": ""structural, safety""
    }

  ],
  ""regulatory_entities"": [
    {
      ""entity_name"": ""ABS"",
      ""jurisdiction"": ""International"",
      ""role"": ""Standards development and certification for marine and offshore structures""
    },
    {
      ""entity_name"": ""API"",
      ""jurisdiction"": ""International"",
      ""role"": ""Standards development for the oil and gas industry, including offshore structures""
    },
    {
      ""entity_name"": ""IEC"",
      ""jurisdiction"": ""International"",
      ""role"": ""Standards development for electrical, electronic, and related technologies, including wind turbines (IEC 61400-3)""
    },
    {
      ""entity_name"": ""ISO"",
      ""jurisdiction"": ""International"",
      ""role"": ""Standards development for a wide range of industries, including petroleum and natural gas industries (ISO 19902)""
    }
  ]
}
```"
17,116,True,"```json
{
  ""document_metadata"": {
    ""title"": null,
    ""document_number"": null,
    ""type_of_wind_farm"": ""Offshore""
  },
  ""regulatory_constraints"": [
    {
      ""type"": ""Technical"",
      ""requirement"": ""Utilization Ratio according to ABS standard"",
      ""scope"": ""Offshore wind turbine structure"",
      ""numerical_value"": null,
      ""unit"": null,
      ""source"": ""ABS"",
      ""related_domains"": ""structural safety, design""
    },
    {
      ""type"": ""Technical"",
      ""requirement"": ""Utilization Ratio according to API standard"",
      ""scope"": ""Offshore wind turbine structure"",
      ""numerical_value"": null,
      ""unit"": null,
      ""source"": ""API"",
      ""related_domains"": ""structural safety, design""
    },
    {
      ""type"": ""Technical"",
      ""requirement"": ""Utilization Ratio according to IEC/ISO standard"",
      ""scope"": ""Offshore wind turbine structure"",
      ""numerical_value"": null,
      ""unit"": null,
      ""source"": ""IEC/ISO"",
      ""related_domains"": ""structural safety, design""
    }
  ],
  ""regulatory_entities"": [
    {
      ""entity_name"": ""ABS"",
      ""jurisdiction"": ""International"",
      ""role"": ""Standards development and certification for marine and offshore structures""
    },
    {
      ""entity_name"": ""API"",
      ""jurisdiction"": ""International"",
      ""role"": ""Standards development for the oil and gas industry, including offshore structures""
    },
    {
      ""entity_name"": ""IEC/ISO"",
      ""jurisdiction"": ""International"",
      ""role"": ""Standards development for electrotechnical systems and related technologies, including wind turbines""
    }
  ]
}
```"
17,117,True,"```json
{
  ""document_metadata"": {
    ""title"": ""Input Parameters Input Static Load Case"",
    ""document_number"": null,
    ""type_of_wind_farm"": ""Offshore"" 
  },
  ""regulatory_constraints"": [
    {
      ""type"": ""Technical"",
      ""requirement"": ""ABS / SF (Safety Factor) must be 1.5"",
      ""scope"": ""Offshore wind turbine structures"",
      ""numerical_value"": 1.5,
      ""unit"": null,
      ""source"": ""ABS (American Bureau of Shipping)"",
      ""related_domains"": ""safety, structural""
    },
    {
      ""type"": ""Technical"",
      ""requirement"": ""API / AMOD (Assessment of Model Data) must be 1.33"",
      ""scope"": ""Offshore wind turbine structures"",
      ""numerical_value"": 1.33,
      ""unit"": null,
      ""source"": ""API (American Petroleum Institute)"",
      ""related_domains"": ""technical, modelling""
    },
    {
      ""type"": ""Technical"",
      ""requirement"": ""IEC/Ƴf (Partial Safety Factor for Yield Strength) must be 1.35"",
      ""scope"": ""Offshore wind turbine structures"",
      ""numerical_value"": 1.35,
      ""unit"": null,
      ""source"": ""IEC (International Electrotechnical Commission)"",
      ""related_domains"": ""safety, structural""
    }
  ],
  ""regulatory_entities"": [
    {
      ""entity_name"": ""ABS (American Bureau of Shipping)"",
      ""jurisdiction"": ""International"",
      ""role"": ""Classification and certification of marine and offshore structures""
    },
    {
      ""entity_name"": ""API (American Petroleum Institute)"",
      ""jurisdiction"": ""International"",
      ""role"": ""Develops standards for the oil and gas industry, often applied to offshore structures""
    },
    {
      ""entity_name"": ""IEC (International Electrotechnical Commission)"",
      ""jurisdiction"": ""International"",
      ""role"": ""Develops international standards for electrical, electronic, and related technologies""
    }
  ]
}
```"
17,118,True,"```json
{
  ""document_metadata"": {
    ""title"": ""Desi g n Standards for Offshore Wind Farms Final Re p ort"",
    ""document_number"": ""M10PC00105"",
    ""type_of_wind_farm"": ""Offshore""
  },
  ""regulatory_constraints"": [
    {
      ""type"": ""Technical"",
      ""requirement"": ""Static wind load on the tower shall be calculated using an exponential wind shear law."",
      ""scope"": ""Offshore wind turbine towers"",
      ""numerical_value"": null,
      ""unit"": null,
      ""source"": ""Contract M10PC00105"",
      ""related_domains"": ""structural, technical""
    },
    {
      ""type"": ""Technical"",
      ""requirement"": ""A wind shape coefficient of 0.5 shall be applied for cylindrical sections (e.g., towers)."",
      ""scope"": ""Offshore wind turbine towers, cylindrical sections"",
      ""numerical_value"": 0.5,
      ""unit"": null,
      ""source"": ""Contract M10PC00105"",
      ""related_domains"": ""structural, technical""
    },
    {
      ""type"": ""Technical"",
      ""requirement"": ""Compliance with ABS, API, and IEC/ISO standards for utilization ratios."",
      ""scope"": ""Offshore wind turbine support structures (bottom of tower, pile below mudline)"",
      ""numerical_value"": null, 
      ""unit"": null,
      ""source"": ""Contract M10PC00105"",
      ""related_domains"": ""structural, technical, safety""
    }
  ],
  ""regulatory_entities"": []
}
```"
17,119,True,"```json
{
  ""document_metadata"": {
    ""title"": ""Design Standards for Offshore Wind Farms Final Report"",
    ""document_number"": ""M10PC00105"",
    ""type_of_wind_farm"": ""Offshore""
  },
  ""regulatory_constraints"": [
    {
      ""type"": ""Technical"",
      ""requirement"": ""Static wind forces on jacket support structures must be considered in design."",
      ""scope"": ""Offshore wind farms, Jacket support structures"",
      ""numerical_value"": null,
      ""unit"": null,
      ""source"": ""Contract M10PC00105: Design Standards for Offshore Wind Farms Final Report, Tables 2.43 and 2.44"",
      ""related_domains"": ""structural, safety""
    },
    {
      ""type"": ""Technical"",
      ""requirement"": ""Consideration of 100-year and 50-year return periods for wind loading"",
      ""scope"": ""Offshore wind farms, Jacket support structures"",
      ""numerical_value"": null,
      ""unit"": null,
      ""source"": ""Contract M10PC00105: Design Standards for Offshore Wind Farms Final Report, Table 2.43"",
      ""related_domains"": ""structural, safety""
    }


  ],
  ""regulatory_entities"": []
}
```"
17,120,True,"```json
{
  ""document_metadata"": {
    ""title"": ""Design Standards for Offshore Wind Farms Final Report"",
    ""document_number"": ""M10PC00105"",
    ""type_of_wind_farm"": ""Offshore""
  },
  ""regulatory_constraints"": [],
  ""regulatory_entities"": []
}
```

**Explanation:**

The provided document is a technical report presenting case study results for jacket structures in offshore wind farms. It focuses on structural responses like overturning moments and base shear forces under different load cases (varying wave & wind misalignment, yaw error, and return periods).  While it discusses design considerations and presents data related to structural performance, it does *not* explicitly state any regulatory constraints or mention any regulatory entities.  The report showcases analysis based on certain assumptions (e.g., ""the most unfavorable structural responses occur when the peak overturning moment is reached"") but these are engineering assumptions for the analysis, not regulatory requirements.

Therefore, according to the instructions, since no regulatory constraints or entities are mentioned, the JSON output returns null values (represented as empty arrays) for those sections.  The document metadata is extracted based on the available information."
17,121,True,"```json
{
  ""document_metadata"": {
    ""title"": ""Design Standards for Offshore Wind Farms Final Report"",
    ""document_number"": ""M10PC00105"",
    ""type_of_wind_farm"": ""Offshore""
  },
  ""regulatory_constraints"": [
    {
      ""type"": ""Technical"",
      ""requirement"": ""Member utilization check required for all load cases."",
      ""scope"": ""Offshore wind turbine jacket structures"",
      ""numerical_value"": null,
      ""unit"": null,
      ""source"": ""Design Standards for Offshore Wind Farms Final Report"",
      ""related_domains"": ""structural safety, design""
    },
    {
      ""type"": ""Technical"",
      ""requirement"": ""Design must consider 100-year and 50-year return conditions."",
      ""scope"": ""Offshore wind turbine structures"",
      ""numerical_value"": null,
      ""unit"": null,
      ""source"": ""Design Standards for Offshore Wind Farms Final Report"",
      ""related_domains"": ""structural safety, design, risk assessment""
    },
    {
      ""type"": ""Technical"",
      ""requirement"": ""Design must consider normal and abnormal load conditions, including 30-degree yaw misalignment."",
      ""scope"": ""Offshore wind turbine structures"",
      ""numerical_value"": 30,
      ""unit"": ""degrees"",
      ""source"": ""Design Standards for Offshore Wind Farms Final Report"",
      ""related_domains"": ""structural safety, design, turbine operation""
    },
    {
      ""type"": ""Technical"",
      ""requirement"": ""Material yield strength considered is 345 MPa."",
      ""scope"": ""Offshore wind turbine jacket structures"",
      ""numerical_value"": 345,
      ""unit"": ""MPa"",
      ""source"": ""Design Standards for Offshore Wind Farms Final Report"",
      ""related_domains"": ""material science, structural safety""
    },
    {
      ""type"": ""Technical"",
      ""requirement"": ""Utilization ratio calculations should be performed using ABS-WSD, API-WSD, and IEC/ISO approaches."",
      ""scope"": ""Offshore wind turbine structures"",
      ""numerical_value"": null,
      ""unit"": null,
      ""source"": ""Design Standards for Offshore Wind Farms Final Report"",
      ""related_domains"": ""structural safety, design, standards compliance""
    }

  ],
  ""regulatory_entities"": [
    {
      ""entity_name"": ""ABS (American Bureau of Shipping)"",
      ""jurisdiction"": ""International"",
      ""role"": ""Standards development (ABS-WSD)""
    },
    {
      ""entity_name"": ""API (American Petroleum Institute)"",
      ""jurisdiction"": ""International"",
      ""role"": ""Standards development (API-WSD)""
    },
    {
      ""entity_name"": ""IEC/ISO (International Electrotechnical Commission/International Organization for Standardization)"",
      ""jurisdiction"": ""International"",
      ""role"": ""Standards development (IEC/ISO)""
    }
  ]
}
```"
17,122,True,"```json
{
  ""document_metadata"": {
    ""title"": ""Design Standards for Offshore Wind Farms Final Report"",
    ""document_number"": ""M10PC00105"",
    ""type_of_wind_farm"": ""Offshore""
  },
  ""regulatory_constraints"": [
    {
      ""type"": ""Technical"",
      ""requirement"": ""Code check according to ABS standard"",
      ""scope"": ""Jacket Support Structure"",
      ""numerical_value"": null,
      ""unit"": null,
      ""source"": ""ABS"",
      ""related_domains"": ""structural safety, technical design""
    },
    {
      ""type"": ""Technical"",
      ""requirement"": ""Code check according to API standard"",
      ""scope"": ""Jacket Support Structure"",
      ""numerical_value"": null,
      ""unit"": null,
      ""source"": ""API"",
      ""related_domains"": ""structural safety, technical design""
    },
    {
      ""type"": ""Technical"",
      ""requirement"": ""Code check according to IEC 61400-3 (2007) combined with the resistance factors and component strength criteria specified in ISO 19902 (2007)"",
      ""scope"": ""Jacket Support Structure"",
      ""numerical_value"": null,
      ""unit"": null,
      ""source"": ""IEC/ISO"",
      ""related_domains"": ""structural safety, technical design""
    }
  ],
  ""regulatory_entities"": [
    {
      ""entity_name"": ""ABS"",
      ""jurisdiction"": ""International"",
      ""role"": ""Standard setting and certification for marine and offshore structures""
    },
    {
      ""entity_name"": ""API"",
      ""jurisdiction"": ""International"",
      ""role"": ""Standard setting for the oil and gas industry, including offshore structures""
    },
    {
      ""entity_name"": ""IEC"",
      ""jurisdiction"": ""International"",
      ""role"": ""Standard setting for electrical, electronic, and related technologies, including wind turbines (IEC 61400-3)""
    },
    {
      ""entity_name"": ""ISO"",
      ""jurisdiction"": ""International"",
      ""role"": ""Standard setting body, including standards for petroleum and natural gas industries (ISO 19902)""
    }
  ]
}
```"
17,123,True,"```json
{
  ""document_metadata"": {
    ""title"": ""Design Standards for Offshore Wind Farms"",
    ""document_number"": ""M10PC00105"",
    ""type_of_wind_farm"": ""Offshore""
  },
  ""regulatory_constraints"": [
    {
      ""type"": ""Technical"",
      ""requirement"": ""Safety factors must be applied to loads."",
      ""scope"": ""Offshore wind farm jacket structures"",
      ""numerical_value"": 1.5,
      ""unit"": null,
      ""source"": ""ABS"",
      ""related_domains"": ""safety, structural""
    },
    {
      ""type"": ""Technical"",
      ""requirement"": ""Safety factors must be applied to loads."",
      ""scope"": ""Offshore wind farm jacket structures"",
      ""numerical_value"": 1.33,
      ""unit"": null,
      ""source"": ""API"",
      ""related_domains"": ""safety, structural""
    },
    {
      ""type"": ""Technical"",
      ""requirement"": ""Safety factors must be applied to loads."",
      ""scope"": ""Offshore wind farm jacket structures"",
      ""numerical_value"": 1.35,
      ""unit"": null,
      ""source"": ""IEC"",
      ""related_domains"": ""safety, structural""
    }
  ],
  ""regulatory_entities"": [
    {
      ""entity_name"": ""ABS"",
      ""jurisdiction"": ""International"",
      ""role"": ""Standards development organization""
    },
    {
      ""entity_name"": ""API"",
      ""jurisdiction"": ""International"",
      ""role"": ""Standards development organization""
    },
    {
      ""entity_name"": ""IEC"",
      ""jurisdiction"": ""International"",
      ""role"": ""Standards development organization""
    }
  ]
}
```"
17,124,True,"```json
{
  ""document_metadata"": {
    ""title"": ""Utilization Ratio Comparison for Offshore Structure"",
    ""document_number"": null,
    ""type_of_wind_farm"": ""Offshore""
  },
  ""regulatory_constraints"": [
    {
      ""type"": ""Technical"",
      ""requirement"": ""Structures must be designed according to ABS standards."",
      ""scope"": ""Offshore wind farm structures"",
      ""numerical_value"": null,
      ""unit"": null,
      ""source"": ""ABS"",
      ""related_domains"": ""structural, safety""
    },
    {
      ""type"": ""Technical"",
      ""requirement"": ""Structures must be designed according to API standards."",
      ""scope"": ""Offshore wind farm structures"",
      ""numerical_value"": null,
      ""unit"": null,
      ""source"": ""API"",
      ""related_domains"": ""structural, safety""
    },
    {
      ""type"": ""Technical"",
      ""requirement"": ""Structures must be designed according to IEC/ISO standards."",
      ""scope"": ""Offshore wind farm structures"",
      ""numerical_value"": null,
      ""unit"": null,
      ""source"": ""IEC/ISO"",
      ""related_domains"": ""structural, safety""
    },
    {
      ""type"": ""Safety"",
      ""requirement"": ""Apply a safety factor of 1.5 for ABS."",
      ""scope"": ""Offshore wind farm structures"",
      ""numerical_value"": 1.5,
      ""unit"": null,
      ""source"": ""ABS"",
      ""related_domains"": ""safety""
    },
    {
      ""type"": ""Safety"",
      ""requirement"": ""Apply a Allowable Stress Design factor of 1.33 for API."",
      ""scope"": ""Offshore wind farm structures"",
      ""numerical_value"": 1.33,
      ""unit"": null,
      ""source"": ""API"",
      ""related_domains"": ""safety""
    },
    {
      ""type"": ""Safety"",
      ""requirement"": ""Apply a safety factor of 1.35 for IEC."",
      ""scope"": ""Offshore wind farm structures"",
      ""numerical_value"": 1.35,
      ""unit"": null,
      ""source"": ""IEC"",
      ""related_domains"": ""safety""
    }
  ],
  ""regulatory_entities"": [
    {
      ""entity_name"": ""ABS"",
      ""jurisdiction"": ""International"",
      ""role"": ""Standards development and certification for marine and offshore structures""
    },
    {
      ""entity_name"": ""API"",
      ""jurisdiction"": ""International"",
      ""role"": ""Standards development for the oil and gas industry, including offshore structures""
    },
    {
      ""entity_name"": ""IEC/ISO"",
      ""jurisdiction"": ""International"",
      ""role"": ""Standards development for electrotechnical systems and related areas, including offshore wind turbines""
    }
  ]
}
```"
17,125,True,"```json
{
  ""document_metadata"": {
    ""title"": ""Design Standards for Offshore Wind Farms Final Report"",
    ""document_number"": ""M10PC00105"",
    ""type_of_wind_farm"": ""Offshore""
  },
  ""regulatory_constraints"": [
    {
      ""type"": ""Technical"",
      ""requirement"": ""Compliance with ABS standards"",
      ""scope"": ""Offshore wind turbine structures"",
      ""numerical_value"": null,
      ""unit"": null,
      ""source"": ""ABS"",
      ""related_domains"": ""structural safety, design""
    },
    {
      ""type"": ""Technical"",
      ""requirement"": ""Compliance with API standards"",
      ""scope"": ""Offshore wind turbine structures"",
      ""numerical_value"": null,
      ""unit"": null,
      ""source"": ""API"",
      ""related_domains"": ""structural safety, design""
    },
    {
      ""type"": ""Technical"",
      ""requirement"": ""Compliance with IEC / ISO standards"",
      ""scope"": ""Offshore wind turbine structures"",
      ""numerical_value"": null,
      ""unit"": null,
      ""source"": ""IEC/ISO"",
      ""related_domains"": ""structural safety, design""
    }
  ],
  ""regulatory_entities"": [
    {
      ""entity_name"": ""ABS"",
      ""jurisdiction"": ""International"",
      ""role"": ""Standards development and certification for marine and offshore structures""
    },
    {
      ""entity_name"": ""API"",
      ""jurisdiction"": ""International"",
      ""role"": ""Standards development for the oil and gas industry, including offshore structures""
    },
    {
      ""entity_name"": ""IEC/ISO"",
      ""jurisdiction"": ""International"",
      ""role"": ""Standards development for electrotechnical systems and related areas, including wind turbines""
    }
  ]
}
```"
17,126,True,"```json
{
  ""document_metadata"": {
    ""title"": null,
    ""document_number"": null,
    ""type_of_wind_farm"": ""Offshore""
  },
  ""regulatory_constraints"": [
    {
      ""type"": ""Technical"",
      ""requirement"": ""Consideration of 50-year return period for extreme storm conditions as per IEC 61400-3 (2007)."",
      ""scope"": ""Offshore wind turbine support structures"",
      ""numerical_value"": 50,
      ""unit"": ""years"",
      ""source"": ""IEC 61400-3 (2007)"",
      ""related_domains"": ""safety, structural design""
    },
    {
      ""type"": ""Technical"",
      ""requirement"": ""Consideration of 100-year return period for extreme storm conditions, commonly applied to high consequence (L-1) hydrocarbon-related offshore structures."",
      ""scope"": ""Offshore wind turbine support structures"",
      ""numerical_value"": 100,
      ""unit"": ""years"",
      ""source"": ""Common practice for high consequence (L-1) hydrocarbon-related offshore structures"",
      ""related_domains"": ""safety, structural design""
    },
    {
      ""type"": ""Technical"",
      ""requirement"": ""Utilization ratio check according to the ABS WSD approach."",
      ""scope"": ""Offshore wind turbine support structures"",
      ""numerical_value"": null,
      ""unit"": null,
      ""source"": ""ABS WSD"",
      ""related_domains"": ""structural design, safety""
    },
    {
      ""type"": ""Technical"",
      ""requirement"": ""Consideration of turbine normal operating mode with yaw misalignment angle of 8 degrees."",
      ""scope"": ""Offshore wind turbines"",
      ""numerical_value"": 8,
      ""unit"": ""degrees"",
      ""source"": ""Document Section 2.9.2 (inferred)"",
      ""related_domains"": ""turbine operation""
    },
    {
      ""type"": ""Technical"",
      ""requirement"": ""Consideration of turbine abnormal operating mode with yaw misalignment angle of 30 degrees."",
      ""scope"": ""Offshore wind turbines"",
      ""numerical_value"": 30,
      ""unit"": ""degrees"",
      ""source"": ""Document Section 2.9.2 (inferred)"",
      ""related_domains"": ""turbine operation""
    }


  ],
  ""regulatory_entities"": [
    {
      ""entity_name"": ""IEC"",
      ""jurisdiction"": ""International"",
      ""role"": ""Standards development for electrotechnology""
    },
    {
      ""entity_name"": ""ABS"",
      ""jurisdiction"": ""International"",
      ""role"": ""Classification society providing standards for marine and offshore structures""
    }
  ]
}
```"
17,127,True,"```json
{
  ""document_metadata"": {
    ""title"": ""Design Standards for Offshore Wind Farms Final Report"",
    ""document_number"": ""M10PC00105"",
    ""type_of_wind_farm"": ""Offshore""
  },
  ""regulatory_constraints"": [
    {
      ""type"": ""Technical"",
      ""requirement"": ""Consideration of site conditions in Atlantic Region 2 (ATL2) and the GOM West Central region (GOM) for breaking wave slamming analysis."",
      ""scope"": ""Offshore wind farms in ATL2 and GOM West Central regions"",
      ""numerical_value"": null,
      ""unit"": null,
      ""source"": ""Design Standards for Offshore Wind Farms Final Report (M10PC00105)"",
      ""related_domains"": ""structural safety, design""
    },
    {
      ""type"": ""Technical"",
      ""requirement"": ""Evaluation of breaking wave slamming occurrences for 50-year and 100-year return periods for Monopile, Tripod, and Jacket structures."",
      ""scope"": ""Offshore wind farms, various structure types"",
      ""numerical_value"": null,
      ""unit"": null,
      ""source"": ""Design Standards for Offshore Wind Farms Final Report (M10PC00105), Table 2.47"",
      ""related_domains"": ""structural safety, design""
    }
  ],
  ""regulatory_entities"": []
}
```"
17,128,True,"```json
{
  ""document_metadata"": {
    ""title"": ""Design Standards for Offshore Wind Farms Final Report"",
    ""document_number"": ""M10PC00105"",
    ""type_of_wind_farm"": ""Offshore""
  },
  ""regulatory_constraints"": [
    {
      ""type"": ""Technical"",
      ""requirement"": ""Jacket platforms should be designed in accordance with API RP 2A-WSD."",
      ""scope"": ""Gulf of Mexico (GOM)"",
      ""numerical_value"": null,
      ""unit"": null,
      ""source"": ""API RP 2A-WSD"",
      ""related_domains"": ""structural design, safety""
    }
  ],
  ""regulatory_entities"": [
    {
      ""entity_name"": ""American Petroleum Institute (API)"",
      ""jurisdiction"": ""Industry Standard (implied, not explicitly stated)"",
      ""role"": ""Standards development for the oil and gas industry, which is referenced for jacket platform design in the GOM.""
    }
  ]
}
```"
17,129,True,"```json
{
  ""document_metadata"": {
    ""title"": ""Design Standards for Offshore Wind Farms Final Report"",
    ""document_number"": ""M10PC00105"",
    ""type_of_wind_farm"": ""Offshore""
  },
  ""regulatory_constraints"": [
    {
      ""type"": ""Technical"",
      ""requirement"": ""Support structures designed to 50-year return conditions according to IEC 61400-3"",
      ""scope"": ""Offshore wind farms"",
      ""numerical_value"": 50,
      ""unit"": ""years"",
      ""source"": ""IEC 61400-3"",
      ""related_domains"": ""structural safety, design""
    },
    {
      ""type"": ""Safety"",
      ""requirement"": ""Aggregated nominal safety margin for abnormal conditions is approximately 25%"",
      ""scope"": ""Offshore wind farms, abnormal conditions"",
      ""numerical_value"": 25,
      ""unit"": ""%"",
      ""source"": ""IEC 61400-3"",
      ""related_domains"": ""safety, structural integrity""
    }
  ],
  ""regulatory_entities"": [
    {
      ""entity_name"": ""IEC"",
      ""jurisdiction"": ""International"",
      ""role"": ""Standards development organization""
    }
  ]
}
```"
17,130,True,"```json
{
  ""document_metadata"": {
    ""title"": ""Design Standards for Offshore Wind Farms Final Report"",
    ""document_number"": ""M10PC00105"",
    ""type_of_wind_farm"": ""Offshore""
  },
  ""regulatory_constraints"": [
    {
      ""type"": ""Safety"",
      ""requirement"": ""Two different safety factors, 1.5 and 1.25, are applied to the normal turbine operating mode (8 degrees yaw misalignment) and the abnormal turbine operating mode (30 degrees yaw misalignment), respectively."",
      ""scope"": ""Offshore wind farms, ATL2 and GOM regions"",
      ""numerical_value"": ""1.5, 1.25"",
      ""unit"": ""Safety Factor"",
      ""source"": ""ABS Guide (2011)"",
      ""related_domains"": ""safety, technical""
    }
  ],
  ""regulatory_entities"": [
    {
      ""entity_name"": ""ABS"",
      ""jurisdiction"": ""Not specified in document"",
      ""role"": ""Provides design standards and guidelines (e.g., safety factors for turbine operation)""
    }
  ]
}
```"
17,131,True,"```json
{
  ""document_metadata"": {
    ""title"": ""Design Standards for Offshore Wind Farms Final Report"",
    ""document_number"": ""M10PC00105"",
    ""type_of_wind_farm"": ""Offshore""
  },
  ""regulatory_constraints"": [],
  ""regulatory_entities"": []
}
```

**Explanation:**

The provided document is a technical report discussing the impact of yaw misalignment on offshore wind turbine loads. It does *not* explicitly state any regulatory constraints or mention any regulatory entities.  It focuses on engineering analysis and design considerations, not on regulatory requirements.  Therefore, according to the instructions, all fields are populated with null values (represented as empty arrays and empty strings in the JSON structure)."
17,132,True,"```json
{
  ""document_metadata"": {
    ""title"": ""Design Standards for Offshore Wind Farms Final Report"",
    ""document_number"": ""M10PC00105"",
    ""type_of_wind_farm"": ""Offshore""
  },
  ""regulatory_constraints"": [
    {
      ""type"": ""Safety"",
      ""requirement"": ""Working stress design criteria as specified in the ABS Guide (2011) [2.2]"",
      ""scope"": ""Offshore wind turbine support structures (monopile, tripod, jacket)"",
      ""numerical_value"": ""1.5"",
      ""unit"": ""Safety Factor"",
      ""source"": ""ABS Guide (2011) [2.2]"",
      ""related_domains"": ""structural, safety""
    },
    {
      ""type"": ""Safety"",
      ""requirement"": ""Safety factor of 1.25 applied to abnormal turbine operating mode with yaw misalignment of 30 degrees."",
      ""scope"": ""Offshore wind turbine support structures (monopile, tripod, jacket)"",
      ""numerical_value"": ""1.25"",
      ""unit"": ""Safety Factor"",
      ""source"": ""ABS Guide (2011) [2.2]"",
      ""related_domains"": ""structural, safety""
    },
        {
      ""type"": ""Safety"",
      ""requirement"": ""Safety factor of 1.5 applied to normal turbine operating mode with yaw misalignment of 8 degrees."",
      ""scope"": ""Offshore wind turbine support structures (monopile, tripod, jacket)"",
      ""numerical_value"": ""8"",
      ""unit"": ""degrees"",
      ""source"": ""ABS Guide (2011) [2.2]"",
      ""related_domains"": ""structural, safety""
    },
        {
      ""type"": ""Safety"",
      ""requirement"": ""Safety factor of 1.25 applied to the abnormal turbine operating mode with the yaw misalignment of 30 degrees."",
      ""scope"": ""Offshore wind turbine support structures (monopile, tripod, jacket)"",
      ""numerical_value"": ""30"",
      ""unit"": ""degrees"",
      ""source"": ""ABS Guide (2011) [2.2]"",
      ""related_domains"": ""structural, safety""
    }

  ],
  ""regulatory_entities"": [
    {
      ""entity_name"": ""American Bureau of Shipping (ABS)"",
      ""jurisdiction"": ""International"",
      ""role"": ""Standards development and certification for marine and offshore structures""
    }
  ]
}
```"
17,133,True,"```json
{
  ""document_metadata"": {
    ""title"": ""Design Standards for Offshore Wind Farms Final Report"",
    ""document_number"": ""M10PC00105"",
    ""type_of_wind_farm"": ""Offshore""
  },
  ""regulatory_constraints"": [
    {
      ""type"": ""Technical"",
      ""requirement"": ""Existing design guidelines typically require considering the misalignment of wave and wind directions up to ±30 degrees."",
      ""scope"": ""Offshore wind turbine design"",
      ""numerical_value"": ""30"",
      ""unit"": ""degrees"",
      ""source"": ""Existing design guidelines (mentioned in the document)"",
      ""related_domains"": ""structural, safety""
    }
  ],
  ""regulatory_entities"": []
}
```"
17,134,True,"```json
{
  ""document_metadata"": {
    ""title"": ""Design Standards for Offshore Wind Farms Final Report"",
    ""document_number"": ""M10PC00105"",
    ""type_of_wind_farm"": ""Offshore""
  },
  ""regulatory_constraints"": [
    {
      ""type"": ""Technical"",
      ""requirement"": ""Consideration of 50-year and 100-year return mudline shear forces and overturning moments in dynamic nonlinear finite element analysis."",
      ""scope"": ""GOM West Central Region"",
      ""numerical_value"": null,
      ""unit"": null,
      ""source"": ""Contract M10PC00105: Design Standards for Offshore Wind Farms Final Report"",
      ""related_domains"": ""structural, safety""
    },
    {
      ""type"": ""Technical"",
      ""requirement"": ""Analysis of wind-wave misalignment angles of 0, -30, and -90 degrees for mudline shear forces and overturning moments."",
      ""scope"": ""GOM West Central Region"",
      ""numerical_value"": null,
      ""unit"": ""degrees"",
      ""source"": ""Contract M10PC00105: Design Standards for Offshore Wind Farms Final Report"",
      ""related_domains"": ""structural, safety""
    }
  ],
  ""regulatory_entities"": []
}
```"
17,135,True,"```json
{
  ""document_metadata"": {
    ""title"": ""Design Standards for Offshore Wind Farms Final Report"",
    ""document_number"": ""M10PC00105"",
    ""type_of_wind_farm"": ""Offshore""
  },
  ""regulatory_constraints"": [],
  ""regulatory_entities"": []
}
```

**Explanation:**

The provided document excerpt is primarily descriptive and analytical. It discusses design considerations, structural responses, and load comparisons for different offshore wind turbine support structures under various environmental conditions.  It does *not* explicitly state any regulatory requirements or mention any regulatory entities.  Therefore, according to the instructions, all fields are populated with null values (represented as empty arrays and empty strings in the JSON structure).  There are no regulatory constraints or entities to extract."
17,136,True,"```json
{
  ""document_metadata"": {
    ""title"": ""Design Standards for Offshore Wind Farms Final Report"",
    ""document_number"": ""M10PC00105"",
    ""type_of_wind_farm"": ""Offshore""
  },
  ""regulatory_constraints"": [],
  ""regulatory_entities"": []
}
```

**Explanation:**

The provided document excerpt is primarily a technical analysis of structural responses of different offshore wind turbine support structures under various environmental loading conditions. It does *not* contain explicit regulatory constraints or mention any regulatory entities.  It discusses design considerations and compares performance but doesn't state specific requirements that must be met for regulatory compliance.  Therefore, according to the instructions, the JSON output should reflect the absence of regulatory information with null values (represented here as empty arrays and empty strings where applicable)."
17,137,True,"```json
{
  ""document_metadata"": {
    ""title"": ""Design Standards for Offshore Wind Farms Final Report"",
    ""document_number"": ""M10PC00105"",
    ""type_of_wind_farm"": ""Offshore""
  },
  ""regulatory_constraints"": [
    {
      ""type"": ""Technical"",
      ""requirement"": ""Wind models recommended in IEC 61400-1 (2005) are applicable to bottom-founded offshore wind farms in coastal areas."",
      ""scope"": ""Bottom-founded offshore wind farms in coastal areas"",
      ""numerical_value"": null,
      ""unit"": null,
      ""source"": ""IEC 61400-1 (2005)"",
      ""related_domains"": ""Technical, Structural""
    },
    {
      ""type"": ""Technical"",
      ""requirement"": ""API recommended wind model may be used for bottom-founded support structures installed in \""open ocean\""."",
      ""scope"": ""Bottom-founded support structures in open ocean"",
      ""numerical_value"": null,
      ""unit"": null,
      ""source"": ""API"",
      ""related_domains"": ""Technical, Structural""
    },
    {
      ""type"": ""Technical"",
      ""requirement"": ""API recommended wind model is a reasonable choice for floating support structures."",
      ""scope"": ""Floating support structures"",
      ""numerical_value"": null,
      ""unit"": null,
      ""source"": ""API"",
      ""related_domains"": ""Technical, Structural""
    }
  ],
  ""regulatory_entities"": [
    {
      ""entity_name"": ""IEC"",
      ""jurisdiction"": ""International"",
      ""role"": ""Standards Development""
    },
    {
      ""entity_name"": ""API"",
      ""jurisdiction"": ""International"",
      ""role"": ""Standards Development""
    }
  ]
}
```"
17,138,True,"```json
{
  ""document_metadata"": {
    ""title"": ""Design Standards for Offshore Wind Farms Final Report"",
    ""document_number"": ""M10PC00105"",
    ""type_of_wind_farm"": ""Offshore""
  },
  ""regulatory_constraints"": [
    {
      ""type"": ""Spatial"",
      ""requirement"": ""A site located beyond 20 km (12.5 miles) offshore is defined as “at-sea”, where the effect of coastal topology and onshore roughness may be assumed insignificant."",
      ""scope"": ""Offshore wind farms"",
      ""numerical_value"": 20,
      ""unit"": ""km"",
      ""source"": ""Design Standards for Offshore Wind Farms Final Report (M10PC00105)"",
      ""related_domains"": ""spatial planning""
    },
    {
      ""type"": ""Technical"",
      ""requirement"": ""Design criteria for offshore wind turbines in hurricane-prone regions on the US OCS must consider the unique features of offshore wind turbine responses, including the relative importance of aerodynamic and hydrodynamic loads."",
      ""scope"": ""Offshore wind turbines in hurricane-prone regions on the US OCS"",
      ""numerical_value"": null,
      ""unit"": null,
      ""source"": ""Design Standards for Offshore Wind Farms Final Report (M10PC00105)"",
      ""related_domains"": ""structural design, safety""
    },
    {
      ""type"": ""Safety"",
      ""requirement"": ""Turbine control and safety systems must play a significant role in regulating aerodynamic loads by adjusting blade pitch angle and nacelle yaw angle."",
      ""scope"": ""Offshore wind turbines"",
      ""numerical_value"": null,
      ""unit"": null,
      ""source"": ""Design Standards for Offshore Wind Farms Final Report (M10PC00105)"",
      ""related_domains"": ""safety, turbine control""
    }
  ],
  ""regulatory_entities"": []
}
```"
17,139,True,"```json
{
  ""document_metadata"": {
    ""title"": ""Design Standards for Offshore Wind Farms Final Report"",
    ""document_number"": ""M10PC00105"",
    ""type_of_wind_farm"": ""Offshore""
  },
  ""regulatory_constraints"": [
    {
      ""type"": ""Technical"",
      ""requirement"": ""The definition of “Operating” and “Extreme” design criteria in API RP 2A-WSD (2007) using the return period of design environmental conditions is not directly applicable to offshore wind turbines."",
      ""scope"": ""Offshore wind turbines"",
      ""numerical_value"": null,
      ""unit"": null,
      ""source"": ""API RP 2A-WSD (2007)"",
      ""related_domains"": ""design, safety""
    },
    {
      ""type"": ""Technical"",
      ""requirement"": ""It is more appropriate to define the strength criteria based on the turbine operating modes rather than the severity of environmental conditions."",
      ""scope"": ""Offshore wind turbines"",
      ""numerical_value"": null,
      ""unit"": null,
      ""source"": ""Document M10PC00105"",
      ""related_domains"": ""design, safety""
    },
    {
      ""type"": ""Safety"",
      ""requirement"": ""Applying the same design approach valid for offshore oil and gas platforms to offshore wind turbines will not result in the anticipated safety level."",
      ""scope"": ""Offshore wind turbines"",
      ""numerical_value"": null,
      ""unit"": null,
      ""source"": ""Document M10PC00105"",
      ""related_domains"": ""design, safety""
    }
  ],
  ""regulatory_entities"": [
    {
      ""entity_name"": ""API"",
      ""jurisdiction"": ""Industry standard"",
      ""role"": ""Standards development for the oil and gas industry (relevant to offshore structures)""
    }
  ]
}
```"
17,140,True,"```json
{
  ""document_metadata"": {
    ""title"": null,
    ""document_number"": null,
    ""type_of_wind_farm"": ""Offshore""
  },
  ""regulatory_constraints"": [
    {
      ""type"": ""Safety"",
      ""requirement"": ""50-year return site-specific environmental conditions should be used in the design of a medium consequence (L-2) platform."",
      ""scope"": ""Gulf of Mexico, Medium Consequence (L-2) Platforms"",
      ""numerical_value"": 50,
      ""unit"": ""years"",
      ""source"": ""API RP 2A-WSD (2007)"",
      ""related_domains"": ""structural safety, design""
    },
    {
      ""type"": ""Safety"",
      ""requirement"": ""Offshore wind turbine support structure should at least survive a 100-year return hurricane with certain safety margins."",
      ""scope"": ""Hurricane-prone regions"",
      ""numerical_value"": 100,
      ""unit"": ""years"",
      ""source"": ""Implied from comparison with API RP 2A-WSD (2007) and ISO 19902 (2007) in relation to IEC 61400-3"",
      ""related_domains"": ""structural safety, design""
    },
    {
      ""type"": ""Technical"",
      ""requirement"": ""Nominal safety margin implied in the IEC 61400-3 (2009) ultimate strength design criteria for the abnormal condition is approximately 25%."",
      ""scope"": ""Offshore wind turbine support structures"",
      ""numerical_value"": 25,
      ""unit"": ""%"",
      ""source"": ""IEC 61400-3 (2009)"",
      ""related_domains"": ""structural design, safety""
    },
    {
      ""type"": ""Technical"",
      ""requirement"": ""Strength criteria and design load case for extreme storms as specified in IEC 61400-3 (2007/2009)."", 
      ""scope"": ""Offshore wind turbine support structures in hurricane-prone regions on the US OCS"",
      ""numerical_value"": null,
      ""unit"": null,
      ""source"": ""IEC 61400-3 (2007/2009)"",
      ""related_domains"": ""structural design, safety""
    },
    {
      ""type"": ""Technical"",
      ""requirement"": ""Working stress design (WSD) strength criteria from the ABS Guide (2010)."",
      ""scope"": ""Offshore structures"",
      ""numerical_value"": null,
      ""unit"": null,
      ""source"": ""ABS Guide (2010)"",
      ""related_domains"": ""structural design, safety""
    }


  ],
  ""regulatory_entities"": [
    {
      ""entity_name"": ""API"",
      ""jurisdiction"": ""International (Industry Standard)"",
      ""role"": ""Standards development for the oil and gas industry""
    },
    {
      ""entity_name"": ""IEC"",
      ""jurisdiction"": ""International"",
      ""role"": ""Standards development for electrical, electronic, and related technologies""
    },
    {
      ""entity_name"": ""ISO"",
      ""jurisdiction"": ""International"",
      ""role"": ""Standards development""
    },
    {
      ""entity_name"": ""ABS"",
      ""jurisdiction"": ""International (Classification Society)"",
      ""role"": ""Provides standards and certification for marine and offshore structures""
    }
  ]
}
```"
17,141,True,"```json
{
  ""document_metadata"": {
    ""title"": ""Design Standards for Offshore Wind Farms Final Report"",
    ""document_number"": ""M10PC00105"",
    ""type_of_wind_farm"": ""Offshore""
  },
  ""regulatory_constraints"": [
    {
      ""type"": ""Safety"",
      ""requirement"": ""LRFD strength criteria specified in IEC 61400-3 (2009) in conjunction with ISO 19902 (2007)"",
      ""scope"": ""Offshore wind turbine support structures"",
      ""numerical_value"": null,
      ""unit"": null,
      ""source"": ""IEC 61400-3 (2009), ISO 19902 (2007)"",
      ""related_domains"": ""safety, technical""
    },
    {
      ""type"": ""Safety"",
      ""requirement"": ""Increased design requirement for support structures in hurricane-prone US waters due to higher variation and uncertainty of environmental conditions compared to those implied in IEC 61400-3 (2009). This can be achieved by a higher return period in the design load case, a larger safety factor, or both."",
      ""scope"": ""Offshore wind turbine support structures in hurricane-prone US waters"",
      ""numerical_value"": null,
      ""unit"": null,
      ""source"": ""Derived from IEC 61400-3 (2009) with US-specific considerations"",
      ""related_domains"": ""safety, environmental""
    },
    {
      ""type"": ""Safety"",
      ""requirement"": ""Consideration of a 50-year return period for design load cases, potentially with an increased safety factor."",
      ""scope"": ""Offshore wind turbine support structures in hurricane-prone US waters"",
      ""numerical_value"": 50,
      ""unit"": ""years"",
      ""source"": ""Derived from IEC 61400-3 (2009) with US-specific considerations"",
      ""related_domains"": ""safety, environmental""
    },
    {
      ""type"": ""Safety"",
      ""requirement"": ""Potential doubling of the load factor defined in IEC 61400-3 for 100-year return storm survival."",
      ""scope"": ""Offshore wind turbine support structures in hurricane-prone US waters"",
      ""numerical_value"": 100,
      ""unit"": ""years"",
      ""source"": ""Derived from IEC 61400-3 (2009) with US-specific considerations"",
      ""related_domains"": ""safety, environmental""
    }

  ],
  ""regulatory_entities"": [
    {
      ""entity_name"": ""IEC"",
      ""jurisdiction"": ""International"",
      ""role"": ""Standards development""
    },
    {
      ""entity_name"": ""ISO"",
      ""jurisdiction"": ""International"",
      ""role"": ""Standards development""
    }
  ]
}
```"
17,142,True,"```json
{
  ""document_metadata"": {
    ""title"": ""Design Standards for Offshore Wind Farms Final Report"",
    ""document_number"": ""M10PC00105"",
    ""type_of_wind_farm"": ""Offshore""
  },
  ""regulatory_constraints"": [
    {
      ""type"": ""Safety"",
      ""requirement"": ""Load factors specified in IEC 61400-3 (2009) for normal, abnormal, and transportation/installation conditions"",
      ""scope"": ""Offshore wind turbines"",
      ""numerical_value"": null,
      ""unit"": null,
      ""source"": ""IEC 61400-3 (2009)"",
      ""related_domains"": ""safety, technical""
    },
    {
      ""type"": ""Safety"",
      ""requirement"": ""Design for 100-year storm conditions in hurricane-prone regions on the US OCS"",
      ""scope"": ""US OCS (Outer Continental Shelf)"",
      ""numerical_value"": 100,
      ""unit"": ""years"",
      ""source"": ""Study referenced in Section 2.1.4"",
      ""related_domains"": ""safety, environmental""
    },
    {
      ""type"": ""Safety"",
      ""requirement"": ""Use of site-specific 100-year return environmental conditions in design"",
      ""scope"": ""Offshore wind turbines"",
      ""numerical_value"": 100,
      ""unit"": ""years"",
      ""source"": ""Document M10PC00105"",
      ""related_domains"": ""safety, environmental""
    },
    {
      ""type"": ""Technical"",
      ""requirement"": ""Potential refinement of IEC61400-1 Class S to cover changes in return period"",
      ""scope"": ""Offshore wind turbines"",
      ""numerical_value"": null,
      ""unit"": null,
      ""source"": ""Document M10PC00105, referencing potential changes to IEC61400-1 Class S"",
      ""related_domains"": ""technical, safety""
    }
  ],
  ""regulatory_entities"": [
    {
      ""entity_name"": ""IEC"",
      ""jurisdiction"": ""International"",
      ""role"": ""Standards development for electrotechnology""
    }
  ]
}
```"
17,143,True,"```json
{
  ""document_metadata"": {
    ""title"": ""Design Standards for Offshore Wind Farms Final Report"",
    ""document_number"": ""M10PC00105"",
    ""type_of_wind_farm"": ""Offshore""
  },
  ""regulatory_constraints"": [
    {
      ""type"": ""Technical"",
      ""requirement"": ""The return period of site specific design environmental conditions should be 100 years."",
      ""scope"": ""Hurricane-prone regions"",
      ""numerical_value"": 100,
      ""unit"": ""years"",
      ""source"": ""Contract M10PC00105: Design Standards for Offshore Wind Farms Final Report"",
      ""related_domains"": ""safety, structural design""
    },
    {
      ""type"": ""Technical"",
      ""requirement"": ""The difference between the normal and abnormal turbine operating conditions should be taken into account in the strength design criteria."",
      ""scope"": ""Hurricane-prone regions"",
      ""numerical_value"": null,
      ""unit"": null,
      ""source"": ""Contract M10PC00105: Design Standards for Offshore Wind Farms Final Report"",
      ""related_domains"": ""safety, structural design""
    },
    {
      ""type"": ""Technical"",
      ""requirement"": ""LRFD strength criteria, as specified in IEC 61400-3 (2009) in conjunction with ISO 19902 (2007), or the WSD strength criteria, as specified in the ABS Guide (2010), may be applied."",
      ""scope"": ""Hurricane-prone regions"",
      ""numerical_value"": null,
      ""unit"": null,
      ""source"": ""IEC 61400-3 (2009), ISO 19902 (2007), ABS Guide (2010)"",
      ""related_domains"": ""safety, structural design""
    },
    {
      ""type"": ""Technical"",
      ""requirement"": ""Wind models recommended in IEC 61400-1 (2005) should be used to generate the turbulent wind field as the input to aerodynamic load calculations."",
      ""scope"": ""Offshore wind turbines"",
      ""numerical_value"": null,
      ""unit"": null,
      ""source"": ""IEC 61400-1 (2005)"",
      ""related_domains"": ""structural design, safety""
    },
    {
      ""type"": ""Technical"",
      ""requirement"": ""For those offshore wind turbines to be deployed in the open ocean with the minimum effect of coastal topology and onshore roughness, the wind model recommended in API Bulletin 2INT-MET (2007) and API RP 2A-WSD (2007) may be used as an alternative."",
      ""scope"": ""Offshore wind turbines in the open ocean"",
      ""numerical_value"": null,
      ""unit"": null,
      ""source"": ""API Bulletin 2INT-MET (2007), API RP 2A-WSD (2007)"",
      ""related_domains"": ""structural design, safety""
    },
    {
      ""type"": ""Technical"",
      ""requirement"": ""Wind and wave misalignment should be considered within the range between -90 degrees and +90 degrees. Load calculations should be based on the misalignment angle that results in the highest load acting on the support structure."",
      ""scope"": ""Offshore wind turbines"",
      ""numerical_value"": 90,
      ""unit"": ""degrees"",
      ""source"": ""Contract M10PC00105: Design Standards for Offshore Wind Farms Final Report"",
      ""related_domains"": ""structural design, safety""
    },
    {
      ""type"": ""Technical"",
      ""requirement"": ""Both negative and positive storm surge should be considered in the design, particularly for those minimum support structures, such as monopiles and tripods."",
      ""scope"": ""Offshore wind turbines, particularly monopiles and tripods"",
      ""numerical_value"": null,
      ""unit"": null,
      ""source"": ""Contract M10PC00105: Design Standards for Offshore Wind Farms Final Report"",
      ""related_domains"": ""structural design, safety""
    },
        {
      ""type"": ""Technical"",
      ""requirement"": ""The wave theory employed in the design should reflect the effect of water depth."",
      ""scope"": ""Offshore wind turbines"",
      ""numerical_value"": null,
      ""unit"": null,
      ""source"": ""Contract M10PC00105: Design Standards for Offshore Wind Farms Final Report"",
      ""related_domains"": ""structural design, safety""
    }
  ],
  ""regulatory_entities"": [
    {
      ""entity_name"": ""IEC"",
      ""jurisdiction"": ""International"",
      ""role"": ""Standards Development""
    },
    {
      ""entity_name"": ""ISO"",
      ""jurisdiction"": ""International"",
      ""role"": ""Standards Development""
    },
    {
      ""entity_name"": ""ABS"",
      ""jurisdiction"": ""International"",
      ""role"": ""Classification Society, Standards Development""
    },
    {
      ""entity_name"": ""API"",
      ""jurisdiction"": ""International"",
      ""role"": ""Standards Development""
    }

  ]
}
```"
17,144,True,"```json
{
  ""document_metadata"": {
    ""title"": ""Design Standards for Offshore Wind Farms Final Report"",
    ""document_number"": ""M10PC00105"",
    ""type_of_wind_farm"": ""Offshore""
  },
  ""regulatory_constraints"": [
    {
      ""type"": ""Technical"",
      ""requirement"": ""Effect of the nacelle yaw misalignment relative to the incoming wind direction should be adequately considered in the design, particularly for minimum support structures such as monopiles and tripods."",
      ""scope"": ""Offshore wind turbines, specifically monopile and tripod support structures"",
      ""numerical_value"": null,
      ""unit"": null,
      ""source"": ""Design Standards for Offshore Wind Farms Final Report"",
      ""related_domains"": ""structural safety, design""
    },
    {
      ""type"": ""Safety"",
      ""requirement"": ""Yaw misalignment between -180 degrees and +180 degrees in combination with 100-year return site conditions should be considered as one of the abnormal load cases in the design."",
      ""scope"": ""Offshore wind turbines"",
      ""numerical_value"": 180,
      ""unit"": ""degrees"",
      ""source"": ""Design Standards for Offshore Wind Farms Final Report"",
      ""related_domains"": ""structural safety, design, load calculations""
    },
    {
      ""type"": ""Technical"",
      ""requirement"": ""Load calculations should be based on the misalignment angle that results in the highest load acting on the support structure."",
      ""scope"": ""Offshore wind turbines"",
      ""numerical_value"": null,
      ""unit"": null,
      ""source"": ""Design Standards for Offshore Wind Farms Final Report"",
      ""related_domains"": ""structural safety, design, load calculations""
    },
    {
      ""type"": ""Technical"",
      ""requirement"": ""The aerodynamic loads generated by a wind turbine subjected to strong hurricane wind conditions should be determined by using recognized simulation software."",
      ""scope"": ""Offshore wind turbines"",
      ""numerical_value"": null,
      ""unit"": null,
      ""source"": ""Design Standards for Offshore Wind Farms Final Report"",
      ""related_domains"": ""aerodynamics, design, load calculations""
    },
    {
      ""type"": ""Safety"",
      ""requirement"": ""It may not be warranted to rely solely on a back-up power supply with a minimum capacity of 6 hours, as per IEC 61400-3 (2009), to mitigate the effect of yaw misalignment during a hurricane."",
      ""scope"": ""Offshore wind turbines"",
      ""numerical_value"": 6,
      ""unit"": ""hours"",
      ""source"": ""Design Standards for Offshore Wind Farms Final Report, IEC 61400-3 (2009)"",
      ""related_domains"": ""safety, power supply, yaw control""
    }
  ],
  ""regulatory_entities"": [
    {
      ""entity_name"": ""IEC"",
      ""jurisdiction"": ""International"",
      ""role"": ""Standards development (IEC 61400-3)""
    }
  ]
}
```"
17,145,True,"```json
{
  ""document_metadata"": {
    ""title"": ""Recommendations on Breaking Wave Load Calculation for Offshore Wind Turbines"",
    ""document_number"": null,
    ""type_of_wind_farm"": ""Offshore""
  },
  ""regulatory_constraints"": [
    {
      ""type"": ""Technical"",
      ""requirement"": ""Consider breaking waves as the most unfavorable wave slamming scenario in design due to their high free surface water particle velocity."",
      ""scope"": ""Offshore wind turbine design, specifically circular cylinder members (e.g., slender tubular members)"",
      ""numerical_value"": null,
      ""unit"": null,
      ""source"": ""Implied from the document's analysis and recommendations"",
      ""related_domains"": ""Structural safety, design""
    }
  ],
  ""regulatory_entities"": []
}
```"
17,146,True,"```json
{
  ""document_metadata"": {
    ""title"": ""Design Standards for Offshore Wind Farms Final Report"",
    ""document_number"": ""M10PC00105"",
    ""type_of_wind_farm"": ""Offshore""
  },
  ""regulatory_constraints"": [],
  ""regulatory_entities"": []
}
```"
17,147,True,"```json
{
  ""document_metadata"": {
    ""title"": ""Design Standards for Offshore Wind Farms Final Report"",
    ""document_number"": ""M10PC00105"",
    ""type_of_wind_farm"": ""Offshore""
  },
  ""regulatory_constraints"": [],
  ""regulatory_entities"": []
}
```"
17,148,True,"```json
{
  ""document_metadata"": {
    ""title"": ""Design Standards for Offshore Wind Farms Final Report"",
    ""document_number"": ""M10PC00105"",
    ""type_of_wind_farm"": ""Offshore""
  },
  ""regulatory_constraints"": [
    {
      ""type"": ""Technical"",
      ""requirement"": ""The ratio of maximum wave height Hmax to the water depth d, Hmax/d, should be 0.55 for breaking wave criterion based on maximum vertical fluid particle acceleration."",
      ""scope"": ""Offshore wind farms"",
      ""numerical_value"": 0.55,
      ""unit"": ""Dimensionless (ratio)"",
      ""source"": ""Massel (1998) [3.59], Massel (2007) [3.60]"",
      ""related_domains"": ""structural design, safety""
    }
  ],
  ""regulatory_entities"": []
}
```"
17,149,True,"```json
{
  ""document_metadata"": {
    ""title"": ""Design Standards for Offshore Wind Farms Final Report"",
    ""document_number"": ""M10PC00105"",
    ""type_of_wind_farm"": ""Offshore""
  },
  ""regulatory_constraints"": [
    {
      ""type"": ""Technical"",
      ""requirement"": ""Breaking wave type classification based on surf similarity parameter ξo"",
      ""scope"": ""Offshore wind farms"",
      ""numerical_value"": null,
      ""unit"": null,
      ""source"": ""Costal Engineering Manual (2008) [3.89]"",
      ""related_domains"": ""structural design, safety""
    },
    {
      ""type"": ""Technical"",
      ""requirement"": ""Breaking wave type classification based on surf similarity parameter ξb"",
      ""scope"": ""Offshore wind farms"",
      ""numerical_value"": null,
      ""unit"": null,
      ""source"": ""IEC 61400-3 (2009) [3.40]"",
      ""related_domains"": ""structural design, safety""
    },
    {
      ""type"": ""Technical"",
      ""requirement"": ""ξo < 0.5 for spilling breaking waves"",
      ""scope"": ""Offshore wind farms"",
      ""numerical_value"": 0.5,
      ""unit"": null,
      ""source"": ""Costal Engineering Manual (2008) [3.89]"",
      ""related_domains"": ""structural design, safety""
    },
    {
      ""type"": ""Technical"",
      ""requirement"": ""0.5 < ξo < 3.3 for plunging breaking waves"",
      ""scope"": ""Offshore wind farms"",
      ""numerical_value"": [0.5, 3.3],
      ""unit"": null,
      ""source"": ""Costal Engineering Manual (2008) [3.89]"",
      ""related_domains"": ""structural design, safety""
    },
    {
      ""type"": ""Technical"",
      ""requirement"": ""ξo > 3.3 for surging breaking waves"",
      ""scope"": ""Offshore wind farms"",
      ""numerical_value"": 3.3,
      ""unit"": null,
      ""source"": ""Costal Engineering Manual (2008) [3.89]"",
      ""related_domains"": ""structural design, safety""
    },
    {
      ""type"": ""Technical"",
      ""requirement"": ""ξb < 0.4 for spilling breaking waves"",
      ""scope"": ""Offshore wind farms"",
      ""numerical_value"": 0.4,
      ""unit"": null,
      ""source"": ""IEC 61400-3 (2009) [3.40]"",
      ""related_domains"": ""structural design, safety""
    },
    {
      ""type"": ""Technical"",
      ""requirement"": ""0.4 < ξb < 2.0 for plunging breaking waves"",
      ""scope"": ""Offshore wind farms"",
      ""numerical_value"": [0.4, 2.0],
      ""unit"": null,
      ""source"": ""IEC 61400-3 (2009) [3.40]"",
      ""related_domains"": ""structural design, safety""
    },
    {
      ""type"": ""Technical"",
      ""requirement"": ""ξb > 2.0 for surging breaking waves"",
      ""scope"": ""Offshore wind farms"",
      ""numerical_value"": 2.0,
      ""unit"": null,
      ""source"": ""IEC 61400-3 (2009) [3.40]"",
      ""related_domains"": ""structural design, safety""
    }
  ],
  ""regulatory_entities"": [
    {
      ""entity_name"": ""U.S. Army Corps of Engineers"",
      ""jurisdiction"": ""Federal (USA)"",
      ""role"": ""Publishes the Coastal Engineering Manual, providing guidance on coastal engineering design, including aspects relevant to offshore wind farms.""
    },
    {
      ""entity_name"": ""International Electrotechnical Commission (IEC)"",
      ""jurisdiction"": ""International"",
      ""role"": ""Develops and publishes international standards, including IEC 61400-3, which provides specific requirements for the design of offshore wind turbines.""
    }
  ]
}
```"
17,150,True,"```json
{
  ""document_metadata"": {
    ""title"": ""Design Standards for Offshore Wind Farms Final Report"",
    ""document_number"": ""M10PC00105"",
    ""type_of_wind_farm"": ""Offshore""
  },
  ""regulatory_constraints"": [
    {
      ""type"": ""Technical"",
      ""requirement"": ""Consideration of high magnitude wave slamming forces under certain conditions."",
      ""scope"": ""Offshore wind turbine structures"",
      ""numerical_value"": null,
      ""unit"": null,
      ""source"": ""IEC 61400-3, 2009; Costal Engineering Manual, 2008; Hubbell and Kulhawy, 1982; Wienke and Oumeraci, 2005"",
      ""related_domains"": ""structural safety, design""
    },
    {
      ""type"": ""Technical"",
      ""requirement"": ""Hydrodynamic force on a slender cylinder must be calculated considering drag force, inertia force, and wave slamming force."",
      ""scope"": ""Offshore wind turbine structures"",
      ""numerical_value"": null,
      ""unit"": null,
      ""source"": ""Design Standards for Offshore Wind Farms Final Report (M10PC00105)"",
      ""related_domains"": ""structural design, load calculation""
    },
    {
      ""type"": ""Technical"",
      ""requirement"": ""Quasi-static force should be calculated using the Morison equation."",
      ""scope"": ""Offshore wind turbine structures"",
      ""numerical_value"": null,
      ""unit"": null,
      ""source"": ""Morison et al., 1950; Chakrabarti, 1987"",
      ""related_domains"": ""structural design, load calculation""
    },
    {
      ""type"": ""Technical"",
      ""requirement"": ""Slamming force should be described using either von Karman or Wagner approach."",
      ""scope"": ""Offshore wind turbine structures"",
      ""numerical_value"": null,
      ""unit"": null,
      ""source"": ""von Karman, 1929; Wagner, 1932"",
      ""related_domains"": ""structural design, load calculation""
    }
  ],
  ""regulatory_entities"": [
    {
      ""entity_name"": ""IEC"",
      ""jurisdiction"": ""International"",
      ""role"": ""Standards development""
    }
  ]
}
```"
17,151,True,"```json
{
  ""document_metadata"": {
    ""title"": ""Design Standards for Offshore Wind Farms Final Report"",
    ""document_number"": ""M10PC00105"",
    ""type_of_wind_farm"": ""Offshore""
  },
  ""regulatory_constraints"": [
    {
      ""type"": ""Technical"",
      ""requirement"": ""For structures composed of members whose diameters are greater than 20% of the considered wave length or for structural configurations that may substantially alter the incident flow field, diffraction forces and the hydrodynamic interaction among structural members should be taken into account."",
      ""scope"": ""Offshore wind farm structures"",
      ""numerical_value"": 20,
      ""unit"": ""% of wave length"",
      ""source"": ""Design Standards for Offshore Wind Farms Final Report (M10PC00105)"",
      ""related_domains"": ""structural design, hydrodynamic analysis""
    },
    {
      ""type"": ""Technical"",
      ""requirement"": ""Recommended values of inertia and drag coefficients should be referenced from API RP 2A-WSD (2007)."",
      ""scope"": ""US OCS (Outer Continental Shelf)"",
      ""numerical_value"": null,
      ""unit"": null,
      ""source"": ""API RP 2A-WSD (2007) [3.3] referenced in Design Standards for Offshore Wind Farms Final Report (M10PC00105)"",
      ""related_domains"": ""structural design, hydrodynamic analysis""
    },
    {
      ""type"": ""Technical"",
      ""requirement"": ""To calculate wave diffraction effects around a single circular cylinder, the solution provided by MacCamy and Fuchs (1954) or the discussion in IEC 61400-3 (2009) may be used."",
      ""scope"": ""Offshore wind farm structures, single circular cylinders"",
      ""numerical_value"": null,
      ""unit"": null,
      ""source"": ""MacCamy and Fuchs (1954) [3.54], IEC 61400-3 (2009) [3.40] referenced in Design Standards for Offshore Wind Farms Final Report (M10PC00105)"",
      ""related_domains"": ""structural design, hydrodynamic analysis""
    }
  ],
  ""regulatory_entities"": [
    {
      ""entity_name"": ""API"",
      ""jurisdiction"": ""Industry standard (US focus)"",
      ""role"": ""Develops recommended practices and standards, including RP 2A-WSD for offshore structures.""
    },
    {
      ""entity_name"": ""IEC"",
      ""jurisdiction"": ""International"",
      ""role"": ""Develops international standards, including IEC 61400-3 for wind energy generation systems.""
    }
  ]
}
```"
17,152,True,"```json
{
  ""document_metadata"": {
    ""title"": null,
    ""document_number"": null,
    ""type_of_wind_farm"": null 
  },
  ""regulatory_constraints"": [],
  ""regulatory_entities"": []
}
```

**Explanation:**

The provided text excerpt discusses the calculation of wave slamming loads on slender cylinders using the Morison equation and von Karman type slamming load models. It describes different approaches and formulas for these calculations.  It does *not* contain any regulatory requirements or mention any regulatory entities related to wind farm development.  Therefore, all fields are null or empty according to the instructions.  The document is purely technical and descriptive, not regulatory."
17,153,True,"```json
{
  ""document_metadata"": {
    ""title"": ""Design Standards for Offshore Wind Farms Final Report"",
    ""document_number"": ""M10PC00105"",
    ""type_of_wind_farm"": ""Offshore""
  },
  ""regulatory_constraints"": [
    {
      ""type"": ""Technical"",
      ""requirement"": ""Slamming force on cylindrical member due to breaking waves shall be calculated using the formula: *F* *S* ( *t* ) = λη *b* πρ *V* 2 *R*  1 − *VR* *t*  = λη *b* *f* *S*"",
      ""scope"": ""Offshore wind farm structures - Cylindrical members subjected to wave slamming"",
      ""numerical_value"": null,
      ""unit"": null,
      ""source"": ""Contract M10PC00105: Design Standards for Offshore Wind Farms Final Report"",
      ""related_domains"": ""structural, safety""
    },
    {
      ""type"": ""Technical"",
      ""requirement"": ""Slamming force per unit length on a cylindrical member shall be calculated using the formula: *f* *S* = *V* ρπ 2 *dcdt* ( *t* ) = πρ *RV* 2  1 − *VR* *t* "",
      ""scope"": ""Offshore wind farm structures - Cylindrical members subjected to wave slamming"",
      ""numerical_value"": null,
      ""unit"": null,
      ""source"": ""Contract M10PC00105: Design Standards for Offshore Wind Farms Final Report"",
      ""related_domains"": ""structural, safety""
    },
    {
      ""type"": ""Technical"",
      ""requirement"": ""Slamming coefficient Cs shall be considered, with an upper bound of π at the moment the cylinder hits the calm water surface."",
      ""scope"": ""Offshore wind farm structures - Cylindrical members subjected to wave slamming"",
      ""numerical_value"": ""π"",
      ""unit"": ""Unitless"",
      ""source"": ""Contract M10PC00105: Design Standards for Offshore Wind Farms Final Report"",
      ""related_domains"": ""structural, safety""
    }


  ],
  ""regulatory_entities"": []
}
```"
17,154,True,"```json
{
  ""document_metadata"": {
    ""title"": ""Desi g n Standards for Offshore Wind Farms Final Re p ort"",
    ""document_number"": ""M10PC00105"",
    ""type_of_wind_farm"": ""Offshore""
  },
  ""regulatory_constraints"": [],
  ""regulatory_entities"": []
}
```

**Explanation:**

The provided document excerpt discusses slamming load models for offshore structures, likely related to the design of support structures for wind turbines. However, it focuses on *technical calculations and methodologies* for estimating slamming forces, rather than specifying regulatory requirements or standards.  It mentions Wagner's and von Karman's theories, which are engineering principles, not regulations.

Therefore, no regulatory constraints or entities can be extracted from this passage.  The JSON output reflects this absence of regulatory information."
17,155,True,"```json
{
  ""document_metadata"": {
    ""title"": ""Desi g n Standards for Offshore Wind Farms Final Re p ort"",
    ""document_number"": ""M10PC00105"",
    ""type_of_wind_farm"": ""Offshore""
  },
  ""regulatory_constraints"": [],
  ""regulatory_entities"": []
}
```

**Explanation:**

The provided document excerpt focuses on the technical calculations and theoretical background related to slamming forces on offshore structures (likely wind turbine foundations). It does *not* contain any regulatory information, requirements, or mention of regulatory bodies.  Therefore, according to the instructions, all fields are populated with null values (represented as empty arrays and empty strings in the JSON structure)."
17,156,True,"```json
{
  ""document_metadata"": {
    ""title"": ""Desi g n Standards for Offshore Wind Farms Final Re p ort"",
    ""document_number"": ""M10PC00105"",
    ""type_of_wind_farm"": ""Offshore""
  },
  ""regulatory_constraints"": [],
  ""regulatory_entities"": []
}
```

**Explanation:**

The provided document excerpt focuses on the technical calculations and modeling of wave slamming forces on offshore wind turbine structures. It references various research papers (Goda et al. (1966), Wienke (2001), Wienke and Oumeraci (2005)) that discuss methodologies for calculating these forces.  However, the excerpt itself does *not* state any regulatory requirements or mention any regulatory entities. It's a technical discussion, not a regulatory document.  Therefore, according to the instructions, all fields are populated with null values (represented as empty arrays and empty strings in the JSON structure)."
17,157,True,"```json
{
  ""document_metadata"": {
    ""title"": null,
    ""document_number"": null,
    ""type_of_wind_farm"": null 
  },
  ""regulatory_constraints"": [],
  ""regulatory_entities"": []
}
```

**Explanation:**

The provided text discusses different models for calculating slamming forces on structures, likely in a marine environment.  It references research papers and discusses different theoretical approaches. However, it does *not* contain any regulatory constraints or mention any regulatory entities related to wind farm development.  Therefore, all fields are null according to the instructions.  The document is purely technical and descriptive, not regulatory."
17,158,True,"```json
{
  ""document_metadata"": {
    ""title"": ""Design Standards for Offshore Wind Farms Final Report"",
    ""document_number"": ""M10PC00105"",
    ""type_of_wind_farm"": ""Offshore""
  },
  ""regulatory_constraints"": [
    {
      ""type"": ""Technical"",
      ""requirement"": ""Consideration of wave height (H), wave length (L), and water depth (d) for wave shape determination."",
      ""scope"": ""Offshore wind farm design"",
      ""numerical_value"": null,
      ""unit"": null,
      ""source"": ""Design Standards for Offshore Wind Farms Final Report (M10PC00105)"",
      ""related_domains"": ""structural design""
    },
    {
      ""type"": ""Technical"",
      ""requirement"": ""Use of regular wave theories for estimating wave kinematics for design waves."",
      ""scope"": ""Offshore wind farm design"",
      ""numerical_value"": null,
      ""unit"": null,
      ""source"": ""Design Standards for Offshore Wind Farms Final Report (M10PC00105)"",
      ""related_domains"": ""structural design""
    },
    {
      ""type"": ""Technical"",
      ""requirement"": ""Classification of regular wave theories based on H/(gT^2) and d/(gT^2), where H is wave height, d is water depth, and T is the equivalent deep water wave period."",
      ""scope"": ""Offshore wind farm design"",
      ""numerical_value"": null,
      ""unit"": null,
      ""source"": ""Le Mehaute (1969), Dean and Dalrymple (1991), Chakrabarti (1987), API RP 2A-WSD (2007), ISO 19901-1 (2005), IEC 61400-3 (2009)"",
      ""related_domains"": ""structural design""
    }
  ],
  ""regulatory_entities"": [
    {
      ""entity_name"": ""API"",
      ""jurisdiction"": ""International"",
      ""role"": ""Standards development (API RP 2A-WSD)""
    },
    {
      ""entity_name"": ""ISO"",
      ""jurisdiction"": ""International"",
      ""role"": ""Standards development (ISO 19901-1)""
    },
    {
      ""entity_name"": ""IEC"",
      ""jurisdiction"": ""International"",
      ""role"": ""Standards development (IEC 61400-3)""
    }
  ]
}
```"
17,159,True,"```json
{
  ""document_metadata"": {
    ""title"": ""Desi g n Standards for Offshore Wind Farms Final Re p ort"",
    ""document_number"": ""M10PC00105"",
    ""type_of_wind_farm"": ""Offshore""
  },
  ""regulatory_constraints"": [],
  ""regulatory_entities"": []
}
```

**Explanation:**

The provided document discusses wave modeling techniques relevant to offshore structures, likely in the context of designing foundations or other components.  It describes different theoretical and numerical approaches for calculating wave characteristics (Stokes theory, stream function theory, etc.).  However, it does *not* contain any regulatory requirements or mention any regulatory bodies.  It's a technical document explaining engineering principles, not a regulatory document. Therefore, all fields related to regulatory constraints and entities are null or empty.  The document metadata is filled based on the available information."
17,160,True,"```json
{
  ""document_metadata"": {
    ""title"": ""Desi g n Standards for Offshore Wind Farms Final Re p ort"",
    ""document_number"": ""M10PC00105"",
    ""type_of_wind_farm"": ""Offshore""
  },
  ""regulatory_constraints"": [],
  ""regulatory_entities"": []
}
```

**Explanation:**

The provided text discusses wave modeling theories (Stokes expansion, stream function theory, Boussinesq-like models) relevant to fluid dynamics and wave behavior in shallow water. It does *not* contain any regulatory constraints or mention any regulatory entities related to offshore wind farm development.  Therefore, according to the instructions, all fields are populated with null values (represented as empty arrays or empty strings where appropriate)."
17,161,True,"```json
{
  ""document_metadata"": {
    ""title"": ""Desi g n Standards for Offshore Wind Farms Final Re p ort"",
    ""document_number"": ""M10PC00105"",
    ""type_of_wind_farm"": ""Offshore""
  },
  ""regulatory_constraints"": [],
  ""regulatory_entities"": []
}
```

**Explanation:**

The provided document excerpt discusses numerical methods for estimating wave loads on structures, focusing on technical aspects of wave modeling and load calculations. It does *not* contain any regulatory constraints or mention any regulatory entities related to offshore wind farm development.  Therefore, according to the instructions, all fields are populated with null values (represented as empty arrays and empty strings where applicable)."
17,162,True,"```json
{
  ""document_metadata"": {
    ""title"": null,
    ""document_number"": null,
    ""type_of_wind_farm"": ""Offshore""
  },
  ""regulatory_constraints"": [],
  ""regulatory_entities"": []
}
```"
17,163,True,"```json
{
  ""document_metadata"": {
    ""title"": ""Design Standards for Offshore Wind Farms Final Report"",
    ""document_number"": ""M10PC00105"",
    ""type_of_wind_farm"": ""Offshore""
  },
  ""regulatory_constraints"": [],
  ""regulatory_entities"": []
}
```"
17,164,True,"```json
{
  ""document_metadata"": {
    ""title"": ""Design Standards for Offshore Wind Farms Final Report"",
    ""document_number"": ""M10PC00105"",
    ""type_of_wind_farm"": ""Offshore""
  },
  ""regulatory_constraints"": [],
  ""regulatory_entities"": []
}
```"
17,165,True,"```json
{
  ""document_metadata"": {
    ""title"": ""Desi g n Standards for Offshore Wind Farms Final Re p ort"",
    ""document_number"": ""M10PC00105"",
    ""type_of_wind_farm"": ""Offshore""
  },
  ""regulatory_constraints"": [],
  ""regulatory_entities"": []
}
```

**Explanation:**

The provided document excerpt discusses numerical methods for simulating fluid-structure interactions, specifically focusing on water slamming and its impact on structures. It does *not* contain any regulatory constraints or mention any regulatory entities related to offshore wind farm development.  The content is purely technical and descriptive of simulation approaches. Therefore, according to the instructions, all fields are populated with null values (represented as empty arrays and empty strings where appropriate)."
17,166,True,"```json
{
  ""document_metadata"": {
    ""title"": null,
    ""document_number"": null,
    ""type_of_wind_farm"": null
  },
  ""regulatory_constraints"": [],
  ""regulatory_entities"": []
}
```

**Explanation:**

The provided document discusses a numerical method for simulating fluid-structure interaction, specifically related to water slamming on structures. It does not contain any information related to regulations, regulatory entities, or constraints relevant to offshore wind farm planning, construction, or operation.  Therefore, all fields are null as per the instructions."
17,167,True,"```json
{
  ""document_metadata"": {
    ""title"": ""Design Standards for Offshore Wind Farms Final Report"",
    ""document_number"": ""M10PC00105"",
    ""type_of_wind_farm"": ""Offshore""
  },
  ""regulatory_constraints"": [],
  ""regulatory_entities"": []
}
```

**Explanation:**

The provided document focuses on the technical aspects of modeling and simulating the structural response of blunt elastic structures entering water, likely in the context of offshore wind turbine installation or impact analysis.  It does *not* contain any regulatory information, requirements, or mention of regulatory entities.  Therefore, all fields are null or empty according to the instructions.  The document describes a computational method, not regulations or standards related to offshore wind farm development."
17,168,True,"```json
{
  ""document_metadata"": {
    ""title"": ""Design Standards for Offshore Wind Farms Final Report"",
    ""document_number"": ""M10PC00105"",
    ""type_of_wind_farm"": ""Offshore""
  },
  ""regulatory_constraints"": [
    {
      ""type"": ""Technical"",
      ""requirement"": ""Consideration of limitations caused by grid resolution in the vicinity of the structure for Boussinesq wave-structure interactions."",
      ""scope"": ""Offshore wind turbines, specifically regarding wave-structure interactions and Boussinesq numerical modeling."",
      ""numerical_value"": null,
      ""unit"": null,
      ""source"": ""Design Standards for Offshore Wind Farms Final Report (M10PC00105)"",
      ""related_domains"": ""Technical, Modeling, Structural""
    }
  ],
  ""regulatory_entities"": [
    {
      ""entity_name"": ""IEC"",
      ""jurisdiction"": ""International"",
      ""role"": ""Standards Development Organization (suggested approach documented in IEC 61400-3 (2009))""
    }
  ]
}
```"
17,169,True,"```json
{
  ""document_metadata"": {
    ""title"": null,
    ""document_number"": null,
    ""type_of_wind_farm"": null
  },
  ""regulatory_constraints"": [],
  ""regulatory_entities"": []
}
```

**Explanation:**

The provided document discusses numerical methods for simulating wave-structure interactions, specifically focusing on Boussinesq-type equations and their application to circular cylinders. It does *not* contain any information related to regulatory entities or regulatory constraints relevant to offshore wind farm planning, construction, or operation.  Therefore, all fields are null as per the instructions.  The document is purely technical and descriptive, not regulatory."
17,170,True,"```json
{
  ""document_metadata"": {
    ""title"": ""Design Standards for Offshore Wind Farms Final Report"",
    ""document_number"": ""M10PC00105"",
    ""type_of_wind_farm"": ""Offshore""
  },
  ""regulatory_constraints"": [],
  ""regulatory_entities"": []
}
```"
17,171,True,"```json
{
  ""document_metadata"": {
    ""title"": ""Desi g n Standards for Offshore Wind Farms Final Re p ort"",
    ""document_number"": ""M10PC00105"",
    ""type_of_wind_farm"": ""Offshore""
  },
  ""regulatory_constraints"": [],
  ""regulatory_entities"": []
}
```"
17,172,True,"```json
{
  ""document_metadata"": {
    ""title"": null,
    ""document_number"": null,
    ""type_of_wind_farm"": null 
  },
  ""regulatory_constraints"": [],
  ""regulatory_entities"": []
}
```

**Explanation:**

The provided text discusses numerical modeling and experimental methods for estimating forces on structures like cylinders due to wave action. It does *not* contain any information related to regulatory entities or regulatory constraints specific to offshore wind farm planning, construction, or operation.  Therefore, all fields are null or empty as per the instructions.  The document focuses on technical and scientific aspects, not regulatory ones."
17,173,True,"```json
{
  ""document_metadata"": {
    ""title"": ""Design Standards for Offshore Wind Farms"",
    ""document_number"": ""M10PC00105"",
    ""type_of_wind_farm"": ""Offshore""
  },
  ""regulatory_constraints"": [],
  ""regulatory_entities"": []
}
```

**Explanation:**

The provided document excerpt focuses on technical calculations and modeling related to wave slamming loads on offshore wind turbine structures. It describes methodologies for estimating forces and pressures, referencing Wagner's slamming load model and the Morison equation.  It does *not* contain any regulatory requirements or mention any regulatory entities.  Therefore, according to the instructions, the JSON output should have null values for the `regulatory_constraints` and `regulatory_entities` arrays."
17,174,True,"```json
{
  ""document_metadata"": {
    ""title"": ""Design Standards for Offshore Wind Farms Final Report"",
    ""document_number"": ""M10PC00105"",
    ""type_of_wind_farm"": ""Offshore""
  },
  ""regulatory_constraints"": [],
  ""regulatory_entities"": []
}
```

**Explanation:**

The provided document excerpt discusses the theoretical and experimental analysis of slamming pressure on cylindrical structures, likely relevant to the design of offshore wind turbine foundations. However, it does *not* contain any explicit regulatory constraints or mention any regulatory entities.  The text focuses on comparing theoretical models with experimental data from Campbell and Weynberg (1980) and Chaplin et al. (1992). These are research references, not regulatory bodies.  While the information is technically relevant to offshore wind farm design, it doesn't represent enforceable rules or standards. Therefore, the JSON output reflects the absence of regulatory information in the provided text."
17,175,True,"```json
{
  ""document_metadata"": {
    ""title"": ""Design Standards for Offshore Wind Farms Final Report"",
    ""document_number"": ""M10PC00105"",
    ""type_of_wind_farm"": ""Offshore""
  },
  ""regulatory_constraints"": [],
  ""regulatory_entities"": []
}
```

**Explanation:**

The provided text excerpt discusses experimental results related to wave impact pressures on cylindrical structures, likely in the context of offshore structure design.  It does *not* contain any regulatory constraints or mention any regulatory entities.  The information is purely technical and descriptive of research findings. Therefore, according to the instructions, all fields are populated with null values (represented as empty arrays and empty strings in the JSON structure)."
17,176,True,"```json
{
  ""document_metadata"": {
    ""title"": null,
    ""document_number"": null,
    ""type_of_wind_farm"": ""Offshore"" 
  },
  ""regulatory_constraints"": [],
  ""regulatory_entities"": []
}
```

**Explanation:**

The provided document describes research on wave slamming forces on offshore structures like cylinders and platforms. It presents experimental data and analysis of wave-structure interactions.  It does *not* contain any regulatory constraints or mention any regulatory entities related to offshore wind farm development.  Therefore, all fields are null or empty according to the instructions."
17,177,True,"```json
{
  ""document_metadata"": {
    ""title"": ""Design Standards for Offshore Wind Farms Final Report"",
    ""document_number"": ""M10PC00105"",
    ""type_of_wind_farm"": ""Offshore""
  },
  ""regulatory_constraints"": [],
  ""regulatory_entities"": []
}
```

**Explanation:**

The provided document is a technical report discussing slamming pressures on offshore structures, likely in the context of research related to offshore wind farm design.  It describes experimental methodologies and results related to wave loading on different types of structures (semisubmersible, TLP, gravity-based).  However, it does *not* contain any explicit regulatory constraints or mention any regulatory entities.  It focuses on technical analysis and data, not on regulatory requirements.  Therefore, the JSON output reflects the absence of regulatory information in the document."
17,178,True,"```json
{
  ""document_metadata"": {
    ""title"": ""Desi g n Standards for Offshore Wind Farms Final Re p ort"",
    ""document_number"": ""M10PC00105"",
    ""type_of_wind_farm"": ""Offshore""
  },
  ""regulatory_constraints"": [],
  ""regulatory_entities"": []
}
```

**Explanation:**

The provided document describes a study on wave loads on fixed offshore wind turbine foundations. It discusses experimental methodologies, pressure measurements, and the sensitivity of results to the column position relative to the breaking wave.  While it provides valuable technical information for design considerations, it does *not* explicitly state any regulatory constraints or mention any regulatory entities.  The document focuses on research findings related to structural loading, not on regulatory requirements. Therefore, according to the instructions, the JSON output reflects the absence of regulatory information with null values for the relevant fields."
17,179,True,"```json
{
  ""document_metadata"": {
    ""title"": null,
    ""document_number"": null,
    ""type_of_wind_farm"": null 
  },
  ""regulatory_constraints"": [],
  ""regulatory_entities"": []
}
```

**Explanation:**

The provided document discusses the technical aspects of wave slamming forces on offshore structures, likely related to the design and analysis of offshore wind turbine foundations.  It does *not* contain any regulatory information, requirements, or mention of regulatory bodies.  Therefore, all fields are null or empty arrays, as per the instructions.  The document focuses on engineering principles and experimental observations, not regulatory frameworks."
17,180,True,"```json
{
  ""document_metadata"": {
    ""title"": ""Design Standards for Offshore Wind Farms Final Report"",
    ""document_number"": ""M10PC00105"",
    ""type_of_wind_farm"": ""Offshore""
  },
  ""regulatory_constraints"": [],
  ""regulatory_entities"": []
}
```

**Explanation:**

The provided document is a technical report discussing design considerations for offshore wind farms, specifically focusing on wave load impacts on cylindrical structures. It presents research findings and experimental data related to wave-structure interaction.  It does *not* contain any regulatory requirements or mention any regulatory entities.  Therefore, according to the instructions, all fields are populated with null values (represented as empty arrays and empty strings in the JSON structure)."
17,181,True,"```json
{
  ""document_metadata"": {
    ""title"": ""Design Standards for Offshore Wind Farms Final Report"",
    ""document_number"": ""M10PC00105"",
    ""type_of_wind_farm"": ""Offshore""
  },
  ""regulatory_constraints"": [
    {
      ""type"": ""Technical"",
      ""requirement"": ""The pressure averaged over a larger area and with a longer duration should be taken into account for design."",
      ""scope"": ""Offshore wind farm structures subjected to wave slamming"",
      ""numerical_value"": null,
      ""unit"": null,
      ""source"": ""Design Standards for Offshore Wind Farms Final Report (M10PC00105)"",
      ""related_domains"": ""structural safety, design""
    },
    {
      ""type"": ""Technical"",
      ""requirement"": ""Spatially averaged peak pressures for design considerations should be up to around 2 MPa – 3 MPa."",
      ""scope"": ""Offshore wind farm structures subjected to wave slamming"",
      ""numerical_value"": ""2-3"",
      ""unit"": ""MPa"",
      ""source"": ""Design Standards for Offshore Wind Farms Final Report (M10PC00105)"",
      ""related_domains"": ""structural safety, design""
    }
  ],
  ""regulatory_entities"": []
}
```"
17,182,True,"```json
{
  ""document_metadata"": {
    ""title"": null,
    ""document_number"": null,
    ""type_of_wind_farm"": null 
  },
  ""regulatory_constraints"": [
    {
      ""type"": ""Technical"",
      ""requirement"": ""In breaking waves, the water particle velocity V at free surface is often assumed to be equal to the wave celerity uc."",
      ""scope"": ""Offshore wind farm design (specifically related to breaking wave analysis)"",
      ""numerical_value"": null,
      ""unit"": null,
      ""source"": ""Common practice based on reported velocity measurements (Chaplin et al., 1992 [3.16], Wienke (2001) [3.99], Irschik et al., (2002) [3.45], Wienke and Oumeraci (2005) [3.98])"",
      ""related_domains"": ""Structural safety, hydrodynamic loading""
    },
    {
      ""type"": ""Technical"",
      ""requirement"": ""V = 1.2 * uc is taken for undisturbed waves and the breaking wave height are defined as the most probable highest values for a given return period."",
      ""scope"": ""Offshore wind farm design (specifically related to breaking wave analysis)"",
      ""numerical_value"": 1.2,
      ""unit"": null,  
      ""source"": ""DNV recommendation (2010a) [3.24]"",
      ""related_domains"": ""Structural safety, hydrodynamic loading""
    }
  ],
  ""regulatory_entities"": [
    {
      ""entity_name"": ""DNV"",
      ""jurisdiction"": ""International (classification society providing technical standards and recommendations)"",
      ""role"": ""Provides recommendations and standards for offshore structures, including wind turbines.""
    }
  ]
}
```"
17,183,True,"```json
{
  ""document_metadata"": {
    ""title"": ""Design Standards for Offshore Wind Farms Final Report"",
    ""document_number"": ""M10PC00105"",
    ""type_of_wind_farm"": ""Offshore""
  },
  ""regulatory_constraints"": [
    {
      ""type"": ""Technical"",
      ""requirement"": ""Slamming force per unit length calculation: *f* *S* = ρ *C* *s* *RV²"",
      ""scope"": ""Vertical circular cylinders subjected to plunging breaking wave slamming"",
      ""numerical_value"": null,
      ""unit"": null,
      ""source"": ""Equation (3.21) from the document"",
      ""related_domains"": ""structural design, safety""
    },
    {
      ""type"": ""Technical"",
      ""requirement"": ""Local slamming pressure calculation: *p* *S* ( *x* ) = 2 ρ *C* *s*, *Local* *V²"",
      ""scope"": ""Vertical circular cylinders subjected to plunging breaking wave slamming"",
      ""numerical_value"": null,
      ""unit"": null,
      ""source"": ""Equation (3.22) from the document"",
      ""related_domains"": ""structural design, safety""
    },
    {
      ""type"": ""Technical"",
      ""requirement"": ""A factor of 1.0 or higher should be applied to the wave celerity to define the maximum water particle velocity in a breaking wave when considering plunging breaking wave slamming on vertical circular cylinders."",
      ""scope"": ""Vertical circular cylinders subjected to plunging breaking wave slamming"",
      ""numerical_value"": 1.0,
      ""unit"": null,  
      ""source"": ""Literature review carried out in the report"",
      ""related_domains"": ""structural design, safety""
    }
  ],
  ""regulatory_entities"": [
    {
      ""entity_name"": ""ABS (American Bureau of Shipping)"",
      ""jurisdiction"": ""International (classification society)"",
      ""role"": ""Defines standards for calculating wave slamming (impact) pressure on stiffened flat plates and slender tubular members.""
    }
  ]
}
```"
17,184,True,"```json
{
  ""document_metadata"": {
    ""title"": ""Desi g n Standards for Offshore Wind Farms Final Re p ort"",
    ""document_number"": ""M10PC00105"",
    ""type_of_wind_farm"": ""Offshore""
  },
  ""regulatory_constraints"": [
    {
      ""type"": ""Technical"",
      ""requirement"": ""Slamming local pressure is required to be applied on the width of slender tubular members (2*R), from the still water level to the maximum wave crest height of the design sea state."",
      ""scope"": ""Slender tubular members of offshore wind farms"",
      ""numerical_value"": null,
      ""unit"": null,
      ""source"": ""ABS (2010a) [3.1]"",
      ""related_domains"": ""Structural safety, design""
    },
    {
      ""type"": ""Technical"",
      ""requirement"": ""Slamming pressure for slender tubular members calculated according to Equation (3.21) and (3.22), leading to a slamming coefficient Cs = Cs,Local = π."",
      ""scope"": ""Slender tubular members of offshore wind farms"",
      ""numerical_value"": 3.14159,
      ""unit"": null,
      ""source"": ""ABS (2010a) [3.1] reformatted"",
      ""related_domains"": ""Structural safety, design""
    },
    {
      ""type"": ""Technical"",
      ""requirement"": ""Slamming force per unit length (or height) on a slender tubular member calculated using Equation (3.21) with a slamming coefficient between Cs = 0.5π – 1.7π, depending on rise time and natural frequency."",
      ""scope"": ""Slender tubular members of offshore wind farms"",
      ""numerical_value"": null,
      ""unit"": null,
      ""source"": ""API RP 2A-WSD (2007) [3.3] and ISO 19902 (2007) [3.42]"",
      ""related_domains"": ""Structural safety, design""
    },
    {
      ""type"": ""Technical"",
      ""requirement"": ""Slamming force per unit height for vertical slender cylinders is given by Equation (3.21) with a slamming coefficient up to 5.15."",
      ""scope"": ""Vertical slender cylinders of offshore wind farms"",
      ""numerical_value"": 5.15,
      ""unit"": null,
      ""source"": ""DNV (2010a,b) [3.24] [3.25]"",
      ""related_domains"": ""Structural safety, design""
    },
    {
      ""type"": ""Technical"",
      ""requirement"": ""Free-surface particle velocity of breaking waves is defined as 1.2 times the celerity uc of the most probable highest breaking wave with a given return period."",
      ""scope"": ""Offshore wind farms"",
      ""numerical_value"": 1.2,
      ""unit"": null,
      ""source"": ""DNV (2010a,b) [3.24] [3.25]"",
      ""related_domains"": ""Structural safety, design, wave loading""
    },
    {
      ""type"": ""Technical"",
      ""requirement"": ""The most probable highest breaking wave height is taken as 1.4 times the most probable significant wave height with the same return period."",
      ""scope"": ""Offshore wind farms"",
      ""numerical_value"": 1.4,
      ""unit"": null,
      ""source"": ""DNV (2010a,b) [3.24] [3.25]"",
      ""related_domains"": ""Structural safety, design, wave loading""
    }

  ],
  ""regulatory_entities"": [
    {
      ""entity_name"": ""ABS"",
      ""jurisdiction"": ""International"",
      ""role"": ""Standards development organization""
    },
    {
      ""entity_name"": ""API"",
      ""jurisdiction"": ""International"",
      ""role"": ""Standards development organization""
    },
    {
      ""entity_name"": ""ISO"",
      ""jurisdiction"": ""International"",
      ""role"": ""Standards development organization""
    },
    {
      ""entity_name"": ""DNV"",
      ""jurisdiction"": ""International"",
      ""role"": ""Classification society and standards development organization""
    }
  ]
}
```"
17,185,True,"```json
{
  ""document_metadata"": {
    ""title"": ""Design Standards for Offshore Wind Farms Final Report"",
    ""document_number"": ""M10PC00105"",
    ""type_of_wind_farm"": ""Offshore""
  },
  ""regulatory_constraints"": [
    {
      ""type"": ""Technical"",
      ""requirement"": ""Consider shallow water in slamming load models."",
      ""scope"": ""Offshore wind turbine monopile foundations"",
      ""numerical_value"": null,
      ""unit"": null,
      ""source"": ""GL (2005) [3.35], IEC 61400-3 (2009) [3.40], ISO 21650 (2007) [3.43]"",
      ""related_domains"": ""structural safety, design""
    },
    {
      ""type"": ""Technical"",
      ""requirement"": ""Consider wave slamming for the design of horizontal members in complex offshore wind turbine support structures (e.g., jackets)."",
      ""scope"": ""Offshore wind turbine jacket structures"",
      ""numerical_value"": null,
      ""unit"": null,
      ""source"": ""General design guidance"",
      ""related_domains"": ""structural safety, design""
    },
    {
      ""type"": ""Technical"",
      ""requirement"": ""Guidelines in API RP 2A-WSD (2007) [3.3] and ISO 19902 (2007) [3.42] can be used for the local design of horizontal members."",
      ""scope"": ""Horizontal members of offshore wind turbine support structures, similar to oil and gas platforms"",
      ""numerical_value"": null,
      ""unit"": null,
      ""source"": ""API RP 2A-WSD (2007) [3.3], ISO 19902 (2007) [3.42]"",
      ""related_domains"": ""structural safety, design""
    },
    {
      ""type"": ""Technical"",
      ""requirement"": ""Consider slamming force as Morison type drag loads."",
      ""scope"": ""Offshore wind turbine structures"",
      ""numerical_value"": null,
      ""unit"": null,
      ""source"": ""NORSOK N-003 (2007) [3.65]"",
      ""related_domains"": ""structural safety, design""
    },
    {
      ""type"": ""Technical"",
      ""requirement"": ""Use a minimum drag coefficient of 3 and a dynamic amplification factor of at least 2, unless dynamic response analysis justifies a smaller dynamic amplification effect."",
      ""scope"": ""Offshore wind turbine structures subject to slamming loads"",
      ""numerical_value"": 3,
      ""unit"": ""unitless (drag coefficient)"",
      ""source"": ""NORSOK N-003 (2007) [3.65]"",
      ""related_domains"": ""structural safety, design""
    },
    {
      ""type"": ""Technical"",
      ""requirement"": ""If the time history of wave slamming is important, consider the approach developed by Kaplan (1992) [3.47]."",
      ""scope"": ""Horizontal circular cylinders of offshore wind turbine structures"",
      ""numerical_value"": null,
      ""unit"": null,
      ""source"": ""Kaplan (1992) [3.47]"",
      ""related_domains"": ""structural safety, design, analysis""
    }
  ],
  ""regulatory_entities"": [
    {
      ""entity_name"": ""GL"",
      ""jurisdiction"": ""International"",
      ""role"": ""Standards development""
    },
    {
      ""entity_name"": ""IEC"",
      ""jurisdiction"": ""International"",
      ""role"": ""Standards development""
    },
    {
      ""entity_name"": ""ISO"",
      ""jurisdiction"": ""International"",
      ""role"": ""Standards development""
    },
    {
      ""entity_name"": ""API"",
      ""jurisdiction"": ""International"",
      ""role"": ""Standards development""
    },
    {
      ""entity_name"": ""NORSOK"",
      ""jurisdiction"": ""International"",
      ""role"": ""Standards development""
    }

  ]
}
```"
17,186,True,"```json
{
  ""document_metadata"": {
    ""title"": ""Design Standards for Offshore Wind Farms Final Report"",
    ""document_number"": ""M10PC00105"",
    ""type_of_wind_farm"": ""Offshore""
  },
  ""regulatory_constraints"": [
    {
      ""type"": ""Technical"",
      ""requirement"": ""Slamming Load Model according to IEC 61400-3 (2009)"",
      ""scope"": ""Offshore wind turbine structures"",
      ""numerical_value"": null,
      ""unit"": null,
      ""source"": ""IEC 61400-3 (2009)"",
      ""related_domains"": ""structural safety, design""
    },
    {
      ""type"": ""Technical"",
      ""requirement"": ""Slamming Load Model according to ISO 21650 (2007)"",
      ""scope"": ""Offshore wind turbine structures"",
      ""numerical_value"": null,
      ""unit"": null,
      ""source"": ""ISO 21650 (2007)"",
      ""related_domains"": ""structural safety, design""
    },
    {
      ""type"": ""Technical"",
      ""requirement"": ""Slamming Load Model according to GL (2005)"",
      ""scope"": ""Offshore wind turbine structures"",
      ""numerical_value"": null,
      ""unit"": null,
      ""source"": ""GL (2005)"",
      ""related_domains"": ""structural safety, design""
    },
    {
      ""type"": ""Technical"",
      ""requirement"": ""Slamming Load Model according to ABS (2010b)"",
      ""scope"": ""Offshore wind turbine structures"",
      ""numerical_value"": null,
      ""unit"": null,
      ""source"": ""ABS (2010b)"",
      ""related_domains"": ""structural safety, design""
    },
    {
      ""type"": ""Technical"",
      ""requirement"": ""Slamming Load Model according to DNV (2010a,b)"",
      ""scope"": ""Offshore wind turbine structures"",
      ""numerical_value"": null,
      ""unit"": null,
      ""source"": ""DNV (2010a,b)"",
      ""related_domains"": ""structural safety, design""
    },
    {
      ""type"": ""Technical"",
      ""requirement"": ""Slamming Load Model according to ABS (2010a)"",
      ""scope"": ""Offshore wind turbine structures"",
      ""numerical_value"": null,
      ""unit"": null,
      ""source"": ""ABS (2010a)"",
      ""related_domains"": ""structural safety, design""
    },
    {
      ""type"": ""Technical"",
      ""requirement"": ""Slamming Load Model according to API RP 2A-WSD (2007)"",
      ""scope"": ""Offshore wind turbine structures"",
      ""numerical_value"": null,
      ""unit"": null,
      ""source"": ""API RP 2A-WSD (2007)"",
      ""related_domains"": ""structural safety, design""
    },
    {
      ""type"": ""Technical"",
      ""requirement"": ""Slamming Load Model according to ISO 19902 (2007)"",
      ""scope"": ""Offshore wind turbine structures"",
      ""numerical_value"": null,
      ""unit"": null,
      ""source"": ""ISO 19902 (2007)"",
      ""related_domains"": ""structural safety, design""
    }
  ],
  ""regulatory_entities"": [
    {
      ""entity_name"": ""IEC"",
      ""jurisdiction"": ""International"",
      ""role"": ""Standards Development""
    },
    {
      ""entity_name"": ""ISO"",
      ""jurisdiction"": ""International"",
      ""role"": ""Standards Development""
    },
    {
      ""entity_name"": ""GL"",
      ""jurisdiction"": ""International"",  
      ""role"": ""Classification Society, Standards Development""
    },
    {
      ""entity_name"": ""ABS"",
      ""jurisdiction"": ""International"",
      ""role"": ""Classification Society, Standards Development""
    },
    {
      ""entity_name"": ""DNV"",
      ""jurisdiction"": ""International"",
      ""role"": ""Classification Society, Standards Development""
    },
    {
      ""entity_name"": ""API"",
      ""jurisdiction"": ""International"",
      ""role"": ""Standards Development""
    }
  ]
}
```"
17,187,True,"```json
{
  ""document_metadata"": {
    ""title"": null,
    ""document_number"": null,
    ""type_of_wind_farm"": ""Offshore"" 
  },
  ""regulatory_constraints"": [],
  ""regulatory_entities"": []
}
```

**Explanation:**

The provided text discusses physical phenomena related to wave breaking and their impact on offshore structures. It describes various parameters and their interrelationships, such as water depth, wave length, wave celerity, and the Ursell number.  However, it does *not* contain any regulatory constraints or mention any regulatory entities.  It's a technical discussion, not a regulatory document. Therefore, according to the instructions, all fields are populated with `null` or empty arrays as appropriate."
17,188,True,"```json
{
  ""document_metadata"": {
    ""title"": ""Desi g n Standards for Offshore Wind Farms Final Re p ort"",
    ""document_number"": ""M10PC00105"",
    ""type_of_wind_farm"": ""Offshore""
  },
  ""regulatory_constraints"": [
    {
      ""type"": ""Technical"",
      ""requirement"": ""The water particle velocity and acceleration are proportional to the wave height."",
      ""scope"": ""Offshore wind farm structures"",
      ""numerical_value"": null,
      ""unit"": null,
      ""source"": ""Contract M10PC00105"",
      ""related_domains"": ""structural design, wave load calculation""
    },
    {
      ""type"": ""Technical"",
      ""requirement"": ""For breaking waves, the higher the wave height, the larger the area of slamming on the structure."",
      ""scope"": ""Offshore wind farm structures"",
      ""numerical_value"": null,
      ""unit"": null,
      ""source"": ""Contract M10PC00105 (Wienke and Oumeraci, 2005 [3.98])"",
      ""related_domains"": ""structural design, wave load calculation""
    },
    {
      ""type"": ""Technical"",
      ""requirement"": ""The fluid particle velocity is proportional to the inverse of the wave period *T*, and the particle acceleration is proportional to *T*."",
      ""scope"": ""Offshore wind farm structures"",
      ""numerical_value"": null,
      ""unit"": null,
      ""source"": ""Contract M10PC00105 [2]"",
      ""related_domains"": ""structural design, wave load calculation""
    },
    {
      ""type"": ""Technical"",
      ""requirement"": ""The wave breaking limit is given by Miche as a function of the ratio of the water depth to the wave length."",
      ""scope"": ""Offshore wind farm structures"",
      ""numerical_value"": null,
      ""unit"": null,
      ""source"": ""Contract M10PC00105"",
      ""related_domains"": ""structural design, wave load calculation""
    },
    {
      ""type"": ""Technical"",
      ""requirement"": ""Diffraction effects for a surface-piercing circular member become significant when the ratio of its diameter to the incident wave length exceeds 1/5."",
      ""scope"": ""Offshore wind farm structures, circular members"",
      ""numerical_value"": ""1/5"",
      ""unit"": ""Ratio of diameter to wavelength"",
      ""source"": ""Contract M10PC00105"",
      ""related_domains"": ""structural design, wave load calculation""
    }
  ],
  ""regulatory_entities"": []
}
```"
17,189,True,"```json
{
  ""document_metadata"": {
    ""title"": null,
    ""document_number"": null,
    ""type_of_wind_farm"": ""Offshore"" 
  },
  ""regulatory_constraints"": [
    {
      ""type"": ""Technical"",
      ""requirement"": ""Diffraction effects for a surface-piercing circular member become significant when the ratio of its diameter to the wave length exceeds 1/5."",
      ""scope"": ""Surface-piercing circular members of offshore structures"",
      ""numerical_value"": ""0.2"",
      ""unit"": ""Ratio of diameter to wavelength"",
      ""source"": null,
      ""related_domains"": ""Structural design, hydrodynamics""
    }
  ],
  ""regulatory_entities"": []
}
```"
17,190,True,"```json
{
  ""document_metadata"": {
    ""title"": ""Design Standards for Offshore Wind Farms Final Report"",
    ""document_number"": ""M10PC00105"",
    ""type_of_wind_farm"": ""Offshore""
  },
  ""regulatory_constraints"": [
    {
      ""type"": ""Technical"",
      ""requirement"": ""For slamming loads, the pressure averaged over a given surface area of a circular cylinder decreases with the size of this area. The size of characteristic area, over which the pressure distribution is averaged or measured, has to be taken into account."",
      ""scope"": ""Offshore wind turbine structures subjected to slamming loads"",
      ""numerical_value"": null,
      ""unit"": null,
      ""source"": ""Contract M10PC00105: Design Standards for Offshore Wind Farms Final Report"",
      ""related_domains"": ""structural design, safety""
    },
    {
      ""type"": ""Technical"",
      ""requirement"": ""The breaking wave limit is given by H/L = 0.0142 tanh(kd)"",
      ""scope"": ""Offshore wind turbine structures"",
      ""numerical_value"": 0.0142,
      ""unit"": null,
      ""source"": ""Contract M10PC00105: Design Standards for Offshore Wind Farms Final Report; Miche (see Chakrabarti, 1987)"",
      ""related_domains"": ""structural design, safety""
    }
  ],
  ""regulatory_entities"": []
}
```"
17,191,True,"```json
{
  ""document_metadata"": {
    ""title"": ""Desi g n Standards for Offshore Wind Farms Final Re p ort"",
    ""document_number"": ""M10PC00105"",
    ""type_of_wind_farm"": ""Offshore""
  },
  ""regulatory_constraints"": [
    {
      ""type"": ""Technical"",
      ""requirement"": ""Limiting wave height in shallow water is about H = 0.78 * d for a flat seabed."",
      ""scope"": ""Offshore wind farms, shallow water, flat seabed"",
      ""numerical_value"": 0.78,
      ""unit"": null,
      ""source"": ""Costal Engineering Manual (2008)"",
      ""related_domains"": ""structural design, safety""
    },
    {
      ""type"": ""Technical"",
      ""requirement"": ""Modified Miche criterion for breaking wave limit height: Hm0 / L = 0.142 * tanh(kd)"",
      ""scope"": ""Offshore wind farms, breaking wave conditions"",
      ""numerical_value"": 0.142,
      ""unit"": null,
      ""source"": ""Costal Engineering Manual (2008), Ochi (2003)"",
      ""related_domains"": ""structural design, safety""
    },
    {
      ""type"": ""Technical"",
      ""requirement"": ""In shallow water with flat seabed, zero-moment wave height Hm0 = 0.55 * d"",
      ""scope"": ""Offshore wind farms, shallow water, flat seabed"",
      ""numerical_value"": 0.55,
      ""unit"": null,
      ""source"": ""Document Section 3.1.1.1"",
      ""related_domains"": ""structural design, safety""
    },
    {
      ""type"": ""Technical"",
      ""requirement"": ""Stokes theory is applicable when Ursell number (Ur) < 26 and waves have moderate steepness."",
      ""scope"": ""Offshore wind farms, wave analysis"",
      ""numerical_value"": 26,
      ""unit"": null,
      ""source"": null,
      ""related_domains"": ""hydrodynamic analysis""
    },
    {
      ""type"": ""Technical"",
      ""requirement"": ""Diffraction effects can be neglected for a tubular member with diameter D when D <= L/5 (L is the incident wave length)."",
      ""scope"": ""Offshore wind farms, tubular members"",
      ""numerical_value"": 0.2,
      ""unit"": null,
      ""source"": ""API RP 2A-WSD (2007)"",
      ""related_domains"": ""structural design, hydrodynamic analysis""
    }
  ],
  ""regulatory_entities"": [
    {
      ""entity_name"": ""API"",
      ""jurisdiction"": ""International (Industry Standard)"",
      ""role"": ""Standards development for the oil and gas industry, which are often applied in offshore wind""
    }
  ]
}
```"
17,192,True,"```json
{
  ""document_metadata"": {
    ""title"": ""Desi g n Standards for Offshore Wind Farms Final Re p ort"",
    ""document_number"": ""M10PC00105"",
    ""type_of_wind_farm"": ""Offshore""
  },
  ""regulatory_constraints"": [
    {
      ""type"": ""Technical"",
      ""requirement"": ""Slamming load calculations shall consider the Wienke model as defined in Annex D of IEC 61400-3 (2009)."",
      ""scope"": ""Offshore wind turbine monopile support structures"",
      ""numerical_value"": null,
      ""unit"": null,
      ""source"": ""IEC 61400-3 (2009)"",
      ""related_domains"": ""structural, safety""
    }
  ],
  ""regulatory_entities"": [
    {
      ""entity_name"": ""IEC (International Electrotechnical Commission)"",
      ""jurisdiction"": ""International"",
      ""role"": ""Standards development for electrical and electronic technologies, including wind turbines.""
    }
  ]
}
```"
17,193,True,"```json
{
  ""document_metadata"": {
    ""title"": ""Desi g n Standards for Offshore Wind Farms Final Re p ort"",
    ""document_number"": ""M10PC00105"",
    ""type_of_wind_farm"": ""Offshore""
  },
  ""regulatory_constraints"": [
    {
      ""type"": ""Technical"",
      ""requirement"": ""Breaking wave slamming load on a circular cylinder shall be calculated according to the equations specified in IEC 61400-3 (2009)."",
      ""scope"": ""Offshore wind turbine structures"",
      ""numerical_value"": null,
      ""unit"": null,
      ""source"": ""IEC 61400-3 (2009)"",
      ""related_domains"": ""structural safety, design""
    },
    {
      ""type"": ""Technical"",
      ""requirement"": ""The Campbell-Weynberg model (DNV, 2010a) shall be used for calculating slamming force on circular cylinders entering calm water."",
      ""scope"": ""Offshore wind turbine structures"",
      ""numerical_value"": null,
      ""unit"": null,
      ""source"": ""DNV (2010a)"",
      ""related_domains"": ""structural safety, design""
    },
    {
      ""type"": ""Technical"",
      ""requirement"": ""When calculating slamming force due to a plunging breaking wave on a vertical cylinder, the slamming time duration shall be T = 13R / 32V as defined by Wienke."",
      ""scope"": ""Offshore wind turbine structures"",
      ""numerical_value"": null,
      ""unit"": null,
      ""source"": ""DNV (2010a), Wienke"",
      ""related_domains"": ""structural safety, design""
    }
  ],
  ""regulatory_entities"": [
    {
      ""entity_name"": ""IEC"",
      ""jurisdiction"": ""International"",
      ""role"": ""Standards development""
    },
    {
      ""entity_name"": ""DNV"",
      ""jurisdiction"": ""International"",
      ""role"": ""Classification society, providing technical standards and guidance""
    }
  ]
}
```"
17,194,True,"```json
{
  ""document_metadata"": {
    ""title"": null,
    ""document_number"": null,
    ""type_of_wind_farm"": null 
  },
  ""regulatory_constraints"": [],
  ""regulatory_entities"": []
}
```

**Explanation:**

The provided document discusses different models for calculating slamming loads on circular cylinders, likely in the context of offshore structures. However, it does *not* contain any regulatory constraints or mention any regulatory entities.  It's a technical analysis, not a regulatory document. Therefore, the JSON output reflects the absence of regulatory information by returning null values or empty lists as per the instructions."
17,195,True,"```json
{
  ""document_metadata"": {
    ""title"": ""Design Standards for Offshore Wind Farms Final Report"",
    ""document_number"": ""M10PC00105"",
    ""type_of_wind_farm"": ""Offshore""
  },
  ""regulatory_constraints"": [
    {
      ""type"": ""Technical"",
      ""requirement"": ""Slamming loads on monopile support structures shall be calculated using one of the following models: Campbell-Weynberg, Wienke, DNV, or Armand-Cointe."",
      ""scope"": ""GOM West Central regions"",
      ""numerical_value"": null,
      ""unit"": null,
      ""source"": ""Contract M10PC00105: Design Standards for Offshore Wind Farms Final Report"",
      ""related_domains"": ""structural, safety""
    },
    {
      ""type"": ""Technical"",
      ""requirement"": ""For the Armand-Cointe model, a curling factor of 0.5 shall be assumed."",
      ""scope"": ""GOM West Central regions"",
      ""numerical_value"": 0.5,
      ""unit"": null,
      ""source"": ""Contract M10PC00105: Design Standards for Offshore Wind Farms Final Report"",
      ""related_domains"": ""structural, safety""
    },
    {
      ""type"": ""Technical"",
      ""requirement"": ""The area on the monopile subjected to breaking wave slamming shall be determined following Wienke’s approach."",
      ""scope"": ""GOM West Central regions"",
      ""numerical_value"": null,
      ""unit"": null,
      ""source"": ""Contract M10PC00105: Design Standards for Offshore Wind Farms Final Report"",
      ""related_domains"": ""structural, safety""
    },
    {
      ""type"": ""Technical"",
      ""requirement"": ""100-year return wave conditions shall be considered in the analysis."",
      ""scope"": ""GOM West Central regions"",
      ""numerical_value"": null,
      ""unit"": null,
      ""source"": ""Contract M10PC00105: Design Standards for Offshore Wind Farms Final Report"",
      ""related_domains"": ""structural, safety""
    },
    {
      ""type"": ""Technical"",
      ""requirement"": ""The wave celerity shall be considered as 12.51 m/s, the breaking wave height as 12.75 m, and the maximum wave crest height as 10.47 m for the 100-year return wave conditions in the GOM West Central regions."",
      ""scope"": ""GOM West Central regions"",
      ""numerical_value"": [12.51, 12.75, 10.47],
      ""unit"": [""m/s"", ""m"", ""m""],
      ""source"": ""Contract M10PC00105: Design Standards for Offshore Wind Farms Final Report"",
      ""related_domains"": ""structural, safety""
    }


  ],
  ""regulatory_entities"": []
}
```"
17,196,True,"```json
{
  ""document_metadata"": {
    ""title"": ""Design Standards for Offshore Wind Farms Final Report"",
    ""document_number"": ""M10PC00105"",
    ""type_of_wind_farm"": ""Offshore""
  },
  ""regulatory_constraints"": [
    {
      ""type"": ""Technical"",
      ""requirement"": ""Consideration of slamming time duration in structural response calculations."",
      ""scope"": ""Offshore wind turbine structures"",
      ""numerical_value"": null,
      ""unit"": null,
      ""source"": ""Design Standards for Offshore Wind Farms Final Report (M10PC00105)"",
      ""related_domains"": ""structural, safety""
    },
    {
      ""type"": ""Technical"",
      ""requirement"": ""Application of 1% structural damping for stiff clay soil conditions."",
      ""scope"": ""Offshore wind turbine foundations in stiff clay"",
      ""numerical_value"": 1,
      ""unit"": ""%"",
      ""source"": ""Design Standards for Offshore Wind Farms Final Report (M10PC00105)"",
      ""related_domains"": ""geotechnical, structural""
    },
    {
      ""type"": ""Technical"",
      ""requirement"": ""Evaluation of wave slamming loads using various models (Goda, Wienke, Campbell-Weynberg, Armand-Cointe)."",
      ""scope"": ""Offshore wind turbine structures"",
      ""numerical_value"": null,
      ""unit"": null,
      ""source"": ""Design Standards for Offshore Wind Farms Final Report (M10PC00105)"",
      ""related_domains"": ""structural, safety""
    }

  ],
  ""regulatory_entities"": []
}
```"
17,197,True,"```json
{
  ""document_metadata"": {
    ""title"": ""Design Standards for Offshore Wind Farms Final Report"",
    ""document_number"": ""M10PC00105"",
    ""type_of_wind_farm"": ""Offshore""
  },
  ""regulatory_constraints"": [],
  ""regulatory_entities"": []
}
```

**Explanation:**

The provided document is a technical report discussing different wave slamming models and their impact on monopile support structures for offshore wind farms. It does *not* contain any explicit regulatory constraints or mention any regulatory entities.  The report focuses on comparing modeling approaches (Wienke, Campbell-Weynberg, Goda Armand-Cointe) for calculating loads on offshore wind turbine structures.  While this information is crucial for *informing* design decisions and ensuring structural integrity (which would indirectly relate to regulatory compliance), the document itself does *not* state any regulations.  Therefore, according to the instructions, all fields are populated with null values (represented as empty arrays and empty strings where appropriate)."
17,198,True,"```json
{
  ""document_metadata"": {
    ""title"": ""Design Standards for Offshore Wind Farms Final Report"",
    ""document_number"": ""M10PC00105"",
    ""type_of_wind_farm"": ""Offshore""
  },
  ""regulatory_constraints"": [
    {
      ""type"": ""Technical"",
      ""requirement"": ""Damping ratio considered as an upper bound for a monopile is 3%"",
      ""scope"": ""Monopile structures in offshore wind farms"",
      ""numerical_value"": 3,
      ""unit"": ""%"",
      ""source"": ""Contract M10PC00105: Design Standards for Offshore Wind Farms Final Report"",
      ""related_domains"": ""structural, safety""
    }
  ],
  ""regulatory_entities"": []
}
```"
17,199,True,"```json
{
  ""document_metadata"": {
    ""title"": ""Desi g n Standards for Offshore Wind Farms Final Re p ort"",
    ""document_number"": ""M10PC00105"",
    ""type_of_wind_farm"": ""Offshore""
  },
  ""regulatory_constraints"": [],
  ""regulatory_entities"": []
}
```

**Explanation:**

The provided document focuses on technical modeling and analysis of mudline shear forces and bending moments under different soil conditions and damping ratios using the Wienke and Campbell-Weynberg models.  It does *not* contain any explicit regulatory constraints or mention any regulatory entities.  Therefore, the JSON output reflects this lack of regulatory information with empty lists for `regulatory_constraints` and `regulatory_entities`."
17,200,True,"```json
{
  ""document_metadata"": {
    ""title"": null,
    ""document_number"": null,
    ""type_of_wind_farm"": ""Offshore""
  },
  ""regulatory_constraints"": [],
  ""regulatory_entities"": []
}
```

**Explanation:**

The provided text discusses the technical challenges and research related to modeling wave slamming loads on offshore wind turbine support structures. It does *not* mention any specific regulations, standards, or regulatory bodies.  The text focuses on the accuracy and limitations of different modeling approaches (analytical, CFD, potential theory) and the need for experimental validation.  Therefore, there are no regulatory constraints or entities to extract, resulting in empty lists for those sections.  The document type is inferred as ""Offshore"" due to the mention of ""wind turbine support structures"" and ""wave slamming,"" which are specifically relevant to offshore wind farms."
17,201,True,"```json
{
  ""document_metadata"": {
    ""title"": ""Design Standards for Offshore Wind Farms Final Report"",
    ""document_number"": ""M10PC00105"",
    ""type_of_wind_farm"": ""Offshore""
  },
  ""regulatory_constraints"": [
    {
      ""type"": ""Technical"",
      ""requirement"": ""Consider spatially averaged pressures for structural design of offshore wind farms subjected to breaking wave slamming, rather than unstable local pressures."",
      ""scope"": ""Offshore wind farm structures"",
      ""numerical_value"": null,
      ""unit"": null,
      ""source"": ""Design Standards for Offshore Wind Farms Final Report (M10PC00105)"",
      ""related_domains"": ""structural, safety""
    },
    {
      ""type"": ""Technical"",
      ""requirement"": ""The area for averaging (smoothing) local slamming pressures is dependent upon the actual application and structural details."",
      ""scope"": ""Offshore wind farm structures"",
      ""numerical_value"": null,
      ""unit"": null,
      ""source"": ""Design Standards for Offshore Wind Farms Final Report (M10PC00105)"",
      ""related_domains"": ""structural, safety""
    }
  ],
  ""regulatory_entities"": []
}
```"
17,202,True,"```json
{
  ""document_metadata"": {
    ""title"": ""Design Standards for Offshore Wind Farms Final Report"",
    ""document_number"": ""M10PC00105"",
    ""type_of_wind_farm"": ""Offshore""
  },
  ""regulatory_constraints"": [],
  ""regulatory_entities"": []
}
```

**Explanation:**

The provided text discusses the technical challenges related to wave behavior and its impact on offshore structures, specifically focusing on slamming forces and wave breaking probabilities. It does *not* contain any regulatory constraints or mention any regulatory entities. The text is scientific in nature, exploring the physics of wave-structure interaction and discussing modeling approaches.  Therefore, according to the instructions, all fields are populated with null values (represented as empty arrays and empty strings where appropriate)."
17,203,True,"```json
{
  ""document_metadata"": {
    ""title"": null,
    ""document_number"": null,
    ""type_of_wind_farm"": ""Offshore""
  },
  ""regulatory_constraints"": [
    {
      ""type"": ""Technical"",
      ""requirement"": ""Use of Wienke model for calculating slamming forces on vertical and inclined circular cylinders."",
      ""scope"": ""Offshore wind turbines"",
      ""numerical_value"": null,
      ""unit"": null,
      ""source"": ""IEC 61400-3 Annex D (2009)"",
      ""related_domains"": ""Structural design, safety""
    },
    {
      ""type"": ""Technical"",
      ""requirement"": ""Use of Wienke model for calculating slamming forces on vertical and inclined circular cylinders."",
      ""scope"": ""Offshore wind turbines"",
      ""numerical_value"": null,
      ""unit"": null,
      ""source"": ""GL (2009)"",
      ""related_domains"": ""Structural design, safety""
    },
    {
      ""type"": ""Technical"",
      ""requirement"": ""Use of Wienke model for calculating slamming forces on vertical and inclined circular cylinders."",
      ""scope"": ""Offshore wind turbines"",
      ""numerical_value"": null,
      ""unit"": null,
      ""source"": ""ABS (2010)"",
      ""related_domains"": ""Structural design, safety""
    },
    {
      ""type"": ""Technical"",
      ""requirement"": ""Use of Wienke model for calculating slamming forces."",
      ""scope"": ""Coastal structures"",
      ""numerical_value"": null,
      ""unit"": null,
      ""source"": ""ISO 21650 Annex G (2007)"",
      ""related_domains"": ""Structural design, safety""
    },
    {
      ""type"": ""Technical"",
      ""requirement"": ""Campbell-Weynberg model as an acceptable alternative for calculating slamming forces (implied)."",
      ""scope"": ""Offshore wind turbines and coastal structures (implied)"",
      ""numerical_value"": null,
      ""unit"": null,
      ""source"": ""Document mentions it as an alternative"",
      ""related_domains"": ""Structural design, safety""
    }

  ],
  ""regulatory_entities"": [
    {
      ""entity_name"": ""IEC"",
      ""jurisdiction"": ""International"",
      ""role"": ""Standards development""
    },
    {
      ""entity_name"": ""GL"",
      ""jurisdiction"": ""International"",  
      ""role"": ""Classification society, sets technical standards""
    },
    {
      ""entity_name"": ""ABS"",
      ""jurisdiction"": ""International"",
      ""role"": ""Classification society, sets technical standards""
    },
    {
      ""entity_name"": ""ISO"",
      ""jurisdiction"": ""International"",
      ""role"": ""Standards development""
    }
  ]
}
```"
17,204,True,"```json
{
  ""document_metadata"": {
    ""title"": ""Design Standards for Offshore Wind Farms Final Report"",
    ""document_number"": ""M10PC00105"",
    ""type_of_wind_farm"": ""Offshore""
  },
  ""regulatory_constraints"": [
    {
      ""type"": ""Technical"",
      ""requirement"": ""Consideration of curling factors and slamming duration (such as those obtained in Wienke’s study) when calculating slamming forces on vertical circular cylinders."",
      ""scope"": ""Offshore wind turbine support structures"",
      ""numerical_value"": null,
      ""unit"": null,
      ""source"": ""Design Standards for Offshore Wind Farms Final Report (M10PC00105)"",
      ""related_domains"": ""structural, safety""
    },
    {
      ""type"": ""Technical"",
      ""requirement"": ""Collective consideration of slamming coefficient, water particle velocity, and spatial and temporal distribution of the slamming process when assessing the validity of a wave slamming load model."",
      ""scope"": ""Offshore wind turbine support structures"",
      ""numerical_value"": null,
      ""unit"": null,
      ""source"": ""Design Standards for Offshore Wind Farms Final Report (M10PC00105)"",
      ""related_domains"": ""structural, safety""
    },
    {
      ""type"": ""Technical"",
      ""requirement"": ""Design considerations for hurricane environmental conditions on the US OCS."",
      ""scope"": ""Offshore wind turbines on the US OCS"",
      ""numerical_value"": null,
      ""unit"": null,
      ""source"": ""Design Standards for Offshore Wind Farms Final Report (M10PC00105)"",
      ""related_domains"": ""structural, safety""
    }

  ],
  ""regulatory_entities"": []
}
```"
17,205,True,"```json
{
  ""document_metadata"": {
    ""title"": ""Design Standards for Offshore Wind Farms Final Report"",
    ""document_number"": ""M10PC00105"",
    ""type_of_wind_farm"": ""Offshore""
  },
  ""regulatory_constraints"": [
    {
      ""type"": ""Technical"",
      ""requirement"": ""Hurricane wind field model as recommended in API RP 2A-WSD (2007)"",
      ""scope"": ""Offshore wind turbine design (topside structures and station keeping systems)"",
      ""numerical_value"": null,
      ""unit"": null,
      ""source"": ""API RP 2A-WSD (2007)"",
      ""related_domains"": ""structural, safety""
    },
    {
      ""type"": ""Technical"",
      ""requirement"": ""Hurricane wind field model as recommended in API Bulletin 2INT MET (2007)"",
      ""scope"": ""Offshore wind turbine design"",
      ""numerical_value"": null,
      ""unit"": null,
      ""source"": ""API Bulletin 2INT MET (2007)"",
      ""related_domains"": ""structural, safety""
    },
    {
      ""type"": ""Technical"",
      ""requirement"": ""Hurricane wind field model as recommended in ISO 19902 (2007)"",
      ""scope"": ""Offshore wind turbine design"",
      ""numerical_value"": null,
      ""unit"": null,
      ""source"": ""ISO 19902 (2007)"",
      ""related_domains"": ""structural, safety""
    },
    {
      ""type"": ""Technical"",
      ""requirement"": ""Turbulent wind models as referred to in IEC 61400-3 (2009) and IEC 61400-1 (2005)"",
      ""scope"": ""Offshore wind turbine design"",
      ""numerical_value"": null,
      ""unit"": null,
      ""source"": ""IEC 61400-3 (2009), IEC 61400-1 (2005)"",
      ""related_domains"": ""structural, safety""
    },
    {
      ""type"": ""Technical"",
      ""requirement"": ""Soil-pile foundation interaction based on API RP 2A-WSD (2007)"",
      ""scope"": ""Offshore wind turbine foundation design"",
      ""numerical_value"": null,
      ""unit"": null,
      ""source"": ""API RP 2A-WSD (2007)"",
      ""related_domains"": ""geotechnical, structural, safety""
    }
  ],
  ""regulatory_entities"": [
    {
      ""entity_name"": ""American Petroleum Institute (API)"",
      ""jurisdiction"": ""International (Industry Standard)"",
      ""role"": ""Standards development for the oil and gas industry, which are often applied in offshore wind""
    },
    {
      ""entity_name"": ""International Organization for Standardization (ISO)"",
      ""jurisdiction"": ""International"",
      ""role"": ""Development of international standards""
    },
    {
      ""entity_name"": ""International Electrotechnical Commission (IEC)"",
      ""jurisdiction"": ""International"",
      ""role"": ""Publishes international standards for electrical, electronic, and related technologies""
    }
  ]
}
```"
17,206,True,"```json
{
  ""document_metadata"": {
    ""title"": ""Design Standards for Offshore Wind Farms Final Report"",
    ""document_number"": ""M10PC00105"",
    ""type_of_wind_farm"": ""Offshore""
  },
  ""regulatory_constraints"": [],
  ""regulatory_entities"": [
    {
      ""entity_name"": ""U.S. Department of Energy"",
      ""jurisdiction"": ""Federal (US)"",
      ""role"": ""Sponsoring the development of next-generation simulation tools and software validations for offshore wind turbines""
    }
  ]
}
```"
17,207,True,"```json
{
  ""document_metadata"": {
    ""title"": ""Design Standards for Offshore Wind Farms Final Report"",
    ""document_number"": ""M10PC00105"",
    ""type_of_wind_farm"": ""Offshore""
  },
  ""regulatory_constraints"": [
    {
      ""type"": ""Technical"",
      ""requirement"": ""Guide for Building and Classing Offshore Wind Turbine Installations"",
      ""scope"": ""Offshore Wind Turbine Installations"",
      ""numerical_value"": null,
      ""unit"": null,
      ""source"": ""American Bureau of Shipping (ABS) 2010"",
      ""related_domains"": ""technical, safety""
    },
    {
      ""type"": ""Technical"",
      ""requirement"": ""Guide for Buckling and Ultimate Strength Assessment for Offshore Structures"",
      ""scope"": ""Offshore Structures"",
      ""numerical_value"": null,
      ""unit"": null,
      ""source"": ""American Bureau of Shipping (ABS) 2011"",
      ""related_domains"": ""technical, safety""
    },
    {
      ""type"": ""Technical"",
      ""requirement"": ""Interim Guidance on Hurricane Conditions in the Gulf of Mexico"",
      ""scope"": ""Gulf of Mexico"",
      ""numerical_value"": null,
      ""unit"": null,
      ""source"": ""American Petroleum Institute (API) Bulletin 2INT-MET 2007"",
      ""related_domains"": ""safety, metocean""
    },
    {
      ""type"": ""Technical"",
      ""requirement"": ""Recommended Practice for Planning Designing and Constructing Fixed Offshore structures – Working Stress Design"",
      ""scope"": ""Fixed Offshore Structures"",
      ""numerical_value"": null,
      ""unit"": null,
      ""source"": ""American Petroleum Institute (API) RP 2A-WSD 2007 (with Errata and Supplement in 2002, 2005 and 2007)"",
      ""related_domains"": ""technical, safety""
    },
    {
      ""type"": ""Technical"",
      ""requirement"": ""Minimum Design Loads for Buildings and Other Structures"",
      ""scope"": ""Buildings and Other Structures"",
      ""numerical_value"": null,
      ""unit"": null,
      ""source"": ""American Society of Civil Engineers (ASCE) 7-10 (2010)"",
      ""related_domains"": ""technical, safety""
    }

  ],
  ""regulatory_entities"": [
    {
      ""entity_name"": ""American Bureau of Shipping (ABS)"",
      ""jurisdiction"": ""International"",
      ""role"": ""Classification and certification of offshore structures""
    },
    {
      ""entity_name"": ""American Petroleum Institute (API)"",
      ""jurisdiction"": ""International"",
      ""role"": ""Development of standards and recommended practices for the oil and gas industry, including offshore structures""
    },
    {
      ""entity_name"": ""American Society of Civil Engineers (ASCE)"",
      ""jurisdiction"": ""International"",
      ""role"": ""Development of standards and codes for civil engineering, including structural design""
    }
  ]
}
```"
17,208,True,"```json
{
  ""document_metadata"": {
    ""title"": ""Design Standards for Offshore Wind Farms Final Report"",
    ""document_number"": ""M10PC00105"",
    ""type_of_wind_farm"": ""Offshore""
  },
  ""regulatory_constraints"": [
    {
      ""type"": ""Technical"",
      ""requirement"": ""Recommendation for Technical Approval of Offshore Wind Turbines"",
      ""scope"": ""Offshore Wind Turbines"",
      ""numerical_value"": null,
      ""unit"": null,
      ""source"": ""Danish Energy Agency, 2001"",
      ""related_domains"": ""technical, safety""
    }
  ],
  ""regulatory_entities"": [
    {
      ""entity_name"": ""Danish Energy Agency"",
      ""jurisdiction"": ""Denmark (likely national)"",
      ""role"": ""Technical Approval of Offshore Wind Turbines""
    }
  ]
}
```"
17,209,True,"```json
{
  ""document_metadata"": {
    ""title"": ""Design Standards for Offshore Wind Farms Final Report"",
    ""document_number"": ""M10PC00105"",
    ""type_of_wind_farm"": ""Offshore""
  },
  ""regulatory_constraints"": [
    {
      ""type"": ""Technical"",
      ""requirement"": ""Design of Offshore Wind Turbine Structures"",
      ""scope"": ""Offshore Wind Turbines"",
      ""numerical_value"": null,
      ""unit"": null,
      ""source"": ""Det Norske Veritas (DNV), OS-J101, 2010a"",
      ""related_domains"": ""technical, safety""
    },
    {
      ""type"": ""Environmental"",
      ""requirement"": ""Environmental Conditions and Environmental Loads"",
      ""scope"": ""Offshore Wind Turbines"",
      ""numerical_value"": null,
      ""unit"": null,
      ""source"": ""Det Norske Veritas (DNV), RP-C205, 2010b"",
      ""related_domains"": ""environmental, safety""
    },
    {
      ""type"": ""Technical"",
      ""requirement"": ""Strong Winds in the Atmospheric Boundary Layer, Part 1: Mean Hourly Wind Speed"",
      ""scope"": ""Atmospheric Boundary Layer"",
      ""numerical_value"": null,
      ""unit"": null,
      ""source"": ""Engineering Sciences Data Unit (ESDU), Item No. 82026, 1982"",
      ""related_domains"": ""technical, safety""
    },
    {
      ""type"": ""Technical"",
      ""requirement"": ""Strong Winds in the Atmospheric Boundary Layer, Part 2: Discrete Gust Speeds"",
      ""scope"": ""Atmospheric Boundary Layer"",
      ""numerical_value"": null,
      ""unit"": null,
      ""source"": ""Engineering Sciences Data Unit (ESDU), Item No. 83045, 1983"",
      ""related_domains"": ""technical, safety""
    },
    {
      ""type"": ""Technical"",
      ""requirement"": ""Standard Design of Offshore Wind Turbines"",
      ""scope"": ""Offshore Wind Turbines"",
      ""numerical_value"": null,
      ""unit"": null,
      ""source"": ""German Federal Maritime and Hydrographic Agency (BSH), 2007"",
      ""related_domains"": ""technical, safety""
    }


  ],
  ""regulatory_entities"": [
    {
      ""entity_name"": ""Det Norske Veritas (DNV)"",
      ""jurisdiction"": ""International"",
      ""role"": ""Standards Development Organization""
    },
    {
      ""entity_name"": ""Engineering Sciences Data Unit (ESDU)"",
      ""jurisdiction"": ""International"",
      ""role"": ""Standards Development Organization""
    },
    {
      ""entity_name"": ""German Federal Maritime and Hydrographic Agency (BSH)"",
      ""jurisdiction"": ""Germany"",
      ""role"": ""Regulatory Agency""
    }
  ]
}
```"
17,210,True,"```json
{
  ""document_metadata"": {
    ""title"": ""Design Standards for Offshore Wind Farms Final Report"",
    ""document_number"": ""M10PC00105"",
    ""type_of_wind_farm"": ""Offshore""
  },
  ""regulatory_constraints"": [
    {
      ""type"": ""Technical"",
      ""requirement"": ""Guideline for the Certification of Offshore Wind Turbines"",
      ""scope"": ""Offshore Wind Turbines"",
      ""numerical_value"": null,
      ""unit"": null,
      ""source"": ""Germanischer Lloyd (GL), 2005. Guideline for the Certification of Offshore Wind Turbines"",
      ""related_domains"": ""technical, safety""
    },
    {
      ""type"": ""Technical"",
      ""requirement"": ""Guidelines for Converting Between Various Wind Averaging Periods in Tropical Cyclone Conditions"",
      ""scope"": ""Tropical Cyclone Conditions"",
      ""numerical_value"": null,
      ""unit"": null,
      ""source"": ""Harper, B.A., Kepert, J.D. and Ginger, J.D., 2009. Guidelines for Converting Between Various Wind Averaging Periods in Tropical Cyclone Conditions"",
      ""related_domains"": ""technical, safety""
    },
    {
      ""type"": ""Technical"",
      ""requirement"": ""Wind turbines – Part 1: Design Requirements"",
      ""scope"": ""Wind Turbines"",
      ""numerical_value"": null,
      ""unit"": null,
      ""source"": ""International Electrotechnical Commission (IEC), 2005. IEC 61400-1: Wind turbines – Part 1: Design Requirements, 3rd Edition."",
      ""related_domains"": ""technical, safety""
    },
        {
      ""type"": ""Technical"",
      ""requirement"": ""Wind turbines – Part 3: Design Requirements for Offshore Wind Turbines"",
      ""scope"": ""Offshore Wind Turbines"",
      ""numerical_value"": null,
      ""unit"": null,
      ""source"": ""International Electrotechnical Commission (IEC), 2009. IEC 61400-3: Wind turbines – Part 3: Design Requirements for Offshore Wind Turbines, 1st Edition."",
      ""related_domains"": ""technical, safety""
    },
    {
      ""type"": ""Technical"",
      ""requirement"": ""Petroleum and natural gas industries - Specific requirements for offshore structures Part 1: Metocean design and operating considerations."",
      ""scope"": ""Offshore Structures"",
      ""numerical_value"": null,
      ""unit"": null,
      ""source"": ""International Organization for Standardization (ISO), 2005. ISO 19901-1: Petroleum and natural gas industries - Specific requirements for offshore structures Part 1: Metocean design and operating considerations."",
      ""related_domains"": ""technical, safety, environmental""
    },
    {
      ""type"": ""Technical"",
      ""requirement"": ""Petroleum and natural gas industries - Fixed Steel Offshore Structures."",
      ""scope"": ""Fixed Steel Offshore Structures"",
      ""numerical_value"": null,
      ""unit"": null,
      ""source"": ""International Organization for Standardization (ISO), 2007. ISO 19902: Petroleum and natural gas industries - Fixed Steel Offshore Structures."",
      ""related_domains"": ""technical, safety""
    }
  ],
  ""regulatory_entities"": [
    {
      ""entity_name"": ""Germanischer Lloyd (GL)"",
      ""jurisdiction"": ""International"",
      ""role"": ""Certification and Guideline Development""
    },
    {
      ""entity_name"": ""World Meteorological Organization (WMO)"",
      ""jurisdiction"": ""International"",
      ""role"": ""Guideline Development""
    },
    {
      ""entity_name"": ""International Electrotechnical Commission (IEC)"",
      ""jurisdiction"": ""International"",
      ""role"": ""Standard Development""
    },
    {
      ""entity_name"": ""International Organization for Standardization (ISO)"",
      ""jurisdiction"": ""International"",
      ""role"": ""Standard Development""
    }
  ]
}
```"
17,211,True,"```json
{
  ""document_metadata"": {
    ""title"": ""Design Standards for Offshore Wind Farms Final Report"",
    ""document_number"": ""M10PC00105"",
    ""type_of_wind_farm"": ""Offshore""
  },
  ""regulatory_constraints"": [],
  ""regulatory_entities"": []
}
```"
17,212,True,"```json
{
  ""document_metadata"": {
    ""title"": ""Design Standards for Offshore Wind Farms Final Report"",
    ""document_number"": ""M10PC00105"",
    ""type_of_wind_farm"": ""Offshore""
  },
  ""regulatory_constraints"": [
    {
      ""type"": ""Technical"",
      ""requirement"": ""Comparative Study of Offshore Wind Turbine Standards"",
      ""scope"": ""Offshore Wind Turbines"",
      ""numerical_value"": null,
      ""unit"": null,
      ""source"": ""MMI Engineering Inc., 2009. Comparative Study of OWTG Standards. Comparative Study of Offshore Wind Turbine Standards JIP Report."",
      ""related_domains"": ""technical""
    }
  ],
  ""regulatory_entities"": [
    {
      ""entity_name"": ""Minerals Management Service Department of the Interior"",
      ""jurisdiction"": ""Federal (US)"",
      ""role"": ""Regulatory oversight""
    }
  ]
}
```"
17,213,True,"```json
{
  ""document_metadata"": {
    ""title"": ""Design Standards for Offshore Wind Farms Final Report"",
    ""document_number"": ""M10PC00105"",
    ""type_of_wind_farm"": ""Offshore""
  },
  ""regulatory_constraints"": [
    {
      ""type"": ""Safety"",
      ""requirement"": ""Oversight of Design, Fabrication, and Installation of offshore wind turbines"",
      ""scope"": ""Offshore wind turbines"",
      ""numerical_value"": null,
      ""unit"": null,
      ""source"": ""Transportation Research Board, Special Report 305, Committee on Offshore Wind Energy Turbine Structural and Operating Safety"",
      ""related_domains"": ""safety, structural integrity""
    },
    {
      ""type"": ""Technical"",
      ""requirement"": ""Regulations for Renewable Energy Alternate Uses of Existing Facilities on the Outer Continental Shelf"",
      ""scope"": ""Outer Continental Shelf"",
      ""numerical_value"": null,
      ""unit"": null,
      ""source"": ""US Department of Interior, 30 CFR Part 285, 2009"",
      ""related_domains"": ""technical, permitting""
    }
  ],
  ""regulatory_entities"": [
    {
      ""entity_name"": ""Transportation Research Board, Committee on Offshore Wind Energy Turbine Structural and Operating Safety"",
      ""jurisdiction"": ""National (U.S.)"",
      ""role"": ""Development of standards and oversight related to structural integrity and operating safety of offshore wind turbines""
    },
    {
      ""entity_name"": ""U.S. Army Corps of Engineers"",
      ""jurisdiction"": ""Federal (U.S.)"",
      ""role"": ""Provides coastal engineering guidance and wave information studies relevant to offshore wind farm development""
    },
    {
      ""entity_name"": ""US Department of Interior"",
      ""jurisdiction"": ""Federal (U.S.)"",
      ""role"": ""Regulation of renewable energy alternate uses of existing facilities on the Outer Continental Shelf""
    }
  ]
}
```"
17,214,True,"```json
{
  ""document_metadata"": {
    ""title"": ""Design Standards for Offshore Wind Farms Final Report"",
    ""document_number"": ""M10PC00105"",
    ""type_of_wind_farm"": ""Offshore""
  },
  ""regulatory_constraints"": [],
  ""regulatory_entities"": []
}
```

**Explanation and Reasoning:**

The provided document is a bibliography from a final report on design standards for offshore wind farms.  It lists academic papers and conference proceedings related to hurricane modeling, wave analysis, and wind-wave interactions.  Critically, it does *not* contain any regulatory constraints or mention any regulatory entities.  It's a collection of scientific resources that likely informed the development of design standards, but it doesn't itself state those standards.

Therefore, following the instructions, all fields are set to null or empty lists as the document does not explicitly contain regulatory information.  While the research cited likely *informs* regulations, the bibliography itself does not articulate specific regulatory requirements."
17,215,True,"```json
{
  ""document_metadata"": {
    ""title"": ""Design Standards for Offshore Wind Farms Final Report"",
    ""document_number"": ""M10PC00105"",
    ""type_of_wind_farm"": ""Offshore""
  },
  ""regulatory_constraints"": [
    {
      ""type"": ""Technical"",
      ""requirement"": ""Guide for Building and Classing Floating Production Installations"",
      ""scope"": ""Floating Production Installations"",
      ""numerical_value"": null,
      ""unit"": null,
      ""source"": ""American Bureau of Shipping (ABS) 2010a"",
      ""related_domains"": ""technical, safety""
    },
    {
      ""type"": ""Technical"",
      ""requirement"": ""Guide for Building and Classing Offshore Wind Turbine Installations"",
      ""scope"": ""Offshore Wind Turbine Installations"",
      ""numerical_value"": null,
      ""unit"": null,
      ""source"": ""American Bureau of Shipping (ABS) 2010b"",
      ""related_domains"": ""technical, safety""
    },
    {
      ""type"": ""Technical"",
      ""requirement"": ""Recommended Practice for Planning Designing and Constructing Fixed Offshore structures – Working Stress Design"",
      ""scope"": ""Fixed Offshore Structures"",
      ""numerical_value"": null,
      ""unit"": null,
      ""source"": ""American Petroleum Institute (API) RP 2A-WSD, 21st Edition (with Errata and Supplement in 2002, 2005 and 2007)"",
      ""related_domains"": ""technical, safety""
    }
  ],
  ""regulatory_entities"": [
    {
      ""entity_name"": ""American Bureau of Shipping (ABS)"",
      ""jurisdiction"": ""International"",
      ""role"": ""Classification and certification of offshore structures""
    },
    {
      ""entity_name"": ""American Petroleum Institute (API)"",
      ""jurisdiction"": ""International"",
      ""role"": ""Development of standards and recommended practices for the oil and gas industry, including offshore structures""
    }
  ]
}
```"
17,216,True,"```json
{
  ""document_metadata"": {
    ""title"": ""Turbine Foundations: Focused Wave Groups and CFD. In Proceedings of the ASME 2010 29th International Conference on Ocean, Offshore and Arctic Engineering (OMAE), Shanghai, China."",
    ""document_number"": ""M10PC00105"",
    ""type_of_wind_farm"": ""Offshore""
  },
  ""regulatory_constraints"": [],
  ""regulatory_entities"": []
}
```"
17,217,True,"```json
{
  ""document_metadata"": {
    ""title"": ""Design Standards for Offshore Wind Farms Final Report"",
    ""document_number"": ""M10PC00105"",
    ""type_of_wind_farm"": ""Offshore""
  },
  ""regulatory_constraints"": [
    {
      ""type"": ""Technical"",
      ""requirement"": ""Design of Offshore Wind Turbine Structures"",
      ""scope"": ""Offshore Wind Farms"",
      ""numerical_value"": null,
      ""unit"": null,
      ""source"": ""Det Norske Veritas (DNV) OS-J101"",
      ""related_domains"": ""technical, safety""
    },
    {
      ""type"": ""Environmental"",
      ""requirement"": ""Environmental Conditions and Environmental Loads"",
      ""scope"": ""Offshore Wind Farms"",
      ""numerical_value"": null,
      ""unit"": null,
      ""source"": ""Det Norske Veritas (DNV) RP-C205"",
      ""related_domains"": ""environmental, safety""
    }
  ],
  ""regulatory_entities"": [
    {
      ""entity_name"": ""Det Norske Veritas (DNV)"",
      ""jurisdiction"": ""International"",
      ""role"": ""Standards Development Organization""
    }
  ]
}
```"
17,218,True,"```json
{
  ""document_metadata"": {
    ""title"": ""Desi g n Standards for Offshore Wind Farms Final Re p ort"",
    ""document_number"": ""M10PC00105"",
    ""type_of_wind_farm"": ""Offshore""
  },
  ""regulatory_constraints"": [
    {
      ""type"": ""Technical"",
      ""requirement"": ""Design Requirements for Offshore Wind Turbines"",
      ""scope"": ""Offshore Wind Turbines"",
      ""numerical_value"": null,
      ""unit"": null,
      ""source"": ""IEC 61400-3: Wind Turbines – Part 3: Design Requirements for Offshore Wind Turbines, 1st Edition (2009)"",
      ""related_domains"": ""technical, safety""
    },
    {
      ""type"": ""Technical"",
      ""requirement"": ""Design Requirements for Wind Turbines"",
      ""scope"": ""Wind Turbines"",
      ""numerical_value"": null,
      ""unit"": null,
      ""source"": ""IEC 61400-1: Wind Turbines – Part 1: Design Requirements, 3rd Edition (2005)"",
      ""related_domains"": ""technical, safety""
    },
    {
      ""type"": ""Technical"",
      ""requirement"": ""Guideline for the Certification of Offshore Wind Turbines"",
      ""scope"": ""Offshore Wind Turbines"",
      ""numerical_value"": null,
      ""unit"": null,
      ""source"": ""Germanischer Lloyd (GL) (2005)"",
      ""related_domains"": ""certification, technical, safety""
    },
    {
      ""type"": ""Technical"",
      ""requirement"": ""Specific Requirements for Offshore Structures Part 1: Metocean Design and Operating Considerations"",
      ""scope"": ""Offshore Structures"",
      ""numerical_value"": null,
      ""unit"": null,
      ""source"": ""ISO 19901-1: Petroleum and Natural Gas Industries - Specific Requirements for Offshore Structures Part 1: Metocean Design and Operating Considerations (2005)"",
      ""related_domains"": ""metocean, technical, safety""
    },
    {
      ""type"": ""Technical"",
      ""requirement"": ""Fixed Steel Offshore Structures"",
      ""scope"": ""Fixed Steel Offshore Structures"",
      ""numerical_value"": null,
      ""unit"": null,
      ""source"": ""ISO 19902: Petroleum and Natural Gas Industries - Fixed Steel Offshore Structures (2007)"",
      ""related_domains"": ""structural, technical, safety""
    },
    {
      ""type"": ""Technical"",
      ""requirement"": ""Actions from Waves and Currents on Coastal Structures"",
      ""scope"": ""Coastal Structures"",
      ""numerical_value"": null,
      ""unit"": null,
      ""source"": ""ISO 21650: Actions from Waves and Currents on Coastal Structures (2007)"",
      ""related_domains"": ""metocean, technical, safety""
    }

  ],
  ""regulatory_entities"": [
    {
      ""entity_name"": ""International Electrotechnical Commission (IEC)"",
      ""jurisdiction"": ""International"",
      ""role"": ""Standards Development""
    },
    {
      ""entity_name"": ""Germanischer Lloyd (GL)"",
      ""jurisdiction"": ""International"",
      ""role"": ""Certification and Classification""
    },
    {
      ""entity_name"": ""International Organization for Standardization (ISO)"",
      ""jurisdiction"": ""International"",
      ""role"": ""Standards Development""
    }
  ]
}
```"
17,219,True,"```json
{
  ""document_metadata"": {
    ""title"": ""Desi g n Standards for Offshore Wind Farms Final Re p ort"",
    ""document_number"": ""M10PC00105"",
    ""type_of_wind_farm"": ""Offshore""
  },
  ""regulatory_constraints"": [],
  ""regulatory_entities"": []
}
```

**Explanation:**

The provided document is a list of references related to wave loading and hydrodynamics, primarily focused on the structural mechanics of offshore structures. While relevant to offshore wind farm design, it does *not* contain explicit regulatory constraints or mention regulatory entities.  The papers cited likely inform design standards, but the document itself doesn't state those standards. Therefore, according to the instructions, all fields are returned as null or empty."
17,220,True,"```json
{
  ""document_metadata"": {
    ""title"": ""Design Standards for Offshore Wind Farms Final Report"",
    ""document_number"": ""M10PC00105"",
    ""type_of_wind_farm"": ""Offshore""
  },
  ""regulatory_constraints"": [],
  ""regulatory_entities"": []
}
```

**Explanation:**

The provided document excerpt is a bibliography section of a report on offshore wind farm design standards.  It lists various academic papers and technical memoranda related to wave mechanics, fluid dynamics, and coastal engineering.  While these sources are crucial for understanding the physical forces acting on offshore wind turbines and informing design choices, they do *not* themselves contain regulatory constraints or identify regulatory entities.  They are scientific and engineering resources used in developing design standards, not the standards themselves.

Therefore, the JSON output reflects the absence of regulatory information within this specific document excerpt. All fields are null or empty as per the instructions."
17,221,True,"```json
{
  ""document_metadata"": {
    ""title"": ""Design Standards for Offshore Wind Farms Final Report"",
    ""document_number"": ""M10PC00105"",
    ""type_of_wind_farm"": ""Offshore""
  },
  ""regulatory_constraints"": [
    {
      ""type"": ""Technical"",
      ""requirement"": ""Actions and Action Effects"",
      ""scope"": ""Norway"",
      ""numerical_value"": null,
      ""unit"": null,
      ""source"": ""NORSOK Standard N-003, 2007. Edition 2"",
      ""related_domains"": ""Structural design, safety""
    }
  ],
  ""regulatory_entities"": [
    {
      ""entity_name"": ""Standards Norway"",
      ""jurisdiction"": ""Norway"",
      ""role"": ""Standard Setting Organization""
    }
  ]
}
```"
17,222,True,"```json
{
  ""document_metadata"": {
    ""title"": ""Desi g n Standards for Offshore Wind Farms Final Re p ort"",
    ""document_number"": ""M10PC00105"",
    ""type_of_wind_farm"": ""Offshore""
  },
  ""regulatory_constraints"": [],
  ""regulatory_entities"": []
}
```"
17,223,True,"```json
{
  ""document_metadata"": {
    ""title"": ""Design Standards for Offshore Wind Farms Final Report"",
    ""document_number"": ""M10PC00105"",
    ""type_of_wind_farm"": ""Offshore""
  },
  ""regulatory_constraints"": [],
  ""regulatory_entities"": []
}
```

**Explanation:**

The provided document is a bibliography section of a report on offshore wind farm design standards. It lists various academic papers and publications relevant to wave mechanics, hydrodynamics, and coastal engineering.  While these sources likely inform the development of design standards, the bibliography itself *does not* state any specific regulatory constraints or identify regulatory entities.  Therefore, according to the instructions, all fields are returned as null or empty.  The document provides background information useful for understanding the scientific basis of potential future regulations, but it does not contain the regulations themselves."
17,224,True,"```json
{
  ""document_metadata"": {
    ""title"": ""Design Standards for Offshore Wind Farms Final Report"",
    ""document_number"": ""M10PC00105"",
    ""type_of_wind_farm"": ""Offshore""
  },
  ""regulatory_constraints"": [],
  ""regulatory_entities"": [
    {
      ""entity_name"": ""American Bureau of Shipping (ABS)"",
      ""jurisdiction"": ""International"",
      ""role"": ""Standards development and certification""
    },
    {
      ""entity_name"": ""American Petroleum Institute (API)"",
      ""jurisdiction"": ""International"",
      ""role"": ""Standards development for the oil and gas industry (potentially applicable to offshore structures)""
    },
    {
      ""entity_name"": ""Bureau of Ocean Energy Management, Regulation, and Enforcement (BOEMRE)"",
      ""jurisdiction"": ""Federal (US)"",
      ""role"": ""Leasing and permitting of offshore wind energy projects""
    },
    {
      ""entity_name"": ""Det Norske Veritas (DNV)"",
      ""jurisdiction"": ""International"",
      ""role"": ""Risk management and quality assurance, including certification and standards development""
    },
    {
      ""entity_name"": ""Germanischer Lloyd (GL)"",
      ""jurisdiction"": ""International"",
      ""role"": ""Classification and certification of ships and offshore structures""
    },
    {
      ""entity_name"": ""International Electrotechnical Commission (IEC)"",
      ""jurisdiction"": ""International"",
      ""role"": ""Development of international standards for electrical and electronic technologies, including wind turbines""
    },
    {
      ""entity_name"": ""International Organization for Standardization (ISO)"",
      ""jurisdiction"": ""International"",
      ""role"": ""Development of international standards across various industries, potentially applicable to wind farm components and processes""
    },
    {
      ""entity_name"": ""US Army Corps of Engineers (USACE)"",
      ""jurisdiction"": ""Federal (US)"",
      ""role"": ""Permitting and oversight of construction in navigable waters""
    }
  ]
}
```"
17,225,True,"```json
{
  ""document_metadata"": {
    ""title"": ""Desi g n Standards for Offshore Wind Farms Final Re p ort"",
    ""document_number"": ""M10PC00105"",
    ""type_of_wind_farm"": ""Offshore""
  },
  ""regulatory_constraints"": [
    {
      ""type"": ""Technical"",
      ""requirement"": ""Maximum 1-minute average wind speed at 10 m (33 ft) above the surface must be 119 km/hr (64 kt or 74 mph) or higher to be classified as a Hurricane."",
      ""scope"": ""Northern Hemisphere tropical cyclones east of the International Dateline to the Greenwich Meridian"",
      ""numerical_value"": 119,
      ""unit"": ""km/hr"",
      ""source"": ""Contract M10PC00105: Desi g n Standards for Offshore Wind Farms Final Re p ort"",
      ""related_domains"": ""meteorological, safety""
    }
  ],
  ""regulatory_entities"": []
}
```"
17,226,True,"```json
{
  ""document_metadata"": {
    ""title"": null,
    ""document_number"": null,
    ""type_of_wind_farm"": ""Offshore"" 
  },
  ""regulatory_constraints"": [],
  ""regulatory_entities"": []
}
```

**Explanation:**

The provided document defines various terms related to wind turbines, particularly in an offshore context. However, it does *not* contain any regulatory constraints or mention any regulatory entities.  It's a glossary of terms, not a regulatory document.  Therefore, according to the instructions, all fields related to constraints and entities are null or empty, and the document metadata is filled in as best as possible based on the context.  Since the terms relate to offshore structures, the `type_of_wind_farm` is set to ""Offshore."""
17,227,True,"```json
{
  ""document_metadata"": {
    ""title"": ""Design Standards for Offshore Wind Farms Final Report"",
    ""document_number"": ""M10PC00105"",
    ""type_of_wind_farm"": ""Offshore""
  },
  ""regulatory_constraints"": [
    {
      ""type"": ""Technical"",
      ""requirement"": ""Maximum 1-minute average wind speed at 10 m (33 ft) above the surface ranges from 63 km/hr (34 kt or 39 mph) to 118 km/hr (63 kt or 73 mph) for classification as a Tropical Storm."",
      ""scope"": ""Offshore Wind Farms"",
      ""numerical_value"": ""63-118"",
      ""unit"": ""km/hr"",
      ""source"": ""M10PC00105: Design Standards for Offshore Wind Farms Final Report"",
      ""related_domains"": ""Meteorological, Safety""
    }
  ],
  ""regulatory_entities"": []
}
```"
