"document_id","chunk_number","model_type","model_name","parsed_successfully","raw_output"
"23",1,"deepseek","deepseek-chat",True,"Understood! Please provide the technical document you'd like me to analyze, and I will extract the relevant regulatory entities and constraints in the specified JSON format. If the document does not contain any regulations or rules meeting the criteria, I will return `null` for all values.  

Here’s an example of how I will structure the output for a hypothetical document:  

```json
{
  ""document_metadata"": {
    ""title"": ""Guidelines for Offshore Wind Farm Development in the North Sea"",
    ""document_number"": ""OWF-NS-2023-001"",
    ""type_of_wind_farm"": ""Offshore""
  },
  ""regulatory_constraints"": [
    {
      ""type"": ""Environmental"",
      ""requirement"": ""All wind turbines must maintain a minimum clearance of 1 km from designated marine protected areas."",
      ""scope"": ""North Sea offshore wind projects"",
      ""numerical_value"": ""1"",
      ""unit"": ""km"",
      ""source"": ""North Sea Offshore Wind Regulatory Authority (NSOWRA)"",
      ""related_domains"": [""environmental"", ""spatial""]
    },
    {
      ""type"": ""Technical"",
      ""requirement"": ""Wind turbine foundations must comply with ISO 19902 standards for offshore structures."",
      ""scope"": ""All offshore wind turbine foundations"",
      ""numerical_value"": null,
      ""unit"": null,
      ""source"": ""International Organization for Standardization (ISO)"",
      ""related_domains"": [""technical"", ""safety""]
    }
  ],
  ""regulatory_entities"": [
    {
      ""entity_name"": ""North Sea Offshore Wind Regulatory Authority (NSOWRA)"",
      ""jurisdiction"": ""Regional (North Sea)"",
      ""role"": ""Enforcement of environmental and spatial regulations""
    },
    {
      ""entity_name"": ""International Organization for Standardization (ISO)"",
      ""jurisdiction"": ""International"",
      ""role"": ""Setting technical and safety standards""
    }
  ]
}
```

If you provide the document text, I will analyze it and return the structured output accordingly. Let me know how you'd like to proceed!"
"23",2,"deepseek","deepseek-chat",True,"Understood. Since you haven't provided a specific document for analysis, I'll return a null response as instructed. Here's the structured output:

```json
{
  ""document_metadata"": {
    ""title"": null,
    ""document_number"": null,
    ""type_of_wind_farm"": null
  },
  ""regulatory_constraints"": null,
  ""regulatory_entities"": null
}
```

When you provide a document or text to analyze, I'll extract the relevant regulatory information according to the specified format. Please share the document you'd like me to process, and I'll return a properly structured analysis with all applicable regulatory entities and constraints.

For offshore wind farm documents, I'll particularly focus on:
- International maritime regulations
- Environmental impact requirements
- Grid connection standards
- Safety and navigation rules
- Technical specifications for offshore structures"
"23",3,"deepseek","deepseek-chat",True,"Understood. Since you haven't provided a specific document for analysis, I'll return a null response as instructed. If you share a technical or regulatory document related to offshore wind farms, I can extract the relevant information in the structured JSON format you've defined.

```json
{
  ""document_metadata"": {
    ""title"": null,
    ""document_number"": null,
    ""type_of_wind_farm"": null
  },
  ""regulatory_constraints"": null,
  ""regulatory_entities"": null
}
```

To proceed, please provide:
1. The document text or a clear excerpt containing regulatory content
2. Any relevant metadata (title, document number, etc.)
3. Confirmation if it's specifically for offshore wind (default assumption)

I'll then analyze it and return fully populated structured data following your schema."
"23",4,"deepseek","deepseek-chat",True,"Understood. Since you haven't provided a specific document for analysis, I'll return a null response as instructed. Here's the structured output:

```json
{
  ""document_metadata"": {
    ""title"": null,
    ""document_number"": null,
    ""type_of_wind_farm"": null
  },
  ""regulatory_constraints"": null,
  ""regulatory_entities"": null
}
```

When you provide a technical document related to offshore wind farm planning, construction, or operation, I'll analyze it and extract the relevant regulatory information according to the specified JSON structure. The analysis will focus on:

1. Identifying concrete regulatory requirements with their specific parameters
2. Extracting authoritative entities with their jurisdictional scope
3. Categorizing constraints by type (Spatial, Technical, etc.)
4. Including any referenced technical standards

Please share the document you'd like analyzed, and I'll provide the structured regulatory information extraction."
"23",5,"deepseek","deepseek-chat",True,"Understood! Please provide the technical document or text you'd like me to analyze, and I will extract the relevant regulatory entities and constraints in the specified JSON format.  

If no document is provided, here’s an example of an empty output (as per instruction #2):  

```json
{
  ""document_metadata"": {
    ""title"": null,
    ""document_number"": null,
    ""type_of_wind_farm"": null
  },
  ""regulatory_constraints"": null,
  ""regulatory_entities"": null
}
```  

When you share the document, I will:  
1. Strictly filter for regulatory rules (no descriptive content).  
2. Categorize constraints into **Spatial, Technical, Environmental, Jurisdictional, or Safety**.  
3. Include standards (e.g., ISO 19901-5 for offshore structures).  
4. Exclude zoning ordinances for offshore projects.  

Looking forward to your input!"
"23",6,"deepseek","deepseek-chat",True,"Understood. I'll analyze any document you provide and extract the requested regulatory information in the specified JSON format. 

To proceed, please provide:
1. The document text you'd like analyzed (or key excerpts)
2. Any known metadata (title, document number, etc.)

Without an actual document to analyze, here's an example of what the output would look like for a hypothetical offshore wind regulation document:

```json
{
  ""document_metadata"": {
    ""title"": ""North Sea Offshore Wind Development Guidelines 2023"",
    ""document_number"": ""NSOW-REG-2023-0042"",
    ""type_of_wind_farm"": ""Offshore""
  },
  ""regulatory_constraints"": [
    {
      ""type"": ""Environmental"",
      ""requirement"": ""Turbine foundations must maintain a minimum clearance of 25 meters from the seabed to allow for marine life passage"",
      ""scope"": ""North Sea EEZ"",
      ""numerical_value"": ""25"",
      ""unit"": ""meters"",
      ""source"": ""North Sea Offshore Wind Consortium"",
      ""related_domains"": [""environmental"", ""structural""]
    },
    {
      ""type"": ""Technical"",
      ""requirement"": ""All electrical systems must comply with IEC 61400-24 for lightning protection"",
      ""scope"": ""All offshore installations"",
      ""numerical_value"": null,
      ""unit"": null,
      ""source"": ""International Electrotechnical Commission"",
      ""related_domains"": [""electrical"", ""safety""]
    }
  ],
  ""regulatory_entities"": [
    {
      ""entity_name"": ""North Sea Offshore Wind Consortium"",
      ""jurisdiction"": ""Regional"",
      ""role"": ""Sets technical and environmental standards for North Sea projects""
    },
    {
      ""entity_name"": ""International Electrotechnical Commission"",
      ""jurisdiction"": ""International"",
      ""role"": ""Develops electrical standards for offshore installations""
    }
  ]
}
```

Please provide the actual document content you'd like analyzed, and I'll generate a real extraction following these same strict guidelines."
"23",7,"deepseek","deepseek-chat",True,"Understood. Since you haven't provided a specific document for analysis, I'll return a null response as per instruction #2. Here's the structured output:

```json
{
  ""document_metadata"": {
    ""title"": null,
    ""document_number"": null,
    ""type_of_wind_farm"": null
  },
  ""regulatory_constraints"": null,
  ""regulatory_entities"": null
}
```

When you provide a technical document related to offshore wind farm regulations, I'll analyze it and extract the relevant regulatory entities and constraints according to the specified JSON structure. The analysis will focus on:
- Identifying authoritative regulatory bodies
- Extracting specific numerical requirements and standards
- Categorizing constraints by type (spatial, technical, environmental, etc.)
- Documenting exact requirements with their sources and applicable scopes

Please share the document you'd like analyzed, and I'll provide the structured regulatory information extraction."
"23",8,"deepseek","deepseek-chat",True,"Understood. Since you haven't provided a specific document for analysis, I'll return a null response as instructed. Here's the structured output:

```json
{
  ""document_metadata"": {
    ""title"": null,
    ""document_number"": null,
    ""type_of_wind_farm"": null
  },
  ""regulatory_constraints"": null,
  ""regulatory_entities"": null
}
```

When you provide a technical or regulatory document related to offshore wind farms, I'll analyze it and extract the relevant regulatory entities and constraints according to the specified JSON structure. The analysis will focus exclusively on:
1. Clear regulatory requirements with specific constraints
2. Authoritative regulatory bodies with jurisdiction over wind farm development
3. Technical standards that must be complied with

Please share the document you'd like analyzed, and I'll provide the structured extraction."
"23",9,"deepseek","deepseek-chat",True,"Understood. Since you haven't provided a specific document for analysis, I'll return a null response as instructed. Here's the structured output:

```json
{
  ""document_metadata"": {
    ""title"": null,
    ""document_number"": null,
    ""type_of_wind_farm"": null
  },
  ""regulatory_constraints"": null,
  ""regulatory_entities"": null
}
```

When you provide a document containing offshore wind farm regulatory information, I'll analyze it and extract the relevant entities and constraints according to the specified JSON structure. The analysis will focus strictly on:
- Formal regulatory requirements with clear compliance obligations
- Authoritative bodies with direct regulatory authority
- Technical/environmental standards with measurable criteria
- Jurisdictional boundaries affecting project development

Please share the document you'd like analyzed, and I'll provide the structured regulatory extraction."
"23",10,"deepseek","deepseek-chat",True,"Understood. Since you haven't provided a specific document for analysis, I'll return a null response as instructed. Here's the structured output:

```json
{
  ""document_metadata"": {
    ""title"": null,
    ""document_number"": null,
    ""type_of_wind_farm"": null
  },
  ""regulatory_constraints"": null,
  ""regulatory_entities"": null
}
```

When you provide a document containing offshore wind farm regulatory information, I'll analyze it and extract the relevant entities and constraints according to the specified JSON structure. The analysis will focus strictly on:
- Formal regulatory requirements with clear compliance criteria
- Authoritative bodies with direct regulatory authority
- Technical standards with mandatory application
- Environmental or safety regulations with measurable compliance thresholds

Please share the document you'd like analyzed, and I'll provide the structured extraction."
"23",11,"deepseek","deepseek-chat",True,"Understood. Since you haven't provided a specific document for analysis, I'll return a null response as instructed. Here's the structured output:

```json
{
  ""document_metadata"": {
    ""title"": null,
    ""document_number"": null,
    ""type_of_wind_farm"": null
  },
  ""regulatory_constraints"": null,
  ""regulatory_entities"": null
}
```

When you provide a technical or regulatory document related to offshore wind farms, I'll analyze it and extract the relevant regulatory entities and constraints according to the specified JSON structure. The analysis will focus strictly on:
- Formal regulatory requirements (not guidelines or recommendations)
- Authoritative standards (e.g., IEC, ISO, national standards)
- Jurisdictional rules with specific compliance criteria
- Environmental or technical mandates with measurable requirements

Please share the document you'd like analyzed, and I'll provide the structured extraction."
"23",12,"deepseek","deepseek-chat",True,"Understood. Since no specific document was provided for analysis, I'll return null values as instructed. When you provide a technical or regulatory document related to offshore wind farms, I'll extract the relevant information and structure it according to the specified JSON format.

```json
{
  ""document_metadata"": {
    ""title"": null,
    ""document_number"": null,
    ""type_of_wind_farm"": null
  },
  ""regulatory_constraints"": null,
  ""regulatory_entities"": null
}
```

To proceed with actual data extraction, please provide:
1. The document text/content to analyze
2. Any relevant metadata (title, document number, etc.)
3. Confirmation if this is specifically for offshore wind (default assumption)

I'll then extract only the regulatory entities and specific constraints that meet the criteria you've defined."
"23",13,"deepseek","deepseek-chat",True,"Understood. Since you haven't provided a specific document for analysis, I'll return a null response as per instruction #2. Here's the structured output:

```json
{
  ""document_metadata"": {
    ""title"": null,
    ""document_number"": null,
    ""type_of_wind_farm"": null
  },
  ""regulatory_constraints"": null,
  ""regulatory_entities"": null
}
```

When you provide a technical or regulatory document related to offshore wind farms, I'll analyze it and extract the relevant information according to the specified JSON structure. Please share the document text you'd like analyzed, and I'll provide a properly formatted extraction of all regulatory entities and constraints contained within it."
"23",14,"deepseek","deepseek-chat",True,"Understood! I'll analyze any technical document you provide related to offshore wind farm planning, construction, or operation and extract the relevant regulatory entities and constraints in the specified JSON format.  

Since you haven't provided a specific document yet, here’s an example of how I would structure the output if given a regulatory document:  

### **Example Output (Based on a Hypothetical Document)**  
```json
{
  ""document_metadata"": {
    ""title"": ""Offshore Wind Energy Development Guidelines"",
    ""document_number"": ""OWED-2023-001"",
    ""type_of_wind_farm"": ""Offshore""
  },
  ""regulatory_constraints"": [
    {
      ""type"": ""Environmental"",
      ""requirement"": ""Turbine foundations must avoid marine mammal migratory paths."",
      ""scope"": ""North Atlantic offshore wind lease areas"",
      ""numerical_value"": null,
      ""unit"": null,
      ""source"": ""Bureau of Ocean Energy Management (BOEM)"",
      ""related_domains"": [""Environmental impact"", ""Marine wildlife protection""]
    },
    {
      ""type"": ""Technical"",
      ""requirement"": ""Wind turbines must comply with IEC 61400-3 for offshore structural design."",
      ""scope"": ""All offshore wind projects"",
      ""numerical_value"": null,
      ""unit"": null,
      ""source"": ""International Electrotechnical Commission (IEC)"",
      ""related_domains"": [""Structural engineering"", ""Safety standards""]
    },
    {
      ""type"": ""Spatial"",
      ""requirement"": ""Minimum distance between turbines must be at least 5 times the rotor diameter."",
      ""scope"": ""U.S. federal waters"",
      ""numerical_value"": 5,
      ""unit"": ""rotor diameters"",
      ""source"": ""Federal Energy Regulatory Commission (FERC)"",
      ""related_domains"": [""Wind farm layout optimization"", ""Safety""]
    }
  ],
  ""regulatory_entities"": [
    {
      ""entity_name"": ""Bureau of Ocean Energy Management (BOEM)"",
      ""jurisdiction"": ""Federal (U.S.)"",
      ""role"": ""Leasing and permitting authority for offshore wind projects""
    },
    {
      ""entity_name"": ""International Electrotechnical Commission (IEC)"",
      ""jurisdiction"": ""International"",
      ""role"": ""Standard-setting body for wind turbine design""
    },
    {
      ""entity_name"": ""Federal Energy Regulatory Commission (FERC)"",
      ""jurisdiction"": ""Federal (U.S.)"",
      ""role"": ""Regulator of interstate energy transmission""
    }
  ]
}
```

### **Next Steps**  
Please provide the document you'd like analyzed, and I'll extract the relevant regulatory information in the required format. If the document does not contain enforceable regulations, I will return `null` for all values.  

Let me know how you'd like to proceed!"
"23",15,"deepseek","deepseek-chat",True,"Understood. Since you haven't provided a specific document for analysis, I'll return a null response as instructed. Here's the structured output:

```json
{
  ""document_metadata"": {
    ""title"": null,
    ""document_number"": null,
    ""type_of_wind_farm"": null
  },
  ""regulatory_constraints"": null,
  ""regulatory_entities"": null
}
```

When you provide a document, I'll analyze it and extract the relevant regulatory information according to the specified schema. The analysis will focus exclusively on:
1. Concrete regulatory requirements (not recommendations or guidance)
2. Official standards and specifications
3. Clear jurisdictional authorities
4. Quantitative constraints where specified

For offshore wind projects, I'll particularly focus on:
- Marine spatial planning constraints
- Grid connection standards
- Navigational safety requirements
- Environmental impact thresholds
- International maritime regulations

Would you like to provide a document for analysis?"
"23",16,"deepseek","deepseek-chat",True,"Understood. Since you haven't provided a specific document for analysis, I'll return a null response as instructed. Here's the structured output:

```json
{
  ""document_metadata"": {
    ""title"": null,
    ""document_number"": null,
    ""type_of_wind_farm"": null
  },
  ""regulatory_constraints"": null,
  ""regulatory_entities"": null
}
```

When you provide a technical document related to offshore wind farm planning, construction, or operation, I'll analyze it and extract the relevant regulatory entities and constraints according to the specified JSON structure. The analysis will focus exclusively on:
1) Clear regulatory requirements with potential numerical values
2) Authoritative bodies with jurisdiction over wind farm development
3) Standards and specifications that constitute binding requirements

Please share the document you'd like analyzed, and I'll provide the structured extraction."
"23",17,"deepseek","deepseek-chat",True,"Understood. Since you haven't provided a specific document for analysis, I'll return a null response as instructed. When you provide a document, I'll analyze it and extract the relevant regulatory entities and constraints according to the specified JSON format.  

```json
{
  ""document_metadata"": {
    ""title"": null,
    ""document_number"": null,
    ""type_of_wind_farm"": null
  },
  ""regulatory_constraints"": null,
  ""regulatory_entities"": null
}
```  

Please upload or provide the text of the document you'd like analyzed, and I'll extract the relevant regulatory information in the required structure."
"23",18,"deepseek","deepseek-chat",True,"Understood. Since you haven't provided a specific document for analysis, I'll return a null response as instructed. Here's the structured output:

```json
{
  ""document_metadata"": {
    ""title"": null,
    ""document_number"": null,
    ""type_of_wind_farm"": null
  },
  ""regulatory_constraints"": null,
  ""regulatory_entities"": null
}
```

When you provide a document containing offshore wind farm regulatory information, I'll analyze it and extract the relevant entities and constraints according to the specified schema. The analysis will focus exclusively on:
- Clear regulatory requirements with specific rules or standards
- Authoritative bodies with jurisdiction over wind farm operations
- Technical specifications with measurable values where available
- Offshore-specific regulations (excluding zoning ordinances)

Please share the document you'd like analyzed, and I'll provide the structured extraction accordingly."
"23",19,"deepseek","deepseek-chat",True,"Understood. Since you haven't provided a specific document for analysis, I'll return a null output as instructed. Here's the structured response:

```json
{
  ""document_metadata"": {
    ""title"": null,
    ""document_number"": null,
    ""type_of_wind_farm"": null
  },
  ""regulatory_constraints"": null,
  ""regulatory_entities"": null
}
```

When you provide a document containing offshore wind farm regulatory or technical information, I'll extract the relevant entities and constraints according to the specified schema. The analysis will focus exclusively on:
- Clear regulatory requirements with measurable standards
- Authoritative bodies with direct regulatory authority
- Technical specifications that are mandatory for compliance

Please share the document you'd like analyzed, and I'll provide the structured extraction."
"23",20,"deepseek","deepseek-chat",True,"Understood. Since you haven't provided a specific document for analysis, I'll return a null response as instructed. When you provide a document, I'll extract the relevant regulatory information in the structured JSON format you've defined.

```json
{
  ""document_metadata"": {
    ""title"": null,
    ""document_number"": null,
    ""type_of_wind_farm"": null
  },
  ""regulatory_constraints"": null,
  ""regulatory_entities"": null
}
```

To proceed with actual extraction, please provide:
1. The document text or PDF to analyze
2. Any specific pages/sections to focus on
3. The geographic region if known (as regulations vary by jurisdiction)

I'm ready to analyze technical standards, environmental regulations, safety requirements, or other constraints specific to offshore wind development when you provide the source material."
"23",21,"deepseek","deepseek-chat",True,"Understood. Since you haven't provided a specific document for analysis, I'll return a null response as instructed. When you provide a technical or regulatory document related to offshore wind farms, I'll extract the relevant information and structure it according to the specified JSON format.

```json
{
  ""document_metadata"": {
    ""title"": null,
    ""document_number"": null,
    ""type_of_wind_farm"": null
  },
  ""regulatory_constraints"": null,
  ""regulatory_entities"": null
}
```

Please share the document you'd like analyzed, and I'll extract the regulatory entities and constraints according to the given schema. For offshore wind farms, I'll focus on:
- International/national maritime regulations
- Technical standards (e.g., IEC 61400 series)
- Environmental impact directives
- Safety requirements (e.g., aviation, navigation)
- Grid connection standards

I will exclude any onshore/zoning-related content unless specifically relevant to offshore projects."
"23",22,"deepseek","deepseek-chat",True,"Understood. Since you haven't provided a specific document for analysis, I'll return a null response as instructed. Here's the structured output:

```json
{
  ""document_metadata"": {
    ""title"": null,
    ""document_number"": null,
    ""type_of_wind_farm"": null
  },
  ""regulatory_constraints"": null,
  ""regulatory_entities"": null
}
```

When you provide a technical or regulatory document related to offshore wind farms, I'll analyze it and extract the relevant information according to the specified JSON schema. Please share the document text or key details you'd like analyzed, and I'll return the properly structured regulatory information.

For offshore wind projects, I'll focus on:
- International maritime regulations
- National offshore energy policies
- Technical standards for marine structures
- Environmental protections for marine ecosystems
- Safety requirements for offshore operations"
"23",23,"deepseek","deepseek-chat",True,"Understood. Since you haven't provided a specific document for analysis, I'll demonstrate the output format with a null response. When you provide a document, I'll extract the relevant regulatory information as structured JSON.

```json
{
  ""document_metadata"": {
    ""title"": null,
    ""document_number"": null,
    ""type_of_wind_farm"": null
  },
  ""regulatory_constraints"": null,
  ""regulatory_entities"": null
}
```

To get a proper analysis, please provide:
1. The document text you'd like analyzed
2. Any relevant metadata (title, document number, etc.)
3. Confirmation if it's specifically about offshore wind farms

I'll then extract all regulatory entities and constraints according to the specified schema, filtering out non-regulatory content and focusing only on actionable requirements."
"23",24,"deepseek","deepseek-chat",True,"Understood. I'll analyze any document you provide and extract the requested regulatory information in the specified JSON format. 

Since you haven't provided a specific document for analysis yet, here's an empty template ready to be populated with extracted data:

```json
{
  ""document_metadata"": {
    ""title"": null,
    ""document_number"": null,
    ""type_of_wind_farm"": null
  },
  ""regulatory_constraints"": [],
  ""regulatory_entities"": []
}
```

When you provide a document, I will:
1. Scan for explicit regulatory requirements (not guidelines or recommendations)
2. Identify all authoritative bodies mentioned
3. Extract numerical values with their units when present
4. Categorize constraints by type (Spatial, Technical, etc.)
5. Only include information directly governing offshore wind farm development

For optimal results, please provide:
- The full document text
- Or specific sections containing regulatory content
- Any known metadata about the document source/authority

Would you like to upload a document for analysis now?"
"23",25,"deepseek","deepseek-chat",True,"Understood. Since you haven't provided a specific document for analysis, I'll return a null response as instructed. Here's the structured output:

```json
{
  ""document_metadata"": {
    ""title"": null,
    ""document_number"": null,
    ""type_of_wind_farm"": null
  },
  ""regulatory_constraints"": null,
  ""regulatory_entities"": null
}
```

When you provide a technical or regulatory document related to offshore wind farms, I'll analyze it and extract the relevant regulatory entities and constraints according to the specified JSON format. The analysis will focus strictly on:
- Formal regulatory requirements with clear constraints
- Authoritative regulatory bodies
- Technical/environmental standards with measurable parameters
- Jurisdictional authorities with enforcement powers

Please share the document you'd like analyzed, and I'll provide the structured extraction."
"23",26,"deepseek","deepseek-chat",True,"Understood. Since you haven't provided a specific document for analysis, I'll return a null response as instructed. Here's the structured output:

```json
{
  ""document_metadata"": {
    ""title"": null,
    ""document_number"": null,
    ""type_of_wind_farm"": null
  },
  ""regulatory_constraints"": null,
  ""regulatory_entities"": null
}
```

When you provide a technical document related to offshore wind farm planning, construction, or operation, I'll analyze it and extract the relevant regulatory entities and constraints according to the specified JSON structure. The analysis will focus strictly on:
- Formal regulatory requirements (not guidance or recommendations)
- Standards with compliance implications
- Authoritative bodies with regulatory power
- Quantifiable constraints where specified

Please share the document you'd like analyzed and I'll provide the structured extraction."
"23",27,"deepseek","deepseek-chat",True,"Understood. Since you haven't provided a specific document for analysis, I'll return a null response as instructed. Here's the structured output:

```json
{
  ""document_metadata"": {
    ""title"": null,
    ""document_number"": null,
    ""type_of_wind_farm"": null
  },
  ""regulatory_constraints"": null,
  ""regulatory_entities"": null
}
```

When you provide a technical document related to offshore wind farm planning, construction, or operation, I'll analyze it and extract the relevant regulatory entities and constraints according to the specified JSON structure. Please share the document you'd like analyzed, and I'll provide a comprehensive extraction of the regulatory information it contains."
"23",28,"deepseek","deepseek-chat",True,"Understood. Since you haven't provided a specific document for analysis, I'll return a null response as instructed. Here's the structured output:

```json
{
  ""document_metadata"": {
    ""title"": null,
    ""document_number"": null,
    ""type_of_wind_farm"": null
  },
  ""regulatory_constraints"": null,
  ""regulatory_entities"": null
}
```

When you provide a specific technical or regulatory document related to offshore wind farms, I'll analyze it and extract the relevant regulatory entities and constraints according to the specified JSON structure. Please share the document text or key details you'd like analyzed, and I'll provide a comprehensive extraction of the regulatory information."
"23",29,"deepseek","deepseek-chat",True,"Understood. Since you haven't provided a specific document for analysis, I'll return a null response as instructed. Here's the structured output:

```json
{
  ""document_metadata"": {
    ""title"": null,
    ""document_number"": null,
    ""type_of_wind_farm"": null
  },
  ""regulatory_constraints"": null,
  ""regulatory_entities"": null
}
```

When you provide a document containing offshore wind farm regulatory information, I'll extract and structure the relevant entities and constraints according to the specified format. My analysis will focus exclusively on:
- Clear regulatory requirements with specific constraints
- Authoritative regulatory bodies
- Technical standards with measurable parameters
- Jurisdictional boundaries and enforcement mechanisms

Please share the document you'd like analyzed, and I'll provide the structured regulatory information extraction."
"23",30,"deepseek","deepseek-chat",True,"Understood! Since you haven't provided a specific document for analysis, I'll return a null response as instructed. Here's the structured output:

```json
{
  ""document_metadata"": {
    ""title"": null,
    ""document_number"": null,
    ""type_of_wind_farm"": null
  },
  ""regulatory_constraints"": null,
  ""regulatory_entities"": null
}
```

When you provide a document (text, PDF, or other extractable content), I'll analyze it and extract the relevant regulatory entities and constraints according to the specified JSON format. 

Key things I'll look for in documents:
- Government agencies or international bodies setting rules
- Technical standards (e.g., ""turbine foundations shall withstand 1-in-50-year wave loads"")
- Environmental protections (e.g., ""construction prohibited during whale migration seasons"")
- Safety requirements (e.g., ""minimum 1km clearance from shipping lanes"")

Please share the document you'd like analyzed, and I'll provide the structured extraction."
"23",31,"deepseek","deepseek-chat",True,"Understood. Since you haven't provided a specific document for analysis, I'll return a null response as per instruction #2. When you provide a technical or regulatory document related to offshore wind farms, I'll extract the relevant information strictly following the requested JSON schema and instructions.

```json
{
  ""document_metadata"": {
    ""title"": null,
    ""document_number"": null,
    ""type_of_wind_farm"": null
  },
  ""regulatory_constraints"": null,
  ""regulatory_entities"": null
}
```

To proceed, please provide:
1. The document text or file to analyze
2. Any specific jurisdiction focus (e.g., US, EU, international waters)
3. Preferred level of detail for paraphrasing vs. direct quotes

I'll then deliver precise extractions of regulatory entities and constraints with proper categorization, numerical values (where applicable), and sourcing. For offshore wind projects, I'll exclude any irrelevant onshore/zoning information as instructed."
"23",32,"deepseek","deepseek-chat",True,"Understood. Since you haven't provided a specific document for analysis, I'll return a null response as instructed. When you provide a document, I'll analyze it and extract the relevant regulatory information in the specified JSON format.

```json
{
  ""document_metadata"": {
    ""title"": null,
    ""document_number"": null,
    ""type_of_wind_farm"": null
  },
  ""regulatory_constraints"": null,
  ""regulatory_entities"": null
}
```

Please provide the document you'd like analyzed, and I'll extract the relevant regulatory information according to your specified format and instructions. For offshore wind farm documents, I'll focus on technical standards, environmental protections, safety requirements, and jurisdictional rules while excluding zoning ordinances."
"23",33,"deepseek","deepseek-chat",True,"Understood. Since you haven't provided a specific document for analysis, I'll return a null response as instructed. When you provide a technical or regulatory document related to offshore wind farms, I'll extract the relevant information and structure it according to the specified JSON format.

```json
{
  ""document_metadata"": {
    ""title"": null,
    ""document_number"": null,
    ""type_of_wind_farm"": null
  },
  ""regulatory_constraints"": null,
  ""regulatory_entities"": null
}
```

Please share the document you'd like analyzed, and I'll extract the regulatory entities and constraints with high precision, following all your specified requirements. For offshore wind farms, I'll focus on marine spatial planning, technical standards, environmental protections, and safety regulations while excluding irrelevant zoning ordinances."
"23",34,"deepseek","deepseek-chat",True,"Understood. Since you haven't provided a specific document for analysis, I'll return a null response as per instruction #2. Here's the structured output:

```json
{
  ""document_metadata"": {
    ""title"": null,
    ""document_number"": null,
    ""type_of_wind_farm"": null
  },
  ""regulatory_constraints"": null,
  ""regulatory_entities"": null
}
```

When you provide a technical document related to offshore wind farm regulations, I'll analyze it and extract the relevant regulatory entities and constraints according to the specified JSON structure. The analysis will focus exclusively on:
- Formal regulatory requirements
- Authoritative standards
- Governing bodies with regulatory authority
- Quantifiable constraints with their units
- Clear jurisdictional boundaries

Please share a document when you're ready for analysis."
"23",35,"deepseek","deepseek-chat",True,"Understood. Since you haven't provided a specific document for analysis, I'll return a null response as instructed. Here's the structured output:

```json
{
  ""document_metadata"": {
    ""title"": null,
    ""document_number"": null,
    ""type_of_wind_farm"": null
  },
  ""regulatory_constraints"": null,
  ""regulatory_entities"": null
}
```

When you provide a technical or regulatory document related to offshore wind farms, I'll analyze it and extract the relevant regulatory entities and constraints according to the specified JSON structure. The analysis will focus strictly on:
- Formal regulatory requirements with clear constraints
- Authoritative regulatory bodies
- Technical/environmental standards
- Jurisdictional boundaries
- Safety regulations

For offshore projects, I'll exclude any zoning ordinance information as instructed. Please provide the document you'd like analyzed."
"23",36,"deepseek","deepseek-chat",True,"Understood. Since you haven't provided a specific document for analysis, I'll demonstrate the output format with a generic example based on typical offshore wind regulatory content. When you provide an actual document, I'll analyze it precisely according to your requirements.

Example Output (for illustration only):

```json
{
  ""document_metadata"": {
    ""title"": ""Example Offshore Wind Energy Regulations"",
    ""document_number"": ""OWF-REG-2023"",
    ""type_of_wind_farm"": ""Offshore""
  },
  ""regulatory_constraints"": [
    {
      ""type"": ""Environmental"",
      ""requirement"": ""All turbines must maintain a minimum clearance of 1 km from identified marine mammal migration routes"",
      ""scope"": ""North Sea development zones"",
      ""numerical_value"": ""1"",
      ""unit"": ""km"",
      ""source"": ""OSPAR Commission Decision 2022/5"",
      ""related_domains"": [""environmental"", ""siting""]
    },
    {
      ""type"": ""Technical"",
      ""requirement"": ""Substation foundations shall comply with ISO 19901-4 for geotechnical design"",
      ""scope"": ""All offshore installations"",
      ""numerical_value"": null,
      ""unit"": null,
      ""source"": ""International Electrotechnical Commission (IEC) 61400-3"",
      ""related_domains"": [""structural engineering"", ""electrical systems""]
    }
  ],
  ""regulatory_entities"": [
    {
      ""entity_name"": ""Bureau of Ocean Energy Management (BOEM)"",
      ""jurisdiction"": ""Federal (US Outer Continental Shelf)"",
      ""role"": ""Leasing and permitting authority""
    },
    {
      ""entity_name"": ""Marine Management Organisation"",
      ""jurisdiction"": ""National (UK waters)"",
      ""role"": ""Environmental consenting authority""
    }
  ]
}
```

To proceed with actual analysis:
1. Please provide the document text or specify the source material
2. Indicate if you need extraction from a specific section
3. Confirm if you want to include international standards (IEC, ISO, etc.)

Without an actual document, I cannot perform meaningful extraction. The above example shows the structure I'll use when processing real regulatory content."
"23",37,"deepseek","deepseek-chat",True,"Understood. Since you haven't provided a specific document for analysis, I'll return a null response as instructed. Here's the structured output:

```json
{
  ""document_metadata"": {
    ""title"": null,
    ""document_number"": null,
    ""type_of_wind_farm"": null
  },
  ""regulatory_constraints"": null,
  ""regulatory_entities"": null
}
```

When you provide a technical or regulatory document related to offshore wind farms, I'll analyze it and extract the relevant regulatory entities and constraints according to the specified JSON structure. The analysis will focus on:
1) Identifying authoritative bodies with regulatory power
2) Extracting specific requirements with their numerical values, units, and scopes
3) Classifying constraints by type (spatial, technical, etc.)
4) Maintaining strict relevance to offshore wind development regulations

Please share the document you'd like analyzed, and I'll provide the structured extraction."
"23",38,"deepseek","deepseek-chat",True,"Understood. Since you haven't provided a specific document for analysis, I'll return a null response as instructed. Here's the structured output:

```json
{
  ""document_metadata"": {
    ""title"": null,
    ""document_number"": null,
    ""type_of_wind_farm"": null
  },
  ""regulatory_constraints"": null,
  ""regulatory_entities"": null
}
```

When you provide a document or text to analyze, I'll extract the relevant regulatory information according to the specified format, following all the guidelines you've outlined (focusing on strict regulations, excluding descriptive content, omitting zoning ordinances for offshore projects, including standards specifications, etc.).

Please share the document/text you'd like analyzed, and I'll provide the structured extraction accordingly."
"23",39,"deepseek","deepseek-chat",True,"Understood! I'll analyze any technical document you provide related to offshore wind farm planning, construction, or operation, and extract the relevant regulatory entities and constraints in the specified JSON format.  

Since you haven't provided a specific document yet, here’s an example of how the structured output would look if given a typical offshore wind regulatory document:  

### **Example Output (for illustration purposes only)**  

```json
{
  ""document_metadata"": {
    ""title"": ""U.S. Bureau of Ocean Energy Management (BOEM) Offshore Wind Energy Regulations"",
    ""document_number"": ""30 CFR Part 585"",
    ""type_of_wind_farm"": ""Offshore""
  },
  ""regulatory_constraints"": [
    {
      ""type"": ""Spatial"",
      ""requirement"": ""Wind turbines must be spaced at least 0.8 nautical miles apart to minimize wake effects."",
      ""scope"": ""U.S. Outer Continental Shelf (OCS)"",
      ""numerical_value"": ""0.8"",
      ""unit"": ""nautical miles"",
      ""source"": ""BOEM 30 CFR § 585.701"",
      ""related_domains"": [""Technical"", ""Safety""]
    },
    {
      ""type"": ""Environmental"",
      ""requirement"": ""Pre-construction surveys must assess potential impacts on marine mammals and seabirds."",
      ""scope"": ""U.S. offshore wind lease areas"",
      ""numerical_value"": null,
      ""unit"": null,
      ""source"": ""BOEM Environmental Compliance Guidelines"",
      ""related_domains"": [""Environmental"", ""Permitting""]
    },
    {
      ""type"": ""Technical"",
      ""requirement"": ""Substation foundations must comply with ISO 19901-4 for geotechnical design."",
      ""scope"": ""Offshore wind substations"",
      ""numerical_value"": null,
      ""unit"": null,
      ""source"": ""ISO 19901-4"",
      ""related_domains"": [""Structural Engineering""]
    }
  ],
  ""regulatory_entities"": [
    {
      ""entity_name"": ""Bureau of Ocean Energy Management (BOEM)"",
      ""jurisdiction"": ""Federal (U.S.)"",
      ""role"": ""Leasing, permitting, and environmental oversight""
    },
    {
      ""entity_name"": ""International Organization for Standardization (ISO)"",
      ""jurisdiction"": ""International"",
      ""role"": ""Setting technical standards for offshore structures""
    }
  ]
}
```

### **Next Steps**  
Please provide the document you'd like analyzed, and I will extract the relevant regulatory constraints and entities in the specified format.  

Would you like to upload a PDF, link, or text excerpt for processing?"
"23",40,"deepseek","deepseek-chat",True,"Understood. Since you haven't provided a specific document for analysis, I'll return a null response as instructed. Here's the structured output:

```json
{
  ""document_metadata"": {
    ""title"": null,
    ""document_number"": null,
    ""type_of_wind_farm"": null
  },
  ""regulatory_constraints"": null,
  ""regulatory_entities"": null
}
```

When you provide a technical or regulatory document related to offshore wind farms, I'll analyze it and extract the relevant information according to the specified JSON structure, focusing on:
1. Clear regulatory requirements with specific constraints
2. Authoritative entities with jurisdiction over wind farm development
3. Proper categorization of constraints by type (spatial, technical, environmental, etc.)

Please share the document you'd like analyzed, and I'll provide the structured extraction."
"23",41,"deepseek","deepseek-chat",True,"Understood! I'll analyze any document you provide and extract the relevant regulatory entities and constraints in the specified JSON format. 

To proceed, please provide:
1. The document text/content you'd like analyzed
2. Any available metadata (title, document number, etc.)

Without an actual document to analyze, I can only provide the empty template structure. Here's what the output would look like when populated:

```json
{
  ""document_metadata"": {
    ""title"": null,
    ""document_number"": null,
    ""type_of_wind_farm"": null
  },
  ""regulatory_constraints"": [],
  ""regulatory_entities"": []
}
```

When you share a document, I'll:
- Identify whether it's offshore/onshore
- Extract only binding requirements (not recommendations)
- Classify constraints by type (spatial, technical, etc.)
- Capture numerical values with units where present
- List authoritative sources for each constraint
- Map all regulatory bodies with their jurisdictions

For example, if you provided an offshore wind lease document from BOEM, I would extract items like:
- Minimum distance requirements from shipping lanes
- Foundation design standards
- Protected species mitigation measures
- Relevant regulatory bodies like BOEM, USCG, NOAA, etc.

Please share the document you'd like analyzed and I'll provide the structured extraction."
"23",42,"deepseek","deepseek-chat",True,"Understood. Since you haven't provided a specific document for analysis, I'll return a null response as instructed. When you provide a document, I'll extract the relevant regulatory information in the structured JSON format you've specified.

```json
{
  ""document_metadata"": {
    ""title"": null,
    ""document_number"": null,
    ""type_of_wind_farm"": null
  },
  ""regulatory_constraints"": null,
  ""regulatory_entities"": null
}
```

Please provide the technical or regulatory document you'd like analyzed, and I'll extract the relevant information according to your specifications. For offshore wind farm documents, I'll focus on maritime regulations, environmental protections, technical standards, and safety requirements while excluding any zoning-related content."
"23",43,"deepseek","deepseek-chat",True,"Understood. Since you haven't provided a specific document for analysis, I'll return a null response as instructed. When you provide a document, I'll extract the relevant regulatory information according to the specified JSON format.

```json
{
  ""document_metadata"": {
    ""title"": null,
    ""document_number"": null,
    ""type_of_wind_farm"": null
  },
  ""regulatory_constraints"": null,
  ""regulatory_entities"": null
}
```

Please provide the technical or regulatory document you'd like analyzed, and I'll extract the relevant entities and constraints according to the given schema. My analysis will focus exclusively on binding requirements (not recommendations or guidance) that directly affect offshore wind farm planning, construction, or operation."
"23",44,"deepseek","deepseek-chat",True,"Understood. Since you haven't provided a specific document for analysis, I'll return a null response as instructed. Here's the structured output:

```json
{
  ""document_metadata"": {
    ""title"": null,
    ""document_number"": null,
    ""type_of_wind_farm"": null
  },
  ""regulatory_constraints"": null,
  ""regulatory_entities"": null
}
```

When you provide a technical document related to offshore wind farm planning, construction, or operation, I'll analyze it and extract the relevant regulatory entities and constraints according to the specified JSON structure. The analysis will focus exclusively on:
- Formal regulatory requirements (not guidelines or recommendations)
- Standards with compliance implications
- Authoritative regulatory bodies
- Quantifiable constraints with clear jurisdictions

Please share the document you'd like analyzed, and I'll provide the structured extraction."
"23",45,"deepseek","deepseek-chat",True,"Understood. Since you haven't provided a specific document for analysis, I'll return a null response as per instruction #2. Here's the structured output:

```json
{
  ""document_metadata"": {
    ""title"": null,
    ""document_number"": null,
    ""type_of_wind_farm"": null
  },
  ""regulatory_constraints"": null,
  ""regulatory_entities"": null
}
```

When you provide a document, I'll analyze it and extract:
1. All specific regulatory requirements with their parameters
2. The authoritative entities mentioned
3. The exact document metadata

For offshore wind projects, I'll particularly focus on:
- Marine spatial planning constraints
- Grid connection standards
- Vessel traffic safety zones
- Foundations engineering requirements
- Environmental impact thresholds
- International maritime regulations

Please share the document you'd like analyzed, and I'll provide the structured regulatory extraction."
"23",46,"deepseek","deepseek-chat",True,"Understood. Since you haven't provided a specific document for analysis, I'll return a null response as instructed. When you provide a technical or regulatory document related to offshore wind farms, I'll extract the relevant information and structure it according to the specified JSON format.

```json
{
  ""document_metadata"": {
    ""title"": null,
    ""document_number"": null,
    ""type_of_wind_farm"": null
  },
  ""regulatory_constraints"": null,
  ""regulatory_entities"": null
}
```

Please share the document you'd like analyzed, and I'll extract the regulatory entities and constraints according to the given schema. For offshore wind farms, I'll focus on relevant regulations while excluding zoning ordinances and including technical standards where applicable."
"23",47,"deepseek","deepseek-chat",True,"Understood. Since you haven't provided a specific document for analysis, I'll return a null response as instructed. Here's the structured output:

```json
{
  ""document_metadata"": {
    ""title"": null,
    ""document_number"": null,
    ""type_of_wind_farm"": null
  },
  ""regulatory_constraints"": null,
  ""regulatory_entities"": null
}
```

When you provide a document, I'll analyze it and extract the relevant regulatory information according to the specified schema. The analysis will focus exclusively on:
- Concrete regulatory requirements with measurable/verifiable constraints
- Official regulatory bodies with clear authority
- Technical standards that directly impact wind farm development
- Offshore-specific regulations (excluding zoning ordinances)

Would you like to provide a document for analysis now?"
"23",48,"deepseek","deepseek-chat",True,"Understood. Since you haven't provided a specific document for analysis, I'll return a null response as instructed. Here's the structured output:

```json
{
  ""document_metadata"": {
    ""title"": null,
    ""document_number"": null,
    ""type_of_wind_farm"": null
  },
  ""regulatory_constraints"": null,
  ""regulatory_entities"": null
}
```

When you provide a document, I'll analyze it and extract:
1. All specific regulatory requirements with their parameters
2. All authoritative entities mentioned
3. The exact context of each requirement (scope, units, sources)
4. Only concrete rules (not guidelines or recommendations)

The output will be strictly limited to enforceable regulations and standards relevant to offshore wind farm development. Would you like to provide a document for analysis?"
"23",49,"deepseek","deepseek-chat",True,"Understood. Since you haven't provided a specific document for analysis, I'll return a null response as instructed. Here's the structured output:

```json
{
  ""document_metadata"": {
    ""title"": null,
    ""document_number"": null,
    ""type_of_wind_farm"": null
  },
  ""regulatory_constraints"": null,
  ""regulatory_entities"": null
}
```

When you provide a document containing offshore wind farm regulatory information, I'll analyze it and extract the relevant entities and constraints according to the specified format. The analysis will focus exclusively on:
1. Clear regulatory requirements with specific rules or standards
2. Authoritative entities with direct regulatory authority
3. Technical specifications that are mandatory for compliance

Would you like to provide a document for analysis now?"
"23",50,"deepseek","deepseek-chat",True,"Understood. Since you haven't provided a specific document for analysis, I'll return a null response as instructed. Here's the structured output:

```json
{
  ""document_metadata"": {
    ""title"": null,
    ""document_number"": null,
    ""type_of_wind_farm"": null
  },
  ""regulatory_constraints"": null,
  ""regulatory_entities"": null
}
```

When you provide a document containing offshore wind farm regulatory information, I'll analyze it and extract the relevant entities and constraints according to the specified format. My analysis will focus exclusively on:
- Clear regulatory requirements with specific rules or standards
- Authoritative bodies with jurisdiction over wind farm development
- Technical specifications that constitute binding requirements
- Environmental or safety mandates with measurable compliance criteria

Please share the document you'd like analyzed, and I'll provide the structured regulatory information extraction."
"23",51,"deepseek","deepseek-chat",True,"Understood! I'll analyze any technical document you provide related to offshore wind farm planning, construction, or operation, and extract structured regulatory information in the specified JSON format.  

Since you haven't provided a specific document yet, here’s an example of how I would structure the output if given a regulatory document:  

### **Example Input Document:**  
*""Offshore Wind Farm Development Guidelines – U.S. Bureau of Ocean Energy Management (BOEM), 2023""*  

### **Example Output:**  
```json
{
  ""document_metadata"": {
    ""title"": ""Offshore Wind Farm Development Guidelines"",
    ""document_number"": ""BOEM-2023-001"",
    ""type_of_wind_farm"": ""Offshore""
  },
  ""regulatory_constraints"": [
    {
      ""type"": ""Environmental"",
      ""requirement"": ""Developers must conduct a full Environmental Impact Assessment (EIA) prior to construction."",
      ""scope"": ""U.S. federal waters"",
      ""numerical_value"": null,
      ""unit"": null,
      ""source"": ""BOEM-2023-001, Section 4.2"",
      ""related_domains"": [""environmental"", ""permitting""]
    },
    {
      ""type"": ""Technical"",
      ""requirement"": ""Turbine foundations must comply with ISO 19901-4 for offshore structures."",
      ""scope"": ""All offshore wind projects"",
      ""numerical_value"": null,
      ""unit"": null,
      ""source"": ""BOEM-2023-001, Appendix B"",
      ""related_domains"": [""structural engineering"", ""safety""]
    },
    {
      ""type"": ""Spatial"",
      ""requirement"": ""Wind turbines must maintain a minimum clearance of 1 nautical mile from shipping lanes."",
      ""scope"": ""U.S. coastal waters"",
      ""numerical_value"": 1,
      ""unit"": ""nautical mile"",
      ""source"": ""BOEM-2023-001, Section 5.3"",
      ""related_domains"": [""navigation safety"", ""maritime operations""]
    }
  ],
  ""regulatory_entities"": [
    {
      ""entity_name"": ""Bureau of Ocean Energy Management (BOEM)"",
      ""jurisdiction"": ""Federal (U.S.)"",
      ""role"": ""Permitting and leasing authority for offshore wind projects""
    },
    {
      ""entity_name"": ""International Organization for Standardization (ISO)"",
      ""jurisdiction"": ""International"",
      ""role"": ""Sets technical standards for offshore structures""
    }
  ]
}
```

### **Next Steps:**  
Please provide the document you'd like analyzed, and I will extract the relevant regulatory entities and constraints in this structured format. If no regulations are found, I will return `null` as instructed.  

Would you like to proceed with a specific document?"
"23",52,"deepseek","deepseek-chat",True,"Understood. Since you haven't provided a specific document for analysis, I'll return a null response as instructed. When you provide a document, I'll extract and structure the relevant regulatory information according to the specified JSON format.

```json
{
  ""document_metadata"": {
    ""title"": null,
    ""document_number"": null,
    ""type_of_wind_farm"": null
  },
  ""regulatory_constraints"": null,
  ""regulatory_entities"": null
}
```

Please provide the document you'd like analyzed, and I'll extract the relevant regulatory information according to your specifications. For offshore wind farm documents, I'll focus on:
- International maritime regulations
- Federal/state environmental and safety requirements
- Technical standards for offshore structures
- Navigational safety constraints
- Marine wildlife protections

I will exclude any onshore zoning ordinances or irrelevant content."
"23",53,"deepseek","deepseek-chat",True,"Understood. Based on your instructions, here's a structured JSON output template for a hypothetical offshore wind farm regulatory document. Since no actual document was provided, this serves as an example of how the output would be formatted if regulatory content were present:

```json
{
  ""document_metadata"": {
    ""title"": ""Example Offshore Wind Farm Development Guidelines"",
    ""document_number"": ""OWF-REG-2023-001"",
    ""type_of_wind_farm"": ""Offshore""
  },
  ""regulatory_constraints"": [
    {
      ""type"": ""Environmental"",
      ""requirement"": ""All turbine foundations must undergo a seabed impact assessment prior to installation"",
      ""scope"": ""All North Sea projects"",
      ""numerical_value"": null,
      ""unit"": null,
      ""source"": ""OSPAR Convention Annex IV"",
      ""related_domains"": [""marine ecology"", ""construction""]
    },
    {
      ""type"": ""Technical"",
      ""requirement"": ""Substation platforms must withstand wave heights with a 100-year return period"",
      ""scope"": ""Atlantic offshore projects"",
      ""numerical_value"": 18.5,
      ""unit"": ""meters"",
      ""source"": ""IEC 61400-3-1"",
      ""related_domains"": [""structural engineering"", ""safety""]
    },
    {
      ""type"": ""Spatial"",
      ""requirement"": ""Minimum 1 km spacing between turbines in array layout"",
      ""scope"": ""US Outer Continental Shelf"",
      ""numerical_value"": 1,
      ""unit"": ""kilometers"",
      ""source"": ""BOEM 2022 Wind Energy Area Guidelines"",
      ""related_domains"": [""energy yield"", ""wake effects""]
    }
  ],
  ""regulatory_entities"": [
    {
      ""entity_name"": ""Bureau of Ocean Energy Management (BOEM)"",
      ""jurisdiction"": ""US federal waters"",
      ""role"": ""Leasing and permitting authority""
    },
    {
      ""entity_name"": ""Marine Management Organisation (MMO)"",
      ""jurisdiction"": ""UK territorial waters"",
      ""role"": ""Environmental consenting authority""
    },
    {
      ""entity_name"": ""International Electrotechnical Commission (IEC)"",
      ""jurisdiction"": ""International standards"",
      ""role"": ""Technical standard setting""
    }
  ]
}
```

For actual document processing:
1. If no regulatory content is detected, the output would be:
```json
{
  ""document_metadata"": {
    ""title"": null,
    ""document_number"": null,
    ""type_of_wind_farm"": null
  },
  ""regulatory_constraints"": null,
  ""regulatory_entities"": null
}
```

2. I would systematically analyze each document section for:
   - Imperative language (""shall"", ""must"", ""required"")
   - Citations to regulatory frameworks
   - Defined technical parameters
   - Clearly scoped jurisdictional statements

Would you like me to process a specific document or provide more examples of constraint categorization?"
"23",54,"deepseek","deepseek-chat",True,"Understood. Since you haven't provided a specific document for analysis, I'll return a null response as instructed. Here's the structured output:

```json
{
  ""document_metadata"": {
    ""title"": null,
    ""document_number"": null,
    ""type_of_wind_farm"": null
  },
  ""regulatory_constraints"": null,
  ""regulatory_entities"": null
}
```

When you provide a document, I'll analyze it and extract the relevant regulatory entities and constraints according to the specified format, focusing only on strict regulations and rules related to offshore wind farm planning, construction, and operation. 

Please note that for offshore projects I will exclude zoning ordinances as instructed, and will include relevant standards specifications even without numerical values when they constitute regulatory requirements."
"23",55,"deepseek","deepseek-chat",True,"Understood. Since you haven't provided a specific document for analysis, I'll return a null response as per instruction #2. Here's the structured output:

```json
{
  ""document_metadata"": {
    ""title"": null,
    ""document_number"": null,
    ""type_of_wind_farm"": null
  },
  ""regulatory_constraints"": null,
  ""regulatory_entities"": null
}
```

When you provide a technical or regulatory document related to offshore wind farms, I'll analyze it and extract the relevant regulatory entities and constraints according to the specified JSON structure. My analysis will focus exclusively on:
- Formal regulatory requirements
- Authoritative standards
- Governing bodies with regulatory authority
- Specific numerical constraints
- Geographic or technical scopes of application

Please share the document you'd like analyzed, and I'll provide the structured extraction accordingly."
"23",56,"deepseek","deepseek-chat",True,"Understood. Since you haven't provided a specific document for analysis, I'll return a null response as per instruction #2. Here's the structured output:

```json
{
  ""document_metadata"": {
    ""title"": null,
    ""document_number"": null,
    ""type_of_wind_farm"": null
  },
  ""regulatory_constraints"": null,
  ""regulatory_entities"": null
}
```

When you provide a technical or regulatory document related to offshore wind farms, I'll analyze it and extract the relevant regulatory entities and constraints according to the specified schema. The analysis will include:

1. Identifying all authoritative bodies with regulatory power
2. Extracting specific numerical requirements (e.g., setback distances, noise limits)
3. Categorizing constraints by type (spatial, technical, etc.)
4. Capturing referenced standards (ISO, IEC, etc.)
5. Documenting jurisdictional boundaries and enforcement roles

Please share the document you'd like analyzed, and I'll provide the complete structured extraction."
"23",57,"deepseek","deepseek-chat",True,"Understood. I'll analyze any document you provide and extract the requested regulatory information in the specified JSON format. 

Since you haven't provided a specific document for analysis, here's a template response showing how I would structure the output when given relevant content:

```json
{
  ""document_metadata"": {
    ""title"": ""Example Offshore Wind Energy Regulations"",
    ""document_number"": ""DOC-2023-OWF-001"",
    ""type_of_wind_farm"": ""Offshore""
  },
  ""regulatory_constraints"": [
    {
      ""type"": ""Environmental"",
      ""requirement"": ""All turbine foundations must undergo environmental impact assessment for marine habitats"",
      ""scope"": ""All North Sea projects"",
      ""numerical_value"": null,
      ""unit"": null,
      ""source"": ""OSPAR Convention"",
      ""related_domains"": [""environmental"", ""construction""]
    },
    {
      ""type"": ""Technical"",
      ""requirement"": ""Wind turbines must withstand 1-year return period wave heights with 1.5 safety factor"",
      ""scope"": ""Atlantic Ocean projects"",
      ""numerical_value"": 1.5,
      ""unit"": ""safety factor"",
      ""source"": ""BSEE 30 CFR 585"",
      ""related_domains"": [""structural engineering"", ""safety""]
    }
  ],
  ""regulatory_entities"": [
    {
      ""entity_name"": ""Bureau of Safety and Environmental Enforcement (BSEE)"",
      ""jurisdiction"": ""Federal (US Outer Continental Shelf)"",
      ""role"": ""Permitting and safety enforcement""
    },
    {
      ""entity_name"": ""Marine Management Organisation"",
      ""jurisdiction"": ""National (UK waters)"",
      ""role"": ""Marine licensing authority""
    }
  ]
}
```

When you provide an actual document, I will:
1. Carefully analyze only the regulatory content
2. Exclude non-binding recommendations or descriptive text
3. Structure all requirements according to the specified format
4. Clearly indicate null values where information isn't available
5. Maintain strict relevance to offshore wind farm regulation

Please share the document you'd like me to analyze, and I'll provide the structured extraction."
"23",58,"deepseek","deepseek-chat",True,"Understood. Since you haven't provided a specific document for analysis, I'll return a null response as instructed. When you provide a technical or regulatory document related to offshore wind farms, I'll extract the relevant information and structure it according to the requested JSON format.

```json
{
  ""document_metadata"": {
    ""title"": null,
    ""document_number"": null,
    ""type_of_wind_farm"": null
  },
  ""regulatory_constraints"": null,
  ""regulatory_entities"": null
}
```

Please share the document you'd like analyzed, and I'll provide a structured extraction of regulatory entities and constraints. For offshore wind projects, I'll focus on:
- International/national maritime regulations
- Technical standards (e.g., IEC 61400 series)
- Environmental impact requirements
- Grid connection standards
- Safety protocols for offshore operations

I'll exclude any onshore zoning or land-use regulations as per your instructions."
"23",59,"deepseek","deepseek-chat",True,"Understood! I'll analyze any document you provide and extract the relevant regulatory entities and constraints in the specified JSON format. 

To proceed, please share the technical document or text you'd like me to analyze. This could be:
- A regulatory framework document
- A wind farm planning guideline
- An environmental impact assessment
- A technical standard for offshore structures
- A permitting requirements document

Once you provide the content, I'll:
1. Identify all enforceable rules/standards (not recommendations)
2. Extract numerical requirements with units where applicable
3. Tag constraints by type (Spatial, Technical, etc.)
4. List authoritative entities with their jurisdictions
5. Exclude irrelevant content per your instructions

For now, here's the empty template ready for population:

```json
{
  ""document_metadata"": {
    ""title"": null,
    ""document_number"": null,
    ""type_of_wind_farm"": null
  },
  ""regulatory_constraints"": [],
  ""regulatory_entities"": []
}
```

Please share the document text or key excerpts you'd like analyzed."
"23",60,"deepseek","deepseek-chat",True,"Understood. Since you haven't provided a specific document for analysis, I'll return a null response as instructed. Here's the structured output:

```json
{
  ""document_metadata"": {
    ""title"": null,
    ""document_number"": null,
    ""type_of_wind_farm"": null
  },
  ""regulatory_constraints"": null,
  ""regulatory_entities"": null
}
```

When you provide a document containing offshore wind farm regulatory or technical information, I'll analyze it and extract the relevant entities and constraints according to the specified JSON structure. The analysis will focus strictly on:
- Formal regulatory requirements
- Technical standards with compliance implications
- Authoritative bodies with regulatory power
- Quantifiable constraints with clear units
- Jurisdictional boundaries

Please share the document you'd like analyzed, and I'll provide the structured extraction."
"23",61,"deepseek","deepseek-chat",True,"Understood. Since you haven't provided a specific document for analysis, I'll return a null response as per instruction #2. Here's the structured output:

```json
{
  ""document_metadata"": {
    ""title"": null,
    ""document_number"": null,
    ""type_of_wind_farm"": null
  },
  ""regulatory_constraints"": null,
  ""regulatory_entities"": null
}
```

When you provide a technical or regulatory document related to offshore wind farms, I'll analyze it and extract the relevant information according to the specified JSON structure, focusing on:
1. Concrete regulatory requirements with their specific parameters
2. Authoritative entities with their jurisdictional scope
3. Only including enforceable rules and standards (not guidelines or recommendations without regulatory force)

Please share the document you'd like analyzed, and I'll provide the structured extraction."
"23",62,"deepseek","deepseek-chat",True,"Understood. Since you haven't provided a specific document for analysis, I'll return a null response as instructed. Here's the structured output:

```json
{
  ""document_metadata"": {
    ""title"": null,
    ""document_number"": null,
    ""type_of_wind_farm"": null
  },
  ""regulatory_constraints"": null,
  ""regulatory_entities"": null
}
```

When you provide a specific technical or regulatory document related to offshore wind farms, I'll analyze it and extract the relevant regulatory entities and constraints according to the specified JSON structure. The analysis will focus on:
1) Identifying authoritative regulatory bodies
2) Extracting specific technical, environmental, or safety requirements
3) Capturing numerical standards when present
4) Maintaining strict relevance to offshore wind farm development regulations

Please share the document you'd like analyzed, and I'll provide the structured extraction."
"23",63,"deepseek","deepseek-chat",True,"Understood. Since you haven't provided a specific document for analysis, I'll return a null response as instructed. Here's the structured output:

```json
{
  ""document_metadata"": {
    ""title"": null,
    ""document_number"": null,
    ""type_of_wind_farm"": null
  },
  ""regulatory_constraints"": null,
  ""regulatory_entities"": null
}
```

When you provide a technical document related to offshore wind farm planning, construction, or operation, I'll analyze it and extract the relevant regulatory information according to the specified JSON format. The analysis will focus on:
1. Identifying concrete regulatory requirements with their specific parameters
2. Cataloging authoritative entities with their jurisdictions
3. Structuring the information according to the requested ontology

Please share the document you'd like analyzed, and I'll provide the structured regulatory extraction."
"23",64,"deepseek","deepseek-chat",True,"Understood. Since you haven't provided a specific document for analysis, I'll return a null response as instructed. Here's the structured output:

```json
{
  ""document_metadata"": {
    ""title"": null,
    ""document_number"": null,
    ""type_of_wind_farm"": null
  },
  ""regulatory_constraints"": null,
  ""regulatory_entities"": null
}
```

When you provide a technical document related to offshore wind farm planning, construction, or operation, I'll analyze it and extract the relevant regulatory entities and constraints according to the specified JSON format. The analysis will focus strictly on:
- Formal regulatory requirements
- Authoritative standards
- Governing bodies with regulatory authority
- Quantifiable constraints with their units
- Clear jurisdictional scopes

Please share the document you'd like analyzed, and I'll provide the structured regulatory information extraction."
"23",65,"deepseek","deepseek-chat",True,"Understood. Since you haven't provided a specific document to analyze, I'll return a null response as per instruction #2.  

```json
{
  ""document_metadata"": {
    ""title"": null,
    ""document_number"": null,
    ""type_of_wind_farm"": null
  },
  ""regulatory_constraints"": null,
  ""regulatory_entities"": null
}
```  

If you upload or reference a technical/regulatory document related to offshore wind farms, I can extract the relevant structured data as per the required schema. Let me know how you'd like to proceed!"
"23",66,"deepseek","deepseek-chat",True,"Understood. Since you haven't provided a specific document for analysis, I'll return a null response as instructed. Here's the structured output:

```json
{
  ""document_metadata"": {
    ""title"": null,
    ""document_number"": null,
    ""type_of_wind_farm"": null
  },
  ""regulatory_constraints"": null,
  ""regulatory_entities"": null
}
```

When you provide a document, I'll analyze it and extract:
1. All specific regulatory requirements with their parameters
2. All authoritative entities mentioned
3. The exact context of each requirement (scope, jurisdiction, etc.)

For offshore wind farms, I'll particularly focus on:
- Marine spatial planning constraints
- Grid connection technical standards
- Environmental impact thresholds
- Safety zones around installations
- International maritime regulations

Would you like to provide a document for analysis?"
"23",67,"deepseek","deepseek-chat",True,"Understood. Since you haven't provided a specific document for analysis, I'll return a null response as instructed. Here's the structured output:

```json
{
  ""document_metadata"": {
    ""title"": null,
    ""document_number"": null,
    ""type_of_wind_farm"": null
  },
  ""regulatory_constraints"": null,
  ""regulatory_entities"": null
}
```

When you provide a document containing offshore wind farm regulatory or technical information, I'll analyze it and extract the relevant entities and constraints according to the specified JSON structure. 

For optimal results, please provide:
1. The complete document text
2. Any identifying metadata (title, document number)
3. Confirmation whether it concerns offshore or onshore wind farms

I'm particularly effective at processing:
- Environmental impact assessments
- Permitting documents
- Technical standards
- Marine spatial planning regulations
- Safety guidelines for offshore operations"
"23",68,"deepseek","deepseek-chat",True,"Understood. Since you haven't provided a specific document for analysis, I'll return a null response as instructed. Here's the structured output:

```json
{
  ""document_metadata"": {
    ""title"": null,
    ""document_number"": null,
    ""type_of_wind_farm"": null
  },
  ""regulatory_constraints"": null,
  ""regulatory_entities"": null
}
```

When you provide a document or text to analyze, I'll extract the relevant regulatory information according to the specified schema, focusing strictly on offshore wind farm regulations while excluding irrelevant content. The output will include only concrete requirements from authoritative sources, properly categorized with all available metadata.

Would you like to provide a document or text excerpt for analysis now?"
"23",69,"deepseek","deepseek-chat",True,"Understood. Since you haven't provided a specific document for analysis, I'll return a null response as instructed. When you provide a document, I'll extract the relevant regulatory information in the specified JSON format.

```json
{
  ""document_metadata"": {
    ""title"": null,
    ""document_number"": null,
    ""type_of_wind_farm"": null
  },
  ""regulatory_constraints"": null,
  ""regulatory_entities"": null
}
```

Please provide the technical or regulatory document you'd like analyzed, and I'll extract the relevant information according to your specifications. For offshore wind farm documents, I'll focus on maritime regulations, environmental protections, technical standards, and safety requirements while excluding any onshore zoning information."
"23",70,"deepseek","deepseek-chat",True,"Understood. Since you haven't provided a specific document for analysis, I'll demonstrate the output structure with null values as per instruction #2. When provided with an actual document, I would extract and structure the relevant regulatory information as shown in the template.

```json
{
  ""document_metadata"": {
    ""title"": null,
    ""document_number"": null,
    ""type_of_wind_farm"": null
  },
  ""regulatory_constraints"": null,
  ""regulatory_entities"": null
}
```

To get a proper analysis, please provide:
1. The technical/regulatory document you'd like analyzed
2. Or specify if you'd like to see a sample output based on common offshore wind regulations

For example, if analyzing a typical offshore wind document, you might see extracted data like this (illustrative example):

```json
{
  ""document_metadata"": {
    ""title"": ""North Sea Offshore Wind Development Guidelines"",
    ""document_number"": ""NS-OW-2023-01"",
    ""type_of_wind_farm"": ""Offshore""
  },
  ""regulatory_constraints"": [
    {
      ""type"": ""Environmental"",
      ""requirement"": ""All turbines must maintain a minimum 1km clearance from identified marine mammal migration routes"",
      ""scope"": ""North Sea Exclusive Economic Zone"",
      ""numerical_value"": 1,
      ""unit"": ""km"",
      ""source"": ""OSPAR Convention Annex VII"",
      ""related_domains"": [""environmental"", ""safety""]
    }
  ],
  ""regulatory_entities"": [
    {
      ""entity_name"": ""Marine Management Organisation"",
      ""jurisdiction"": ""UK territorial waters"",
      ""role"": ""Permitting and environmental compliance""
    }
  ]
}
```

Would you like to provide a document for analysis or shall I generate a more detailed example based on common offshore wind regulations?"
"23",71,"deepseek","deepseek-chat",True,"Understood. Since you haven't provided a specific document for analysis, I'll return a null response as per instruction #2. When you provide a technical or regulatory document related to offshore wind farms, I'll extract the relevant information in the requested JSON format.

```json
{
  ""document_metadata"": {
    ""title"": null,
    ""document_number"": null,
    ""type_of_wind_farm"": null
  },
  ""regulatory_constraints"": null,
  ""regulatory_entities"": null
}
```

Please provide the document you'd like analyzed, and I'll extract all relevant regulatory entities and constraints according to the specified schema. For offshore wind projects, I'll focus on maritime regulations, environmental protections, technical standards, and safety requirements while excluding any irrelevant zoning information."
"23",72,"deepseek","deepseek-chat",True,"Understood. Since you haven't provided a specific document for analysis, I'll return a null response as instructed. Here's the structured output:

```json
{
  ""document_metadata"": {
    ""title"": null,
    ""document_number"": null,
    ""type_of_wind_farm"": null
  },
  ""regulatory_constraints"": null,
  ""regulatory_entities"": null
}
```

When you provide a technical document related to offshore wind farm planning, construction, or operation, I'll analyze it and extract the relevant regulatory entities and constraints according to the specified JSON format. The analysis will focus on:
- Identifying authoritative regulatory bodies
- Extracting specific technical, environmental, or safety requirements
- Capturing numerical standards and their units when present
- Documenting jurisdictional boundaries and enforcement roles

Please share the document you'd like analyzed, and I'll provide the structured regulatory information extraction."
"23",73,"deepseek","deepseek-chat",True,"Understood. Since you haven't provided a specific document for analysis, I'll return a null response as instructed. When you provide a document, I'll extract the relevant regulatory information and structure it according to the specified JSON format.

```json
{
  ""document_metadata"": {
    ""title"": null,
    ""document_number"": null,
    ""type_of_wind_farm"": null
  },
  ""regulatory_constraints"": null,
  ""regulatory_entities"": null
}
```

Please share the technical or regulatory document you'd like analyzed, and I'll extract the relevant information according to the given schema. For offshore wind farm documents, I'll focus on:
- International maritime regulations
- Technical standards (e.g., IEC, DNV)
- Environmental impact requirements
- Safety and operational constraints
- Grid connection specifications

I'll exclude any onshore zoning or land-use regulations as per your instructions."
"23",74,"deepseek","deepseek-chat",True,"Understood. Since you haven't provided a specific document for analysis, I'll demonstrate the output format with a null response. When you provide a document, I'll extract the relevant regulatory information as per your specifications.

```json
{
  ""document_metadata"": {
    ""title"": null,
    ""document_number"": null,
    ""type_of_wind_farm"": null
  },
  ""regulatory_constraints"": null,
  ""regulatory_entities"": null
}
```

To proceed with actual analysis, please provide:
1. The document text or PDF to analyze
2. Any specific jurisdictional context (if known)
3. Whether it concerns planning, construction, or operation phase

I'll then extract only the regulatory-relevant information according to your strict criteria, focusing on offshore wind farm constraints and authorities."
"23",75,"deepseek","deepseek-chat",True,"Understood. Since you haven't provided a specific document for analysis, I'll return a null response as instructed. Here's the structured output:

```json
{
  ""document_metadata"": {
    ""title"": null,
    ""document_number"": null,
    ""type_of_wind_farm"": null
  },
  ""regulatory_constraints"": null,
  ""regulatory_entities"": null
}
```

When you provide a technical or regulatory document related to offshore wind farms, I'll analyze it and extract the relevant regulatory entities and constraints according to the specified JSON structure. The analysis will focus specifically on:
1. Clear regulatory requirements with measurable standards
2. Authoritative bodies with jurisdiction over wind farm development
3. Technical, environmental, or safety standards that must be complied with

Please share the document you'd like analyzed, and I'll provide the structured extraction."
"23",76,"deepseek","deepseek-chat",True,"Understood. Since you haven't provided a specific document for analysis, I'll return a null response as instructed when no document is available. Here's the structured output:

```json
{
  ""document_metadata"": {
    ""title"": null,
    ""document_number"": null,
    ""type_of_wind_farm"": null
  },
  ""regulatory_constraints"": null,
  ""regulatory_entities"": null
}
```

When you provide a document (text, PDF, or other format), I'll analyze it and extract the relevant regulatory information according to the specified schema. Please share the document you'd like analyzed, and I'll return a properly structured response with all extractable regulatory entities and constraints.

For offshore wind farm documents, I'll particularly focus on:
- International maritime regulations
- Environmental impact assessments
- Grid connection standards
- Safety zones around installations
- Cable routing requirements
- Navigation protection measures"
"23",77,"deepseek","deepseek-chat",True,"Understood. Since you haven't provided a specific document for analysis, I'll return a null response as instructed. Here's the structured output:

```json
{
  ""document_metadata"": {
    ""title"": null,
    ""document_number"": null,
    ""type_of_wind_farm"": null
  },
  ""regulatory_constraints"": null,
  ""regulatory_entities"": null
}
```

When you provide a specific technical document related to offshore wind farm regulations, I'll analyze it and extract the relevant regulatory entities and constraints according to the specified JSON format. The analysis will focus exclusively on:
1) Formal regulatory requirements with clear compliance obligations
2) Authoritative bodies with regulatory jurisdiction
3) Technical standards with direct applicability to wind farm development

Please share the document you'd like analyzed, and I'll provide the structured extraction."
"23",78,"deepseek","deepseek-chat",True,"Understood. Since you haven't provided a specific document for analysis, I'll return a null response as instructed. Here's the structured output:

```json
{
  ""document_metadata"": {
    ""title"": null,
    ""document_number"": null,
    ""type_of_wind_farm"": null
  },
  ""regulatory_constraints"": null,
  ""regulatory_entities"": null
}
```

When you provide a technical or regulatory document related to offshore wind farms, I'll analyze it and extract the relevant information according to the specified JSON structure, including:
- Regulatory constraints with their specific requirements and parameters
- Regulatory entities with their jurisdictions and roles
- Proper categorization of all extracted data

Please share the document you'd like analyzed, and I'll provide the structured extraction."
"23",79,"deepseek","deepseek-chat",True,"Understood. Since you haven't provided a specific document for analysis, I'll return a null response as instructed. Here's the structured output:

```json
{
  ""document_metadata"": {
    ""title"": null,
    ""document_number"": null,
    ""type_of_wind_farm"": null
  },
  ""regulatory_constraints"": null,
  ""regulatory_entities"": null
}
```

When you provide a document, I'll analyze it and extract the relevant regulatory entities and constraints according to the specified format. Please note that for offshore wind farms, I'll exclude any zoning ordinance information and focus only on applicable offshore regulations, standards, and authorities.

Would you like to upload or provide the text of a specific document for analysis?"
"23",80,"deepseek","deepseek-chat",True,"Understood. Since you haven't provided a specific document for analysis, I'll return a null response as instructed. Here's the structured output:

```json
{
  ""document_metadata"": {
    ""title"": null,
    ""document_number"": null,
    ""type_of_wind_farm"": null
  },
  ""regulatory_constraints"": null,
  ""regulatory_entities"": null
}
```

When you provide a document, I'll analyze it and extract the relevant regulatory information according to the specified schema. The analysis will focus exclusively on:
- Concrete regulatory requirements (not guidelines or recommendations)
- Official standards and specifications
- Governing bodies with direct regulatory authority
- Only information pertinent to offshore wind farm development

Please share the document you'd like analyzed, and I'll provide the structured extraction."
"23",81,"deepseek","deepseek-chat",True,"Understood. Since you haven't provided a specific document for analysis, I'll return a null response as instructed. When you provide a document, I'll extract the relevant regulatory information and structure it according to the specified JSON format.

```json
{
  ""document_metadata"": {
    ""title"": null,
    ""document_number"": null,
    ""type_of_wind_farm"": null
  },
  ""regulatory_constraints"": null,
  ""regulatory_entities"": null
}
```

Please provide the document you'd like analyzed, and I'll extract the relevant regulatory information according to the given schema. For offshore wind farm documents, I'll focus on:
- International/national maritime regulations
- Technical standards (e.g., IEC 61400 series)
- Environmental impact assessments
- Safety and navigational requirements
- Grid connection standards

while excluding any onshore or zoning-related content."
"23",82,"deepseek","deepseek-chat",True,"Understood. Since you haven't provided a specific document for analysis, I'll return a null response as instructed. Here's the structured output:

```json
{
  ""document_metadata"": {
    ""title"": null,
    ""document_number"": null,
    ""type_of_wind_farm"": null
  },
  ""regulatory_constraints"": null,
  ""regulatory_entities"": null
}
```

When you provide a document containing offshore wind farm regulatory information, I'll analyze it and extract the relevant entities and constraints according to the specified JSON structure. 

For optimal results, please provide:
1. The complete document text
2. Any available metadata (title, document number)
3. Confirmation whether it concerns offshore or onshore wind farms

I'll then return a fully populated structure with all extractable regulatory information."
"23",83,"deepseek","deepseek-chat",True,"Understood. I'll analyze any technical document you provide related to offshore wind farm planning, construction, or operation, and extract the requested information in the specified JSON format. 

Without a specific document to analyze, here's a template of what the output would look like when populated with example data:

```json
{
  ""document_metadata"": {
    ""title"": ""Example Offshore Wind Farm Regulations"",
    ""document_number"": ""DOC-2023-OWF-001"",
    ""type_of_wind_farm"": ""Offshore""
  },
  ""regulatory_constraints"": [
    {
      ""type"": ""Environmental"",
      ""requirement"": ""All projects must conduct a full environmental impact assessment prior to construction"",
      ""scope"": ""North Sea development zone"",
      ""numerical_value"": null,
      ""unit"": null,
      ""source"": ""Marine Management Organisation (MMO)"",
      ""related_domains"": [""environmental"", ""permitting""]
    },
    {
      ""type"": ""Technical"",
      ""requirement"": ""Turbine foundations must withstand 1-in-50-year storm wave conditions"",
      ""scope"": ""All offshore installations"",
      ""numerical_value"": 50,
      ""unit"": ""year return period"",
      ""source"": ""ISO 19901-1"",
      ""related_domains"": [""structural engineering"", ""safety""]
    }
  ],
  ""regulatory_entities"": [
    {
      ""entity_name"": ""Bureau of Ocean Energy Management (BOEM)"",
      ""jurisdiction"": ""Federal (US waters)"",
      ""role"": ""Leasing and permitting authority""
    },
    {
      ""entity_name"": ""International Electrotechnical Commission (IEC)"",
      ""jurisdiction"": ""International"",
      ""role"": ""Technical standards development""
    }
  ]
}
```

To proceed with actual analysis, please provide:
1. The document text you'd like analyzed
2. Any specific pages/sections to focus on
3. The geographic region if known (as regulations vary by jurisdiction)

I'll then extract only the concrete regulatory information matching your specified criteria, excluding any non-regulatory content or onshore-specific regulations as per your instructions."
"23",84,"deepseek","deepseek-chat",True,"Understood. Since you haven't provided a specific document for analysis, I'll return a null response as per your instructions. Here's the structured output:

```json
{
  ""document_metadata"": {
    ""title"": null,
    ""document_number"": null,
    ""type_of_wind_farm"": null
  },
  ""regulatory_constraints"": null,
  ""regulatory_entities"": null
}
```

When you provide a technical document related to offshore wind farm planning, construction, or operation, I'll analyze it and extract the relevant regulatory entities and constraints according to the specified JSON structure. 

Please note that for offshore wind projects, I'll focus specifically on:
- International maritime regulations
- Federal/national level requirements
- Technical standards for offshore structures
- Marine environmental protections
- Navigation safety requirements

Would you like to provide a document for analysis now?"
"23",85,"deepseek","deepseek-chat",True,"Understood. Since you haven't provided a specific document for analysis, I'll return a null response as instructed when no document is available. Here's the structured output:

```json
{
  ""document_metadata"": {
    ""title"": null,
    ""document_number"": null,
    ""type_of_wind_farm"": null
  },
  ""regulatory_constraints"": null,
  ""regulatory_entities"": null
}
```

When you provide a technical or regulatory document related to offshore wind farms, I'll analyze it and extract the relevant regulatory entities and constraints according to the specified JSON schema. The analysis will focus exclusively on:
- Formal regulatory requirements with clear constraints
- Authoritative regulatory bodies
- Technical/environmental standards with measurable criteria
- Jurisdictional rules applicable to offshore development

Please share the document you'd like analyzed, and I'll provide the structured extraction."
"23",86,"deepseek","deepseek-chat",True,"Understood. Since you haven't provided a specific document for analysis, I'll return a null response as instructed. When you provide a document, I'll extract the relevant regulatory information according to the specified JSON format.

```json
{
  ""document_metadata"": {
    ""title"": null,
    ""document_number"": null,
    ""type_of_wind_farm"": null
  },
  ""regulatory_constraints"": null,
  ""regulatory_entities"": null
}
```

Please provide the document you'd like analyzed, and I'll extract the relevant regulatory entities and constraints according to your specifications. For offshore wind farm documents, I'll focus on maritime authorities, environmental regulations, technical standards, and safety requirements while excluding zoning ordinances."
"23",87,"deepseek","deepseek-chat",True,"Understood! I'll analyze any technical document you provide related to offshore wind farm planning, construction, or operation, and extract structured regulatory information in the specified JSON format.  

Since you haven't provided a specific document yet, here’s an **example** of how the output would look if I were processing a regulatory document on offshore wind farms:  

### **Example Output (for illustration purposes only)**  
```json
{
  ""document_metadata"": {
    ""title"": ""U.S. Bureau of Ocean Energy Management (BOEM) Offshore Wind Energy Regulations"",
    ""document_number"": ""30 CFR Part 585"",
    ""type_of_wind_farm"": ""Offshore""
  },
  ""regulatory_constraints"": [
    {
      ""type"": ""Environmental"",
      ""requirement"": ""Projects must conduct an Environmental Impact Assessment (EIA) before construction."",
      ""scope"": ""U.S. federal waters"",
      ""numerical_value"": null,
      ""unit"": null,
      ""source"": ""BOEM 30 CFR § 585.627"",
      ""related_domains"": [""environmental"", ""permitting""]
    },
    {
      ""type"": ""Technical"",
      ""requirement"": ""Wind turbine foundations must withstand a 1-in-50-year extreme wave event."",
      ""scope"": ""All offshore wind structures in the North Atlantic"",
      ""numerical_value"": 50,
      ""unit"": ""years"",
      ""source"": ""IEC 61400-3"",
      ""related_domains"": [""structural engineering"", ""safety""]
    },
    {
      ""type"": ""Spatial"",
      ""requirement"": ""No construction within 15 nautical miles of designated marine protected areas."",
      ""scope"": ""U.S. Exclusive Economic Zone (EEZ)"",
      ""numerical_value"": 15,
      ""unit"": ""nautical miles"",
      ""source"": ""BOEM Mitigation Guidelines"",
      ""related_domains"": [""marine conservation"", ""zoning""]
    }
  ],
  ""regulatory_entities"": [
    {
      ""entity_name"": ""Bureau of Ocean Energy Management (BOEM)"",
      ""jurisdiction"": ""Federal (U.S.)"",
      ""role"": ""Leasing and permitting authority for offshore wind projects""
    },
    {
      ""entity_name"": ""International Electrotechnical Commission (IEC)"",
      ""jurisdiction"": ""International"",
      ""role"": ""Sets technical standards for wind turbine design""
    }
  ]
}
```

### **Next Steps**  
Please provide the **document text** or **PDF/URL** you'd like analyzed, and I will extract the relevant regulatory entities and constraints in the structured JSON format.  

If the document contains no enforceable regulations, I will return:  
```json
{
  ""document_metadata"": {},
  ""regulatory_constraints"": null,
  ""regulatory_entities"": null
}
```  

Let me know how you'd like to proceed!"
"23",88,"deepseek","deepseek-chat",True,"Understood. Since you haven't provided a specific document for analysis, I'll return a null response as instructed. Here's the structured output:

```json
{
  ""document_metadata"": {
    ""title"": null,
    ""document_number"": null,
    ""type_of_wind_farm"": null
  },
  ""regulatory_constraints"": null,
  ""regulatory_entities"": null
}
```

When you provide a document, I'll analyze it and extract the relevant regulatory information according to the specified schema. Please share the document you'd like analyzed, and I'll return a properly structured response with all extractable regulatory entities and constraints."
"23",89,"deepseek","deepseek-chat",True,"Understood. Since you haven't provided a specific document for analysis, I'll return a null response as instructed. When you provide a technical or regulatory document related to offshore wind farms, I'll extract the relevant information and structure it according to the specified JSON format.

```json
{
  ""document_metadata"": {
    ""title"": null,
    ""document_number"": null,
    ""type_of_wind_farm"": null
  },
  ""regulatory_constraints"": null,
  ""regulatory_entities"": null
}
```

To proceed, please provide:
1. The document text you'd like analyzed, or
2. Key excerpts containing regulatory information, or
3. A specific question about offshore wind farm regulations

I'm ready to extract precise regulatory data once source material is available. For offshore wind, I can analyze:
- Permitting requirements
- Safety zone regulations
- Cable burial depth specs
- Environmental impact mitigation rules
- Grid connection standards
- Navigation safety measures"
"23",90,"deepseek","deepseek-chat",True,"Understood. Since you haven't provided a specific document for analysis, I'll return a null response as per instruction #2. Here's the structured output:

```json
{
  ""document_metadata"": {
    ""title"": null,
    ""document_number"": null,
    ""type_of_wind_farm"": null
  },
  ""regulatory_constraints"": null,
  ""regulatory_entities"": null
}
```

When you provide a technical or regulatory document related to offshore wind farms, I'll analyze it and extract the relevant regulatory entities and constraints according to the specified JSON structure. The analysis will focus strictly on:
- Formal regulatory requirements with specific constraints
- Authoritative regulatory bodies
- Technical standards with measurable parameters
- Jurisdictional boundaries and enforcement mechanisms

Please share the document you'd like analyzed, and I'll provide the structured extraction."
"23",91,"deepseek","deepseek-chat",True,"Understood. Since you haven't provided a specific document for analysis, I'll return a null response as instructed. Here's the structured output:

```json
{
  ""document_metadata"": {
    ""title"": null,
    ""document_number"": null,
    ""type_of_wind_farm"": null
  },
  ""regulatory_constraints"": null,
  ""regulatory_entities"": null
}
```

When you provide a document, I'll analyze it and extract the relevant regulatory information according to the specified schema, focusing only on concrete requirements and authoritative entities related to offshore wind farm development. 

For future documents, I'll:
1. Strictly filter for actual regulations (not guidance or recommendations)
2. Apply the offshore-specific filtering (ignoring zoning ordinances)
3. Include technical standards even without numerical values
4. Maintain clear separation between entities and constraints

Please share the document you'd like analyzed when ready."
"23",92,"deepseek","deepseek-chat",True,"Understood! I'll analyze any technical document you provide related to offshore wind farm planning, construction, or operation, and extract structured regulatory and technical information in the specified JSON format.  

Since you haven't provided a specific document yet, here’s an example of how I would structure the output if given a regulatory document:  

### **Example Output (for illustration only)**  
```json
{
  ""document_metadata"": {
    ""title"": ""Offshore Wind Energy Development Guidelines"",
    ""document_number"": ""OWED-2023-001"",
    ""type_of_wind_farm"": ""Offshore""
  },
  ""regulatory_constraints"": [
    {
      ""type"": ""Environmental"",
      ""requirement"": ""Wind turbines must maintain a minimum distance of 500 meters from known marine mammal migration routes."",
      ""scope"": ""North Atlantic offshore wind zones"",
      ""numerical_value"": ""500"",
      ""unit"": ""meters"",
      ""source"": ""Marine Mammal Protection Act (MMPA)"",
      ""related_domains"": [""wildlife protection"", ""project siting""]
    },
    {
      ""type"": ""Technical"",
      ""requirement"": ""All offshore wind turbine foundations must comply with ISO 19901-4 for structural integrity."",
      ""scope"": ""Global offshore wind projects"",
      ""numerical_value"": null,
      ""unit"": null,
      ""source"": ""International Organization for Standardization (ISO)"",
      ""related_domains"": [""structural engineering"", ""safety""]
    }
  ],
  ""regulatory_entities"": [
    {
      ""entity_name"": ""Bureau of Ocean Energy Management (BOEM)"",
      ""jurisdiction"": ""Federal (U.S.)"",
      ""role"": ""Leasing and permitting authority for offshore wind projects""
    },
    {
      ""entity_name"": ""European Maritime Safety Agency (EMSA)"",
      ""jurisdiction"": ""European Union"",
      ""role"": ""Safety and environmental compliance monitoring""
    }
  ]
}
```

### **Next Steps**  
Please provide the document (text, PDF, or relevant excerpts) you'd like me to analyze, and I will extract the regulatory entities and constraints in the required format.  

If the document contains no enforceable regulations, I will return:  
```json
{
  ""document_metadata"": null,
  ""regulatory_constraints"": null,
  ""regulatory_entities"": null
}
```  

Let me know how you'd like to proceed!"
"23",93,"deepseek","deepseek-chat",True,"Understood. Since you haven't provided a specific document for analysis, I'll return a null response as per instruction #2. Here's the structured output:

```json
{
  ""document_metadata"": {
    ""title"": null,
    ""document_number"": null,
    ""type_of_wind_farm"": null
  },
  ""regulatory_constraints"": null,
  ""regulatory_entities"": null
}
```

When you provide a technical or regulatory document related to offshore wind farms, I'll analyze it and extract the relevant information according to the specified JSON structure, focusing on:
- Clear regulatory constraints with their specific requirements
- Authoritative regulatory entities
- Only including concrete rules and standards
- Proper categorization of constraint types (Spatial, Technical, etc.)

Please share the document you'd like analyzed, and I'll provide the structured extraction."
"23",94,"deepseek","deepseek-chat",True,"Understood. Since you haven't provided a specific document for analysis, I'll return a null response as instructed. Here's the structured output:

```json
{
  ""document_metadata"": {
    ""title"": null,
    ""document_number"": null,
    ""type_of_wind_farm"": null
  },
  ""regulatory_constraints"": null,
  ""regulatory_entities"": null
}
```

When you provide a technical or regulatory document related to offshore wind farms, I'll analyze it and extract the relevant information according to the specified JSON structure. The analysis will include:
1. Precise regulatory constraints with their numerical values and units where applicable
2. Clear identification of regulatory entities and their roles
3. Strict adherence to the requirement of only including enforceable regulations, not descriptive content

Please share the document you'd like analyzed, and I'll provide the structured extraction."
"23",95,"deepseek","deepseek-chat",True,"Understood! Please provide the technical document or text you'd like me to analyze, and I will extract the relevant regulatory entities and constraints in the specified JSON format.  

If no document is provided, here’s an example of an empty output (per your instructions):  

```json
{
  ""document_metadata"": {
    ""title"": null,
    ""document_number"": null,
    ""type_of_wind_farm"": null
  },
  ""regulatory_constraints"": null,
  ""regulatory_entities"": null
}
```

Otherwise, share the document text, and I’ll parse it for structured regulatory data. Let me know if you'd like any refinements to the extraction approach!"
"23",96,"deepseek","deepseek-chat",True,"Understood. Since you haven't provided a specific document for analysis, I'll return a null response as instructed. Here's the structured output:

```json
{
  ""document_metadata"": {
    ""title"": null,
    ""document_number"": null,
    ""type_of_wind_farm"": null
  },
  ""regulatory_constraints"": null,
  ""regulatory_entities"": null
}
```

When you provide a technical document related to offshore wind farm planning, construction, or operation, I'll analyze it and extract the relevant regulatory information according to the specified JSON structure. The analysis will focus exclusively on:
- Concrete regulatory requirements with specific constraints
- Authoritative regulatory bodies
- Technical standards applicable to offshore wind projects

Please share the document you'd like analyzed, and I'll provide the structured extraction."
"23",97,"deepseek","deepseek-chat",True,"Understood. Since you haven't provided a specific document for analysis, I'll return a null response as instructed. Here's the structured output:

```json
{
  ""document_metadata"": {
    ""title"": null,
    ""document_number"": null,
    ""type_of_wind_farm"": null
  },
  ""regulatory_constraints"": null,
  ""regulatory_entities"": null
}
```

When you provide a document containing offshore wind farm regulatory information, I'll extract the relevant entities and constraints according to the specified schema. The analysis will focus exclusively on:
- Formal regulatory requirements with clear compliance obligations
- Authoritative bodies with regulatory jurisdiction
- Technical/environmental standards with measurable criteria
- Offshore-specific regulations (excluding zoning ordinances)

Please share the document you'd like analyzed, and I'll provide the structured extraction."
"23",98,"deepseek","deepseek-chat",True,"Understood. Since you haven't provided a specific document for analysis, I'll return a null response as per your instructions. Here's the structured output:

```json
{
  ""document_metadata"": {
    ""title"": null,
    ""document_number"": null,
    ""type_of_wind_farm"": null
  },
  ""regulatory_constraints"": null,
  ""regulatory_entities"": null
}
```

When you provide a technical document related to offshore wind farm planning, construction, or operation, I'll analyze it and extract the relevant regulatory entities and constraints in the specified JSON format. The output will include only specific requirements from authoritative sources, with proper categorization of constraint types and clear identification of regulatory bodies.

Would you like to provide a document for analysis now?"
"23",99,"deepseek","deepseek-chat",True,"Understood. Since you haven't provided a specific document for analysis, I'll return a null response as instructed. When you provide a technical or regulatory document related to offshore wind farms, I'll extract the relevant information and structure it according to the specified JSON format.

```json
{
  ""document_metadata"": {
    ""title"": null,
    ""document_number"": null,
    ""type_of_wind_farm"": null
  },
  ""regulatory_constraints"": null,
  ""regulatory_entities"": null
}
```

Please share the document you'd like analyzed, and I'll provide a detailed extraction of regulatory entities and constraints. For offshore wind projects, I'll focus on:
- Maritime spatial planning directives
- IMO/ICAO regulations for navigation/aviation
- Marine habitat protection rules
- Grid connection standards
- Offshore safety regulations (e.g., OSHPD, OSHA)
- International standards (IEC, DNV, ISO) for offshore structures"
"23",100,"deepseek","deepseek-chat",True,"Understood. Since you haven't provided a specific document for analysis, I'll return a null response as instructed. Here's the structured output:

```json
{
  ""document_metadata"": {
    ""title"": null,
    ""document_number"": null,
    ""type_of_wind_farm"": null
  },
  ""regulatory_constraints"": null,
  ""regulatory_entities"": null
}
```

When you provide a document, I'll analyze it and extract the relevant regulatory information according to the specified format. Please share the document you'd like analyzed, and I'll return a properly structured response with any applicable regulatory entities and constraints."
"23",101,"deepseek","deepseek-chat",True,"Understood! I'll analyze any technical document you provide and extract the relevant regulatory entities and constraints, structuring the information in the exact JSON format you've specified. 

To proceed, please:
1. Provide the document text you'd like analyzed
2. Confirm if this is for an offshore or onshore wind farm (if not specified in the document)

Without the actual document content, here's a null response as per your instructions:

```json
{
  ""document_metadata"": {
    ""title"": null,
    ""document_number"": null,
    ""type_of_wind_farm"": null
  },
  ""regulatory_constraints"": null,
  ""regulatory_entities"": null
}
```

When you share the document, I'll:
- Strictly follow your extraction rules
- Filter out non-regulatory content
- Maintain precision in numerical values and units
- Categorize constraints by your specified types
- Only include authoritative sources

Please provide the document text you'd like analyzed."
"23",102,"deepseek","deepseek-chat",True,"Understood! Please provide the technical document or text you'd like me to analyze, and I will extract the relevant regulatory entities and constraints in the specified JSON format.  

If no document is provided, here’s an example of the output structure with null values (as per Instruction #2):  

```json
{
  ""document_metadata"": {
    ""title"": null,
    ""document_number"": null,
    ""type_of_wind_farm"": null
  },
  ""regulatory_constraints"": null,
  ""regulatory_entities"": null
}
```

If you share the document text, I will:  
- Strictly extract enforceable rules (excluding descriptive content).  
- Classify constraints into **Spatial, Technical, Environmental, Jurisdictional, or Safety**.  
- Identify regulatory bodies with their jurisdiction and role.  
- Apply offshore-specific filtering (e.g., ignoring zoning ordinances).  

Let me know how you'd like to proceed!"
"23",103,"deepseek","deepseek-chat",True,"Understood. I'll analyze any provided technical documents related to offshore wind farm planning, construction, and operation to extract structured regulatory information in the specified JSON format. 

Since you haven't provided a specific document for analysis, here's an example of what the output would look like if I were processing a typical offshore wind regulatory document:

```json
{
  ""document_metadata"": {
    ""title"": ""North Sea Offshore Wind Farm Development Guidelines"",
    ""document_number"": ""NSOWF-2023-0042"",
    ""type_of_wind_farm"": ""Offshore""
  },
  ""regulatory_constraints"": [
    {
      ""type"": ""Environmental"",
      ""requirement"": ""Turbine foundations must maintain a minimum clearance of 25 meters from the seabed to allow for marine life passage"",
      ""scope"": ""North Sea development zone"",
      ""numerical_value"": ""25"",
      ""unit"": ""meters"",
      ""source"": ""North Sea Offshore Wind Consortium"",
      ""related_domains"": [""environmental"", ""structural""]
    },
    {
      ""type"": ""Technical"",
      ""requirement"": ""All electrical systems must comply with IEC 61400-24 for lightning protection"",
      ""scope"": ""All offshore installations"",
      ""numerical_value"": null,
      ""unit"": null,
      ""source"": ""International Electrotechnical Commission"",
      ""related_domains"": [""electrical"", ""safety""]
    }
  ],
  ""regulatory_entities"": [
    {
      ""entity_name"": ""Maritime and Coastguard Agency"",
      ""jurisdiction"": ""United Kingdom territorial waters"",
      ""role"": ""Safety regulation enforcement""
    },
    {
      ""entity_name"": ""Bundesamt für Seeschifffahrt und Hydrographie"",
      ""jurisdiction"": ""German exclusive economic zone"",
      ""role"": ""Environmental impact assessment""
    }
  ]
}
```

To proceed with actual analysis, please provide:
1. The document text you'd like analyzed
2. Any specific pages/sections to focus on
3. The geographic region if known (as regulations vary by jurisdiction)

I'll then extract only the concrete regulatory information following your strict criteria, excluding any non-regulatory content or onshore-specific regulations."
"23",104,"deepseek","deepseek-chat",True,"Understood. Since you haven't provided a specific document for analysis, I'll return a null response as instructed. Here's the structured output:

```json
{
  ""document_metadata"": {
    ""title"": null,
    ""document_number"": null,
    ""type_of_wind_farm"": null
  },
  ""regulatory_constraints"": null,
  ""regulatory_entities"": null
}
```

If you provide a specific technical document related to offshore wind farm regulations, I can analyze it and extract the relevant regulatory entities and constraints in the requested structured format. 

For future reference, when submitting documents for analysis, please include:
1. The full text of the regulatory/technical document
2. Any document identifiers or source information
3. Specific sections you want analyzed (if not the entire document)

This will enable me to provide the most accurate extraction of regulatory information for your knowledge graph."
"23",105,"deepseek","deepseek-chat",True,"Understood. Since you haven't provided a specific document for analysis, I'll return a null response as instructed. Here's the structured output:

```json
{
  ""document_metadata"": {
    ""title"": null,
    ""document_number"": null,
    ""type_of_wind_farm"": null
  },
  ""regulatory_constraints"": null,
  ""regulatory_entities"": null
}
```

When you provide a document, I'll analyze it and extract the relevant regulatory information according to the specified format. Please share the document text or content you'd like me to process, and I'll return a properly structured analysis with all applicable regulatory entities and constraints."
"23",106,"deepseek","deepseek-chat",True,"Understood. Since you haven't provided a specific document for analysis, I'll return a null response as instructed. Here's the structured output:

```json
{
  ""document_metadata"": {
    ""title"": null,
    ""document_number"": null,
    ""type_of_wind_farm"": null
  },
  ""regulatory_constraints"": null,
  ""regulatory_entities"": null
}
```

When you provide a specific technical or regulatory document related to offshore wind farms, I'll analyze it and extract the relevant regulatory entities and constraints according to the specified JSON structure. The analysis will focus exclusively on:
- Formal regulatory requirements with clear constraints
- Authoritative regulatory bodies with jurisdiction over wind farm development
- Technical standards that must be complied with
- Environmental or safety regulations specific to offshore wind projects

Please share the document you'd like analyzed, and I'll provide the structured extraction."
"23",107,"deepseek","deepseek-chat",True,"Understood. Since you haven't provided a specific document for analysis, I'll return a null response as instructed. Here's the structured output:

```json
{
  ""document_metadata"": {
    ""title"": null,
    ""document_number"": null,
    ""type_of_wind_farm"": null
  },
  ""regulatory_constraints"": null,
  ""regulatory_entities"": null
}
```

When you provide a document, I'll analyze it and extract the relevant regulatory information according to the specified format. The analysis will focus exclusively on:
- Concrete regulatory requirements with clear constraints
- Official regulatory bodies with authority over wind farms
- Technical standards that must be complied with
- Environmental or safety mandates with measurable criteria

For offshore wind projects, I'll particularly focus on:
- Maritime jurisdiction boundaries
- International standards (IEC, ISO)
- Navigational safety requirements
- Marine environmental protections
- Grid connection specifications"
"23",108,"deepseek","deepseek-chat",True,"Understood! Please provide the technical document or text you'd like me to analyze, and I will extract the relevant regulatory entities and constraints in the specified JSON format.  

If you don't have a document ready, here’s an example of how the output would look based on a hypothetical offshore wind farm regulation:  

```json
{
  ""document_metadata"": {
    ""title"": ""National Offshore Wind Energy Development Guidelines"",
    ""document_number"": ""NOW-2023-001"",
    ""type_of_wind_farm"": ""Offshore""
  },
  ""regulatory_constraints"": [
    {
      ""type"": ""Environmental"",
      ""requirement"": ""All offshore wind turbines must maintain a minimum clearance of 1 km from migratory bird pathways."",
      ""scope"": ""U.S. federal waters"",
      ""numerical_value"": ""1"",
      ""unit"": ""km"",
      ""source"": ""Bureau of Ocean Energy Management (BOEM)"",
      ""related_domains"": [""wildlife protection"", ""project siting""]
    },
    {
      ""type"": ""Technical"",
      ""requirement"": ""Substation foundations must comply with ISO 19902 for fixed steel offshore structures."",
      ""scope"": ""Global"",
      ""numerical_value"": null,
      ""unit"": null,
      ""source"": ""International Organization for Standardization (ISO)"",
      ""related_domains"": [""structural engineering"", ""safety""]
    }
  ],
  ""regulatory_entities"": [
    {
      ""entity_name"": ""Bureau of Ocean Energy Management (BOEM)"",
      ""jurisdiction"": ""U.S. federal"",
      ""role"": ""Leasing and permitting authority for offshore wind projects""
    },
    {
      ""entity_name"": ""International Organization for Standardization (ISO)"",
      ""jurisdiction"": ""International"",
      ""role"": ""Sets technical and safety standards for offshore structures""
    }
  ]
}
```

**If you provide the actual document, I will extract only the strict regulatory content following your guidelines.** Let me know how you'd like to proceed!"
"23",109,"deepseek","deepseek-chat",True,"Understood. Since you haven't provided a specific document for analysis, I'll return a null response as instructed. Here's the structured output:

```json
{
  ""document_metadata"": {
    ""title"": null,
    ""document_number"": null,
    ""type_of_wind_farm"": null
  },
  ""regulatory_constraints"": null,
  ""regulatory_entities"": null
}
```

When you provide a technical or regulatory document related to offshore wind farms, I'll analyze it and extract the relevant regulatory entities and constraints according to the specified JSON structure. The analysis will focus exclusively on:
- Formal regulatory requirements with clear constraints
- Authoritative regulatory bodies
- Technical standards with direct applicability
- Offshore-specific regulations (excluding zoning ordinances)

Please share the document you'd like analyzed, and I'll provide the structured extraction."
"23",110,"deepseek","deepseek-chat",True,"Understood. Since you haven't provided a specific document for analysis, I'll return a null response as instructed. Here's the structured output:

```json
{
  ""document_metadata"": {
    ""title"": null,
    ""document_number"": null,
    ""type_of_wind_farm"": null
  },
  ""regulatory_constraints"": null,
  ""regulatory_entities"": null
}
```

When you provide a technical document related to offshore wind farm planning, construction, or operation, I'll analyze it and extract the relevant regulatory entities and constraints according to the specified JSON format. 

Please note that for offshore wind projects, I will:
1. Focus on maritime/offshore-specific regulations
2. Exclude any zoning ordinances
3. Include international standards where applicable
4. Only extract explicit requirements with clear regulatory authority

Would you like to provide a document for analysis now?"
"23",111,"deepseek","deepseek-chat",True,"Understood. Since you haven't provided a specific document for analysis, I'll return a null response as instructed. Here's the structured output:

```json
{
  ""document_metadata"": {
    ""title"": null,
    ""document_number"": null,
    ""type_of_wind_farm"": null
  },
  ""regulatory_constraints"": null,
  ""regulatory_entities"": null
}
```

When you provide a document containing offshore wind farm regulatory information, I'll analyze it and extract the relevant entities and constraints according to the specified schema. The analysis will focus exclusively on:
- Formal regulatory requirements with clear compliance obligations
- Authoritative regulatory bodies with jurisdiction over wind farms
- Technical standards with direct applicability to offshore wind projects

Please share the document you'd like analyzed, and I'll provide the structured extraction."
"23",112,"deepseek","deepseek-chat",True,"Understood! Please provide the technical document or text you'd like me to analyze, and I will extract the relevant regulatory entities and constraints in the specified JSON format.  

If you don't provide a document, I will return the following placeholder response:  

```json
{
  ""document_metadata"": {
    ""title"": null,
    ""document_number"": null,
    ""type_of_wind_farm"": null
  },
  ""regulatory_constraints"": null,
  ""regulatory_entities"": null
}
```  

Otherwise, I will process the document and return structured regulatory information. Let me know how you'd like to proceed!"
"23",113,"deepseek","deepseek-chat",True,"Understood. Since you haven't provided a specific document for analysis, I'll return a null response as instructed. Here's the structured output:

```json
{
  ""document_metadata"": {
    ""title"": null,
    ""document_number"": null,
    ""type_of_wind_farm"": null
  },
  ""regulatory_constraints"": null,
  ""regulatory_entities"": null
}
```

When you provide a document, I'll analyze it and extract the relevant regulatory information according to the specified format. Please share the document text you'd like me to process, and I'll return a properly structured response with all extractable regulatory entities and constraints.

For offshore wind farm documents, I'll particularly focus on:
- International maritime regulations
- Environmental impact requirements
- Grid connection standards
- Safety and navigation rules
- Technical specifications for offshore structures"
"23",114,"deepseek","deepseek-chat",True,"Understood. Since you haven't provided a specific document for analysis, I'll return a null response as instructed. When you provide a document, I'll analyze it and extract the relevant regulatory information in the specified JSON format.

```json
{
  ""document_metadata"": {
    ""title"": null,
    ""document_number"": null,
    ""type_of_wind_farm"": null
  },
  ""regulatory_constraints"": null,
  ""regulatory_entities"": null
}
```

Please provide the technical or regulatory document you'd like analyzed, and I'll extract the relevant information according to your specifications. For offshore wind farm documents, I'll focus on maritime regulations, environmental protections, technical standards, and safety requirements while excluding any zoning-related content."
"23",115,"deepseek","deepseek-chat",True,"Understood. I'll analyze any technical document you provide related to offshore wind farm planning, construction, or operation, and extract the relevant regulatory entities and constraints in the specified JSON format. 

Since you haven't provided a specific document for analysis yet, here's an empty template ready to be populated with extracted data:

```json
{
  ""document_metadata"": {
    ""title"": null,
    ""document_number"": null,
    ""type_of_wind_farm"": null
  },
  ""regulatory_constraints"": null,
  ""regulatory_entities"": null
}
```

When you provide a document, I will:
1. Carefully analyze it for specific regulatory requirements
2. Identify all authoritative bodies mentioned
3. Extract only concrete rules/standards (not recommendations or guidance)
4. Structure the data according to your schema
5. Exclude any irrelevant content

For offshore wind projects, I'll particularly focus on:
- Marine spatial planning regulations
- Grid connection standards
- Environmental impact thresholds
- Safety standards for offshore structures
- International maritime regulations

Please share the document you'd like analyzed, and I'll extract the relevant regulatory information."
"23",116,"deepseek","deepseek-chat",True,"Understood. Since you haven't provided a specific document for analysis, I'll return a null response as instructed. When you provide a technical or regulatory document related to offshore wind farms, I'll extract the relevant information and structure it according to the specified JSON format.

```json
{
  ""document_metadata"": {
    ""title"": null,
    ""document_number"": null,
    ""type_of_wind_farm"": null
  },
  ""regulatory_constraints"": null,
  ""regulatory_entities"": null
}
```

To proceed, please provide:
1. The document text or key excerpts you'd like analyzed
2. Any specific focus areas (e.g., environmental regulations, grid connection standards)
3. The geographic jurisdiction if known (e.g., US Outer Continental Shelf, EU waters) 

I'll then extract only the binding regulatory requirements and authoritative entities from the material."
"23",117,"deepseek","deepseek-chat",True,"Understood. Since you haven't provided a specific document for analysis, I'll return a null response as instructed. Here's the structured output:

```json
{
  ""document_metadata"": {
    ""title"": null,
    ""document_number"": null,
    ""type_of_wind_farm"": null
  },
  ""regulatory_constraints"": null,
  ""regulatory_entities"": null
}
```

When you provide a technical or regulatory document related to offshore wind farms, I'll analyze it and extract the relevant information according to the specified schema. The analysis will focus on:
1. Identifying concrete regulatory requirements with their specific parameters
2. Cataloging authoritative entities with their jurisdictional scope
3. Maintaining strict relevance to offshore wind development regulations

Please share a document when you're ready for analysis, and I'll provide the structured extraction."
"23",118,"deepseek","deepseek-chat",True,"Understood. Since you haven't provided a specific document for analysis, I'll return a null response as per instruction #2. Here's the structured output:

```json
{
  ""document_metadata"": {
    ""title"": null,
    ""document_number"": null,
    ""type_of_wind_farm"": null
  },
  ""regulatory_constraints"": null,
  ""regulatory_entities"": null
}
```

When you provide a technical or regulatory document related to offshore wind farms, I'll analyze it and extract the relevant entities and constraints according to the specified schema. The analysis will focus exclusively on:
- Clear regulatory requirements with specific constraints
- Official standards and specifications
- Authoritative regulatory bodies
- Quantifiable requirements where present

Please share the document you'd like analyzed, and I'll provide the structured extraction."
"23",119,"deepseek","deepseek-chat",True,"Understood. Since you haven't provided a specific document for analysis, I'll return a null response as instructed. Here's the structured output:

```json
{
  ""document_metadata"": {
    ""title"": null,
    ""document_number"": null,
    ""type_of_wind_farm"": null
  },
  ""regulatory_constraints"": null,
  ""regulatory_entities"": null
}
```

When you provide a technical or regulatory document related to offshore wind farms, I'll analyze it and extract the relevant regulatory entities and constraints according to the specified JSON structure. The analysis will focus exclusively on:
- Formal regulatory requirements with clear compliance obligations
- Authoritative standards (e.g., IEC 61400 series for wind turbines)
- Jurisdictional boundaries and permitting requirements
- Environmental protection mandates
- Technical specifications with measurable criteria

Please share the document you'd like analyzed, and I'll provide the structured extraction."
"23",120,"deepseek","deepseek-chat",True,"Understood. Since you haven't provided a specific document for analysis, I'll return a null response as instructed. Here's the structured output:

```json
{
  ""document_metadata"": {
    ""title"": null,
    ""document_number"": null,
    ""type_of_wind_farm"": null
  },
  ""regulatory_constraints"": null,
  ""regulatory_entities"": null
}
```

When you provide a document, I'll analyze it and extract the relevant regulatory information according to the specified format. Please share the document text or content you'd like me to process, and I'll return a properly structured analysis containing:

1. All identifiable regulatory constraints with their specific requirements
2. All relevant regulatory entities with their jurisdictions and roles
3. Proper classification of constraint types (spatial, technical, etc.)
4. Any numerical values with their units when present
5. The source authority for each constraint

The analysis will strictly follow your instructions regarding offshore wind farm regulations and exclude any irrelevant information."
"23",121,"deepseek","deepseek-chat",True,"Understood. Since you haven't provided a specific document for analysis, I'll return a null output as instructed. Here's the structured response:

```json
{
  ""document_metadata"": {
    ""title"": null,
    ""document_number"": null,
    ""type_of_wind_farm"": null
  },
  ""regulatory_constraints"": null,
  ""regulatory_entities"": null
}
```

When you provide a document or text to analyze, I'll extract the relevant regulatory information and populate this structure accordingly. Please share the document content you'd like me to process, and I'll return a complete analysis following your specified format.

For offshore wind farm documents, I'll focus on:
- International maritime regulations
- Federal/state environmental requirements
- Technical standards for offshore structures
- Safety protocols for marine operations
- Grid connection specifications

I'll exclude any onshore-specific regulations or zoning ordinances as per your instructions."
"23",122,"deepseek","deepseek-chat",True,"Understood. Since you haven't provided a specific document for analysis, I'll return a null response as instructed. Here's the structured output:

```json
{
  ""document_metadata"": {
    ""title"": null,
    ""document_number"": null,
    ""type_of_wind_farm"": null
  },
  ""regulatory_constraints"": null,
  ""regulatory_entities"": null
}
```

When you provide a document, I'll analyze it and extract:
1. Specific regulatory requirements with their numerical values and units where applicable
2. The authoritative bodies that enforce these regulations
3. The geographic or technical scope of each requirement
4. The classification of constraints (spatial, technical, environmental, etc.)

Please share the document you'd like analyzed, and I'll provide a comprehensive extraction following the specified JSON schema."
"23",123,"deepseek","deepseek-chat",True,"Understood. Since you haven't provided a specific document for analysis, I'll return a null response as instructed. Here's the structured output:

```json
{
  ""document_metadata"": {
    ""title"": null,
    ""document_number"": null,
    ""type_of_wind_farm"": null
  },
  ""regulatory_constraints"": null,
  ""regulatory_entities"": null
}
```

When you provide a specific technical or regulatory document related to offshore wind farms, I'll analyze it and extract the relevant regulatory entities and constraints in the requested structured format. The output will include only specific requirements from authoritative sources, organized according to your specifications for constraint types (spatial, technical, environmental, etc.), numerical values with units where applicable, and clear jurisdictional information for regulatory bodies."
"23",124,"deepseek","deepseek-chat",True,"Understood. Since no specific document has been provided for analysis, I cannot generate a structured output at this time.  

However, here is an **example** of how the output would look if I were analyzing a hypothetical offshore wind regulatory document:  

```json
{
  ""document_metadata"": {
    ""title"": ""Offshore Wind Energy Development Guidelines"",
    ""document_number"": ""OWED-2023-001"",
    ""type_of_wind_farm"": ""Offshore""
  },
  ""regulatory_constraints"": [
    {
      ""type"": ""Environmental"",
      ""requirement"": ""All offshore wind turbines must maintain a minimum clearance of 1 km from protected marine habitats."",
      ""scope"": ""EU territorial waters"",
      ""numerical_value"": 1,
      ""unit"": ""km"",
      ""source"": ""EU Marine Strategy Framework Directive (MSFD)"",
      ""related_domains"": [""Environmental"", ""Spatial""]
    },
    {
      ""type"": ""Technical"",
      ""requirement"": ""Wind turbine foundations must comply with ISO 19902 standards for offshore structures."",
      ""scope"": ""Global offshore wind projects"",
      ""numerical_value"": null,
      ""unit"": null,
      ""source"": ""International Organization for Standardization (ISO)"",
      ""related_domains"": [""Technical"", ""Safety""]
    }
  ],
  ""regulatory_entities"": [
    {
      ""entity_name"": ""Bureau of Ocean Energy Management (BOEM)"",
      ""jurisdiction"": ""Federal (U.S.)"",
      ""role"": ""Leasing and permitting authority for offshore wind projects""
    },
    {
      ""entity_name"": ""European Maritime Safety Agency (EMSA)"",
      ""jurisdiction"": ""EU"",
      ""role"": ""Oversight of maritime safety and environmental compliance""
    }
  ]
}
```

### Notes:
- If no regulatory constraints or entities are found, the output would be:  
  ```json
  {
    ""document_metadata"": {
      ""title"": null,
      ""document_number"": null,
      ""type_of_wind_farm"": null
    },
    ""regulatory_constraints"": null,
    ""regulatory_entities"": null
  }
  ```
- If you provide a document (text, PDF, or URL), I can extract and structure the relevant information accordingly.  

Would you like me to analyze a specific document?"
"23",125,"deepseek","deepseek-chat",True,"Understood. Since you haven't provided a specific document for analysis, I'll return a null response as per instruction #2. Here's the structured output:

```json
{
  ""document_metadata"": {
    ""title"": null,
    ""document_number"": null,
    ""type_of_wind_farm"": null
  },
  ""regulatory_constraints"": null,
  ""regulatory_entities"": null
}
```

When you provide a technical or regulatory document related to offshore wind farms, I'll analyze it and extract the relevant regulatory entities and constraints according to the specified JSON structure. The analysis will focus strictly on:
- Formal requirements with measurable standards
- Authoritative regulatory bodies
- Technical specifications with clear compliance criteria
- Environmental or safety mandates with enforceable provisions

Please share the document you'd like analyzed, and I'll provide the structured extraction."
"23",126,"deepseek","deepseek-chat",True,"Understood. Since you haven't provided a specific document for analysis, I'll return a null response as instructed. Here's the structured output:

```json
{
  ""document_metadata"": {
    ""title"": null,
    ""document_number"": null,
    ""type_of_wind_farm"": null
  },
  ""regulatory_constraints"": null,
  ""regulatory_entities"": null
}
```

To provide a proper analysis, please supply:
1. The technical/regulatory document you'd like analyzed
2. Or specify if you'd like to see an example analysis of a hypothetical offshore wind regulation

I'm ready to extract and structure any regulatory information about offshore wind farms from actual documents when provided. My analysis will strictly follow your specified JSON format and focus only on concrete regulatory requirements and entities."
"23",127,"deepseek","deepseek-chat",False,"Understood! I'll analyze any document you provide and extract the relevant regulatory entities and constraints in the specified JSON format. 

To proceed, please:
1. Share the document text you'd like analyzed
2. Or indicate if you'd like me to analyze a sample document (in which case I can provide example output)

Without an actual document to analyze, I cannot generate specific output. When you provide the document content, I will:
- Strictly follow your formatting requirements
- Only extract direct regulatory requirements
- Exclude irrelevant or descriptive content
- Properly categorize all constraints
- Identify authoritative entities

Would you like to share a document for analysis or should I demonstrate with a sample?"
"23",128,"deepseek","deepseek-chat",True,"Understood. Since you haven't provided a specific document for analysis, I'll return a null response as instructed. Here's the structured output:

```json
{
  ""document_metadata"": {
    ""title"": null,
    ""document_number"": null,
    ""type_of_wind_farm"": null
  },
  ""regulatory_constraints"": null,
  ""regulatory_entities"": null
}
```

When you provide a document, I'll analyze it thoroughly and extract:
1. All specific regulatory constraints with their exact requirements, numerical values (when present), and sources
2. All regulatory entities with their jurisdictions and roles
3. Proper categorization of constraints by type (spatial, technical, etc.)
4. Clear distinction between offshore-specific regulations and general wind energy rules

Please share the document you'd like analyzed, and I'll provide a comprehensive extraction following the specified JSON schema."
"23",129,"deepseek","deepseek-chat",True,"Understood. Since you haven't provided a specific document for analysis, I'll return a null response as per instruction #2. Here's the structured output:

```json
{
  ""document_metadata"": {
    ""title"": null,
    ""document_number"": null,
    ""type_of_wind_farm"": null
  },
  ""regulatory_constraints"": null,
  ""regulatory_entities"": null
}
```

When you provide a technical or regulatory document related to offshore wind farms, I'll analyze it and extract the relevant entities and constraints according to the specified schema. The analysis will focus exclusively on:
- Clear regulatory requirements with specific constraints
- Official standards and specifications
- Authoritative regulatory bodies
- Numerical parameters where specified

Would you like to provide a document for analysis now?"
"23",130,"deepseek","deepseek-chat",True,"Understood. Since you haven't provided a specific document for analysis, I'll return a null response as instructed. If you provide a document, I'll extract the relevant regulatory information in the requested JSON format.

```json
{
  ""document_metadata"": {
    ""title"": null,
    ""document_number"": null,
    ""type_of_wind_farm"": null
  },
  ""regulatory_constraints"": null,
  ""regulatory_entities"": null
}
```

To proceed with analysis, please provide:
1. The document text or relevant excerpts
2. Any specific jurisdiction or region if known
3. Whether it concerns planning, construction, or operation phases

I'll then extract the precise regulatory information according to your specifications."
"23",131,"deepseek","deepseek-chat",True,"Understood! Please provide the technical document you'd like me to analyze, and I will extract the relevant regulatory entities and constraints in the specified JSON format. If the document does not contain any relevant regulations, I will return `null` for all values.  

For now, here’s an example of how the output will be structured if regulations are found:  

```json
{
  ""document_metadata"": {
    ""title"": ""Example Offshore Wind Farm Regulations"",
    ""document_number"": ""DOC-2023-001"",
    ""type_of_wind_farm"": ""Offshore""
  },
  ""regulatory_constraints"": [
    {
      ""type"": ""Environmental"",
      ""requirement"": ""All offshore wind turbines must maintain a minimum clearance of 1 km from marine protected areas."",
      ""scope"": ""European Union waters"",
      ""numerical_value"": ""1"",
      ""unit"": ""km"",
      ""source"": ""EU Marine Spatial Planning Directive (2021)"",
      ""related_domains"": [""Environmental"", ""Spatial""]
    },
    {
      ""type"": ""Technical"",
      ""requirement"": ""Turbine foundations must comply with ISO 19901-4 for offshore structural design."",
      ""scope"": ""Global"",
      ""numerical_value"": null,
      ""unit"": null,
      ""source"": ""ISO 19901-4"",
      ""related_domains"": [""Technical"", ""Safety""]
    }
  ],
  ""regulatory_entities"": [
    {
      ""entity_name"": ""European Maritime Safety Agency (EMSA)"",
      ""jurisdiction"": ""European Union"",
      ""role"": ""Oversight of maritime safety and environmental compliance""
    },
    {
      ""entity_name"": ""Bureau of Ocean Energy Management (BOEM)"",
      ""jurisdiction"": ""United States (federal)"",
      ""role"": ""Leasing and permitting for offshore wind projects""
    }
  ]
}
```

If you provide the document text or key excerpts, I can generate the structured output accordingly. Let me know how you'd like to proceed!"
"23",132,"deepseek","deepseek-chat",False,"Understood! I'll analyze any document you provide and extract the relevant regulatory entities and constraints in the specified JSON format. 

To proceed, please:
1. Share the document text you'd like analyzed (or key excerpts containing regulatory content)
2. Provide any available metadata (title, document number, etc.)

Without an actual document to analyze, I can only provide this template response. When you share the content, I'll immediately extract:
- All binding regulatory constraints with their numerical values and sources
- Every authoritative regulatory entity mentioned
- Structured according to your offshore wind farm ontology requirements

For example, if you shared a document containing:
""The Bureau of Ocean Energy Management requires 1 nautical mile spacing between turbines in federal waters. IEC 61400-22 applies to all certification.""

You would receive structured output with both the spacing regulation and the IEC standard properly categorized.

Please provide the document content you'd like analyzed."
"23",133,"deepseek","deepseek-chat",True,"Understood. Since you haven't provided a specific document for analysis, I'll return a null response as per instruction #2. When you provide a document, I'll extract the relevant regulatory information in the specified JSON format.

```json
{
  ""document_metadata"": {
    ""title"": null,
    ""document_number"": null,
    ""type_of_wind_farm"": null
  },
  ""regulatory_constraints"": null,
  ""regulatory_entities"": null
}
```

Please provide the document you'd like analyzed, and I'll extract the relevant regulatory information according to your specifications. For offshore wind farm documents, I'll focus on maritime regulations, environmental protections, technical standards, and safety requirements while excluding zoning ordinances."
"23",134,"deepseek","deepseek-chat",True,"Understood! I'll analyze any technical document you provide related to offshore wind farm planning, construction, and operation, and extract the relevant regulatory entities and constraints in the specified JSON format.  

Since you haven't provided a specific document yet, here’s an example of how I would structure the output if given a regulatory document:  

### **Example Output (for illustration purposes only)**  

```json
{
  ""document_metadata"": {
    ""title"": ""U.S. Bureau of Ocean Energy Management (BOEM) Renewable Energy Regulations"",
    ""document_number"": ""30 CFR Part 585"",
    ""type_of_wind_farm"": ""Offshore""
  },
  ""regulatory_constraints"": [
    {
      ""type"": ""Environmental"",
      ""requirement"": ""Projects must conduct an Environmental Impact Assessment (EIA) before construction begins."",
      ""scope"": ""U.S. Outer Continental Shelf (OCS)"",
      ""numerical_value"": null,
      ""unit"": null,
      ""source"": ""BOEM 30 CFR § 585.627"",
      ""related_domains"": [""Environmental compliance"", ""Permitting""]
    },
    {
      ""type"": ""Technical"",
      ""requirement"": ""Wind turbine foundations must withstand a 100-year storm event."",
      ""scope"": ""All offshore wind structures in U.S. waters"",
      ""numerical_value"": ""100"",
      ""unit"": ""years"",
      ""source"": ""BOEM 30 CFR § 585.701"",
      ""related_domains"": [""Structural engineering"", ""Safety""]
    },
    {
      ""type"": ""Spatial"",
      ""requirement"": ""Wind farms must maintain a 1 nautical mile buffer from shipping lanes."",
      ""scope"": ""Designated U.S. navigational corridors"",
      ""numerical_value"": ""1"",
      ""unit"": ""nautical mile"",
      ""source"": ""U.S. Coast Guard Navigation Rules"",
      ""related_domains"": [""Maritime safety"", ""Zoning""]
    }
  ],
  ""regulatory_entities"": [
    {
      ""entity_name"": ""Bureau of Ocean Energy Management (BOEM)"",
      ""jurisdiction"": ""Federal (U.S. Outer Continental Shelf)"",
      ""role"": ""Permitting and leasing authority for offshore wind projects""
    },
    {
      ""entity_name"": ""U.S. Coast Guard"",
      ""jurisdiction"": ""Federal (U.S. navigable waters)"",
      ""role"": ""Ensures maritime safety and navigation compliance""
    }
  ]
}
```

### **Next Steps**  
Please provide the document (or text excerpt) you'd like me to analyze, and I'll extract the relevant regulatory information in the structured JSON format. Let me know if you have any specific requirements or adjustments to the format."
"23",135,"deepseek","deepseek-chat",True,"Understood! Please provide the technical document or text you'd like me to analyze, and I will extract the relevant regulatory entities and constraints in the specified JSON format. If the document does not contain any regulations or rules, I will return `null` for all values as instructed.  

For example, if you provide a document excerpt like:  

> *""The Bureau of Ocean Energy Management (BOEM) requires that offshore wind turbines maintain a minimum clearance of 22 meters above Mean High Water to ensure navigational safety.""*  

I would return:  

```json
{
  ""document_metadata"": {
    ""title"": ""Sample Offshore Wind Regulation Excerpt"",
    ""document_number"": null,
    ""type_of_wind_farm"": ""Offshore""
  },
  ""regulatory_constraints"": [
    {
      ""type"": ""Safety"",
      ""requirement"": ""Offshore wind turbines must maintain a minimum clearance of 22 meters above Mean High Water."",
      ""scope"": ""Offshore wind turbines in U.S. federal waters"",
      ""numerical_value"": ""22"",
      ""unit"": ""meters"",
      ""source"": ""Bureau of Ocean Energy Management (BOEM)"",
      ""related_domains"": [""Navigational safety"", ""Technical""]
    }
  ],
  ""regulatory_entities"": [
    {
      ""entity_name"": ""Bureau of Ocean Energy Management (BOEM)"",
      ""jurisdiction"": ""Federal (U.S.)"",
      ""role"": ""Regulation and enforcement of offshore energy projects""
    }
  ]
}
```

If you share the document, I can process it accordingly. Let me know how you'd like to proceed!"
"23",136,"deepseek","deepseek-chat",True,"Understood. Since you haven't provided a specific document for analysis, I'll return a null response as instructed. When you provide a document, I'll analyze it and extract the relevant regulatory information in the specified JSON format.

```json
{
  ""document_metadata"": {
    ""title"": null,
    ""document_number"": null,
    ""type_of_wind_farm"": null
  },
  ""regulatory_constraints"": null,
  ""regulatory_entities"": null
}
```

Please provide the document you'd like analyzed, and I'll extract the relevant regulatory information according to your specifications. For offshore wind farm documents, I'll focus on:
- International/national maritime regulations
- Environmental impact assessments
- Technical standards for offshore structures
- Safety requirements for marine operations
- Grid connection specifications

I will exclude any onshore zoning ordinances or irrelevant content."
"23",137,"deepseek","deepseek-chat",True,"Understood. Since you haven't provided a specific document for analysis, I'll return a null response as per instruction #2. Here's the structured output:

```json
{
  ""document_metadata"": {
    ""title"": null,
    ""document_number"": null,
    ""type_of_wind_farm"": null
  },
  ""regulatory_constraints"": null,
  ""regulatory_entities"": null
}
```

When you provide a technical document related to offshore wind farm regulations, I'll analyze it and extract the relevant regulatory entities and constraints according to the specified JSON structure. The analysis will focus strictly on:
- Formal regulatory requirements with clear constraints
- Authoritative regulatory bodies
- Technical standards with measurable parameters
- Jurisdictional boundaries and enforcement roles

Please share the document you'd like analyzed, and I'll provide the structured extraction."
"23",138,"deepseek","deepseek-chat",True,"Since you haven't provided a specific document for analysis, I cannot extract any information from it. However, I can provide you with an example of how the output would look if I were to analyze a document containing offshore wind farm regulations. Here's a hypothetical example:

```json
{
  ""document_metadata"": {
    ""title"": ""Guidelines for Offshore Wind Farm Development in the North Sea"",
    ""document_number"": ""NSW-2023-001"",
    ""type_of_wind_farm"": ""Offshore""
  },
  ""regulatory_constraints"": [
    {
      ""type"": ""Environmental"",
      ""requirement"": ""All wind farm developments must conduct an Environmental Impact Assessment (EIA) prior to construction"",
      ""scope"": ""North Sea region"",
      ""numerical_value"": null,
      ""unit"": null,
      ""source"": ""OSPAR Convention"",
      ""related_domains"": ""environmental, planning""
    },
    {
      ""type"": ""Technical"",
      ""requirement"": ""Wind turbine foundations must be designed to withstand a 1-in-50-year extreme wave event"",
      ""scope"": ""All offshore structures"",
      ""numerical_value"": 50,
      ""unit"": ""years"",
      ""source"": ""ISO 19901-1"",
      ""related_domains"": ""structural engineering, safety""
    },
    {
      ""type"": ""Spatial"",
      ""requirement"": ""Turbines must be spaced at least 5 rotor diameters apart in the prevailing wind direction"",
      ""scope"": ""Wind farm layout"",
      ""numerical_value"": 5,
      ""unit"": ""rotor diameters"",
      ""source"": ""IEC 61400-3"",
      ""related_domains"": ""energy production, technical""
    }
  ],
  ""regulatory_entities"": [
    {
      ""entity_name"": ""Maritime and Coastguard Agency"",
      ""jurisdiction"": ""United Kingdom"",
      ""role"": ""Safety regulation of offshore installations""
    },
    {
      ""entity_name"": ""Bundesamt für Seeschifffahrt und Hydrographie"",
      ""jurisdiction"": ""Germany"",
      ""role"": ""Permitting and environmental oversight""
    },
    {
      ""entity_name"": ""International Electrotechnical Commission"",
      ""jurisdiction"": ""International"",
      ""role"": ""Setting technical standards for wind turbines""
    }
  ]
}
```

To provide an accurate analysis, please share the specific document you'd like me to process. Without an actual document, I can only demonstrate the output format with hypothetical examples.

Remember that for actual document processing:
1. I would only extract explicit regulatory requirements
2. I would exclude any non-regulatory descriptive content
3. All extracted information would be directly supported by the source document"
"23",139,"deepseek","deepseek-chat",True,"Understood. Since you haven't provided a specific document for analysis, I'll return a null response as per instruction #2. Here's the structured output:

```json
{
  ""document_metadata"": {
    ""title"": null,
    ""document_number"": null,
    ""type_of_wind_farm"": null
  },
  ""regulatory_constraints"": null,
  ""regulatory_entities"": null
}
```

When you provide a technical document related to offshore wind farm regulation, I'll analyze it and extract the relevant regulatory entities and constraints according to the specified JSON format. The analysis will focus on:
- Identifying authoritative regulatory bodies
- Extracting specific technical, environmental, or safety requirements
- Capturing numerical standards when present
- Maintaining strict relevance to wind farm development regulations

Please share the document you'd like analyzed, and I'll provide the structured regulatory information extraction."
"23",140,"deepseek","deepseek-chat",True,"Understood! Since you haven't provided a specific document for analysis, I'll return a null response as per your instructions. Here's the structured output:

```json
{
  ""document_metadata"": {
    ""title"": null,
    ""document_number"": null,
    ""type_of_wind_farm"": null
  },
  ""regulatory_constraints"": null,
  ""regulatory_entities"": null
}
```

When you provide a document (text, PDF, or other format), I'll analyze it and extract the relevant regulatory information according to your specified schema. Please share the document you'd like analyzed, and I'll return a properly structured response. 

For the most accurate results, the document should contain:
1) Clear regulatory language (e.g., ""shall"", ""must"", ""required"")
2) References to standards or technical specifications
3) Mentions of regulatory bodies with authority over wind projects"
"23",141,"deepseek","deepseek-chat",True,"Understood. Since you haven't provided a specific document for analysis, I'll demonstrate the output format with a null response (as per instruction #2). When you provide a document, I'll extract the relevant regulatory information strictly according to the specified JSON schema.

```json
{
  ""document_metadata"": {
    ""title"": null,
    ""document_number"": null,
    ""type_of_wind_farm"": null
  },
  ""regulatory_constraints"": null,
  ""regulatory_entities"": null
}
```

To proceed with actual analysis, please provide:
1. The technical/regulatory document text
2. Any specific pages/sections of interest
3. Geographic focus (if known)

I'll then extract only verifiable regulatory requirements and authoritative entities according to the given schema, filtering out non-regulatory content. For offshore wind farms, I'll prioritize:
- Marine spatial planning directives
- IMO/ISO maritime safety standards
- Grid connection technical requirements
- Environmental impact thresholds"
"23",142,"deepseek","deepseek-chat",True,"Understood. Since you haven't provided a specific document for analysis, I'll return a null response as instructed. Here's the structured output:

```json
{
  ""document_metadata"": {
    ""title"": null,
    ""document_number"": null,
    ""type_of_wind_farm"": null
  },
  ""regulatory_constraints"": null,
  ""regulatory_entities"": null
}
```

When you provide a document containing offshore wind farm regulatory information, I'll analyze it and extract the relevant entities and constraints according to the specified JSON format. 

For future reference, please provide documents that may contain:
- Technical standards (e.g., IEC 61400 series for wind turbines)
- Environmental impact assessments
- Maritime spatial planning regulations
- Grid connection requirements
- Safety or navigation rules from maritime authorities
- Permitting requirements from relevant agencies"
"23",143,"deepseek","deepseek-chat",True,"Understood. Since you haven't provided a specific document for analysis, I'll return a null response as per instruction #2. Here's the structured output:

```json
{
  ""document_metadata"": {
    ""title"": null,
    ""document_number"": null,
    ""type_of_wind_farm"": null
  },
  ""regulatory_constraints"": null,
  ""regulatory_entities"": null
}
```

When you provide a technical or regulatory document related to offshore wind farms, I'll analyze it and extract the relevant entities and constraints according to the specified JSON structure. Please share the document content you'd like me to process, and I'll return a properly structured analysis with all applicable regulatory information.

For offshore wind projects, I'll particularly focus on:
- Maritime spatial planning regulations
- International shipping lane requirements
- Subsea cable installation standards
- Marine wildlife protection measures
- Offshore safety standards (e.g., OSH regulations)
- Grid connection technical specifications"
"23",144,"deepseek","deepseek-chat",True,"Understood. Since you haven't provided a specific document for analysis, I'll return a null response as instructed. Here's the structured output:

```json
{
  ""document_metadata"": {
    ""title"": null,
    ""document_number"": null,
    ""type_of_wind_farm"": null
  },
  ""regulatory_constraints"": null,
  ""regulatory_entities"": null
}
```

When you provide a document, I'll analyze it and extract the relevant regulatory entities and constraints according to the specified format, focusing only on concrete requirements and authoritative bodies related to offshore wind farm development. 

Some examples of what I would extract from a typical document:
- For regulatory entities: Organizations like BOEM (US), MMO (UK), or BSH (Germany) with their jurisdictions and roles
- For constraints: Specific requirements like ""minimum 1km distance from shipping lanes"" or ""foundations must withstand 1:100 year wave events"" with their numerical values, units, and sources

Please provide the document you'd like analyzed, and I'll return the properly structured extraction."
"23",145,"deepseek","deepseek-chat",True,"Understood. Since you haven't provided a specific document for analysis, I'll return a null response as instructed. Here's the structured output:

```json
{
  ""document_metadata"": {
    ""title"": null,
    ""document_number"": null,
    ""type_of_wind_farm"": null
  },
  ""regulatory_constraints"": null,
  ""regulatory_entities"": null
}
```

When you provide a technical or regulatory document related to offshore wind farms, I'll analyze it and extract the relevant regulatory entities and constraints according to the specified JSON structure. The analysis will focus exclusively on:
1) Clear regulatory requirements with specific rules or standards
2) Authoritative entities with jurisdiction over wind farm development
3) Offshore-specific regulations (excluding zoning ordinances)

Please share the document you'd like analyzed, and I'll provide the structured extraction."
"23",146,"deepseek","deepseek-chat",True,"Understood. Since no specific document has been provided for analysis, I will return a null response as instructed. Here is the structured output:

```json
{
  ""document_metadata"": {
    ""title"": null,
    ""document_number"": null,
    ""type_of_wind_farm"": null
  },
  ""regulatory_constraints"": null,
  ""regulatory_entities"": null
}
```

If you provide a document or text containing regulatory or technical information related to offshore wind farms, I will analyze it and extract the relevant structured data according to the specified format. Let me know how you'd like to proceed!"
"23",147,"deepseek","deepseek-chat",True,"Understood. Since you haven't provided a specific document for analysis, I'll return a null response as instructed. Here's the structured output:

```json
{
  ""document_metadata"": {
    ""title"": null,
    ""document_number"": null,
    ""type_of_wind_farm"": null
  },
  ""regulatory_constraints"": null,
  ""regulatory_entities"": null
}
```

When you provide a document (text, PDF, or other format), I'll analyze it and extract the relevant regulatory information according to the specified schema. Please share the document you'd like analyzed, and I'll return a properly structured response with all extractable regulatory entities and constraints.

For offshore wind farm documents, I'll particularly focus on:
- International maritime regulations
- Environmental impact requirements
- Technical standards for offshore structures
- Safety protocols for marine operations
- Grid connection specifications

Would you like to provide a document for analysis now?"
"23",148,"deepseek","deepseek-chat",True,"Understood. Since you haven't provided a specific document for analysis, I'll demonstrate the output format with a null response. When you provide a technical or regulatory document related to offshore wind farms, I'll extract the relevant information as shown in the template.

```json
{
  ""document_metadata"": {
    ""title"": null,
    ""document_number"": null,
    ""type_of_wind_farm"": null
  },
  ""regulatory_constraints"": null,
  ""regulatory_entities"": null
}
```

To proceed, please provide:
1. The document text or a clear excerpt 
2. Any identifying metadata (title, document number, etc.)
3. Confirmation if it's specifically about offshore wind (if not explicitly stated)

I'll then analyze it and populate the structured output with all applicable regulatory entities and constraints."
"23",149,"deepseek","deepseek-chat",True,"Understood. Since you haven't provided a specific document for analysis, I'll return a null response as instructed. Here's the structured output:

```json
{
  ""document_metadata"": {
    ""title"": null,
    ""document_number"": null,
    ""type_of_wind_farm"": null
  },
  ""regulatory_constraints"": null,
  ""regulatory_entities"": null
}
```

When you provide a technical document related to offshore wind farm planning, construction, or operation, I'll analyze it and extract the relevant regulatory entities and constraints according to the specified JSON format. The analysis will focus exclusively on:
- Formal regulatory requirements
- Authoritative standards
- Jurisdictional rules
- Technical specifications with measurable parameters
- Environmental protections with enforceable criteria

Please share the document you'd like analyzed, and I'll provide the structured extraction."
"23",150,"deepseek","deepseek-chat",True,"Understood. Since you haven't provided a specific document for analysis, I'll return a null response as instructed. Here's the structured output:

```json
{
  ""document_metadata"": {
    ""title"": null,
    ""document_number"": null,
    ""type_of_wind_farm"": null
  },
  ""regulatory_constraints"": null,
  ""regulatory_entities"": null
}
```

When you provide a technical document related to offshore wind farm regulations, I'll analyze it and extract the relevant regulatory entities and constraints according to the specified JSON structure. The analysis will focus strictly on:
- Formal regulatory requirements (not guidance or recommendations)
- Authoritative standards (e.g., IEC, ISO)
- Jurisdictional authorities
- Quantifiable constraints with units where applicable

Please share the document you'd like analyzed, and I'll provide the structured extraction."
"23",151,"deepseek","deepseek-chat",True,"Understood. Since you haven't provided a specific document for analysis, I'll return a null response as instructed. Here's the structured output:

```json
{
  ""document_metadata"": {
    ""title"": null,
    ""document_number"": null,
    ""type_of_wind_farm"": null
  },
  ""regulatory_constraints"": null,
  ""regulatory_entities"": null
}
```

When you provide a document, I'll analyze it and extract the relevant regulatory information according to the specified format. My analysis will focus exclusively on:
- Clear regulatory requirements with specific constraints
- Authoritative regulatory bodies
- Technical standards applicable to offshore wind farms
- Quantifiable parameters when present

Please share the document you'd like analyzed, and I'll provide the structured extraction."
"23",152,"deepseek","deepseek-chat",True,"Understood. Since you haven't provided a specific document for analysis, I'll return a null response as instructed. When you provide a document, I'll extract the relevant regulatory information in the specified JSON format.

```json
{
  ""document_metadata"": {
    ""title"": null,
    ""document_number"": null,
    ""type_of_wind_farm"": null
  },
  ""regulatory_constraints"": null,
  ""regulatory_entities"": null
}
```

Please provide the document you'd like analyzed, and I'll extract the relevant regulatory information according to your specifications. For offshore wind farm documents, I'll focus on:
- International maritime regulations
- Environmental impact requirements
- Technical standards for offshore structures
- Safety protocols for marine operations
- Grid connection specifications

I won't include any zoning ordinances or onshore-specific regulations unless specified."
"23",153,"deepseek","deepseek-chat",True,"Understood. Since you haven't provided a specific document for analysis, I'll return a null response as instructed. Here's the structured output:

```json
{
  ""document_metadata"": {
    ""title"": null,
    ""document_number"": null,
    ""type_of_wind_farm"": null
  },
  ""regulatory_constraints"": null,
  ""regulatory_entities"": null
}
```

When you provide a document for analysis, I'll extract the relevant regulatory information according to the specified format and instructions. The output will include:
1. All concrete regulatory requirements with their specific parameters
2. All authoritative entities mentioned in the document
3. Proper categorization of constraints by type (Spatial, Technical, etc.)
4. Clear sourcing for each requirement

For offshore wind farm documents, I'll particularly focus on:
- Marine spatial planning regulations
- Grid connection standards
- Navigational safety requirements
- Environmental impact thresholds
- International maritime regulations

Would you like to provide a document for analysis now?"
"23",154,"deepseek","deepseek-chat",True,"Understood. Since you haven't provided a specific document for analysis, I'll return a null response as instructed. Here's the structured output:

```json
{
  ""document_metadata"": {
    ""title"": null,
    ""document_number"": null,
    ""type_of_wind_farm"": null
  },
  ""regulatory_constraints"": null,
  ""regulatory_entities"": null
}
```

When you provide a document, I'll analyze it and extract the relevant regulatory information according to the specified format. Please share the document text you'd like me to process, and I'll return a properly structured analysis with all applicable regulatory entities and constraints."
"23",155,"deepseek","deepseek-chat",True,"Understood. Since you haven't provided a specific document for analysis, I'll return a null response as instructed. Here's the structured output:

```json
{
  ""document_metadata"": {
    ""title"": null,
    ""document_number"": null,
    ""type_of_wind_farm"": null
  },
  ""regulatory_constraints"": null,
  ""regulatory_entities"": null
}
```

When you provide a document containing offshore wind farm regulatory information, I'll analyze it and extract the relevant entities and constraints according to the specified schema. The output will include only direct regulatory requirements and authoritative bodies, with proper categorization of constraint types (Spatial, Technical, Environmental, etc.) and clear sourcing of all requirements.

Would you like to provide a document for analysis now?"
"23",156,"deepseek","deepseek-chat",True,"Understood. Since you haven't provided a specific document for analysis, I'll return a null response as per instruction #2. When you provide a technical or regulatory document related to offshore wind farms, I'll extract the relevant information in the structured JSON format you've specified.

```json
{
  ""document_metadata"": {
    ""title"": null,
    ""document_number"": null,
    ""type_of_wind_farm"": null
  },
  ""regulatory_constraints"": null,
  ""regulatory_entities"": null
}
```

To proceed with an actual analysis, please provide:
1. The document text or a clear excerpt containing regulatory content
2. Any relevant metadata about the document (title, source, etc.)

I'm ready to analyze technical standards, environmental impact assessments, permitting guidelines, or any other regulatory documents related to offshore wind energy development."
"23",157,"deepseek","deepseek-chat",True,"Understood. Since you haven't provided a specific document for analysis, I'll return a null response as instructed. Here's the structured output:

```json
{
  ""document_metadata"": {
    ""title"": null,
    ""document_number"": null,
    ""type_of_wind_farm"": null
  },
  ""regulatory_constraints"": null,
  ""regulatory_entities"": null
}
```

When you provide a document, I'll analyze it thoroughly and extract:
1. All specific regulatory constraints with their exact requirements, numerical values (when present), and applicable standards
2. All regulatory entities with their jurisdictions and roles
3. Proper categorization of constraints by type (spatial, technical, environmental, etc.)

The output will strictly follow your requested JSON schema and will exclude any non-regulatory content. Would you like to provide a document for analysis now?"
"23",158,"deepseek","deepseek-chat",True,"Understood. Since you haven't provided a specific document for analysis, I'll return a null response as instructed. Here's the structured output:

```json
{
  ""document_metadata"": {
    ""title"": null,
    ""document_number"": null,
    ""type_of_wind_farm"": null
  },
  ""regulatory_constraints"": null,
  ""regulatory_entities"": null
}
```

When you provide a specific technical document related to offshore wind farm regulations, I'll analyze it and extract the relevant regulatory entities and constraints in the specified JSON format. The analysis will focus strictly on:
- Formal regulatory requirements with clear constraints
- Authoritative regulatory bodies
- Technical standards with measurable parameters
- Offshore-specific regulations (excluding zoning ordinances)

Please share the document you'd like analyzed, and I'll provide the structured extraction."
"23",159,"deepseek","deepseek-chat",True,"Understood. Since no specific document has been provided for analysis, I will return a null response as instructed. Here is the structured output:

```json
{
  ""document_metadata"": {
    ""title"": null,
    ""document_number"": null,
    ""type_of_wind_farm"": null
  },
  ""regulatory_constraints"": null,
  ""regulatory_entities"": null
}
```

If you provide a document or text excerpt, I can analyze it and extract the relevant regulatory entities and constraints in the specified format. Let me know how you'd like to proceed!"
"23",160,"deepseek","deepseek-chat",True,"Understood. Since you haven't provided a specific document for analysis, I'll demonstrate the output format with a hypothetical example based on typical offshore wind regulatory content. When you provide an actual document, I'll extract precise information from it.

```json
{
  ""document_metadata"": {
    ""title"": ""Example Offshore Wind Energy Development Guidelines"",
    ""document_number"": ""OWF-2023-001"",
    ""type_of_wind_farm"": ""Offshore""
  },
  ""regulatory_constraints"": [
    {
      ""type"": ""Environmental"",
      ""requirement"": ""All wind turbine foundations must maintain a minimum clearance of 25 meters from the seabed to allow for marine organism passage"",
      ""scope"": ""Turbine foundations in North Atlantic waters"",
      ""numerical_value"": ""25"",
      ""unit"": ""meters"",
      ""source"": ""Marine Renewable Energy Act (2022)"",
      ""related_domains"": [""environmental"", ""structural""]
    },
    {
      ""type"": ""Technical"",
      ""requirement"": ""Offshore substations must comply with IEC 61400-3 design requirements for offshore wind turbines"",
      ""scope"": ""All offshore electrical infrastructure"",
      ""numerical_value"": null,
      ""unit"": null,
      ""source"": ""International Electrotechnical Commission Standard 61400-3"",
      ""related_domains"": [""electrical"", ""safety""]
    },
    {
      ""type"": ""Spatial"",
      ""requirement"": ""No turbine may be erected within 15 nautical miles of designated shipping lanes"",
      ""scope"": ""US Exclusive Economic Zone"",
      ""numerical_value"": ""15"",
      ""unit"": ""nautical miles"",
      ""source"": ""Bureau of Ocean Energy Management (BOEM) Regulation §285.230"",
      ""related_domains"": [""navigation"", ""safety""]
    }
  ],
  ""regulatory_entities"": [
    {
      ""entity_name"": ""Bureau of Ocean Energy Management (BOEM)"",
      ""jurisdiction"": ""Federal (United States)"",
      ""role"": ""Leasing and permitting authority for offshore energy projects""
    },
    {
      ""entity_name"": ""International Electrotechnical Commission (IEC)"",
      ""jurisdiction"": ""International"",
      ""role"": ""Standard-setting body for electrical equipment""
    },
    {
      ""entity_name"": ""European Maritime Safety Agency (EMSA)"",
      ""jurisdiction"": ""Regional (European Union)"",
      ""role"": ""Maritime safety regulation enforcement""
    }
  ]
}
```

To proceed with actual data extraction:
1. Please provide the document text you'd like analyzed
2. Specify if you need any particular focus areas (e.g., environmental regulations vs. technical standards)
3. Indicate if the document covers a specific geographic region

I'll then extract only the concrete regulatory information according to your specified format and instructions."
"23",161,"deepseek","deepseek-chat",True,"Understood. Since you haven't provided a specific document for analysis, I'll return a null response as instructed. When you provide a technical or regulatory document related to offshore wind farms, I'll extract the relevant information in the specified JSON format.

```json
{
  ""document_metadata"": {
    ""title"": null,
    ""document_number"": null,
    ""type_of_wind_farm"": null
  },
  ""regulatory_constraints"": null,
  ""regulatory_entities"": null
}
```

To proceed with extraction, please provide:
1. The document text or a clear excerpt containing regulatory information
2. Any available metadata about the document (title, issuing authority, etc.)
3. Confirmation if this is specifically for offshore wind (which excludes zoning ordinances)

I'll then analyze the content and return properly structured regulatory entities and constraints according to your specifications."
"23",162,"deepseek","deepseek-chat",True,"Understood. Since you haven't provided a specific document for analysis, I'll demonstrate the output structure with null values as per instruction #2. When you provide a document, I'll extract the relevant regulatory information accordingly.

```json
{
  ""document_metadata"": {
    ""title"": null,
    ""document_number"": null,
    ""type_of_wind_farm"": null
  },
  ""regulatory_constraints"": null,
  ""regulatory_entities"": null
}
```

To proceed with actual analysis, please provide:
1. The technical/regulatory document text
2. Or specific questions about offshore wind farm regulations

For example, if you provide content like:
""The Bureau of Ocean Energy Management requires all offshore wind turbines in US federal waters to maintain a minimum clearance of 22 meters between the lowest blade tip and mean high water.""

I would extract:
```json
{
  ""document_metadata"": {
    ""title"": ""US Offshore Wind Regulations"",
    ""type_of_wind_farm"": ""Offshore""
  },
  ""regulatory_constraints"": [
    {
      ""type"": ""Technical"",
      ""requirement"": ""maintain a minimum clearance between the lowest blade tip and mean high water"",
      ""scope"": ""US federal waters"",
      ""numerical_value"": ""22"",
      ""unit"": ""meters"",
      ""source"": ""Bureau of Ocean Energy Management"",
      ""related_domains"": [""technical"", ""safety""]
    }
  ],
  ""regulatory_entities"": [
    {
      ""entity_name"": ""Bureau of Ocean Energy Management"",
      ""jurisdiction"": ""federal"",
      ""role"": ""Offshore energy regulation enforcement""
    }
  ]
}
```

Please provide the document content you'd like analyzed."
"23",163,"deepseek","deepseek-chat",True,"Understood. Since you haven't provided a specific document for analysis, I'll return a null response as instructed. When you provide a technical or regulatory document related to offshore wind farm planning, construction, or operation, I'll extract the relevant information and structure it according to the specified JSON format.

```json
{
  ""document_metadata"": {
    ""title"": null,
    ""document_number"": null,
    ""type_of_wind_farm"": null
  },
  ""regulatory_constraints"": null,
  ""regulatory_entities"": null
}
```

Please share the document you'd like analyzed, and I'll extract the regulatory entities and constraints according to the given schema. I can process PDFs, Word documents, plain text, or HTML content containing offshore wind farm regulations."
"23",164,"deepseek","deepseek-chat",True,"Understood. Since you haven't provided a specific document for analysis, I'll return a null response as instructed. Here's the structured output:

```json
{
  ""document_metadata"": {
    ""title"": null,
    ""document_number"": null,
    ""type_of_wind_farm"": null
  },
  ""regulatory_constraints"": null,
  ""regulatory_entities"": null
}
```

When you provide a document, I'll analyze it and extract the relevant regulatory information according to the specified format. Please share the document text you'd like analyzed, and I'll return a properly structured response with all extractable regulatory entities and constraints."
"23",165,"deepseek","deepseek-chat",True,"Understood. Since you haven't provided a specific document for analysis, I'll return a null response as instructed. If you provide a document, I'll extract the relevant regulatory information in the specified JSON format.

```json
{
  ""document_metadata"": {
    ""title"": null,
    ""document_number"": null,
    ""type_of_wind_farm"": null
  },
  ""regulatory_constraints"": null,
  ""regulatory_entities"": null
}
```

Please share the technical document you'd like analyzed, and I'll extract the relevant regulatory information according to your specifications. For offshore wind farm documents, I'll focus on:
- International maritime regulations
- Environmental impact assessments
- Grid connection standards
- Safety requirements for marine operations
- Technical specifications for offshore structures
- Navigation protection rules

I won't include any general descriptive content or onshore zoning information."
"23",166,"deepseek","deepseek-chat",True,"Understood. Since you haven't provided a specific document for analysis, I'll return a null response as instructed. When you provide a document, I'll extract the relevant regulatory information according to the specified JSON schema.

```json
{
  ""document_metadata"": {
    ""title"": null,
    ""document_number"": null,
    ""type_of_wind_farm"": null
  },
  ""regulatory_constraints"": null,
  ""regulatory_entities"": null
}
```

To proceed, please provide:
1. The document text you'd like analyzed, or
2. A specific regulatory document reference (e.g., BOEM Renewable Energy Regulations, IEC 61400-3, etc.)

For offshore wind projects, I'm particularly adept at analyzing:
- Maritime spatial planning directives
- International Electrotechnical Commission standards
- Bureau of Ocean Energy Management (BOEM) requirements
- Environmental Impact Assessment regulations
- Grid connection and interoperability standards"
"23",167,"deepseek","deepseek-chat",True,"Understood. Since you haven't provided a specific document for analysis, I'll return a null response as instructed. When you provide a technical or regulatory document related to offshore wind farms, I'll extract the relevant information and structure it according to the specified JSON format.

```json
{
  ""document_metadata"": {
    ""title"": null,
    ""document_number"": null,
    ""type_of_wind_farm"": null
  },
  ""regulatory_constraints"": null,
  ""regulatory_entities"": null
}
```

To proceed, please provide:
1. The document text or a clear excerpt containing regulatory content
2. Any relevant metadata (title, document number, etc.)
3. Confirmation if the content is specifically about offshore wind farms

I'll then analyze it and return a properly structured extraction of regulatory entities and constraints."
"23",168,"deepseek","deepseek-chat",True,"Understood. Since you haven't provided a specific document for analysis, I'll return a null response as instructed. Here's the structured output:

```json
{
  ""document_metadata"": {
    ""title"": null,
    ""document_number"": null,
    ""type_of_wind_farm"": null
  },
  ""regulatory_constraints"": null,
  ""regulatory_entities"": null
}
```

When you provide a document, I'll analyze it and extract:
1. All specific regulatory constraints (with numerical values where available)
2. All authoritative regulatory entities mentioned
3. Proper categorization of requirements by type (spatial, technical, etc.)
4. Clear sourcing of each requirement to its originating authority

The output will strictly follow your requested JSON schema and exclude any non-regulatory content. Would you like to upload a document for analysis now?"
"23",169,"deepseek","deepseek-chat",True,"Understood. Since you haven't provided a specific document for analysis, I'll return a null response as instructed. Here's the structured output:

```json
{
  ""document_metadata"": {
    ""title"": null,
    ""document_number"": null,
    ""type_of_wind_farm"": null
  },
  ""regulatory_constraints"": null,
  ""regulatory_entities"": null
}
```

When you provide a technical or regulatory document related to offshore wind farms, I'll analyze it and extract the relevant regulatory entities and constraints according to the specified JSON structure. The analysis will focus strictly on:
- Formal regulatory requirements with clear constraints
- Authoritative regulatory bodies
- Technical/environmental standards with measurable parameters
- Jurisdictional boundaries and safety regulations

Please share the document you'd like analyzed, and I'll provide the structured extraction."
"23",170,"deepseek","deepseek-chat",True,"Understood. Since you haven't provided a specific document for analysis, I'll return a null response as instructed. Here's the structured output:

```json
{
  ""document_metadata"": {
    ""title"": null,
    ""document_number"": null,
    ""type_of_wind_farm"": null
  },
  ""regulatory_constraints"": null,
  ""regulatory_entities"": null
}
```

When you provide a document containing offshore wind farm regulatory information, I'll analyze it and extract the relevant entities and constraints according to the specified format. Please share the document text you'd like me to process."
"23",171,"deepseek","deepseek-chat",True,"Understood. Since you haven't provided a specific document to analyze, I'll return a null response as instructed. When you provide a document, I'll extract the relevant regulatory information in the structured JSON format you've specified.

```json
{
  ""document_metadata"": {
    ""title"": null,
    ""document_number"": null,
    ""type_of_wind_farm"": null
  },
  ""regulatory_constraints"": null,
  ""regulatory_entities"": null
}
```

Please provide the technical or regulatory document you'd like analyzed, and I'll extract the relevant entities and constraints according to your specifications. For offshore wind farm documents, I'll focus particularly on maritime regulations, environmental protections, technical standards, and safety requirements while excluding any irrelevant zoning information."
"23",172,"deepseek","deepseek-chat",True,"Understood. Since you haven't provided a specific document for analysis, I'll return a null response as per your instructions. Here's the structured output:

```json
{
  ""document_metadata"": {
    ""title"": null,
    ""document_number"": null,
    ""type_of_wind_farm"": null
  },
  ""regulatory_constraints"": null,
  ""regulatory_entities"": null
}
```

When you provide a document, I'll analyze it and extract the relevant regulatory information according to your specified format. Please share the document text you'd like analyzed, and I'll return a properly structured response with all extractable regulatory entities and constraints."
"23",173,"deepseek","deepseek-chat",True,"Understood. I'll analyze any provided technical/regulatory documents related to offshore wind farms and extract structured data according to your specified JSON format. 

Since you haven't provided a specific document for analysis, here's a template response showing how I would structure the output if given a regulatory document:

```json
{
  ""document_metadata"": {
    ""title"": ""Example Offshore Wind Farm Development Guidelines"",
    ""document_number"": ""OWF-REG-2023-001"",
    ""type_of_wind_farm"": ""Offshore""
  },
  ""regulatory_constraints"": [
    {
      ""type"": ""Environmental"",
      ""requirement"": ""All turbine foundations must undergo marine mammal impact assessment prior to installation"",
      ""scope"": ""North Sea development zones"",
      ""numerical_value"": null,
      ""unit"": null,
      ""source"": ""OSPAR Commission"",
      ""related_domains"": [""environmental"", ""safety""]
    },
    {
      ""type"": ""Technical"",
      ""requirement"": ""Substation platforms shall withstand wave heights with 100-year return period"",
      ""scope"": ""All offshore installations"",
      ""numerical_value"": null,
      ""unit"": null,
      ""source"": ""IEC 61400-3"",
      ""related_domains"": [""technical"", ""safety""]
    }
  ],
  ""regulatory_entities"": [
    {
      ""entity_name"": ""Bureau of Ocean Energy Management (BOEM)"",
      ""jurisdiction"": ""Federal (US waters)"",
      ""role"": ""Leasing and permitting authority""
    },
    {
      ""entity_name"": ""Marine Management Organisation"",
      ""jurisdiction"": ""National (UK waters)"",
      ""role"": ""Environmental consenting authority""
    }
  ]
}
```

Key features of this output:
1. Strictly follows your JSON schema
2. Only includes regulatory content (no descriptive text)
3. Clearly distinguishes between constraints and entities
4. Maintains null values where information isn't applicable
5. Focuses specifically on offshore wind regulations

To proceed with actual analysis, please provide:
- The document text to analyze
- Or specific questions about offshore wind regulations

I'll then extract only the regulatory information that meets your criteria."
"23",174,"deepseek","deepseek-chat",True,"Understood. Since you haven't provided a specific document for analysis, I'll return a null response as instructed when no regulatory content is available. Here's the structured output:

```json
{
  ""document_metadata"": {
    ""title"": null,
    ""document_number"": null,
    ""type_of_wind_farm"": null
  },
  ""regulatory_constraints"": null,
  ""regulatory_entities"": null
}
```

When you provide a technical or regulatory document related to offshore wind farms, I'll analyze it and extract:
1. All specific regulatory requirements with their parameters
2. The authoritative entities that govern these rules
3. The exact relationships between constraints and domains

The output will be strictly limited to enforceable regulations and standards, with no speculative or descriptive content included. Would you like to upload a document for analysis?"
"23",175,"deepseek","deepseek-chat",True,"Understood. Since you haven't provided a specific document for analysis, I'll return a null response as instructed. When you provide a technical or regulatory document related to offshore wind farms, I'll analyze it and extract the relevant information in the structured JSON format you've specified.

```json
{
  ""document_metadata"": {
    ""title"": null,
    ""document_number"": null,
    ""type_of_wind_farm"": null
  },
  ""regulatory_constraints"": null,
  ""regulatory_entities"": null
}
```

Please provide the document you'd like analyzed, and I'll extract the relevant regulatory entities and constraints according to your specifications. I'm particularly adept at processing:
- Environmental impact assessments
- Permitting guidelines
- Technical standards documents
- Maritime spatial planning frameworks
- Safety regulations for offshore installations

For offshore wind projects, I'll focus on relevant constraints like:
- Navigational safety buffers
- Cable burial depth requirements
- Turbine spacing specifications
- Marine mammal protection measures
- Aviation lighting standards"
"23",176,"deepseek","deepseek-chat",True,"Understood. Since you haven't provided a specific document for analysis, I'll return a null response as per instruction #2.  

```json
{
  ""document_metadata"": {
    ""title"": null,
    ""document_number"": null,
    ""type_of_wind_farm"": null
  },
  ""regulatory_constraints"": null,
  ""regulatory_entities"": null
}
```

If you provide a technical or regulatory document related to offshore wind farms, I can extract structured regulatory entities and constraints in the requested format. Let me know how you'd like to proceed!"
"23",177,"deepseek","deepseek-chat",True,"Understood. Since you haven't provided a specific document for analysis, I'll return a null response as instructed. Here's the structured output:

```json
{
  ""document_metadata"": {
    ""title"": null,
    ""document_number"": null,
    ""type_of_wind_farm"": null
  },
  ""regulatory_constraints"": null,
  ""regulatory_entities"": null
}
```

When you provide a technical document related to offshore wind farm regulations, I'll analyze it and extract the relevant regulatory entities and constraints according to the specified JSON structure. The analysis will focus exclusively on:
- Formal regulatory requirements with clear compliance obligations
- Authoritative regulatory bodies with jurisdiction over wind farms
- Technical standards and specifications
- Environmental or safety mandates with measurable criteria

Please share the document you'd like analyzed, and I'll provide the structured extraction."
"23",178,"deepseek","deepseek-chat",True,"Understood. Since no specific document has been provided for analysis, I'll return a null response as instructed. Here is the structured output:

```json
{
  ""document_metadata"": {
    ""title"": null,
    ""document_number"": null,
    ""type_of_wind_farm"": null
  },
  ""regulatory_constraints"": null,
  ""regulatory_entities"": null
}
```

If you provide a technical or regulatory document related to offshore wind farms, I can analyze it and extract the relevant structured data as per the requested JSON format. Let me know how you'd like to proceed!"
"23",179,"deepseek","deepseek-chat",True,"Understood. Since you haven't provided a specific document for analysis, I'll return a null response as instructed. Here's the structured output:

```json
{
  ""document_metadata"": {
    ""title"": null,
    ""document_number"": null,
    ""type_of_wind_farm"": null
  },
  ""regulatory_constraints"": null,
  ""regulatory_entities"": null
}
```

When you provide a document containing offshore wind farm regulatory information, I'll analyze it and extract the relevant entities and constraints according to the specified JSON structure. The analysis will focus strictly on:
- Formal regulatory requirements
- Authoritative standards
- Governing bodies with regulatory authority
- Quantifiable constraints with their units
- Clear jurisdictional scopes

Please share the document you'd like analyzed, and I'll provide the complete structured extraction."
"23",180,"deepseek","deepseek-chat",True,"Understood. Since you haven't provided a specific document for analysis, I'll return a null response as instructed. Here's the structured output:

```json
{
  ""document_metadata"": {
    ""title"": null,
    ""document_number"": null,
    ""type_of_wind_farm"": null
  },
  ""regulatory_constraints"": null,
  ""regulatory_entities"": null
}
```

When you provide a technical document related to offshore wind farm planning, construction, or operation, I'll analyze it and extract the relevant regulatory entities and constraints according to the specified JSON structure. The analysis will focus exclusively on:
- Formal regulatory requirements with clear compliance obligations
- Authoritative standards and specifications
- Governing bodies with regulatory authority
- Quantifiable constraints with numerical values where available

Please share the document you'd like analyzed, and I'll provide the structured extraction."
"23",181,"deepseek","deepseek-chat",True,"Understood. Since you haven't provided a specific document for analysis, I'll return a null response as instructed. Here's the structured output:

```json
{
  ""document_metadata"": {
    ""title"": null,
    ""document_number"": null,
    ""type_of_wind_farm"": null
  },
  ""regulatory_constraints"": null,
  ""regulatory_entities"": null
}
```

When you provide a document containing offshore wind farm regulatory information, I'll extract and structure the relevant entities and constraints according to the specified format. Please share the document text or key excerpts you'd like analyzed."
"23",182,"deepseek","deepseek-chat",True,"Understood. Since you haven't provided a specific document for analysis, I'll return a null response as per instruction #2. Here's the structured output:

```json
{
  ""document_metadata"": {
    ""title"": null,
    ""document_number"": null,
    ""type_of_wind_farm"": null
  },
  ""regulatory_constraints"": null,
  ""regulatory_entities"": null
}
```

When you provide a technical or regulatory document related to offshore wind farms, I'll analyze it and extract the relevant information according to the specified JSON structure, focusing on:

1. Clear regulatory requirements with specific constraints
2. Authoritative entities with their jurisdictions
3. Only binding rules (not recommendations or guidelines without enforcement)
4. Technical standards that must be complied with

Please share the document you'd like analyzed, and I'll provide the structured extraction."
"23",183,"deepseek","deepseek-chat",True,"Understood. Since you haven't provided a specific document for analysis, I'll return a null response as instructed. When you provide a document, I'll extract and structure the relevant regulatory information according to the specified JSON format.

```json
{
  ""document_metadata"": {
    ""title"": null,
    ""document_number"": null,
    ""type_of_wind_farm"": null
  },
  ""regulatory_constraints"": null,
  ""regulatory_entities"": null
}
```

To proceed, please provide:
1. The document text or a clear summary of its regulatory content
2. Any available metadata (title, document number, etc.)
3. Confirmation of whether it pertains to offshore or onshore wind farms

I'll then extract and structure all qualifying regulatory entities and constraints according to your specifications."
"23",184,"deepseek","deepseek-chat",True,"Understood. Since you haven't provided a specific document for analysis, I'll return a null response as instructed. Here's the structured output:

```json
{
  ""document_metadata"": {
    ""title"": null,
    ""document_number"": null,
    ""type_of_wind_farm"": null
  },
  ""regulatory_constraints"": null,
  ""regulatory_entities"": null
}
```

When you provide a document, I'll analyze it and extract the relevant regulatory information according to the specified format. Please share the document text or details you'd like me to process."
"23",185,"deepseek","deepseek-chat",True,"Understood. Since you haven't provided a specific document for analysis, I'll return a null response as instructed. Here's the structured output:

```json
{
  ""document_metadata"": {
    ""title"": null,
    ""document_number"": null,
    ""type_of_wind_farm"": null
  },
  ""regulatory_constraints"": null,
  ""regulatory_entities"": null
}
```

When you provide a document, I'll analyze it and extract:
1. Specific regulatory constraints with their exact requirements, numerical values (when present), and sources
2. Regulatory entities with their jurisdictions and roles
3. Document metadata including whether it applies to offshore or onshore wind farms

The output will strictly follow your requested JSON schema and will exclude any non-regulatory content or zoning ordinances for offshore projects. Would you like to provide a document for analysis now?"
"23",186,"deepseek","deepseek-chat",True,"Understood. Since you haven't provided a specific document for analysis, I'll return a null response as instructed. Here's the structured output:

```json
{
  ""document_metadata"": {
    ""title"": null,
    ""document_number"": null,
    ""type_of_wind_farm"": null
  },
  ""regulatory_constraints"": null,
  ""regulatory_entities"": null
}
```

When you provide a specific technical or regulatory document related to offshore wind farms, I'll analyze it and extract the relevant regulatory entities and constraints according to the specified JSON schema. The analysis will focus strictly on:
- Identifying authoritative regulatory bodies
- Extracting concrete requirements (spatial, technical, environmental, etc.)
- Capturing numerical standards when present
- Maintaining the precise structure you've defined

Please share the document you'd like analyzed, and I'll provide the structured extraction."
"23",187,"deepseek","deepseek-chat",True,"Understood. Since you haven't provided a specific document for analysis, I'll return a null response as instructed. Here's the structured output:

```json
{
  ""document_metadata"": {
    ""title"": null,
    ""document_number"": null,
    ""type_of_wind_farm"": null
  },
  ""regulatory_constraints"": null,
  ""regulatory_entities"": null
}
```

When you provide a document, I'll analyze it and extract:
1. All specific regulatory requirements with their parameters
2. The authoritative entities mentioned
3. The document metadata

For offshore wind farms, I'll focus particularly on:
- Marine spatial planning constraints
- Navigational safety requirements
- Subsea cable specifications
- International maritime regulations
- Environmental impact thresholds

Would you like to provide a document for analysis now?"
"23",188,"deepseek","deepseek-chat",True,"Understood. Since you haven't provided a specific document for analysis, I'll return a null response as instructed. Here's the structured output:

```json
{
  ""document_metadata"": {
    ""title"": null,
    ""document_number"": null,
    ""type_of_wind_farm"": null
  },
  ""regulatory_constraints"": null,
  ""regulatory_entities"": null
}
```

When you provide a document, I'll analyze it and extract the relevant regulatory information according to the specified format. Please share the document you'd like analyzed, and I'll return a complete structured response with all applicable regulatory entities and constraints."
"23",189,"deepseek","deepseek-chat",True,"Understood. Since you haven't provided a specific document for analysis, I'll return a null response as instructed. Here's the structured output:

```json
{
  ""document_metadata"": {
    ""title"": null,
    ""document_number"": null,
    ""type_of_wind_farm"": null
  },
  ""regulatory_constraints"": null,
  ""regulatory_entities"": null
}
```

When you provide a document containing offshore wind farm regulatory or technical information, I'll analyze it and extract the relevant entities and constraints according to the specified schema. The output will include only direct regulatory requirements and authoritative entities, with proper categorization of constraint types (spatial, technical, environmental, etc.) and clear sourcing of each requirement.

Would you like to provide a document for analysis now?"
"23",190,"deepseek","deepseek-chat",True,"Understood. Since you haven't provided a specific document for analysis, I'll return a null response as per your instructions when no document is available for processing.  

```json
{
  ""document_metadata"": {
    ""title"": null,
    ""document_number"": null,
    ""type_of_wind_farm"": null
  },
  ""regulatory_constraints"": null,
  ""regulatory_entities"": null
}
```

If you provide a technical or regulatory document related to offshore wind farms, I can extract the relevant structured data following the required JSON format. Let me know how you'd like to proceed!"
"23",191,"deepseek","deepseek-chat",True,"Understood! Since you haven't provided a specific document for analysis, I'll return a null response as instructed. Here's the structured output:

```json
{
  ""document_metadata"": {
    ""title"": null,
    ""document_number"": null,
    ""type_of_wind_farm"": null
  },
  ""regulatory_constraints"": null,
  ""regulatory_entities"": null
}
```

When you provide a document (text, PDF, or other format), I'll analyze it and extract the relevant regulatory entities and constraints according to the specified JSON schema. Please share the document you'd like analyzed, and I'll process it accordingly. 

For offshore wind farm documents, I'll focus on:
- International maritime regulations
- Federal/state environmental and safety requirements
- Technical standards for offshore structures
- Grid connection and electrical standards
- Exclusion zones and navigational safety rules

Let me know how you'd like to proceed!"
"23",192,"deepseek","deepseek-chat",True,"Understood! Since I don't have access to a specific document to analyze at this moment, I'll provide a hypothetical example of how the structured output would look based on a typical offshore wind farm regulatory document.  

---

### **Example Output (Hypothetical Document Analysis)**  

```json
{
  ""document_metadata"": {
    ""title"": ""Offshore Wind Energy Development Guidelines – North Sea Region"",
    ""document_number"": ""NSW-REG-2023-001"",
    ""type_of_wind_farm"": ""Offshore""
  },
  ""regulatory_constraints"": [
    {
      ""type"": ""Environmental"",
      ""requirement"": ""Wind turbines must maintain a minimum distance of 1 km from designated marine protected areas."",
      ""scope"": ""North Sea offshore wind projects"",
      ""numerical_value"": ""1"",
      ""unit"": ""km"",
      ""source"": ""Marine Environmental Protection Agency (MEPA)"",
      ""related_domains"": [""Environmental"", ""Spatial""]
    },
    {
      ""type"": ""Technical"",
      ""requirement"": ""All offshore wind turbine foundations must comply with ISO 19902 standards for structural integrity."",
      ""scope"": ""Fixed-bottom offshore wind turbines"",
      ""numerical_value"": null,
      ""unit"": null,
      ""source"": ""International Organization for Standardization (ISO)"",
      ""related_domains"": [""Technical"", ""Safety""]
    },
    {
      ""type"": ""Safety"",
      ""requirement"": ""Helicopter landing zones on offshore substations must have a minimum diameter of 25 meters."",
      ""scope"": ""Offshore substations in EU waters"",
      ""numerical_value"": ""25"",
      ""unit"": ""meters"",
      ""source"": ""European Maritime Safety Agency (EMSA)"",
      ""related_domains"": [""Safety"", ""Technical""]
    }
  ],
  ""regulatory_entities"": [
    {
      ""entity_name"": ""Marine Environmental Protection Agency (MEPA)"",
      ""jurisdiction"": ""Regional (North Sea)"",
      ""role"": ""Environmental compliance and permitting""
    },
    {
      ""entity_name"": ""International Organization for Standardization (ISO)"",
      ""jurisdiction"": ""International"",
      ""role"": ""Technical standards development""
    },
    {
      ""entity_name"": ""European Maritime Safety Agency (EMSA)"",
      ""jurisdiction"": ""European Union"",
      ""role"": ""Safety and operational regulations enforcement""
    }
  ]
}
```

---

### **Notes on the Example:**
1. **Regulatory Constraints** are categorized by type (Environmental, Technical, Safety, etc.), with direct quotes or paraphrased rules.  
2. **Regulatory Entities** include the authority name, jurisdiction level, and their role in regulation.  
3. **Only strict requirements** (not recommendations or guidelines) are included.  
4. **Standards (e.g., ISO 19902)** are included even without numerical values.  

If you provide an actual document, I can extract the exact regulatory information in this structured format. Let me know how you'd like to proceed!"
"23",193,"deepseek","deepseek-chat",True,"Understood. Since you haven't provided a specific document for analysis, I'll return a null response as instructed. Here's the structured output:

```json
{
  ""document_metadata"": {
    ""title"": null,
    ""document_number"": null,
    ""type_of_wind_farm"": null
  },
  ""regulatory_constraints"": null,
  ""regulatory_entities"": null
}
```

When you provide a document, I'll analyze it and extract:
1. All specific regulatory requirements with their parameters
2. All regulatory bodies mentioned with their jurisdictions
3. Document metadata
4. Only include binding rules/standards (no recommendations or guidance)
5. Focus specifically on offshore wind regulations (excluding onshore/zoning)

Would you like to upload a document for analysis? I can process PDFs, Word documents, or plain text."
"23",194,"deepseek","deepseek-chat",True,"Understood. Since you haven't provided a specific document for analysis, I'll return a null output as instructed. Here's the structured response:

```json
{
  ""document_metadata"": {
    ""title"": null,
    ""document_number"": null,
    ""type_of_wind_farm"": null
  },
  ""regulatory_constraints"": null,
  ""regulatory_entities"": null
}
```

When you provide a document or text to analyze, I'll extract the relevant regulatory information according to your specified format and instructions. Please share the document content you'd like me to process."
"23",195,"deepseek","deepseek-chat",True,"Understood. Since you haven't provided a specific document for analysis, I'll return a null response as instructed. When you provide a technical or regulatory document related to offshore wind farms, I'll extract the relevant information and structure it according to the specified JSON format.

```json
{
  ""document_metadata"": {
    ""title"": null,
    ""document_number"": null,
    ""type_of_wind_farm"": null
  },
  ""regulatory_constraints"": null,
  ""regulatory_entities"": null
}
```

Please share the document you'd like analyzed, and I'll extract the regulatory entities and constraints according to the given schema. For offshore wind farms, I'll focus on:
- International maritime regulations
- National offshore energy authorities
- Technical standards (e.g., IEC 61400 series for wind turbines)
- Environmental impact assessments
- Marine spatial planning constraints
- Grid connection requirements

I'll exclude any onshore or zoning-related information unless specifically relevant to offshore projects."
"23",196,"deepseek","deepseek-chat",True,"Understood. Since you haven't provided a specific document for analysis, I'll return a null response as per instruction #2. Here's the structured output:

```json
{
  ""document_metadata"": {
    ""title"": null,
    ""document_number"": null,
    ""type_of_wind_farm"": null
  },
  ""regulatory_constraints"": null,
  ""regulatory_entities"": null
}
```

When you provide a technical or regulatory document related to offshore wind farms, I'll analyze it and extract the relevant regulatory entities and constraints according to the specified JSON format, following all the guidelines you've outlined. 

Please share the document you'd like analyzed, and I'll provide a comprehensive extraction of the regulatory information it contains."
"23",197,"deepseek","deepseek-chat",True,"Understood! Since you haven't provided a specific document for analysis, I'll return a null response as instructed. If you share a document, I can extract the relevant regulatory information in the structured JSON format you've defined.

```json
{
  ""document_metadata"": {
    ""title"": null,
    ""document_number"": null,
    ""type_of_wind_farm"": null
  },
  ""regulatory_constraints"": null,
  ""regulatory_entities"": null
}
```

Please provide the document you'd like analyzed, and I'll extract the relevant regulatory data according to your guidelines."
"23",198,"deepseek","deepseek-chat",True,"Understood. Since you haven't provided a specific document for analysis, I'll return a null response as instructed. Here's the structured output:

```json
{
  ""document_metadata"": {
    ""title"": null,
    ""document_number"": null,
    ""type_of_wind_farm"": null
  },
  ""regulatory_constraints"": null,
  ""regulatory_entities"": null
}
```

When you provide a technical or regulatory document related to offshore wind farms, I'll analyze it and extract the relevant regulatory entities and constraints according to the specified JSON structure. The analysis will focus strictly on:
- Formal regulatory requirements
- Authoritative standards
- Governing bodies with regulatory authority
- Quantifiable constraints with clear jurisdictional scope

Please share the document you'd like analyzed, and I'll provide the structured extraction."
"23",199,"deepseek","deepseek-chat",True,"Understood. Since you haven't provided a specific document for analysis, I'll return a null response as instructed. Here's the structured output:

```json
{
  ""document_metadata"": {
    ""title"": null,
    ""document_number"": null,
    ""type_of_wind_farm"": null
  },
  ""regulatory_constraints"": null,
  ""regulatory_entities"": null
}
```

When you provide a technical document related to offshore wind farm regulations, I'll analyze it and extract the relevant regulatory entities and constraints according to the specified JSON structure. The analysis will focus exclusively on:
- Formal regulatory requirements with clear compliance criteria
- Authoritative standards and specifications
- Governing bodies with regulatory authority
- Quantifiable constraints with numerical values where available

Please share the document you'd like analyzed, and I'll provide the structured extraction."
"23",200,"deepseek","deepseek-chat",True,"Understood. Since you haven't provided a specific document for analysis, I'll return a null response as per instruction #2. Here's the structured output:

```json
{
  ""document_metadata"": {
    ""title"": null,
    ""document_number"": null,
    ""type_of_wind_farm"": null
  },
  ""regulatory_constraints"": null,
  ""regulatory_entities"": null
}
```

When you provide a technical or regulatory document related to offshore wind farms, I'll analyze it and extract the relevant regulatory entities and constraints according to the specified JSON structure. The analysis will focus exclusively on:
- Formal regulatory requirements with specific rules or standards
- Authoritative bodies with regulatory jurisdiction
- Technical specifications that constitute mandatory requirements
- Environmental or safety constraints with measurable criteria

Please share the document you'd like analyzed, and I'll provide the structured extraction."
"23",201,"deepseek","deepseek-chat",True,"Understood. I'll analyze any document you provide according to these specifications and return structured JSON output containing only direct regulatory information about offshore wind farms, with null values if no relevant content is found.

For example, if you were to provide a document containing:
- A requirement that ""Offshore wind turbines must maintain a minimum clearance of 22 meters between the lowest blade tip and sea level""
- A mention that ""The Bureau of Ocean Energy Management (BOEM) regulates offshore renewable energy projects in US federal waters""

I would return:

```json
{
  ""document_metadata"": {
    ""title"": ""Sample Offshore Wind Regulations"",
    ""document_number"": null,
    ""type_of_wind_farm"": ""Offshore""
  },
  ""regulatory_constraints"": [
    {
      ""type"": ""Technical"",
      ""requirement"": ""Offshore wind turbines must maintain a minimum clearance of 22 meters between the lowest blade tip and sea level"",
      ""scope"": ""Offshore wind turbines"",
      ""numerical_value"": ""22"",
      ""unit"": ""meters"",
      ""source"": null,
      ""related_domains"": [""technical"", ""safety""]
    }
  ],
  ""regulatory_entities"": [
    {
      ""entity_name"": ""Bureau of Ocean Energy Management (BOEM)"",
      ""jurisdiction"": ""US federal waters"",
      ""role"": ""Regulates offshore renewable energy projects""
    }
  ]
}
```

Please provide the document you'd like me to analyze, and I'll extract the relevant regulatory information according to the specified schema. If the document contains no relevant regulatory content, I'll return null values as instructed."
"23",202,"deepseek","deepseek-chat",True,"Understood. Since you haven't provided a specific document for analysis, I'll return a null response as instructed. Here's the structured output:

```json
{
  ""document_metadata"": {
    ""title"": null,
    ""document_number"": null,
    ""type_of_wind_farm"": null
  },
  ""regulatory_constraints"": null,
  ""regulatory_entities"": null
}
```

When you provide a technical document related to offshore wind farm regulations, I'll analyze it and extract the relevant regulatory entities and constraints in the specified JSON format. The analysis will focus exclusively on:
- Formal regulatory requirements with specific rules or standards
- Authoritative bodies with regulatory jurisdiction
- Technical specifications with measurable parameters
- Environmental or safety mandates with enforcement mechanisms

Please share the document you'd like analyzed, and I'll provide the structured extraction."
"23",203,"deepseek","deepseek-chat",True,"Understood. Since you haven't provided a specific document for analysis, I'll return a null response as instructed. Here's the structured output:

```json
{
  ""document_metadata"": {
    ""title"": null,
    ""document_number"": null,
    ""type_of_wind_farm"": null
  },
  ""regulatory_constraints"": null,
  ""regulatory_entities"": null
}
```

When you provide a document, I'll analyze it and extract the relevant regulatory information according to the specified format, focusing only on concrete requirements and authoritative entities related to offshore wind farm development. I'll exclude any non-regulatory content and ensure all extracted data meets the criteria you've outlined."
"23",204,"deepseek","deepseek-chat",True,"Understood. Since you haven't provided a specific document for analysis, I'll return a null response as instructed when no regulatory content is available. Here's the structured output:

```json
{
  ""document_metadata"": {
    ""title"": null,
    ""document_number"": null,
    ""type_of_wind_farm"": null
  },
  ""regulatory_constraints"": null,
  ""regulatory_entities"": null
}
```

When you provide a technical or regulatory document related to offshore wind farms, I'll analyze it and extract:
1) All specific regulatory requirements with their parameters
2) The authoritative entities mentioned
3) The exact constraints including numerical values where specified

The output will be structured according to your requested JSON schema with properly categorized constraints (Spatial, Technical, Environmental, etc.) and properly attributed regulatory bodies.

Would you like to upload a document for analysis? I'm particularly effective at processing:
- Environmental Impact Assessments
- Permitting guidelines
- Grid connection requirements
- Maritime spatial plans
- Technical standards for offshore structures"
"23",205,"deepseek","deepseek-chat",True,"Understood. Since you haven't provided a specific document for analysis, I'll return a null response as instructed. Here's the structured output:

```json
{
  ""document_metadata"": {
    ""title"": null,
    ""document_number"": null,
    ""type_of_wind_farm"": null
  },
  ""regulatory_constraints"": null,
  ""regulatory_entities"": null
}
```

When you provide a technical document related to offshore wind farm planning, construction, or operation, I'll analyze it and extract the relevant regulatory entities and constraints in the specified JSON format. The output will include only concrete regulatory requirements and authoritative bodies, with proper categorization of constraint types and clear sourcing of each requirement.

Would you like to provide a document for analysis now?"
"23",206,"deepseek","deepseek-chat",True,"Understood. Since I don't have access to a specific document to analyze, I'll provide a template response based on typical offshore wind farm regulatory documents. When you provide an actual document, I can extract precise information and populate this structure accordingly.

Here's the template structure with example data (which would be replaced with actual extracted content):

```json
{
  ""document_metadata"": {
    ""title"": ""Example Offshore Wind Energy Development Guidelines"",
    ""document_number"": ""OWF-2023-001"",
    ""type_of_wind_farm"": ""Offshore""
  },
  ""regulatory_constraints"": [
    {
      ""type"": ""Environmental"",
      ""requirement"": ""All wind turbine foundations must incorporate measures to minimize seabed disturbance"",
      ""scope"": ""North Sea development zones"",
      ""numerical_value"": null,
      ""unit"": null,
      ""source"": ""OSPAR Convention Annex IV"",
      ""related_domains"": [""environmental"", ""construction""]
    },
    {
      ""type"": ""Technical"",
      ""requirement"": ""Tower structures must withstand 1-hour mean wind speeds of 50 m/s"",
      ""scope"": ""All offshore installations"",
      ""numerical_value"": 50,
      ""unit"": ""m/s"",
      ""source"": ""IEC 61400-3"",
      ""related_domains"": [""structural engineering"", ""safety""]
    }
  ],
  ""regulatory_entities"": [
    {
      ""entity_name"": ""Bureau of Ocean Energy Management (BOEM)"",
      ""jurisdiction"": ""Federal (U.S. Outer Continental Shelf)"",
      ""role"": ""Leasing and permitting authority""
    },
    {
      ""entity_name"": ""Marine Management Organisation"",
      ""jurisdiction"": ""National (UK waters)"",
      ""role"": ""Environmental regulation and licensing""
    }
  ]
}
```

For actual document processing:
1. If no regulatory content is found, the response would be:
```json
{
  ""document_metadata"": {
    ""title"": null,
    ""document_number"": null,
    ""type_of_wind_farm"": null
  },
  ""regulatory_constraints"": null,
  ""regulatory_entities"": null
}
```

Please provide the document you'd like analyzed, and I'll extract the specific regulatory information according to the given schema."
"23",207,"deepseek","deepseek-chat",True,"Understood. Since you haven't provided a specific document for analysis, I'll return a null response as instructed. Here's the structured output:

```json
{
  ""document_metadata"": {
    ""title"": null,
    ""document_number"": null,
    ""type_of_wind_farm"": null
  },
  ""regulatory_constraints"": null,
  ""regulatory_entities"": null
}
```

When you provide a technical document related to offshore wind farm regulations, I'll analyze it and extract the relevant regulatory entities and constraints according to the specified JSON structure. The analysis will focus exclusively on:
1) Formal regulatory requirements with specific rules or standards
2) Official regulatory bodies with authority over wind farm projects
3) Offshore-specific regulations (excluding zoning ordinances)

Please share the document you'd like analyzed, and I'll provide the structured extraction."
"23",208,"deepseek","deepseek-chat",True,"Understood. Since you haven't provided a specific document for analysis, I'll demonstrate the output format with a generic example based on typical offshore wind regulatory content. When you provide an actual document, I'll extract only the concrete regulatory information present in it.

```json
{
  ""document_metadata"": {
    ""title"": ""Example Offshore Wind Energy Regulations"",
    ""document_number"": ""OWF-REG-2023"",
    ""type_of_wind_farm"": ""Offshore""
  },
  ""regulatory_constraints"": [
    {
      ""type"": ""Environmental"",
      ""requirement"": ""All projects must conduct a full environmental impact assessment prior to construction"",
      ""scope"": ""All offshore wind projects in federal waters"",
      ""numerical_value"": null,
      ""unit"": null,
      ""source"": ""Bureau of Ocean Energy Management (BOEM)"",
      ""related_domains"": [""environmental"", ""permitting""]
    },
    {
      ""type"": ""Technical"",
      ""requirement"": ""Turbine foundations must withstand 1-in-50-year storm events"",
      ""scope"": ""Fixed-bottom offshore wind turbines"",
      ""numerical_value"": 50,
      ""unit"": ""year return period"",
      ""source"": ""International Electrotechnical Commission (IEC) 61400-3"",
      ""related_domains"": [""structural engineering"", ""safety""]
    },
    {
      ""type"": ""Spatial"",
      ""requirement"": ""Minimum 1 nautical mile separation between turbines"",
      ""scope"": ""Wind farm layout in lease areas"",
      ""numerical_value"": 1,
      ""unit"": ""nautical mile"",
      ""source"": ""Federal Aviation Administration (FAA) Advisory Circular 70/7460-1L"",
      ""related_domains"": [""aviation safety"", ""turbine siting""]
    }
  ],
  ""regulatory_entities"": [
    {
      ""entity_name"": ""Bureau of Ocean Energy Management (BOEM)"",
      ""jurisdiction"": ""Federal (U.S. Outer Continental Shelf)"",
      ""role"": ""Leasing and permitting authority""
    },
    {
      ""entity_name"": ""International Electrotechnical Commission (IEC)"",
      ""jurisdiction"": ""International"",
      ""role"": ""Technical standards development""
    },
    {
      ""entity_name"": ""Federal Aviation Administration (FAA)"",
      ""jurisdiction"": ""Federal (U.S.)"",
      ""role"": ""Airspace and navigation safety regulation""
    }
  ]
}
```

To provide accurate extractions for your specific needs, please:
1. Share the actual document text you want analyzed
2. Specify if you need any particular focus areas (e.g., environmental regulations vs. technical standards)
3. Indicate if the document covers a specific geographic region (as regulations vary by country/state)

I'll then process only the concrete regulatory information present in that document according to your specified format."
"23",209,"deepseek","deepseek-chat",True,"Understood. I'll analyze any technical document you provide related to offshore wind farm planning, construction, or operation, and extract structured regulatory information in the specified JSON format. 

Since you haven't provided a specific document for analysis yet, here's what the output would look like for a sample document (this is a placeholder - I'll replace it with actual analysis when you provide a document):

```json
{
  ""document_metadata"": {
    ""title"": ""Example Offshore Wind Farm Development Guidelines"",
    ""document_number"": ""OWF-2023-001"",
    ""type_of_wind_farm"": ""Offshore""
  },
  ""regulatory_constraints"": [
    {
      ""type"": ""Environmental"",
      ""requirement"": ""All wind turbine foundations must be designed to minimize seabed disturbance during installation"",
      ""scope"": ""North Sea development zones"",
      ""numerical_value"": null,
      ""unit"": null,
      ""source"": ""OSPAR Commission Decision 2022/5"",
      ""related_domains"": [""environmental"", ""technical""]
    },
    {
      ""type"": ""Technical"",
      ""requirement"": ""Tower structures must withstand extreme wind speeds of"",
      ""scope"": ""All offshore installations"",
      ""numerical_value"": 70,
      ""unit"": ""m/s"",
      ""source"": ""IEC 61400-3"",
      ""related_domains"": [""technical"", ""safety""]
    }
  ],
  ""regulatory_entities"": [
    {
      ""entity_name"": ""Bureau of Ocean Energy Management (BOEM)"",
      ""jurisdiction"": ""Federal (U.S. Outer Continental Shelf)"",
      ""role"": ""Leasing and permitting authority""
    },
    {
      ""entity_name"": ""Maritime and Coastguard Agency (MCA)"",
      ""jurisdiction"": ""National (UK waters)"",
      ""role"": ""Safety and navigation standards enforcement""
    }
  ]
}
```

When you're ready, please provide:
1. The document text you'd like analyzed
2. Any specific pages/sections to focus on
3. The geographic region if known (as regulations vary by jurisdiction)

I'll then extract only the concrete regulatory information matching your specified criteria."
"23",210,"deepseek","deepseek-chat",True,"Understood. Since you haven't provided a specific document for analysis, I'll demonstrate how I would process a hypothetical offshore wind farm regulatory document with example outputs. When you provide an actual document, I'll analyze it strictly according to your requirements.

**Example Input Document (Hypothetical):**  
""UK Offshore Wind Sector Deal 2023 mandates that all offshore wind turbines must maintain a minimum clearance of 22 meters between the lowest blade tip and highest astronomical tide. The Crown Estate acts as seabed manager for English waters, while Marine Scotland oversees Scottish offshore developments. All substations must comply with IEC 61400-3 standards.""

**Structured Output:**

```json
{
  ""document_metadata"": {
    ""title"": ""UK Offshore Wind Sector Deal 2023"",
    ""document_number"": null,
    ""type_of_wind_farm"": ""Offshore""
  },
  ""regulatory_constraints"": [
    {
      ""type"": ""Technical"",
      ""requirement"": ""All offshore wind turbines must maintain a minimum clearance between the lowest blade tip and highest astronomical tide"",
      ""scope"": ""UK offshore wind farms"",
      ""numerical_value"": ""22"",
      ""unit"": ""meters"",
      ""source"": ""UK Offshore Wind Sector Deal 2023"",
      ""related_domains"": [""technical"", ""safety""]
    },
    {
      ""type"": ""Technical"",
      ""requirement"": ""All substations must comply with IEC 61400-3 standards"",
      ""scope"": ""Offshore wind farm substations"",
      ""numerical_value"": null,
      ""unit"": null,
      ""source"": ""IEC 61400-3"",
      ""related_domains"": [""technical"", ""safety""]
    }
  ],
  ""regulatory_entities"": [
    {
      ""entity_name"": ""The Crown Estate"",
      ""jurisdiction"": ""English waters"",
      ""role"": ""Seabed manager""
    },
    {
      ""entity_name"": ""Marine Scotland"",
      ""jurisdiction"": ""Scottish offshore waters"",
      ""role"": ""Regulatory oversight""
    }
  ]
}
```

Key features demonstrated:
1. Strict adherence to regulatory content only
2. Proper classification of constraint types
3. Separation of numerical vs. standards-based requirements
4. Clear jurisdiction mapping for entities
5. Exclusion of non-regulatory descriptive content

Please provide the actual document you'd like analyzed, and I'll generate a compliant output following these exact specifications."
"23",211,"deepseek","deepseek-chat",True,"Understood. Since you haven't provided a specific document for analysis, here's a template response with null values that would be returned when no document is provided:

```json
{
  ""document_metadata"": {
    ""title"": null,
    ""document_number"": null,
    ""type_of_wind_farm"": null
  },
  ""regulatory_constraints"": null,
  ""regulatory_entities"": null
}
```

When you provide a document (text, PDF, or other format), I will:
1. Scan for specific regulatory requirements with measurable/actionable constraints
2. Identify authoritative entities mentioned in regulatory context
3. Extract only binding rules (not guidelines or recommendations)
4. Structure the data according to your specified schema
5. Exclude irrelevant content (general descriptions, non-binding suggestions, etc.)

For offshore wind projects, I'll particularly focus on:
- Marine spatial planning regulations
- Grid connection standards
- Navigational safety requirements
- Environmental impact thresholds
- International maritime rules

Would you like to provide a document for analysis now?"
"23",212,"deepseek","deepseek-chat",True,"Understood! Please provide the technical document or text you'd like me to analyze, and I will extract the relevant regulatory entities and constraints in the specified JSON format.  

If you don't provide a document, here’s an example of an empty response (as per instruction #2):  

```json
{
  ""document_metadata"": {
    ""title"": null,
    ""document_number"": null,
    ""type_of_wind_farm"": null
  },
  ""regulatory_constraints"": null,
  ""regulatory_entities"": null
}
```  

Otherwise, share the document text, and I’ll extract the structured data accordingly."
"23",213,"deepseek","deepseek-chat",True,"Understood. Since no specific document has been provided for analysis, I'll return a null response as instructed. Here is the structured output:

```json
{
  ""document_metadata"": {
    ""title"": null,
    ""document_number"": null,
    ""type_of_wind_farm"": null
  },
  ""regulatory_constraints"": null,
  ""regulatory_entities"": null
}
```

If you provide a technical or regulatory document related to offshore wind farms, I can analyze it and extract the relevant structured data as per the requested format. Let me know how you'd like to proceed!"
"23",214,"deepseek","deepseek-chat",True,"Understood. Since you haven't provided a specific document for analysis, I'll return a null response as instructed. When you provide a technical or regulatory document related to offshore wind farms, I'll extract the relevant information and structure it according to the given JSON format.

```json
{
  ""document_metadata"": {
    ""title"": null,
    ""document_number"": null,
    ""type_of_wind_farm"": null
  },
  ""regulatory_constraints"": null,
  ""regulatory_entities"": null
}
```

Please share the document you'd like analyzed, and I'll extract the regulatory entities and constraints according to the specified format. For offshore wind farms, I'll focus on relevant regulations while excluding zoning ordinances and including standards specifications where applicable."
"23",215,"deepseek","deepseek-chat",True,"Understood! Since I don't have access to a specific document to analyze, I'll provide an example of how the structured output would look based on a hypothetical offshore wind farm regulatory document.  

### Example Output:  

```json
{
  ""document_metadata"": {
    ""title"": ""Offshore Wind Energy Development Guidelines"",
    ""document_number"": ""OWED-2023-001"",
    ""type_of_wind_farm"": ""Offshore""
  },
  ""regulatory_constraints"": [
    {
      ""type"": ""Environmental"",
      ""requirement"": ""Wind turbines must maintain a minimum distance of 1 km from known marine mammal migration routes."",
      ""scope"": ""North Atlantic offshore wind lease areas"",
      ""numerical_value"": ""1"",
      ""unit"": ""km"",
      ""source"": ""Bureau of Ocean Energy Management (BOEM)"",
      ""related_domains"": [""wildlife protection"", ""marine ecosystems""]
    },
    {
      ""type"": ""Technical"",
      ""requirement"": ""All offshore wind turbine foundations must comply with ISO 19901-4 for structural integrity."",
      ""scope"": ""Global offshore wind projects"",
      ""numerical_value"": null,
      ""unit"": null,
      ""source"": ""International Organization for Standardization (ISO)"",
      ""related_domains"": [""structural engineering"", ""safety""]
    },
    {
      ""type"": ""Safety"",
      ""requirement"": ""Emergency response vessels must be stationed within 30 minutes of any offshore wind construction site."",
      ""scope"": ""U.S. federal waters"",
      ""numerical_value"": ""30"",
      ""unit"": ""minutes"",
      ""source"": ""U.S. Coast Guard (USCG)"",
      ""related_domains"": [""worker safety"", ""emergency response""]
    }
  ],
  ""regulatory_entities"": [
    {
      ""entity_name"": ""Bureau of Ocean Energy Management (BOEM)"",
      ""jurisdiction"": ""Federal (U.S.)"",
      ""role"": ""Leasing and permitting authority for offshore wind projects""
    },
    {
      ""entity_name"": ""International Organization for Standardization (ISO)"",
      ""jurisdiction"": ""International"",
      ""role"": ""Sets technical and safety standards for offshore structures""
    },
    {
      ""entity_name"": ""U.S. Coast Guard (USCG)"",
      ""jurisdiction"": ""Federal (U.S.)"",
      ""role"": ""Ensures maritime safety and emergency response compliance""
    }
  ]
}
```

### Notes on the Example:  
- **Regulatory Constraints** are categorized by type (Environmental, Technical, Safety, etc.).  
- **Numerical values** are included where applicable (e.g., distance, time).  
- **Regulatory Entities** specify jurisdiction and role in enforcement.  
- **Standards (e.g., ISO 19901-4)** are included even without numerical values.  

If you provide an actual document, I can extract the relevant data in this structured format. Let me know how you'd like to proceed!"
"23",216,"deepseek","deepseek-chat",True,"Understood. Since you haven't provided a specific document for analysis, I'll return a null response as instructed. Here's the structured output:

```json
{
  ""document_metadata"": {
    ""title"": null,
    ""document_number"": null,
    ""type_of_wind_farm"": null
  },
  ""regulatory_constraints"": null,
  ""regulatory_entities"": null
}
```

When you provide a specific technical or regulatory document related to offshore wind farms, I'll analyze it and extract the relevant regulatory entities and constraints according to the specified JSON structure. The analysis will focus strictly on:
1. Formal regulatory requirements with clear constraints
2. Recognized standards bodies and their specifications
3. Operational or construction mandates with measurable parameters

Please share the document you'd like analyzed, and I'll provide the structured extraction."
"23",217,"deepseek","deepseek-chat",True,"Understood. Since you haven't provided a specific document for analysis, I'll return a null response as per instruction #2. When you provide a document, I'll extract the relevant regulatory information in the exact JSON structure specified.

```json
{
  ""document_metadata"": {
    ""title"": null,
    ""document_number"": null,
    ""type_of_wind_farm"": null
  },
  ""regulatory_constraints"": null,
  ""regulatory_entities"": null
}
```

To proceed with actual extraction:
1. Please provide the document text or key excerpts
2. Specify if it's for offshore or onshore wind (though I can often determine this from content)
3. Highlight any sections you believe contain regulatory content

I'm ready to analyze and extract:
- Specific numerical requirements (e.g., ""turbines must be spaced ≥500m apart"")
- Technical standards (e.g., ""foundations shall comply with ISO 19901-4"")
- Environmental protections (e.g., ""construction prohibited during whale migration season"")
- Clear jurisdictional boundaries
- Safety protocols with measurable thresholds"
"23",218,"deepseek","deepseek-chat",True,"Understood. Since you haven't provided a specific document for analysis, I'll demonstrate the output structure with placeholder null values. When you provide a document, I'll extract and populate the fields accordingly.

```json
{
  ""document_metadata"": {
    ""title"": null,
    ""document_number"": null,
    ""type_of_wind_farm"": null
  },
  ""regulatory_constraints"": null,
  ""regulatory_entities"": null
}
```

To proceed with actual analysis, please either:
1) Provide the text of a regulatory/technical document related to offshore wind farms, or
2) Upload a document file for analysis

I'll then extract all relevant regulatory entities and constraints according to the specified schema, focusing only on binding requirements for offshore wind development while excluding non-regulatory content and onshore zoning ordinances.

For offshore wind projects, I'll pay particular attention to:
- Marine spatial planning constraints
- Navigational safety requirements
- Grid connection standards
- Environmental impact thresholds
- International maritime regulations
- Technical standards for offshore structures"
"23",219,"deepseek","deepseek-chat",True,"Understood. Since you haven't provided a specific document for analysis, I'll return a null response as per instruction #2. Here's the structured output:

```json
{
  ""document_metadata"": {
    ""title"": null,
    ""document_number"": null,
    ""type_of_wind_farm"": null
  },
  ""regulatory_constraints"": null,
  ""regulatory_entities"": null
}
```

When you provide a technical or regulatory document related to offshore wind farms, I'll analyze it and extract the relevant entities and constraints according to the specified schema. The analysis will focus exclusively on:
- Formal regulatory requirements with clear compliance obligations
- Authoritative standards with direct applicability to wind farm development
- Governing bodies with actual regulatory authority over projects

Please share the document you'd like analyzed, and I'll provide the structured extraction."
"23",220,"deepseek","deepseek-chat",True,"Understood. Since you haven't provided a specific document for analysis, I'll return a null response as per your instructions. Here's the structured output:

```json
{
  ""document_metadata"": {
    ""title"": null,
    ""document_number"": null,
    ""type_of_wind_farm"": null
  },
  ""regulatory_constraints"": null,
  ""regulatory_entities"": null
}
```

When you provide a technical or regulatory document related to offshore wind farms, I'll analyze it and extract the relevant regulatory entities and constraints according to the specified JSON structure. Please share the document text you'd like analyzed, and I'll provide a detailed extraction."
"23",221,"deepseek","deepseek-chat",True,"Understood. Since you haven't provided a specific document for analysis, I'll return a null response as instructed. If you provide a document, I'll analyze it and extract the relevant regulatory information in the specified JSON format.

```json
{
  ""document_metadata"": {
    ""title"": null,
    ""document_number"": null,
    ""type_of_wind_farm"": null
  },
  ""regulatory_constraints"": null,
  ""regulatory_entities"": null
}
```

To proceed with an actual analysis, please provide:
1. The document text or a clear excerpt containing regulatory content
2. Any available metadata (title, document number, etc.)
3. Confirmation if it's specifically about offshore wind farms

I'll then extract only the verifiable regulatory constraints and entities according to your strict criteria."
"23",222,"deepseek","deepseek-chat",True,"Understood. Since no specific document has been provided for analysis, I'll return a null response as instructed. Here's the structured output:

```json
{
  ""document_metadata"": {
    ""title"": null,
    ""document_number"": null,
    ""type_of_wind_farm"": null
  },
  ""regulatory_constraints"": null,
  ""regulatory_entities"": null
}
```

When you provide a document containing offshore wind farm regulatory or technical information, I'll analyze it and extract the relevant entities and constraints according to the specified schema. 

For optimal results, please provide:
1. The complete document text
2. Any available metadata (title, document number, etc.)
3. Clarification if the content relates to offshore or onshore wind farms

I'm ready to process any technical or regulatory documents you submit according to the given framework."
"23",223,"deepseek","deepseek-chat",True,"Understood. Since you haven't provided a specific document for analysis, I'll return a null response as per instruction #2. Here's the structured output:

```json
{
  ""document_metadata"": {
    ""title"": null,
    ""document_number"": null,
    ""type_of_wind_farm"": null
  },
  ""regulatory_constraints"": null,
  ""regulatory_entities"": null
}
```

When you provide a technical or regulatory document related to offshore wind farms, I'll analyze it and extract the relevant regulatory entities and constraints according to the specified JSON structure. The analysis will include:

1. Identifying all authoritative bodies mentioned
2. Extracting specific numerical requirements (e.g., setback distances, noise limits)
3. Categorizing constraints by type (spatial, technical, etc.)
4. Capturing any referenced standards or specifications
5. Documenting jurisdictional boundaries and enforcement roles

Please share a document when you're ready for analysis."
"23",224,"deepseek","deepseek-chat",True,"Understood. Since you haven't provided a specific document for analysis, I'll demonstrate the output format with a generic example based on typical offshore wind regulations. When you provide an actual document, I'll extract only the concrete regulatory information present in that text.

Here's an example of how the structured output would look for a hypothetical offshore wind document:

```json
{
  ""document_metadata"": {
    ""title"": ""North Sea Offshore Wind Development Guidelines 2023"",
    ""document_number"": ""NSOW-2023-0042"",
    ""type_of_wind_farm"": ""Offshore""
  },
  ""regulatory_constraints"": [
    {
      ""type"": ""Environmental"",
      ""requirement"": ""All pile driving operations must implement soft-start procedures with gradual ramping up of energy over 20 minutes"",
      ""scope"": ""North Sea wind farm construction"",
      ""numerical_value"": ""20"",
      ""unit"": ""minutes"",
      ""source"": ""OSPAR Commission Decision 2022/1"",
      ""related_domains"": [""construction"", ""marine mammals""]
    },
    {
      ""type"": ""Technical"",
      ""requirement"": ""Offshore substations must comply with IEC 61400-3 design requirements for offshore wind turbines"",
      ""scope"": ""All offshore wind projects"",
      ""numerical_value"": null,
      ""unit"": null,
      ""source"": ""International Electrotechnical Commission"",
      ""related_domains"": [""electrical systems"", ""safety""]
    },
    {
      ""type"": ""Spatial"",
      ""requirement"": ""Minimum 1 km separation required between turbine foundations"",
      ""scope"": ""German Exclusive Economic Zone"",
      ""numerical_value"": ""1"",
      ""unit"": ""km"",
      ""source"": ""BSH Standard 7005"",
      ""related_domains"": [""layout"", ""navigation safety""]
    }
  ],
  ""regulatory_entities"": [
    {
      ""entity_name"": ""Bundesamt für Seeschifffahrt und Hydrographie (BSH)"",
      ""jurisdiction"": ""German EEZ"",
      ""role"": ""Primary permitting authority for offshore wind projects""
    },
    {
      ""entity_name"": ""International Maritime Organization (IMO)"",
      ""jurisdiction"": ""International waters"",
      ""role"": ""Sets navigation safety standards affecting wind farm placement""
    }
  ]
}
```

To proceed with actual extraction, please provide:
1. The document text you'd like analyzed
2. Any specific geographic focus (if known)
3. Whether you need emphasis on particular regulation types (environmental, technical, etc.)

I'll then extract only the concrete regulatory information present in that specific document, following all your specified guidelines."
"23",225,"deepseek","deepseek-chat",True,"Understood. I'll analyze any technical document you provide related to offshore wind farm planning, construction, or operation, and extract the requested regulatory information in the specified JSON format. 

Since you haven't provided a specific document for analysis yet, here's an empty template showing the structure I'll use when processing actual content:

```json
{
  ""document_metadata"": {
    ""title"": null,
    ""document_number"": null,
    ""type_of_wind_farm"": null
  },
  ""regulatory_constraints"": [],
  ""regulatory_entities"": []
}
```

When you provide a document, I will:
1. Strictly extract only regulatory requirements (not recommendations or guidance)
2. Focus specifically on offshore wind regulations (excluding onshore/zoning)
3. Include both numerical and qualitative requirements
4. Identify all relevant regulatory bodies with their jurisdictions
5. Maintain precise sourcing for each constraint

Please share the document text you'd like analyzed, and I'll return the properly structured extraction. For PDFs or images, you'll need to provide the extracted text first."
"23",226,"deepseek","deepseek-chat",True,"Understood! Please provide the technical document you'd like me to analyze, and I will extract the relevant regulatory entities and constraints in the specified JSON format. If the document does not contain any regulatory information, I will return `null` for all values as instructed.  

For now, here’s an example of how the output will be structured if regulatory content is found:  

```json
{
  ""document_metadata"": {
    ""title"": ""Example Offshore Wind Farm Regulations"",
    ""document_number"": ""DOC-2023-001"",
    ""type_of_wind_farm"": ""Offshore""
  },
  ""regulatory_constraints"": [
    {
      ""type"": ""Environmental"",
      ""requirement"": ""All turbines must maintain a minimum clearance of 1 km from migratory bird pathways."",
      ""scope"": ""North Sea offshore wind farms"",
      ""numerical_value"": ""1"",
      ""unit"": ""km"",
      ""source"": ""EU Directive 2022/114"",
      ""related_domains"": [""wildlife protection"", ""siting""]
    },
    {
      ""type"": ""Technical"",
      ""requirement"": ""Substation foundations must comply with ISO 19902 for offshore structures."",
      ""scope"": ""Global offshore projects"",
      ""numerical_value"": null,
      ""unit"": null,
      ""source"": ""ISO 19902"",
      ""related_domains"": [""structural engineering"", ""safety""]
    }
  ],
  ""regulatory_entities"": [
    {
      ""entity_name"": ""Bureau of Ocean Energy Management (BOEM)"",
      ""jurisdiction"": ""Federal (USA)"",
      ""role"": ""Leasing and permitting authority for offshore wind""
    },
    {
      ""entity_name"": ""European Maritime Safety Agency (EMSA)"",
      ""jurisdiction"": ""EU"",
      ""role"": ""Enforcement of maritime safety regulations""
    }
  ]
}
```

If you share the document text, I’ll analyze it and return the structured output accordingly. Let me know how you'd like to proceed!"
"23",227,"deepseek","deepseek-chat",True,"Understood. Since I don't have access to a specific document to analyze, I'll provide an example output based on a hypothetical offshore wind farm regulatory document. When you provide an actual document, I'll extract the information accordingly.

```json
{
  ""document_metadata"": {
    ""title"": ""North Sea Offshore Wind Development Framework 2023"",
    ""document_number"": ""NSOW-REG-2023-0042"",
    ""type_of_wind_farm"": ""Offshore""
  },
  ""regulatory_constraints"": [
    {
      ""type"": ""Environmental"",
      ""requirement"": ""All wind farm developments must conduct a full Environmental Impact Assessment (EIA) prior to construction approval"",
      ""scope"": ""North Sea Exclusive Economic Zones"",
      ""numerical_value"": null,
      ""unit"": null,
      ""source"": ""OSPAR Convention Annex IV"",
      ""related_domains"": [""environmental"", ""permitting""]
    },
    {
      ""type"": ""Technical"",
      ""requirement"": ""Offshore substations must be designed to withstand wave heights with a 100-year return period"",
      ""scope"": ""All offshore installations"",
      ""numerical_value"": 16.2,
      ""unit"": ""meters"",
      ""source"": ""IEC 61400-3-1"",
      ""related_domains"": [""structural engineering"", ""safety""]
    },
    {
      ""type"": ""Spatial"",
      ""requirement"": ""Turbines must maintain a minimum clearance of 1 nautical mile from designated shipping lanes"",
      ""scope"": ""North Sea traffic separation schemes"",
      ""numerical_value"": 1,
      ""unit"": ""nautical miles"",
      ""source"": ""IMO COLREG Annex I"",
      ""related_domains"": [""maritime safety"", ""navigation""]
    }
  ],
  ""regulatory_entities"": [
    {
      ""entity_name"": ""North Seas Energy Cooperation"",
      ""jurisdiction"": ""International"",
      ""role"": ""Regional policy coordination""
    },
    {
      ""entity_name"": ""Marine Management Organisation"",
      ""jurisdiction"": ""UK territorial waters"",
      ""role"": ""Permitting and enforcement""
    },
    {
      ""entity_name"": ""Bundesamt für Seeschifffahrt und Hydrographie"",
      ""jurisdiction"": ""German EEZ"",
      ""role"": ""Technical approvals and monitoring""
    }
  ]
}
```

If you provide an actual document, I will:
1. Carefully analyze the text for regulatory content
2. Extract only specific requirements (not general descriptions)
3. Properly categorize constraints by type
4. Identify all relevant regulatory bodies with their jurisdictions
5. Exclude any irrelevant content per your instructions

Would you like to upload a document for analysis?"
"23",228,"deepseek","deepseek-chat",True,"Understood. Since you haven't provided a specific document for analysis, I'll return a null response as instructed. Here's the structured output:

```json
{
  ""document_metadata"": {
    ""title"": null,
    ""document_number"": null,
    ""type_of_wind_farm"": null
  },
  ""regulatory_constraints"": null,
  ""regulatory_entities"": null
}
```

When you provide a technical or regulatory document related to offshore wind farms, I'll analyze it and extract the relevant regulatory entities and constraints according to the specified JSON structure. The analysis will focus on:
- Clear regulatory requirements with specific constraints
- Authoritative bodies with regulatory jurisdiction
- Technical standards and specifications
- Environmental or safety mandates

Please share the document you'd like analyzed, and I'll provide the structured extraction."
"23",229,"deepseek","deepseek-chat",True,"Understood. Since you haven't provided a specific document for analysis, I'll return a null response as instructed. Here's the structured output:

```json
{
  ""document_metadata"": {
    ""title"": null,
    ""document_number"": null,
    ""type_of_wind_farm"": null
  },
  ""regulatory_constraints"": null,
  ""regulatory_entities"": null
}
```

When you provide a technical or regulatory document related to offshore wind farms, I'll analyze it and extract the relevant regulatory entities and constraints according to the specified JSON structure. The analysis will focus exclusively on:
- Formal regulatory requirements with clear compliance obligations
- Authoritative standards with direct applicability
- Governing bodies with regulatory authority
- Numerical constraints with specified units
- Geographically scoped regulations

Please share the document you'd like analyzed, and I'll provide the structured extraction."
"23",230,"deepseek","deepseek-chat",True,"Understood. Since you haven't provided a specific document for analysis, I'll return a null response as instructed. When you provide a document, I'll extract the relevant regulatory information in the specified JSON format.

```json
{
  ""document_metadata"": {
    ""title"": null,
    ""document_number"": null,
    ""type_of_wind_farm"": null
  },
  ""regulatory_constraints"": null,
  ""regulatory_entities"": null
}
```

Please provide the document you'd like analyzed, and I'll extract the relevant regulatory information according to your specifications. For offshore wind farm documents, I'll focus particularly on:
- International maritime regulations
- Environmental impact assessments
- Grid connection standards
- Safety zones around installations
- Navigation protection requirements
- Cable burial depth specifications
- Decommissioning requirements"
"23",231,"deepseek","deepseek-chat",True,"Understood. Since you haven't provided a specific document for analysis, I'll return a null response as instructed. Here's the structured output:

```json
{
  ""document_metadata"": {
    ""title"": null,
    ""document_number"": null,
    ""type_of_wind_farm"": null
  },
  ""regulatory_constraints"": null,
  ""regulatory_entities"": null
}
```

When you provide a document containing offshore wind farm regulatory or technical information, I'll extract the relevant entities and constraints according to the specified schema. My analysis will focus exclusively on:
- Clear regulatory requirements with measurable standards
- Authoritative bodies with direct regulatory authority
- Technical specifications that constitute binding requirements
- Environmental or safety mandates with specific compliance criteria

Please share the document you'd like analyzed, and I'll provide the structured extraction."
"23",232,"deepseek","deepseek-chat",True,"Understood. Since you haven't provided a specific document for analysis, I'll return a null response as per instruction #2. Here's the structured output:

```json
{
  ""document_metadata"": {
    ""title"": null,
    ""document_number"": null,
    ""type_of_wind_farm"": null
  },
  ""regulatory_constraints"": null,
  ""regulatory_entities"": null
}
```

When you provide a technical or regulatory document related to offshore wind farms, I'll analyze it and extract the relevant information according to the specified JSON schema. The analysis will focus on:
- Identifying concrete regulatory requirements with measurable criteria
- Cataloguing authoritative entities with their jurisdictional scope
- Excluding non-regulatory descriptive content
- Applying strict relevance filters for offshore wind projects

Please share the document you'd like analyzed, and I'll provide the structured extraction."
"23",233,"deepseek","deepseek-chat",True,"Understood. Since you haven't provided a specific document for analysis, I'll return a null response as instructed. Here's the structured output:

```json
{
  ""document_metadata"": {
    ""title"": null,
    ""document_number"": null,
    ""type_of_wind_farm"": null
  },
  ""regulatory_constraints"": null,
  ""regulatory_entities"": null
}
```

When you provide a document or specific content to analyze, I'll extract the relevant regulatory information and populate the structured format accordingly, following all the guidelines you've specified (focusing only on strict regulations, excluding zoning ordinances for offshore projects, including standards specifications, etc.). 

Please share the document or text you'd like me to analyze, and I'll provide a detailed extraction of the regulatory information."
"23",234,"deepseek","deepseek-chat",True,"Understood. Since you haven't provided a specific document for analysis, I'll return a null response as instructed. Here's the structured output:

```json
{
  ""document_metadata"": {
    ""title"": null,
    ""document_number"": null,
    ""type_of_wind_farm"": null
  },
  ""regulatory_constraints"": null,
  ""regulatory_entities"": null
}
```

When you provide a specific technical or regulatory document related to offshore wind farms, I'll analyze it and extract the relevant regulatory entities and constraints according to the specified JSON structure. The analysis will focus strictly on:
- Formal regulatory requirements
- Authoritative standards
- Governing bodies with regulatory authority
- Quantifiable constraints with clear jurisdictional applicability

Please share the document you'd like analyzed, and I'll provide the structured extraction."
"23",235,"deepseek","deepseek-chat",True,"Understood. Since you haven't provided a specific document for analysis, I'll return a null response as instructed. Here's the structured output:

```json
{
  ""document_metadata"": {
    ""title"": null,
    ""document_number"": null,
    ""type_of_wind_farm"": null
  },
  ""regulatory_constraints"": null,
  ""regulatory_entities"": null
}
```

When you provide a technical or regulatory document related to offshore wind farm planning, construction, or operation, I'll analyze it and extract the relevant regulatory entities and constraints according to the specified JSON schema. 

Please share the document text you'd like analyzed, and I'll:
1. Identify all concrete regulatory requirements
2. Extract numerical values with units where present
3. Catalog all authoritative regulatory bodies mentioned
4. Structure the information according to the ontology requirements

For offshore wind projects, I'll focus particularly on maritime regulations, environmental protections, technical standards for offshore structures, and international/federal jurisdiction issues while excluding irrelevant onshore zoning information."
"23",236,"deepseek","deepseek-chat",True,"Understood. Since you haven't provided a specific document for analysis, I'll return a null response as instructed. Here's the structured output:

```json
{
  ""document_metadata"": {
    ""title"": null,
    ""document_number"": null,
    ""type_of_wind_farm"": null
  },
  ""regulatory_constraints"": null,
  ""regulatory_entities"": null
}
```

When you provide a technical document related to offshore wind farm planning, construction, or operation, I'll analyze it and extract the relevant regulatory entities and constraints according to the specified JSON structure. The analysis will focus strictly on:
- Formal regulatory requirements
- Standards with compliance implications
- Governing bodies with enforcement authority
- Quantifiable technical specifications

Please share the document you'd like analyzed, and I'll provide the structured extraction."
"23",237,"deepseek","deepseek-chat",True,"Understood. Since you haven't provided a specific document for analysis, I'll return a null response as instructed. Here's the structured output:

```json
{
  ""document_metadata"": {
    ""title"": null,
    ""document_number"": null,
    ""type_of_wind_farm"": null
  },
  ""regulatory_constraints"": null,
  ""regulatory_entities"": null
}
```

When you provide a document, I'll analyze it and extract:
1. All specific regulatory requirements with their parameters
2. The authoritative entities mentioned
3. The document metadata

For offshore wind projects, I'll particularly focus on:
- Marine spatial planning constraints
- Navigational safety requirements
- Grid connection standards
- Environmental impact limits
- International maritime regulations

Would you like to provide a document for analysis now?"
"23",238,"deepseek","deepseek-chat",True,"Understood. Since you haven't provided a specific document for analysis, I'll return a null response as instructed. When you provide a document, I'll analyze it and extract the relevant regulatory information in the structured JSON format you've specified.

```json
{
  ""document_metadata"": {
    ""title"": null,
    ""document_number"": null,
    ""type_of_wind_farm"": null
  },
  ""regulatory_constraints"": null,
  ""regulatory_entities"": null
}
```

Please provide the document you'd like analyzed, and I'll extract the relevant regulatory information according to your specifications. For offshore wind farm documents, I'll focus on:
- International maritime regulations
- Federal/state environmental and safety requirements
- Technical standards for offshore structures
- Navigational safety constraints
- Marine wildlife protections

I will exclude any onshore zoning ordinances or irrelevant content."
"23",239,"deepseek","deepseek-chat",True,"Understood. Since you haven't provided a specific document for analysis, I'll return a null response as per instruction #2. When you provide a technical or regulatory document related to offshore wind farms, I'll extract the relevant information in the structured JSON format you've specified.

```json
{
  ""document_metadata"": {
    ""title"": null,
    ""document_number"": null,
    ""type_of_wind_farm"": null
  },
  ""regulatory_constraints"": null,
  ""regulatory_entities"": null
}
```

Please provide the document you'd like analyzed, and I'll extract the regulatory entities and constraints according to your specifications. For offshore wind farms, I'll focus on:
- International maritime regulations
- Federal/state environmental and safety requirements
- Technical standards for offshore structures
- Grid connection specifications
- Marine spatial planning constraints

I won't include any general descriptive content or onshore zoning ordinances."
"23",240,"deepseek","deepseek-chat",True,"Understood. Since you haven't provided a specific document for analysis, I'll return a null response as instructed. Here's the structured output:

```json
{
  ""document_metadata"": {
    ""title"": null,
    ""document_number"": null,
    ""type_of_wind_farm"": null
  },
  ""regulatory_constraints"": null,
  ""regulatory_entities"": null
}
```

When you provide a specific technical or regulatory document related to offshore wind farms, I'll analyze it and extract the relevant regulatory entities and constraints in the specified JSON format. The analysis will focus strictly on:
- Formal regulatory requirements (not guidance or recommendations)
- Standards with compliance implications
- Jurisdictional authorities with enforcement power
- Quantifiable constraints where specified

Please share the document you'd like analyzed, and I'll provide the structured extraction."
"23",241,"deepseek","deepseek-chat",True,"Understood. Since you haven't provided a specific document for analysis, I'll return a null response as instructed. Here's the structured output:

```json
{
  ""document_metadata"": {
    ""title"": null,
    ""document_number"": null,
    ""type_of_wind_farm"": null
  },
  ""regulatory_constraints"": null,
  ""regulatory_entities"": null
}
```

When you provide a technical or regulatory document related to offshore wind farms, I'll analyze it and extract the relevant regulatory entities and constraints according to the specified JSON structure. The analysis will focus exclusively on:
- Clear regulatory requirements with specific constraints
- Authoritative regulatory bodies
- Technical standards with direct applicability
- Offshore-specific regulations (excluding zoning ordinances)

Please share the document you'd like analyzed, and I'll provide the structured extraction."
"23",242,"deepseek","deepseek-chat",True,"Understood! I'll process any document you provide according to the specified JSON schema, extracting only direct regulatory constraints and entities related to offshore wind farms.  

**To begin, please provide the document text or key excerpts you'd like analyzed.**  

For now, here's an empty template showing the expected output format when no relevant content is found:  

```json
{
  ""document_metadata"": {
    ""title"": null,
    ""document_number"": null,
    ""type_of_wind_farm"": null
  },
  ""regulatory_constraints"": null,
  ""regulatory_entities"": null
}
```

**When you share the document, I will:**  
1. Filter out non-regulatory content (e.g., background information, non-binding guidelines).  
2. Map requirements to the categories: *Spatial, Technical, Environmental, Jurisdictional, or Safety*.  
3. Extract numerical values (e.g., setback distances, noise limits) with units where applicable.  
4. Identify authoritative sources (e.g., BOEM, IMO, ISO 29400).  

Ready for your input!"
"23",243,"deepseek","deepseek-chat",True,"Understood. Since you haven't provided a specific document for analysis, I'll return a null response as instructed. Here's the structured output:

```json
{
  ""document_metadata"": {
    ""title"": null,
    ""document_number"": null,
    ""type_of_wind_farm"": null
  },
  ""regulatory_constraints"": null,
  ""regulatory_entities"": null
}
```

When you provide a technical document related to offshore wind farm planning, construction, or operation, I'll analyze it and extract the relevant regulatory entities and constraints according to the specified JSON format. The analysis will focus strictly on:
- Formal regulatory requirements
- Authoritative standards
- Governing bodies with regulatory authority
- Quantifiable constraints with units
- Clear jurisdictional scopes

Please share the document you'd like analyzed, and I'll provide the structured extraction."
"23",244,"deepseek","deepseek-chat",True,"Understood. Since you haven't provided a specific document for analysis, I'll return a null response as instructed. Here's the structured output:

```json
{
  ""document_metadata"": {
    ""title"": null,
    ""document_number"": null,
    ""type_of_wind_farm"": null
  },
  ""regulatory_constraints"": null,
  ""regulatory_entities"": null
}
```

When you provide a technical or regulatory document related to offshore wind farms, I'll analyze it and extract the relevant information according to the specified JSON structure, including:
1. All concrete regulatory constraints with their specific requirements
2. All authoritative regulatory entities mentioned
3. Proper categorization of constraint types (Spatial, Technical, etc.)
4. Any numerical values with their units when present

Please share the document you'd like analyzed, and I'll provide the structured extraction."
"23",245,"deepseek","deepseek-chat",True,"Understood. Since you haven't provided a specific document for analysis, I'll demonstrate how I would process a hypothetical offshore wind farm regulatory document with placeholder content. When you provide an actual document, I'll analyze it strictly according to your specifications.

Example Output for a Hypothetical Document:

```json
{
  ""document_metadata"": {
    ""title"": ""North Sea Offshore Wind Development Framework 2023"",
    ""document_number"": ""NSOW-REG-2023-0042"",
    ""type_of_wind_farm"": ""Offshore""
  },
  ""regulatory_constraints"": [
    {
      ""type"": ""Environmental"",
      ""requirement"": ""All turbine foundations must undergo marine mammal impact assessment prior to installation"",
      ""scope"": ""North Sea Exclusive Economic Zone"",
      ""numerical_value"": null,
      ""unit"": null,
      ""source"": ""OSPAR Convention Annex VII"",
      ""related_domains"": [""environmental"", ""construction""]
    },
    {
      ""type"": ""Technical"",
      ""requirement"": ""Substation platforms shall withstand wave heights with 100-year return period"",
      ""scope"": ""All offshore installations"",
      ""numerical_value"": 16.2,
      ""unit"": ""meters"",
      ""source"": ""IEC 61400-3-1"",
      ""related_domains"": [""structural engineering"", ""safety""]
    }
  ],
  ""regulatory_entities"": [
    {
      ""entity_name"": ""Marine Management Organisation"",
      ""jurisdiction"": ""United Kingdom territorial waters"",
      ""role"": ""Permitting authority for marine construction""
    },
    {
      ""entity_name"": ""International Electrotechnical Commission"",
      ""jurisdiction"": ""International standards"",
      ""role"": ""Technical standard setting""
    }
  ]
}
```

Key features of this output:
1. Only includes concrete regulatory requirements (not guidance or recommendations)
2. Properly classifies constraint types
3. Maintains null values where appropriate
4. Excludes irrelevant content per your instructions
5. Structures all information according to your specified schema

To proceed with actual analysis, please provide:
1. The document text/content
2. Any relevant metadata (title, document number, etc.)
3. Confirmation if it's offshore/onshore specific

I'll then extract only the regulatory information matching your criteria."
"23",246,"deepseek","deepseek-chat",True,"Understood. Since you haven't provided a specific document for analysis, I'll return a null response as per instruction #2. Here's the structured output:

```json
{
  ""document_metadata"": {
    ""title"": null,
    ""document_number"": null,
    ""type_of_wind_farm"": null
  },
  ""regulatory_constraints"": null,
  ""regulatory_entities"": null
}
```

When you provide a technical document related to offshore wind farm regulations, I'll analyze it and extract the relevant regulatory entities and constraints according to the specified JSON structure. The analysis will focus on:
1) Identifying authoritative regulatory bodies
2) Extracting specific technical, environmental, spatial, or safety requirements
3) Capturing any numerical standards or specifications
4) Maintaining strict relevance to offshore wind development regulations

Please share the document you'd like analyzed, and I'll provide the structured extraction."
"23",247,"deepseek","deepseek-chat",True,"Understood. Since you haven't provided a specific document for analysis, I'll return a null response as per your instructions. Here's the structured output:

```json
{
  ""document_metadata"": {
    ""title"": null,
    ""document_number"": null,
    ""type_of_wind_farm"": null
  },
  ""regulatory_constraints"": null,
  ""regulatory_entities"": null
}
```

When you provide a technical or regulatory document related to offshore wind farms, I'll analyze it and extract the relevant regulatory entities and constraints according to your specified format. The analysis will focus specifically on:
- Clear regulatory requirements with measurable standards
- Authoritative bodies with jurisdiction over wind farm development
- Technical, environmental, or safety standards that must be complied with

Please share the document you'd like analyzed, and I'll provide the structured extraction."
"23",248,"deepseek","deepseek-chat",True,"Understood. Since you haven't provided a specific document for analysis, I'll return a null response as per instruction #2. Here's the structured output:

```json
{
  ""document_metadata"": {
    ""title"": null,
    ""document_number"": null,
    ""type_of_wind_farm"": null
  },
  ""regulatory_constraints"": null,
  ""regulatory_entities"": null
}
```

When you provide a technical or regulatory document related to offshore wind farm planning, construction, or operation, I'll analyze it and extract the relevant regulatory entities and constraints according to the specified JSON structure. 

Please note that for offshore wind projects, I'll focus on:
- International maritime regulations
- Federal/national energy policies
- Environmental protection standards
- Technical specifications for offshore structures
- Grid connection requirements
- Safety standards for marine operations

while excluding any onshore-specific or zoning-related information."
"23",249,"deepseek","deepseek-chat",True,"Understood. Since you haven't provided a specific document for analysis, I'll return a null response as instructed. When you provide a technical or regulatory document related to offshore wind farms, I'll extract the relevant information and structure it according to the specified JSON format.

```json
{
  ""document_metadata"": {
    ""title"": null,
    ""document_number"": null,
    ""type_of_wind_farm"": null
  },
  ""regulatory_constraints"": null,
  ""regulatory_entities"": null
}
```

To proceed, please provide:
1. The document text or a clear excerpt containing regulatory information
2. Any available metadata (title, document number, etc.)
3. Confirmation if the content is specifically about offshore wind farms

I'll then analyze it and return properly structured regulatory data according to your requirements."
"23",250,"deepseek","deepseek-chat",True,"Understood. I'll analyze any technical document you provide related to offshore wind farm planning, construction, or operation, and extract the requested information in the specified JSON format. 

Since you haven't provided a specific document for analysis yet, here's an empty template showing how I would structure the output when you do provide content:

```json
{
  ""document_metadata"": {
    ""title"": null,
    ""document_number"": null,
    ""type_of_wind_farm"": null
  },
  ""regulatory_constraints"": [],
  ""regulatory_entities"": []
}
```

When you share a document, I will:
1. Carefully analyze it for explicit regulatory requirements
2. Identify all authoritative bodies mentioned
3. Extract only concrete rules/standards (not recommendations or guidelines)
4. Structure the data precisely according to your schema
5. Omit all non-regulatory content

For offshore wind farms specifically, I'll focus on:
- Maritime spatial planning regulations
- Grid connection standards
- Environmental impact thresholds
- Safety zones around installations
- International/national regulatory bodies

Please provide the document you'd like analyzed and I'll extract the relevant regulatory information."
"23",251,"deepseek","deepseek-chat",True,"Understood. Since you haven't provided a specific document for analysis, I'll return a null response as instructed. Here's the structured output:

```json
{
  ""document_metadata"": {
    ""title"": null,
    ""document_number"": null,
    ""type_of_wind_farm"": null
  },
  ""regulatory_constraints"": null,
  ""regulatory_entities"": null
}
```

When you provide a technical document related to offshore wind farm regulations, I'll analyze it and extract the relevant regulatory entities and constraints according to the specified JSON structure. The analysis will focus exclusively on:
- Formal regulatory requirements with clear compliance obligations
- Authoritative regulatory bodies with jurisdiction over wind farm projects
- Technical standards that must be followed
- Environmental or safety mandates with specific parameters

Please share the document you'd like analyzed, and I'll provide the structured extraction."
"23",252,"deepseek","deepseek-chat",True,"Understood. Since you haven't provided a specific document for analysis, I'll return a null response as instructed. When you provide a document, I'll extract the relevant regulatory information and structure it according to the specified JSON format.

```json
{
  ""document_metadata"": {
    ""title"": null,
    ""document_number"": null,
    ""type_of_wind_farm"": null
  },
  ""regulatory_constraints"": null,
  ""regulatory_entities"": null
}
```

Please provide the technical or regulatory document you'd like analyzed, and I'll extract the relevant entities and constraints with full structured detail. For offshore wind projects, I'll focus on maritime regulations, environmental protections, technical standards, and safety requirements while excluding irrelevant zoning ordinances."
"23",253,"deepseek","deepseek-chat",True,"Understood. Since you haven't provided a specific document for analysis, I'll return a null response as instructed. Here's the structured output:

```json
{
  ""document_metadata"": {
    ""title"": null,
    ""document_number"": null,
    ""type_of_wind_farm"": null
  },
  ""regulatory_constraints"": null,
  ""regulatory_entities"": null
}
```

When you provide a document, I'll analyze it and extract:
1. All specific regulatory requirements with their parameters
2. The authoritative entities mentioned
3. The document metadata
4. Only concrete rules/standards (not general descriptions)

For offshore wind projects, I'll particularly focus on:
- Marine spatial planning constraints
- Grid connection standards
- Environmental impact thresholds
- Safety regulations for offshore structures
- International maritime rules

Please share the document you'd like analyzed, and I'll provide the structured extraction."
"23",254,"deepseek","deepseek-chat",True,"Understood. Since you haven't provided a specific document for analysis, I'll return a null response as instructed. Here's the structured output:

```json
{
  ""document_metadata"": {
    ""title"": null,
    ""document_number"": null,
    ""type_of_wind_farm"": null
  },
  ""regulatory_constraints"": null,
  ""regulatory_entities"": null
}
```

When you provide a document or text to analyze, I'll extract:
1) All specific regulatory constraints with their exact requirements and parameters
2) All regulatory entities with their jurisdictions and roles
3) Document metadata including whether it applies to offshore or onshore wind farms

The output will strictly follow your requested JSON schema and only include verifiable regulatory information. Would you like to provide a document for analysis now?"
"23",255,"deepseek","deepseek-chat",True,"Understood! Since you haven't provided a specific document for analysis, I'll return a null response as per your instructions. Here's the structured output:

```json
{
  ""document_metadata"": {
    ""title"": null,
    ""document_number"": null,
    ""type_of_wind_farm"": null
  },
  ""regulatory_constraints"": null,
  ""regulatory_entities"": null
}
```

When you provide a document, I'll analyze it and extract the relevant regulatory entities and constraints according to the specified JSON format. Please share the document text or key details you'd like analyzed. 

For offshore wind farm documents, I'll particularly focus on:
- International maritime regulations
- Coastal state jurisdiction requirements
- Technical standards for offshore structures
- Environmental impact mitigation rules
- Grid connection and power export specifications

Let me know how you'd like to proceed!"
"23",256,"deepseek","deepseek-chat",True,"Understood! Please provide the technical document you'd like me to analyze, and I will extract the relevant regulatory entities and constraints in the specified JSON format.  

If you don't have a document ready, here’s an example of how the output would look for a hypothetical offshore wind farm regulation document:  

```json
{
  ""document_metadata"": {
    ""title"": ""Guidelines for Offshore Wind Farm Development in the North Sea"",
    ""document_number"": ""NSW-2023-45"",
    ""type_of_wind_farm"": ""Offshore""
  },
  ""regulatory_constraints"": [
    {
      ""type"": ""Environmental"",
      ""requirement"": ""Wind turbines must maintain a minimum distance of 1 km from marine protected areas."",
      ""scope"": ""North Sea offshore wind projects"",
      ""numerical_value"": ""1"",
      ""unit"": ""km"",
      ""source"": ""North Sea Wind Regulatory Authority (NSWRA)"",
      ""related_domains"": [""environmental"", ""spatial""]
    },
    {
      ""type"": ""Technical"",
      ""requirement"": ""Turbine foundations must comply with ISO 19902 standards for offshore structures."",
      ""scope"": ""All fixed-bottom offshore wind turbines"",
      ""numerical_value"": null,
      ""unit"": null,
      ""source"": ""International Organization for Standardization (ISO)"",
      ""related_domains"": [""technical"", ""safety""]
    }
  ],
  ""regulatory_entities"": [
    {
      ""entity_name"": ""North Sea Wind Regulatory Authority (NSWRA)"",
      ""jurisdiction"": ""Regional (North Sea)"",
      ""role"": ""Permitting and environmental compliance enforcement""
    },
    {
      ""entity_name"": ""International Organization for Standardization (ISO)"",
      ""jurisdiction"": ""International"",
      ""role"": ""Setting technical standards for offshore structures""
    }
  ]
}
```

If you provide the document text, I will analyze it and return the structured data accordingly. Let me know how you'd like to proceed!"
"23",257,"deepseek","deepseek-chat",True,"Understood. Since you haven't provided a specific document for analysis, I'll return a null response as instructed when no document is provided. Here's the structured output:

```json
{
  ""document_metadata"": {
    ""title"": null,
    ""document_number"": null,
    ""type_of_wind_farm"": null
  },
  ""regulatory_constraints"": null,
  ""regulatory_entities"": null
}
```

When you provide a document, I'll analyze it and extract:
1. All specific regulatory requirements with their parameters
2. The authoritative entities mentioned
3. Document metadata
4. Only include enforceable rules/standards (no descriptive content)
5. Focus specifically on offshore wind regulations (excluding zoning ordinances)

Please share the document you'd like analyzed, and I'll provide the structured extraction."
"23",258,"deepseek","deepseek-chat",True,"Understood. Since you haven't provided a specific document for analysis, I'll return a null response as instructed. Here's the structured output:

```json
{
  ""document_metadata"": {
    ""title"": null,
    ""document_number"": null,
    ""type_of_wind_farm"": null
  },
  ""regulatory_constraints"": null,
  ""regulatory_entities"": null
}
```

When you provide a document, I'll analyze it thoroughly and extract:
1. All relevant regulatory constraints with their specific requirements, numerical values (when present), and sources
2. All regulatory entities with their jurisdictions and roles
3. Document metadata including type of wind farm (offshore/onshore)

The analysis will focus strictly on:
- Binding regulations (not guidelines or recommendations)
- Technical standards with compliance requirements
- Environmental protection rules
- Safety and operational constraints
- Jurisdictional boundaries

Would you like to provide a document for analysis now?"
"23",259,"deepseek","deepseek-chat",True,"Understood. Since you haven't provided a specific document for analysis, I'll return a null response as instructed. When you provide a document, I'll analyze it and extract the relevant regulatory information in the structured JSON format you've specified.

```json
{
  ""document_metadata"": {
    ""title"": null,
    ""document_number"": null,
    ""type_of_wind_farm"": null
  },
  ""regulatory_constraints"": null,
  ""regulatory_entities"": null
}
```

Please provide the document you'd like analyzed, and I'll extract the relevant regulatory information according to your specifications. For offshore wind farm documents, I'll focus on:
- International maritime regulations
- Federal/state environmental and safety requirements
- Technical standards for offshore structures
- Grid connection specifications
- Navigation safety rules

I'll exclude any onshore zoning ordinances or irrelevant content."
"23",260,"deepseek","deepseek-chat",True,"Understood. Since you haven't provided a specific document for analysis, I'll return a null response as instructed. Here's the structured output:

```json
{
  ""document_metadata"": {
    ""title"": null,
    ""document_number"": null,
    ""type_of_wind_farm"": null
  },
  ""regulatory_constraints"": null,
  ""regulatory_entities"": null
}
```

When you provide a technical document related to offshore wind farm planning, construction, or operation, I'll analyze it and extract the relevant regulatory information according to the specified JSON structure. The analysis will focus on:
1. Identifying concrete regulatory requirements with their specific parameters
2. Cataloging authoritative entities with their jurisdictions
3. Maintaining strict relevance to offshore wind farm development regulations

Please share the document you'd like analyzed, and I'll provide the structured extraction."
"23",261,"deepseek","deepseek-chat",True,"Understood. Since you haven't provided a specific document for analysis, I'll return a null response as instructed. When you provide a technical or regulatory document related to offshore wind farms, I'll analyze it and extract the relevant information in the structured JSON format you've specified.

```json
{
  ""document_metadata"": {
    ""title"": null,
    ""document_number"": null,
    ""type_of_wind_farm"": null
  },
  ""regulatory_constraints"": null,
  ""regulatory_entities"": null
}
```

To proceed, please provide:
1. The document text you'd like analyzed
2. Any specific pages/sections to focus on
3. Clarification if you need emphasis on particular regulation types (environmental, technical, etc.)

I'm ready to extract precise regulatory information once the source material is provided."
"23",262,"deepseek","deepseek-chat",True,"Understood. Since you haven't provided a specific document for analysis, I'll return a null response as instructed. Here's the structured output:

```json
{
  ""document_metadata"": {
    ""title"": null,
    ""document_number"": null,
    ""type_of_wind_farm"": null
  },
  ""regulatory_constraints"": null,
  ""regulatory_entities"": null
}
```

When you provide a document, I'll analyze it and extract the relevant regulatory information according to the specified schema. The analysis will focus exclusively on:
1) Clear regulatory requirements with potential numerical values
2) Official regulatory bodies with authority over wind farm projects
3) Standards and specifications that constitute binding requirements

For offshore wind projects, I'll particularly focus on:
- Marine spatial planning regulations
- Grid connection standards
- Environmental impact thresholds
- Safety and navigation requirements
- International maritime regulations (where applicable)"
"23",263,"deepseek","deepseek-chat",True,"Understood. Since you haven't provided a specific document for analysis, I'll return a null response as instructed. When you provide a technical or regulatory document related to offshore wind farms, I'll extract the relevant information and structure it according to the specified JSON format.

```json
{
  ""document_metadata"": {
    ""title"": null,
    ""document_number"": null,
    ""type_of_wind_farm"": null
  },
  ""regulatory_constraints"": null,
  ""regulatory_entities"": null
}
```

Please share the document you'd like analyzed, and I'll extract the regulatory entities and constraints according to the given schema. I can process PDFs, Word documents, plain text, or web pages containing wind farm regulations."
"23",264,"deepseek","deepseek-chat",True,"Understood. Since you haven't provided a specific document for analysis, I'll return a null response as instructed. Here's the structured output:

```json
{
  ""document_metadata"": {
    ""title"": null,
    ""document_number"": null,
    ""type_of_wind_farm"": null
  },
  ""regulatory_constraints"": null,
  ""regulatory_entities"": null
}
```

When you provide a technical document related to offshore wind farm regulations, I'll analyze it and extract the relevant regulatory entities and constraints in the specified JSON format. The analysis will focus strictly on:
- Formal regulatory requirements with clear constraints
- Authoritative bodies with regulatory authority
- Technical standards with measurable requirements
- Jurisdictional boundaries for offshore applications

Please share the document you'd like analyzed, and I'll provide the structured extraction."
"23",265,"deepseek","deepseek-chat",True,"Understood. Since you haven't provided a specific document for analysis, I'll return a null response as per instruction #2. Here's the structured output:

```json
{
  ""document_metadata"": {
    ""title"": null,
    ""document_number"": null,
    ""type_of_wind_farm"": null
  },
  ""regulatory_constraints"": null,
  ""regulatory_entities"": null
}
```

When you provide a technical document related to offshore wind farm planning, construction, or operation, I'll analyze it and extract the relevant regulatory entities and constraints in the specified JSON format. The analysis will focus strictly on:
- Formal requirements with clear regulatory standing
- Numerical specifications when present
- Authoritative sources for each constraint
- Proper classification of constraint types

Please share the document you'd like analyzed, and I'll provide the structured regulatory information extraction."
"23",266,"deepseek","deepseek-chat",True,"Understood. Since you haven't provided a specific document for analysis, I'll return a null response as instructed. Here's the structured output:

```json
{
  ""document_metadata"": {
    ""title"": null,
    ""document_number"": null,
    ""type_of_wind_farm"": null
  },
  ""regulatory_constraints"": null,
  ""regulatory_entities"": null
}
```

When you provide a document, I'll analyze it and extract the relevant regulatory information according to the specified format. Please share the document text or content you'd like me to process, and I'll return a properly structured analysis with all applicable regulatory entities and constraints."
"23",267,"deepseek","deepseek-chat",True,"Understood. Since you haven't provided a specific document for analysis, I'll return a null response as instructed. Here's the structured output:

```json
{
  ""document_metadata"": {
    ""title"": null,
    ""document_number"": null,
    ""type_of_wind_farm"": null
  },
  ""regulatory_constraints"": null,
  ""regulatory_entities"": null
}
```

When you provide a technical document related to offshore wind farm regulations, I'll analyze it and extract the relevant regulatory entities and constraints according to the specified JSON structure. The analysis will focus exclusively on:
- Formal regulatory requirements with clear compliance criteria
- Authoritative bodies with regulatory jurisdiction
- Technical specifications with measurable standards
- Environmental or safety mandates with enforceable provisions

Please share the document you'd like analyzed, and I'll provide the structured extraction."
"23",268,"deepseek","deepseek-chat",True,"Understood. Since you haven't provided a specific document for analysis, I'll return a null response as instructed. Here's the structured output:

```json
{
  ""document_metadata"": {
    ""title"": null,
    ""document_number"": null,
    ""type_of_wind_farm"": null
  },
  ""regulatory_constraints"": null,
  ""regulatory_entities"": null
}
```

When you provide a document containing offshore wind farm regulatory information, I'll analyze it and extract the relevant entities and constraints according to the specified schema. The analysis will focus exclusively on:
- Clear regulatory requirements with specific constraints
- Authoritative bodies with regulatory jurisdiction
- Technical standards applicable to offshore wind development
- Environmental or safety mandates with measurable criteria

Please share the document you'd like analyzed, and I'll provide the structured extraction."
"23",269,"deepseek","deepseek-chat",True,"Understood. Since you haven't provided a specific document for analysis, I'll return a null response as instructed. Here's the structured output:

```json
{
  ""document_metadata"": {
    ""title"": null,
    ""document_number"": null,
    ""type_of_wind_farm"": null
  },
  ""regulatory_constraints"": null,
  ""regulatory_entities"": null
}
```

When you provide a document containing offshore wind farm regulatory information, I'll analyze it and extract the relevant entities and constraints according to the specified JSON structure. Please share the document text you'd like me to process, and I'll return a properly formatted analysis.

For offshore wind projects, I'll particularly focus on:
- International maritime regulations
- Federal/national energy authorities
- Environmental protection standards
- Technical specifications for offshore structures
- Safety requirements for marine operations

Would you like to provide a document for analysis now?"
"23",270,"deepseek","deepseek-chat",True,"Understood. Since you haven't provided a specific document for analysis, I'll return a null response as instructed. When you provide a document, I'll extract the relevant regulatory information in the specified JSON format.

```json
{
  ""document_metadata"": {
    ""title"": null,
    ""document_number"": null,
    ""type_of_wind_farm"": null
  },
  ""regulatory_constraints"": null,
  ""regulatory_entities"": null
}
```

Please provide the document you'd like analyzed, and I'll extract the relevant regulatory information according to your specifications. For offshore wind farm documents, I'll focus on:
- International maritime regulations
- Federal/state environmental and safety requirements
- Technical standards for offshore structures
- Grid connection specifications
- Navigation safety rules

I will exclude any onshore zoning ordinances or irrelevant content."
"23",271,"deepseek","deepseek-chat",True,"Understood. Since you haven't provided a specific document for analysis, I'll return null values as instructed. When you provide a document, I'll analyze it and extract the relevant regulatory information in the specified JSON format.

```json
{
  ""document_metadata"": {
    ""title"": null,
    ""document_number"": null,
    ""type_of_wind_farm"": null
  },
  ""regulatory_constraints"": null,
  ""regulatory_entities"": null
}
```

Please provide the technical document you'd like analyzed, and I'll extract the relevant regulatory information according to your specifications. For offshore wind farm documents, I'll focus on:
- International maritime regulations
- Environmental impact assessments
- Grid connection standards
- Safety requirements for offshore structures
- Relevant ISO/ASCE/IEC standards
- National offshore energy regulations"
"23",272,"deepseek","deepseek-chat",True,"Understood. Since you haven't provided a specific document for analysis, I'll return a null response as instructed. When you provide a technical or regulatory document related to offshore wind farms, I'll extract the relevant information and structure it according to the specified JSON format.

```json
{
  ""document_metadata"": {
    ""title"": null,
    ""document_number"": null,
    ""type_of_wind_farm"": null
  },
  ""regulatory_constraints"": null,
  ""regulatory_entities"": null
}
```

To proceed, please provide:
1. The document text or a clear excerpt containing regulatory content
2. Any available metadata (title, document number, etc.)
3. Confirmation if the content pertains to offshore wind farms

I'll then analyze it and return properly structured regulatory data according to your requirements."
"23",273,"deepseek","deepseek-chat",True,"Understood. Since you haven't provided a specific document for analysis, I'll return a null response as instructed when no document is available. Here's the structured output:

```json
{
  ""document_metadata"": {
    ""title"": null,
    ""document_number"": null,
    ""type_of_wind_farm"": null
  },
  ""regulatory_constraints"": null,
  ""regulatory_entities"": null
}
```

When you provide a technical or regulatory document related to offshore wind farms, I'll analyze it thoroughly and extract:
1. All relevant regulatory constraints with their specific requirements, numerical values, and sources
2. All regulatory entities with their jurisdictions and roles
3. Proper categorization by constraint type (spatial, technical, environmental, etc.)

The output will follow your specified JSON schema precisely, only including direct regulatory requirements and authoritative entities. Would you like to provide a document for analysis now?"
"23",274,"deepseek","deepseek-chat",True,"Understood. Since you haven't provided a specific document for analysis, I'll return a null response as instructed. When you provide a document, I'll analyze it and extract the relevant regulatory information in the specified JSON format.

```json
{
  ""document_metadata"": {
    ""title"": null,
    ""document_number"": null,
    ""type_of_wind_farm"": null
  },
  ""regulatory_constraints"": null,
  ""regulatory_entities"": null
}
```

Please provide the technical document you'd like analyzed, and I'll extract the relevant regulatory information according to your specifications. For offshore wind farm documents, I'll focus on:
- International maritime regulations
- Environmental impact assessments
- Grid connection standards
- Safety requirements for offshore structures
- Navigation and aviation restrictions
- Cable laying and protection standards

I won't include any zoning ordinances or onshore-specific regulations unless specified."
"23",275,"deepseek","deepseek-chat",True,"Understood. Since you haven't provided a specific document for analysis, I'll return a null response as instructed. Here's the structured output:

```json
{
  ""document_metadata"": {
    ""title"": null,
    ""document_number"": null,
    ""type_of_wind_farm"": null
  },
  ""regulatory_constraints"": null,
  ""regulatory_entities"": null
}
```

When you provide a document containing offshore wind farm regulatory information, I'll analyze it and extract the relevant entities and constraints according to the specified format. The analysis will focus exclusively on:
- Formal regulatory requirements with clear compliance obligations
- Authoritative bodies with regulatory jurisdiction
- Technical/environmental standards with measurable criteria
- Offshore-specific regulations (excluding zoning ordinances)

Please share the document you'd like analyzed, and I'll provide the structured extraction."
"23",276,"deepseek","deepseek-chat",True,"Understood. Since you haven't provided a specific document for analysis, I'll return a null response as instructed. Here's the structured output:

```json
{
  ""document_metadata"": {
    ""title"": null,
    ""document_number"": null,
    ""type_of_wind_farm"": null
  },
  ""regulatory_constraints"": null,
  ""regulatory_entities"": null
}
```

When you provide a document, I'll analyze it and extract:
1. Specific regulatory constraints with all available details (type, requirement, scope, numerical values with units, sources, and related domains)
2. Regulatory entities with their names, jurisdictions, and roles
3. Document metadata including title, identifier, and wind farm type

The output will strictly follow your requested JSON schema and will exclude any non-regulatory content. For offshore projects, I'll automatically filter out zoning ordinances while including all relevant technical standards and specifications.

Would you like to provide a document for analysis now?"
"23",277,"deepseek","deepseek-chat",True,"Understood. Since you haven't provided a specific document for analysis, I'll return a null response as instructed. Here's the structured output:

```json
{
  ""document_metadata"": {
    ""title"": null,
    ""document_number"": null,
    ""type_of_wind_farm"": null
  },
  ""regulatory_constraints"": null,
  ""regulatory_entities"": null
}
```

When you provide a technical document related to offshore wind farm regulations, I'll analyze it and extract the relevant regulatory entities and constraints according to the specified JSON structure. The analysis will focus specifically on:
1) Clear regulatory requirements with measurable constraints
2) Official standards and specifications
3) Governing bodies with enforcement authority
4) Only offshore-specific regulations (excluding onshore zoning ordinances)

Please share the document you'd like analyzed, and I'll provide the structured extraction."
"23",278,"deepseek","deepseek-chat",True,"Understood. Since you haven't provided a specific document for analysis, I'll return a null response as instructed. Here's the structured output:

```json
{
  ""document_metadata"": {
    ""title"": null,
    ""document_number"": null,
    ""type_of_wind_farm"": null
  },
  ""regulatory_constraints"": null,
  ""regulatory_entities"": null
}
```

When you provide a document, I'll analyze it and extract:
1. All specific regulatory constraints with their exact requirements, numerical values (when present), and sources
2. All regulatory entities with their jurisdictions and roles
3. Proper categorization of constraints by type (Spatial, Technical, Environmental, etc.)
4. Clear distinction between offshore-specific regulations (excluding zoning ordinances)

Please share the document you'd like analyzed, and I'll provide the complete structured extraction."
"23",279,"deepseek","deepseek-chat",True,"Understood. Since you haven't provided a specific document for analysis, I'll return a null response as per instruction #2. Here's the structured output:

```json
{
  ""document_metadata"": {
    ""title"": null,
    ""document_number"": null,
    ""type_of_wind_farm"": null
  },
  ""regulatory_constraints"": null,
  ""regulatory_entities"": null
}
```

When you provide a technical document related to offshore wind farm regulations, I'll analyze it and extract the relevant regulatory entities and constraints in the specified JSON format. The analysis will focus exclusively on:
- Formal requirements with binding authority
- Technical standards with compliance implications
- Environmental protections with measurable criteria
- Safety regulations with specific implementation rules
- Jurisdictional boundaries affecting project development

Please share the document you'd like analyzed, and I'll provide the structured regulatory information extraction."
"23",280,"deepseek","deepseek-chat",True,"Understood. Since you haven't provided a specific document for analysis, I'll return a null response as instructed. When you provide a document, I'll analyze it and extract the relevant regulatory information in the specified JSON format.

```json
{
  ""document_metadata"": {
    ""title"": null,
    ""document_number"": null,
    ""type_of_wind_farm"": null
  },
  ""regulatory_constraints"": null,
  ""regulatory_entities"": null
}
```

Please provide the document you'd like analyzed, and I'll extract the relevant regulatory information according to your specifications. For offshore wind farm documents, I'll focus on:
- International/national maritime regulations
- Technical standards for offshore structures
- Environmental protections for marine ecosystems
- Safety requirements for offshore operations
- Grid connection standards

I will exclude any onshore zoning ordinances or land-use regulations that don't apply to offshore contexts."
"23",281,"deepseek","deepseek-chat",True,"Understood. Since you haven't provided a specific document for analysis, I'll return a null response as instructed. Here's the structured output:

```json
{
  ""document_metadata"": {
    ""title"": null,
    ""document_number"": null,
    ""type_of_wind_farm"": null
  },
  ""regulatory_constraints"": null,
  ""regulatory_entities"": null
}
```

When you provide a document, I'll analyze it and extract the relevant regulatory information according to the specified format. The output will include:
1. All concrete regulatory requirements with their parameters
2. Authoritative entities with their jurisdictions and roles
3. Proper categorization of constraints by type (Spatial, Technical, etc.)
4. Clear sourcing of each requirement

Would you like to upload a document for analysis now?"
"23",282,"deepseek","deepseek-chat",True,"Understood. Since you haven't provided a specific document for analysis, I'll return a null response as instructed. Here's the structured output:

```json
{
  ""document_metadata"": {
    ""title"": null,
    ""document_number"": null,
    ""type_of_wind_farm"": null
  },
  ""regulatory_constraints"": null,
  ""regulatory_entities"": null
}
```

When you provide a document, I'll analyze it and extract the relevant regulatory information according to the specified schema. Please share the document text or content you'd like me to process, and I'll return a properly structured response with any identified regulatory entities and constraints."
"23",283,"deepseek","deepseek-chat",True,"Understood. Since you haven't provided a specific document for analysis, I'll return a null response as instructed. Here's the structured output:

```json
{
  ""document_metadata"": {
    ""title"": null,
    ""document_number"": null,
    ""type_of_wind_farm"": null
  },
  ""regulatory_constraints"": null,
  ""regulatory_entities"": null
}
```

When you provide a document, I'll analyze it and extract the relevant regulatory information according to the specified format. The analysis will focus strictly on:
1. Clear regulatory requirements with direct impact on wind farm projects
2. Authoritative bodies with regulatory jurisdiction
3. Technical standards that must be complied with

For offshore wind projects, I'll particularly focus on:
- Marine spatial planning regulations
- Grid connection requirements
- Environmental impact assessments
- Navigation safety standards
- International maritime regulations where applicable

Please provide the document you'd like analyzed when ready."
"23",284,"deepseek","deepseek-chat",True,"Understood. Since you haven't provided a specific document for analysis, I'll return a null response as instructed. Here's the structured output:

```json
{
  ""document_metadata"": {
    ""title"": null,
    ""document_number"": null,
    ""type_of_wind_farm"": null
  },
  ""regulatory_constraints"": null,
  ""regulatory_entities"": null
}
```

When you provide a technical document related to offshore wind farm planning, construction, or operation, I'll analyze it and extract the relevant regulatory entities and constraints according to the specified JSON structure. The analysis will focus exclusively on:
- Clear regulatory requirements with specific constraints
- Authoritative regulatory bodies
- Technical standards and specifications
- Offshore-specific regulations (excluding zoning ordinances)

Please share the document you'd like analyzed, and I'll provide the structured extraction."
"23",285,"deepseek","deepseek-chat",True,"Understood. Since you haven't provided a specific document for analysis, I'll return a null response as instructed. Here's the structured output:

```json
{
  ""document_metadata"": {
    ""title"": null,
    ""document_number"": null,
    ""type_of_wind_farm"": null
  },
  ""regulatory_constraints"": null,
  ""regulatory_entities"": null
}
```

When you provide a specific technical or regulatory document related to offshore wind farms, I'll analyze it and extract the relevant regulatory entities and constraints according to the specified JSON structure. The analysis will focus strictly on:
- Formal regulatory requirements with clear constraints
- Authoritative regulatory bodies
- Technical standards with measurable parameters
- Jurisdictional boundaries and enforcement roles

Please share the document you'd like analyzed, and I'll provide the structured extraction."
"23",286,"deepseek","deepseek-chat",True,"Understood. Since you haven't provided a specific document for analysis, I'll return a null response as instructed. Here's the structured output:

```json
{
  ""document_metadata"": {
    ""title"": null,
    ""document_number"": null,
    ""type_of_wind_farm"": null
  },
  ""regulatory_constraints"": null,
  ""regulatory_entities"": null
}
```

When you provide a document or specific content to analyze, I'll extract the relevant regulatory information according to the specified schema. Please share the document text or details you'd like me to process, and I'll generate a complete structured output with all applicable regulatory entities and constraints."
"23",287,"deepseek","deepseek-chat",True,"Understood. I'll analyze any technical document you provide related to offshore wind farm planning, construction, or operation, and extract the relevant regulatory entities and constraints in the specified JSON format. 

Since you haven't provided a specific document for analysis yet, here's an empty template ready to be populated with extracted data:

```json
{
  ""document_metadata"": {
    ""title"": null,
    ""document_number"": null,
    ""type_of_wind_farm"": null
  },
  ""regulatory_constraints"": [],
  ""regulatory_entities"": []
}
```

When you provide a document, I will:
1. Strictly extract only regulatory requirements (not descriptive content)
2. Focus on offshore-specific regulations (ignoring zoning ordinances)
3. Include standards specifications even without numerical values
4. Maintain the exact structure shown above
5. Return null values if no regulations are found

Please share the document you'd like analyzed, and I'll extract the relevant regulatory information accordingly."
"23",288,"deepseek","deepseek-chat",True,"Understood. Below is a structured JSON output based on a hypothetical technical document related to offshore wind farm regulations. Since no actual document was provided, this example illustrates how the system would format extracted data if such a document were analyzed:

```json
{
  ""document_metadata"": {
    ""title"": ""Guidelines for Offshore Wind Farm Development in the North Sea"",
    ""document_number"": ""NSW-2023-001"",
    ""type_of_wind_farm"": ""Offshore""
  },
  ""regulatory_constraints"": [
    {
      ""type"": ""Environmental"",
      ""requirement"": ""All wind turbines must maintain a minimum distance of 1 km from identified marine protected areas."",
      ""scope"": ""North Sea marine protected zones"",
      ""numerical_value"": 1,
      ""unit"": ""km"",
      ""source"": ""North Sea Offshore Wind Authority (NSOWA)"",
      ""related_domains"": [""Environmental protection"", ""Spatial planning""]
    },
    {
      ""type"": ""Technical"",
      ""requirement"": ""Substation platforms must comply with ISO 19901-4 for structural design requirements."",
      ""scope"": ""Offshore substations"",
      ""numerical_value"": null,
      ""unit"": null,
      ""source"": ""International Organization for Standardization (ISO)"",
      ""related_domains"": [""Structural engineering"", ""Safety""]
    },
    {
      ""type"": ""Safety"",
      ""requirement"": ""Helicopter landing pads on offshore installations must adhere to a minimum size of 20m x 20m."",
      ""scope"": ""Offshore wind farm installations with helicopter access"",
      ""numerical_value"": 20,
      ""unit"": ""m"",
      ""source"": ""International Civil Aviation Organization (ICAO)"",
      ""related_domains"": [""Aviation safety"", ""Emergency response""]
    }
  ],
  ""regulatory_entities"": [
    {
      ""entity_name"": ""North Sea Offshore Wind Authority (NSOWA)"",
      ""jurisdiction"": ""Regional (North Sea coastal states)"",
      ""role"": ""Permitting and environmental compliance enforcement""
    },
    {
      ""entity_name"": ""International Maritime Organization (IMO)"",
      ""jurisdiction"": ""International"",
      ""role"": ""Regulation of maritime safety and navigation around wind farms""
    }
  ]
}
```

### Notes:
1. **Hypothetical Example**: This output assumes a document containing the above rules. If no document is provided, all values would be `null`.
2. **Filtering**: Only direct regulatory requirements are included (e.g., distance rules, ISO standards). Descriptive text about ""best practices"" would be excluded.
3. **Offshore Focus**: Zoning ordinances (common for onshore) are ignored per the instructions.
4. **Standards**: ISO specifications are included even without numerical values, as they represent technical constraints.

For actual analysis, upload or provide the document text, and the system will extract real data."
"23",289,"deepseek","deepseek-chat",True,"Understood. Since you haven't provided a specific document for analysis, I'll return a null response as instructed. Here's the structured output:

```json
{
  ""document_metadata"": {
    ""title"": null,
    ""document_number"": null,
    ""type_of_wind_farm"": null
  },
  ""regulatory_constraints"": null,
  ""regulatory_entities"": null
}
```

When you provide a technical document related to offshore wind farm planning, construction, or operation, I'll analyze it and extract the relevant regulatory entities and constraints according to the specified JSON structure. The analysis will focus strictly on:
- Formal regulatory requirements with specific rules or standards
- Authoritative bodies with regulatory jurisdiction
- Technical specifications with measurable parameters
- Environmental or safety mandates with enforceable provisions

Please share the document you'd like analyzed, and I'll provide the structured extraction."
"23",290,"deepseek","deepseek-chat",True,"Understood. Since you haven't provided a specific document for analysis, I'll return a null response as instructed. When you provide a technical or regulatory document related to offshore wind farms, I'll extract the relevant information and structure it according to the specified JSON format.

```json
{
  ""document_metadata"": {
    ""title"": null,
    ""document_number"": null,
    ""type_of_wind_farm"": null
  },
  ""regulatory_constraints"": null,
  ""regulatory_entities"": null
}
```

Please share the document you'd like analyzed, and I'll extract all relevant regulatory entities and constraints according to the given schema. For offshore wind farms, I'll focus on maritime authorities, environmental regulations, technical standards, and safety requirements while excluding any onshore/zoning content."
"23",291,"deepseek","deepseek-chat",True,"Understood. I'll analyze any document you provide and extract the requested regulatory information in the specified JSON format. 

Since you haven't provided a specific document to analyze, here's an example of what the output would look like for a hypothetical offshore wind farm regulatory document:

```json
{
  ""document_metadata"": {
    ""title"": ""North Sea Offshore Wind Development Guidelines"",
    ""document_number"": ""NSOW-2023-001"",
    ""type_of_wind_farm"": ""Offshore""
  },
  ""regulatory_constraints"": [
    {
      ""type"": ""Environmental"",
      ""requirement"": ""All wind farm developments must conduct a full environmental impact assessment prior to construction"",
      ""scope"": ""North Sea region"",
      ""numerical_value"": null,
      ""unit"": null,
      ""source"": ""OSPAR Convention"",
      ""related_domains"": [""environmental"", ""permitting""]
    },
    {
      ""type"": ""Technical"",
      ""requirement"": ""Turbine foundations must withstand 1-in-50-year storm wave conditions"",
      ""scope"": ""All offshore structures"",
      ""numerical_value"": 50,
      ""unit"": ""year return period"",
      ""source"": ""IEC 61400-3"",
      ""related_domains"": [""structural engineering"", ""safety""]
    },
    {
      ""type"": ""Safety"",
      ""requirement"": ""Minimum clearance of 22 meters between lowest blade tip and highest astronomical tide"",
      ""scope"": ""Rotating turbine components"",
      ""numerical_value"": 22,
      ""unit"": ""meters"",
      ""source"": ""DNV-ST-0145"",
      ""related_domains"": [""navigation safety"", ""operations""]
    }
  ],
  ""regulatory_entities"": [
    {
      ""entity_name"": ""Marine Management Organisation"",
      ""jurisdiction"": ""UK territorial waters"",
      ""role"": ""Permitting and licensing authority""
    },
    {
      ""entity_name"": ""Bundesamt für Seeschifffahrt und Hydrographie"",
      ""jurisdiction"": ""German EEZ"",
      ""role"": ""Environmental compliance monitoring""
    },
    {
      ""entity_name"": ""International Electrotechnical Commission"",
      ""jurisdiction"": ""International standards"",
      ""role"": ""Technical standard setting""
    }
  ]
}
```

When you provide an actual document, I will:
1. Carefully analyze only the regulatory content
2. Extract precise requirements with their sources
3. Identify all relevant regulatory bodies
4. Structure the information exactly as shown above
5. Omit any non-regulatory or descriptive content

Please provide the document you'd like me to analyze, and I'll generate the accurate regulatory extraction."
"23",292,"deepseek","deepseek-chat",True,"Understood. Since you haven't provided a specific document for analysis, I'll return a null response as instructed. Here's the structured output:

```json
{
  ""document_metadata"": {
    ""title"": null,
    ""document_number"": null,
    ""type_of_wind_farm"": null
  },
  ""regulatory_constraints"": null,
  ""regulatory_entities"": null
}
```

When you provide a document, I'll analyze it and extract the relevant regulatory information according to the specified schema, focusing only on concrete requirements and authoritative entities related to offshore wind farm development. 

For future documents, please ensure they contain actual regulatory content about offshore wind farms, as I'll strictly exclude:
- General descriptive text without regulatory force
- Onshore wind farm regulations
- Non-binding recommendations
- Content unrelated to planning, construction, or operation standards

Would you like to upload a document for analysis now?"
"23",293,"deepseek","deepseek-chat",True,"Understood. Since you haven't provided a specific document for analysis, I'll return a null response as instructed. Here's the structured output:

```json
{
  ""document_metadata"": {
    ""title"": null,
    ""document_number"": null,
    ""type_of_wind_farm"": null
  },
  ""regulatory_constraints"": null,
  ""regulatory_entities"": null
}
```

When you provide a document containing offshore wind farm regulatory information, I'll analyze it and extract the relevant entities and constraints according to the specified structure. The output will include only direct regulatory requirements and authoritative bodies, with proper categorization of constraint types and clear sourcing of requirements.

Would you like to provide a document for analysis now?"
"23",294,"deepseek","deepseek-chat",True,"Understood. Since you haven't provided a specific document for analysis, I'll return a null response as per your instructions. When you provide a technical or regulatory document related to offshore wind farms, I'll extract the relevant information in the structured JSON format you've specified.

```json
{
  ""document_metadata"": {
    ""title"": null,
    ""document_number"": null,
    ""type_of_wind_farm"": null
  },
  ""regulatory_constraints"": null,
  ""regulatory_entities"": null
}
```

Please provide the document you'd like analyzed, and I'll extract the regulatory entities and constraints according to your specifications. For offshore wind farms, I'll focus on:
- International maritime regulations
- National offshore energy authorities
- Technical standards for marine structures
- Environmental protections for marine ecosystems
- Safety requirements for offshore operations

I'll exclude any onshore or zoning-related information unless specifically relevant to offshore projects."
"23",295,"deepseek","deepseek-chat",True,"Understood. Since you haven't provided a specific document for analysis, I'll return a null response as instructed. Here's the structured output:

```json
{
  ""document_metadata"": {
    ""title"": null,
    ""document_number"": null,
    ""type_of_wind_farm"": null
  },
  ""regulatory_constraints"": null,
  ""regulatory_entities"": null
}
```

When you provide a document, I'll analyze it and extract:
1. Specific regulatory constraints with their exact requirements, scope, and numerical values where applicable
2. All relevant regulatory entities with their jurisdictions and roles
3. Proper classification of constraint types (Spatial, Technical, etc.)
4. All standards and specifications mentioned

The output will strictly follow your requested JSON schema and focus only on concrete regulatory information relevant to offshore wind farm development."
"23",296,"deepseek","deepseek-chat",True,"Understood. Since you haven't provided a specific document for analysis, I'll return a null response as instructed. Here's the structured output:

```json
{
  ""document_metadata"": {
    ""title"": null,
    ""document_number"": null,
    ""type_of_wind_farm"": null
  },
  ""regulatory_constraints"": null,
  ""regulatory_entities"": null
}
```

When you provide a document (text, PDF, or other format), I'll analyze it and extract the relevant regulatory information according to the specified schema. The analysis will focus exclusively on:
1) Clear regulatory requirements with specific constraints
2) Authoritative regulatory bodies
3) Technical standards applicable to offshore wind farm development

Please share the document you'd like analyzed, and I'll provide a comprehensive extraction of the regulatory framework it contains."
"23",297,"deepseek","deepseek-chat",True,"Understood. Since you haven't provided a specific document for analysis, I'll return a null response as instructed. Here's the structured output:

```json
{
  ""document_metadata"": {
    ""title"": null,
    ""document_number"": null,
    ""type_of_wind_farm"": null
  },
  ""regulatory_constraints"": null,
  ""regulatory_entities"": null
}
```

When you provide a document containing offshore wind farm regulatory information, I'll analyze it and extract the relevant entities and constraints according to the specified JSON structure. The analysis will focus on:
- Clear regulatory requirements with specific rules or standards
- Authoritative bodies with jurisdiction over wind farm development
- Technical specifications with numerical values where available
- Environmental or safety mandates

Please share the document you'd like analyzed, and I'll provide the structured extraction."
"23",298,"deepseek","deepseek-chat",True,"Understood. Since you haven't provided a specific document for analysis, I'll return a null response as instructed. Here's the structured output:

```json
{
  ""document_metadata"": {
    ""title"": null,
    ""document_number"": null,
    ""type_of_wind_farm"": null
  },
  ""regulatory_constraints"": null,
  ""regulatory_entities"": null
}
```

When you provide a technical or regulatory document related to offshore wind farms, I'll analyze it and extract the relevant regulatory entities and constraints according to the specified JSON structure. The analysis will focus strictly on:
- Formal regulatory requirements with clear constraints
- Authoritative regulatory bodies
- Technical/environmental standards with measurable parameters
- Jurisdictional boundaries and safety regulations

Please share the document you'd like analyzed, and I'll provide the structured extraction."
"23",299,"deepseek","deepseek-chat",True,"Understood. Since you haven't provided a specific document for analysis, I'll return a null response as instructed. Here's the structured output:

```json
{
  ""document_metadata"": {
    ""title"": null,
    ""document_number"": null,
    ""type_of_wind_farm"": null
  },
  ""regulatory_constraints"": null,
  ""regulatory_entities"": null
}
```

When you provide a document, I'll analyze it thoroughly and extract:
1. All specific regulatory constraints with their exact requirements, numerical values (when present), and sources
2. All regulatory entities with their jurisdictions and roles
3. Proper categorization of constraints by type (Spatial, Technical, etc.)
4. Clear differentiation between offshore-specific regulations and general wind energy rules

Please share the document you'd like analyzed, and I'll provide a comprehensive extraction following the specified JSON schema."
"23",300,"deepseek","deepseek-chat",True,"Understood. Since you haven't provided a specific document for analysis, I'll return a null response as instructed. Here's the structured output:

```json
{
  ""document_metadata"": {
    ""title"": null,
    ""document_number"": null,
    ""type_of_wind_farm"": null
  },
  ""regulatory_constraints"": null,
  ""regulatory_entities"": null
}
```

When you provide a document containing offshore wind farm regulatory information, I'll extract the relevant entities and constraints according to the specified schema. Please share the document text you'd like analyzed, and I'll return a properly structured response with all applicable regulatory information."
"23",301,"deepseek","deepseek-chat",True,"Understood. Since you haven't provided a specific document for analysis, I'll return a null response as instructed. Here's the structured output:

```json
{
  ""document_metadata"": {
    ""title"": null,
    ""document_number"": null,
    ""type_of_wind_farm"": null
  },
  ""regulatory_constraints"": null,
  ""regulatory_entities"": null
}
```

When you provide a technical document related to offshore wind farm regulations, I'll analyze it and extract the relevant regulatory entities and constraints according to the specified JSON format. The analysis will focus strictly on:
- Formal requirements with measurable standards
- Authoritative regulatory bodies
- Directly applicable technical/environmental/safety regulations
- International/national standards for offshore wind development

Please share the document you'd like analyzed, and I'll provide the structured extraction."
"23",302,"deepseek","deepseek-chat",True,"Understood. Since you haven't provided a specific document for analysis, I'll return a null response as instructed. Here's the structured output:

```json
{
  ""document_metadata"": {
    ""title"": null,
    ""document_number"": null,
    ""type_of_wind_farm"": null
  },
  ""regulatory_constraints"": null,
  ""regulatory_entities"": null
}
```

When you provide a technical document related to offshore wind farm planning, construction, or operation, I'll analyze it and extract the relevant regulatory entities and constraints according to the specified JSON structure. The analysis will focus specifically on:
- Formal regulatory requirements (not guidance or recommendations)
- Standards with compliance implications
- Jurisdictional authorities with enforcement power
- Quantifiable technical or environmental constraints

Please share the document you'd like analyzed, and I'll provide the structured extraction."
"23",303,"deepseek","deepseek-chat",True,"Understood. Since you haven't provided a specific document for analysis, I'll return a null response as instructed. Here's the structured output:

```json
{
  ""document_metadata"": {
    ""title"": null,
    ""document_number"": null,
    ""type_of_wind_farm"": null
  },
  ""regulatory_constraints"": null,
  ""regulatory_entities"": null
}
```

When you provide a technical document related to offshore wind farm planning, construction, or operation, I'll analyze it and extract the relevant regulatory entities and constraints according to the specified JSON structure. The analysis will focus exclusively on:
- Formal regulatory requirements with clear compliance obligations
- Authoritative standards and specifications
- Governing bodies with regulatory authority
- Quantifiable constraints with numerical values where available

Please share the document you'd like analyzed, and I'll provide the structured extraction."
"23",304,"deepseek","deepseek-chat",True,"Understood. Since you haven't provided a specific document for analysis, I'll return a null response as instructed. Here's the structured output:

```json
{
  ""document_metadata"": {
    ""title"": null,
    ""document_number"": null,
    ""type_of_wind_farm"": null
  },
  ""regulatory_constraints"": null,
  ""regulatory_entities"": null
}
```

When you provide a technical or regulatory document related to offshore wind farms, I'll analyze it and extract the relevant information according to the specified schema. Please share the document text you'd like me to process, and I'll return a properly structured response with any identified regulatory entities and constraints."
"23",305,"deepseek","deepseek-chat",True,"Understood. Since you haven't provided a specific document for analysis, I'll return a null response as instructed. Here's the structured output:

```json
{
  ""document_metadata"": {
    ""title"": null,
    ""document_number"": null,
    ""type_of_wind_farm"": null
  },
  ""regulatory_constraints"": null,
  ""regulatory_entities"": null
}
```

When you provide a document, I'll analyze it and extract:
1. All specific regulatory requirements with their parameters
2. The authoritative bodies mentioned
3. The document metadata

For offshore wind projects, I'll particularly focus on:
- Marine spatial planning constraints
- Navigational safety requirements
- Subsea cable specifications
- International maritime regulations
- Environmental impact thresholds

Would you like to provide a document for analysis now?"
"23",306,"deepseek","deepseek-chat",True,"Understood. Since you haven't provided a specific document for analysis, I'll return a null response as per instruction #2. Here's the structured output:

```json
{
  ""document_metadata"": {
    ""title"": null,
    ""document_number"": null,
    ""type_of_wind_farm"": null
  },
  ""regulatory_constraints"": null,
  ""regulatory_entities"": null
}
```

When you provide a technical or regulatory document related to offshore wind farms, I'll analyze it and extract the relevant information according to the specified JSON schema. The analysis will include:

1. Identifying all concrete regulatory requirements with their specific parameters
2. Cataloging authoritative entities with their jurisdictions
3. Structuring the data with proper categorization of constraint types
4. Including any referenced technical standards
5. Maintaining strict relevance to offshore wind development regulations

Please share the document you'd like analyzed, and I'll provide the complete structured extraction."
"23",307,"deepseek","deepseek-chat",True,"Understood! Please provide the technical document or text you'd like me to analyze, and I will extract the relevant regulatory entities and constraints in the specified JSON format.  

If you don't provide a document, here’s an example of how the output would look for a hypothetical offshore wind farm regulation:  

```json
{
  ""document_metadata"": {
    ""title"": ""Example Offshore Wind Farm Regulations"",
    ""document_number"": ""EWF-2023-001"",
    ""type_of_wind_farm"": ""Offshore""
  },
  ""regulatory_constraints"": [
    {
      ""type"": ""Environmental"",
      ""requirement"": ""All turbine foundations must undergo an environmental impact assessment (EIA) before construction."",
      ""scope"": ""North Sea offshore wind projects"",
      ""numerical_value"": null,
      ""unit"": null,
      ""source"": ""EU Offshore Renewable Energy Directive"",
      ""related_domains"": [""Environmental"", ""Legal""]
    },
    {
      ""type"": ""Technical"",
      ""requirement"": ""Wind turbines must comply with IEC 61400-3 design standards for offshore structures."",
      ""scope"": ""Global offshore wind farms"",
      ""numerical_value"": null,
      ""unit"": null,
      ""source"": ""International Electrotechnical Commission (IEC)"",
      ""related_domains"": [""Technical"", ""Safety""]
    }
  ],
  ""regulatory_entities"": [
    {
      ""entity_name"": ""Bureau of Ocean Energy Management (BOEM)"",
      ""jurisdiction"": ""Federal (USA)"",
      ""role"": ""Leasing and permitting authority for offshore wind projects""
    },
    {
      ""entity_name"": ""European Maritime Safety Agency (EMSA)"",
      ""jurisdiction"": ""EU-wide"",
      ""role"": ""Oversight of maritime safety and environmental compliance""
    }
  ]
}
```

If you share the actual document, I can extract precise, relevant data for you. Let me know how you'd like to proceed!"
"23",308,"deepseek","deepseek-chat",True,"Understood. Since you haven't provided a specific document for analysis, I'll return a null response as instructed. When you provide a technical or regulatory document related to offshore wind farms, I'll extract the relevant information and structure it according to the specified JSON format.

```json
{
  ""document_metadata"": {
    ""title"": null,
    ""document_number"": null,
    ""type_of_wind_farm"": null
  },
  ""regulatory_constraints"": null,
  ""regulatory_entities"": null
}
```

To proceed, please provide:
1. The document text or a clear excerpt containing regulatory information
2. Any available metadata (title, document number, etc.)
3. Confirmation if the content pertains to offshore wind farms

I'll then analyze it and return structured data focusing exclusively on regulatory entities and constraints per your requirements."
"23",309,"deepseek","deepseek-chat",True,"Understood. Since you haven't provided a specific document for analysis, I'll return a null response as instructed. Here's the structured output:

```json
{
  ""document_metadata"": {
    ""title"": null,
    ""document_number"": null,
    ""type_of_wind_farm"": null
  },
  ""regulatory_constraints"": null,
  ""regulatory_entities"": null
}
```

When you provide a document, I'll analyze it and extract the relevant regulatory information according to the specified format. The analysis will focus exclusively on:
- Clear regulatory requirements with specific constraints
- Official regulatory bodies with authority over wind farms
- Technical standards that must be complied with
- Environmental or safety mandates with measurable criteria

For offshore wind farms in particular, I'll prioritize:
- Maritime jurisdiction boundaries
- International shipping lane regulations
- Subsea cable installation standards
- Marine wildlife protection measures
- Offshore structural safety requirements

Please share the document you'd like analyzed, and I'll provide the complete structured extraction."
"23",310,"deepseek","deepseek-chat",True,"Understood. Since you haven't provided a specific document for analysis, I'll demonstrate how I would process a hypothetical offshore wind regulatory document with placeholder content. When you provide an actual document, I'll extract the relevant information precisely according to the specified JSON schema.

**Example Output for Hypothetical Document:**

```json
{
  ""document_metadata"": {
    ""title"": ""North Sea Offshore Wind Development Framework 2023"",
    ""document_number"": ""NS-OWF-2023-REG12"",
    ""type_of_wind_farm"": ""Offshore""
  },
  ""regulatory_constraints"": [
    {
      ""type"": ""Spatial"",
      ""requirement"": ""Wind turbines must maintain a minimum spacing of 1.5 times the rotor diameter between adjacent units"",
      ""scope"": ""North Sea Exclusive Economic Zone"",
      ""numerical_value"": ""1.5"",
      ""unit"": ""rotor diameters"",
      ""source"": ""OSPAR Commission Annex VII"",
      ""related_domains"": [""technical"", ""safety""]
    },
    {
      ""type"": ""Environmental"",
      ""requirement"": ""Underwater noise during pile driving shall not exceed 160 dB re 1 μPa at 750 m from the source"",
      ""scope"": ""All construction phases"",
      ""numerical_value"": ""160"",
      ""unit"": ""dB re 1 μPa"",
      ""source"": ""EU Marine Strategy Framework Directive Art. 14(3)"",
      ""related_domains"": [""environmental"", ""technical""]
    },
    {
      ""type"": ""Technical"",
      ""requirement"": ""Substation platforms must comply with IEC 61400-3 for offshore wind turbine design requirements"",
      ""scope"": ""Electrical infrastructure"",
      ""numerical_value"": null,
      ""unit"": null,
      ""source"": ""International Electrotechnical Commission"",
      ""related_domains"": [""technical"", ""safety""]
    }
  ],
  ""regulatory_entities"": [
    {
      ""entity_name"": ""Marine Management Organisation (MMO)"",
      ""jurisdiction"": ""UK territorial waters"",
      ""role"": ""Issues marine licenses for construction/operation""
    },
    {
      ""entity_name"": ""Bundesamt für Seeschifffahrt und Hydrographie (BSH)"",
      ""jurisdiction"": ""German EEZ"",
      ""role"": ""Approves wind farm site investigations and construction""
    }
  ]
}
```

**Key Features Demonstrated:**
1. Strict adherence to regulatory content (no descriptive text)
2. Proper categorization of constraint types
3. Inclusion of standards (IEC) without numerical values
4. Exclusion of zoning-related information (per offshore focus)
5. Clear sourcing for each requirement

For actual analysis, please provide:
- The document text
- Or a clear digital copy (PDF/Word)
- Any specific jurisdictional focus (e.g., US, EU, etc.)

I'll then extract only the verifiable regulatory information matching your schema."
"23",311,"deepseek","deepseek-chat",True,"Understood. Since you haven't provided a specific document for analysis, I'll return a null response as per instruction #2.  

```json
{
  ""document_metadata"": {
    ""title"": null,
    ""document_number"": null,
    ""type_of_wind_farm"": null
  },
  ""regulatory_constraints"": null,
  ""regulatory_entities"": null
}
```

If you provide a technical or regulatory document related to offshore wind farms, I can extract structured regulatory entities and constraints in the required format.  

Would you like to upload a document for analysis?"
"23",312,"deepseek","deepseek-chat",True,"Understood. Since you haven't provided a specific document for analysis, I'll return a null response as instructed. When you provide a document, I'll analyze it and extract the relevant regulatory information in the structured JSON format you've specified.

```json
{
  ""document_metadata"": {
    ""title"": null,
    ""document_number"": null,
    ""type_of_wind_farm"": null
  },
  ""regulatory_constraints"": null,
  ""regulatory_entities"": null
}
```

To proceed with an actual analysis, please provide:
1. The document text you'd like analyzed
2. Or a clear excerpt containing regulatory information
3. Or a specific question about offshore wind farm regulations

I'll then extract all relevant regulatory entities and constraints according to your specified format."
"23",313,"deepseek","deepseek-chat",True,"Understood. Since no specific document has been provided for analysis, I cannot extract any regulatory or technical information. Here is the structured output with null values as per the instructions:

```json
{
  ""document_metadata"": {
    ""title"": null,
    ""document_number"": null,
    ""type_of_wind_farm"": null
  },
  ""regulatory_constraints"": null,
  ""regulatory_entities"": null
}
```

If you provide a technical or regulatory document related to offshore wind farms, I can analyze it and extract the relevant information in the structured format requested.  

Would you like to upload or reference a specific document for analysis?"
"23",314,"deepseek","deepseek-chat",True,"Understood. Since you haven't provided a specific document for analysis, I cannot generate a structured output. However, I can provide an example of how I would structure the output if given a relevant document.  

### **Example Output (for illustration only)**  

```json
{
  ""document_metadata"": {
    ""title"": ""Guidelines for Offshore Wind Farm Development in the North Sea"",
    ""document_number"": ""NSW-REG-2023-004"",
    ""type_of_wind_farm"": ""Offshore""
  },
  ""regulatory_constraints"": [
    {
      ""type"": ""Environmental"",
      ""requirement"": ""Wind turbines must maintain a minimum distance of 1 km from known marine mammal migration routes."",
      ""scope"": ""North Sea offshore wind projects"",
      ""numerical_value"": ""1"",
      ""unit"": ""km"",
      ""source"": ""North Sea Offshore Wind Regulatory Authority (NSOWRA)"",
      ""related_domains"": [""Environmental impact"", ""Wildlife protection""]
    },
    {
      ""type"": ""Technical"",
      ""requirement"": ""All offshore wind turbine foundations must comply with ISO 19902 standards for structural integrity."",
      ""scope"": ""Offshore wind turbine foundations"",
      ""numerical_value"": null,
      ""unit"": null,
      ""source"": ""International Organization for Standardization (ISO)"",
      ""related_domains"": [""Structural engineering"", ""Safety""]
    },
    {
      ""type"": ""Safety"",
      ""requirement"": ""Helicopter landing zones on offshore substations must be at least 25 m in diameter."",
      ""scope"": ""Offshore substations in EU waters"",
      ""numerical_value"": ""25"",
      ""unit"": ""m"",
      ""source"": ""European Maritime Safety Agency (EMSA)"",
      ""related_domains"": [""Aviation safety"", ""Emergency response""]
    }
  ],
  ""regulatory_entities"": [
    {
      ""entity_name"": ""North Sea Offshore Wind Regulatory Authority (NSOWRA)"",
      ""jurisdiction"": ""Regional (North Sea)"",
      ""role"": ""Environmental and technical compliance enforcement""
    },
    {
      ""entity_name"": ""European Maritime Safety Agency (EMSA)"",
      ""jurisdiction"": ""European Union"",
      ""role"": ""Safety and navigation regulation""
    },
    {
      ""entity_name"": ""Bundesamt für Seeschifffahrt und Hydrographie (BSH)"",
      ""jurisdiction"": ""Germany (federal waters)"",
      ""role"": ""Permitting and environmental monitoring""
    }
  ]
}
```

### **Next Steps**  
If you provide a document (PDF, text, or webpage), I can analyze it and extract the relevant regulatory entities and constraints in the required JSON format. Let me know how you'd like to proceed!"
"23",315,"deepseek","deepseek-chat",True,"Understood. I'll analyze any document you provide and extract the requested regulatory information in the specified JSON format. 

Since you haven't provided a specific document for analysis yet, here's an empty template showing how I'll structure the output when you do provide content:

```json
{
  ""document_metadata"": {
    ""title"": null,
    ""document_number"": null,
    ""type_of_wind_farm"": null
  },
  ""regulatory_constraints"": [],
  ""regulatory_entities"": []
}
```

When you share a document, I will:
1. Scan for explicit regulatory requirements (not recommendations)
2. Identify all authoritative entities mentioned
3. Extract numerical standards when present
4. Categorize constraints by type
5. Maintain strict relevance to offshore wind development

Please provide the document text you'd like me to analyze, and I'll return the fully populated JSON structure with all extractable regulatory information."
"23",316,"deepseek","deepseek-chat",True,"Understood. Since you haven't provided a specific document for analysis, I'll return a null response as per instruction #2. When you provide a technical or regulatory document related to offshore wind farms, I'll extract the relevant information in the structured JSON format you've specified.

```json
{
  ""document_metadata"": {
    ""title"": null,
    ""document_number"": null,
    ""type_of_wind_farm"": null
  },
  ""regulatory_constraints"": null,
  ""regulatory_entities"": null
}
```

Please provide the document you'd like analyzed, and I'll extract:
1) All specific regulatory constraints with their technical/environmental parameters
2) The authoritative entities governing these regulations
3) The jurisdictional scope of each requirement

For offshore wind projects, I'll focus particularly on:
- Marine spatial planning constraints
- Grid connection standards
- Foundation design requirements
- Navigational safety regulations
- Environmental impact thresholds"
"23",317,"deepseek","deepseek-chat",True,"Understood. I'll analyze any technical/regulatory document you provide about offshore wind farms and extract structured regulatory information in the specified JSON format. 

Since you haven't provided a specific document yet, here's a template response showing how I would structure the output if given a regulatory document:

```json
{
  ""document_metadata"": {
    ""title"": ""Example Offshore Wind Energy Regulations"",
    ""document_number"": ""DOC-2023-OWF-001"",
    ""type_of_wind_farm"": ""Offshore""
  },
  ""regulatory_constraints"": [
    {
      ""type"": ""Environmental"",
      ""requirement"": ""All construction activities must maintain a minimum 500m buffer from identified marine mammal habitats during breeding seasons"",
      ""scope"": ""North Atlantic offshore wind lease areas"",
      ""numerical_value"": 500,
      ""unit"": ""meters"",
      ""source"": ""Bureau of Ocean Energy Management (BOEM) 2022 Guidelines"",
      ""related_domains"": [""environmental"", ""safety""]
    },
    {
      ""type"": ""Technical"",
      ""requirement"": ""Turbine foundations must meet ISO 19901-4 for offshore structures"",
      ""scope"": ""All floating offshore wind installations"",
      ""numerical_value"": null,
      ""unit"": null,
      ""source"": ""International Organization for Standardization"",
      ""related_domains"": [""technical"", ""safety""]
    }
  ],
  ""regulatory_entities"": [
    {
      ""entity_name"": ""Bureau of Ocean Energy Management (BOEM)"",
      ""jurisdiction"": ""Federal (US Outer Continental Shelf)"",
      ""role"": ""Lease issuance and environmental compliance oversight""
    },
    {
      ""entity_name"": ""International Electrotechnical Commission (IEC)"",
      ""jurisdiction"": ""International"",
      ""role"": ""Setting technical standards for offshore wind components""
    }
  ]
}
```

Key features of this output:
1. Strictly follows the required JSON schema
2. Only includes actual regulatory requirements (no descriptive content)
3. Properly classifies constraint types
4. Includes standards (ISO) without numerical values
5. Clearly separates entities from constraints
6. All entries are directly relevant to offshore wind regulation

When you provide an actual document, I will:
- Carefully analyze only the regulatory content
- Extract exact requirements with their sources
- Identify all relevant governing entities
- Structure everything according to this format
- Return null values if no regulations are found

Please share the document you'd like analyzed."
"23",318,"deepseek","deepseek-chat",True,"Understood. Since you haven't provided a specific document for analysis, I'll return a null response as instructed. Here's the structured output:

```json
{
  ""document_metadata"": {
    ""title"": null,
    ""document_number"": null,
    ""type_of_wind_farm"": null
  },
  ""regulatory_constraints"": null,
  ""regulatory_entities"": null
}
```

When you provide a technical document related to offshore wind farm regulations, I'll analyze it and extract the relevant regulatory entities and constraints according to the specified JSON structure. The analysis will focus strictly on:
- Formal regulatory requirements
- Governing bodies with enforcement authority
- Technical standards with measurable criteria
- Jurisdictional boundaries
- Environmental or safety mandates

Please share the document you'd like analyzed, and I'll provide the structured extraction."
"23",319,"deepseek","deepseek-chat",True,"Understood. Since you haven't provided a specific document for analysis, I'll return a null response as instructed. Here's the structured output:

```json
{
  ""document_metadata"": {
    ""title"": null,
    ""document_number"": null,
    ""type_of_wind_farm"": null
  },
  ""regulatory_constraints"": null,
  ""regulatory_entities"": null
}
```

When you provide a document, I'll analyze it and extract the relevant regulatory entities and constraints according to the specified format. Please share the document text you'd like me to process, and I'll return a properly structured analysis.

For offshore wind farm documents, I'll particularly focus on:
- International maritime regulations
- Environmental impact assessments
- Grid connection standards
- Safety zones around installations
- Technical specifications for offshore structures"
"23",320,"deepseek","deepseek-chat",True,"Understood. Since you haven't provided a specific document for analysis, I'll return a null response as instructed. Here's the structured output:

```json
{
  ""document_metadata"": {
    ""title"": null,
    ""document_number"": null,
    ""type_of_wind_farm"": null
  },
  ""regulatory_constraints"": null,
  ""regulatory_entities"": null
}
```

When you provide a document, I'll analyze it and extract:
1. Specific regulatory constraints with all available details (type, requirement, scope, numerical values with units when applicable)
2. Regulatory entities with their jurisdiction and role
3. Document metadata including whether it applies to offshore or onshore wind farms

The output will strictly follow your requested JSON schema and only include direct regulatory information relevant to wind farm development."
"23",321,"deepseek","deepseek-chat",True,"Understood. Since you haven't provided a specific document for analysis, I'll return a null response as instructed. When you provide a document, I'll extract the relevant regulatory information according to the specified JSON format.

```json
{
  ""document_metadata"": {
    ""title"": null,
    ""document_number"": null,
    ""type_of_wind_farm"": null
  },
  ""regulatory_constraints"": null,
  ""regulatory_entities"": null
}
```

Please share the technical or regulatory document you'd like analyzed, and I'll extract the relevant information according to the given schema. For offshore wind farm documents, I'll focus specifically on:
- International/national maritime regulations
- Technical standards for offshore structures
- Environmental protections for marine ecosystems
- Safety requirements for offshore operations
- Electrical interconnection standards

I'll exclude any onshore or zoning-related content unless specifically relevant to offshore wind farm infrastructure."
"23",322,"deepseek","deepseek-chat",True,"Understood. Since you haven't provided a specific document for analysis, I'll return a null response as instructed. Here's the structured output:

```json
{
  ""document_metadata"": {
    ""title"": null,
    ""document_number"": null,
    ""type_of_wind_farm"": null
  },
  ""regulatory_constraints"": null,
  ""regulatory_entities"": null
}
```

When you provide a document, I'll analyze it and extract the relevant regulatory information according to the specified format. Please share the document text or content you'd like me to process, and I'll return a properly structured analysis with all applicable regulatory entities and constraints."
"23",323,"deepseek","deepseek-chat",True,"Understood. Since no specific document has been provided for analysis, I'll return a null response as instructed. Here is the structured output:  

```json
{
  ""document_metadata"": {
    ""title"": null,
    ""document_number"": null,
    ""type_of_wind_farm"": null
  },
  ""regulatory_constraints"": null,
  ""regulatory_entities"": null
}
```  

If you provide a technical or regulatory document related to offshore wind farms, I will extract the relevant entities and constraints in the specified format. Let me know how you'd like to proceed!"
"23",324,"deepseek","deepseek-chat",True,"Understood. Since you haven't provided a specific document for analysis, I'll return a null response as instructed. Here's the structured output:

```json
{
  ""document_metadata"": {
    ""title"": null,
    ""document_number"": null,
    ""type_of_wind_farm"": null
  },
  ""regulatory_constraints"": null,
  ""regulatory_entities"": null
}
```

When you provide a document, I'll analyze it and extract:
1. All specific regulatory requirements with their parameters
2. The authoritative bodies mentioned
3. The document metadata
4. Only concrete rules/standards (not guidance or recommendations)

Would you like to upload a document for analysis now? I can process PDFs, Word docs, or plain text containing offshore wind farm regulations."
"23",325,"deepseek","deepseek-chat",True,"Understood. Since you haven't provided a specific document for analysis, I'll return a null response as instructed. When you provide a document, I'll extract the relevant regulatory information in the specified JSON format.

```json
{
  ""document_metadata"": {
    ""title"": null,
    ""document_number"": null,
    ""type_of_wind_farm"": null
  },
  ""regulatory_constraints"": null,
  ""regulatory_entities"": null
}
```

To proceed with an actual analysis, please provide:
1. The document text or a clear excerpt containing regulatory content
2. Any available metadata about the document (title, source, etc.)

I'll then extract all relevant regulatory entities and constraints according to the specified schema, focusing exclusively on binding requirements for offshore wind farm development."
"23",326,"deepseek","deepseek-chat",True,"Understood. Since you haven't provided a specific document for analysis, I'll return a null response as instructed. When you provide a document, I'll extract the relevant regulatory information and structure it according to the specified JSON format.

```json
{
  ""document_metadata"": {
    ""title"": null,
    ""document_number"": null,
    ""type_of_wind_farm"": null
  },
  ""regulatory_constraints"": null,
  ""regulatory_entities"": null
}
```

Please provide the technical or regulatory document you'd like analyzed, and I'll extract the relevant entities and constraints according to the given schema. For offshore wind projects, I'll focus on maritime authorities, environmental regulations, technical standards, and safety requirements while excluding zoning ordinances."
"23",327,"deepseek","deepseek-chat",True,"Understood. Since you haven't provided a specific document for analysis, I'll return a null response as instructed. Here's the structured output:

```json
{
  ""document_metadata"": {
    ""title"": null,
    ""document_number"": null,
    ""type_of_wind_farm"": null
  },
  ""regulatory_constraints"": null,
  ""regulatory_entities"": null
}
```

When you provide a document containing offshore wind farm regulatory information, I'll analyze it and extract the relevant entities and constraints according to the specified format. My analysis will focus strictly on:
- Formal regulatory requirements (not recommendations or guidelines)
- Authoritative standards with compliance implications
- Jurisdictional boundaries and enforcement bodies
- Quantifiable technical or environmental limits

Please share the document you'd like analyzed, and I'll provide the structured regulatory extraction."
"23",328,"deepseek","deepseek-chat",True,"Understood. Since you haven't provided a specific document for analysis, I'll return a null response as instructed. Here's the structured output:

```json
{
  ""document_metadata"": {
    ""title"": null,
    ""document_number"": null,
    ""type_of_wind_farm"": null
  },
  ""regulatory_constraints"": null,
  ""regulatory_entities"": null
}
```

When you provide a document, I'll analyze it and extract:
1. All specific regulatory requirements with their parameters
2. All relevant regulatory bodies with their jurisdictions and roles
3. Document metadata including whether it applies to offshore or onshore projects

The analysis will strictly follow your guidelines, focusing only on concrete regulations and authoritative entities related to wind farm development. Would you like to provide a document for analysis now?"
"23",329,"deepseek","deepseek-chat",True,"Understood. Since you haven't provided a specific document for analysis, I'll return a null response as instructed. Here's the structured output:

```json
{
  ""document_metadata"": {
    ""title"": null,
    ""document_number"": null,
    ""type_of_wind_farm"": null
  },
  ""regulatory_constraints"": null,
  ""regulatory_entities"": null
}
```

When you provide a document containing offshore wind farm regulatory information, I'll extract and structure the relevant entities and constraints according to the specified format. Please share the document text you'd like analyzed, and I'll process it accordingly."
"23",330,"deepseek","deepseek-chat",True,"Understood! Please provide the technical document you'd like me to analyze, and I will extract the relevant regulatory entities and constraints in the specified JSON format. If the document does not contain any regulations or rules meeting the criteria, I will return `null` for all values.  

For now, here’s an example of how the output will be structured if given a document with regulatory content:  

```json
{
  ""document_metadata"": {
    ""title"": ""Example Offshore Wind Farm Development Guidelines"",
    ""document_number"": ""EWF-2023-001"",
    ""type_of_wind_farm"": ""Offshore""
  },
  ""regulatory_constraints"": [
    {
      ""type"": ""Environmental"",
      ""requirement"": ""All offshore wind turbines must maintain a minimum clearance of 1 km from known migratory bird pathways."",
      ""scope"": ""North Sea offshore wind projects"",
      ""numerical_value"": 1,
      ""unit"": ""km"",
      ""source"": ""EU Marine Spatial Planning Directive 2021"",
      ""related_domains"": [""environmental"", ""safety""]
    },
    {
      ""type"": ""Technical"",
      ""requirement"": ""Substation foundations must comply with ISO 19902 for fixed steel offshore structures."",
      ""scope"": ""Global offshore wind installations"",
      ""numerical_value"": null,
      ""unit"": null,
      ""source"": ""ISO 19902"",
      ""related_domains"": [""technical"", ""safety""]
    }
  ],
  ""regulatory_entities"": [
    {
      ""entity_name"": ""European Maritime Safety Agency (EMSA)"",
      ""jurisdiction"": ""European Union"",
      ""role"": ""Enforcement of maritime safety and environmental regulations""
    },
    {
      ""entity_name"": ""Bureau of Ocean Energy Management (BOEM)"",
      ""jurisdiction"": ""United States federal"",
      ""role"": ""Leasing and permitting for offshore wind projects""
    }
  ]
}
```

If you share the document text, I can analyze it and provide the structured output accordingly. Let me know how you'd like to proceed!"
"23",331,"deepseek","deepseek-chat",True,"Understood. Since you haven't provided a specific document for analysis, I'll return a null response as instructed. Here's the structured output:

```json
{
  ""document_metadata"": {
    ""title"": null,
    ""document_number"": null,
    ""type_of_wind_farm"": null
  },
  ""regulatory_constraints"": null,
  ""regulatory_entities"": null
}
```

When you provide a document, I'll analyze it and extract the relevant regulatory information according to the specified schema. Please share the document you'd like analyzed, and I'll return a properly structured response with all extractable regulatory entities and constraints.

For offshore wind farm documents, I'll particularly focus on:
- International maritime regulations
- Environmental impact requirements
- Technical standards for offshore structures
- Safety protocols for marine operations
- Grid connection specifications
- Decommissioning requirements

Would you like to provide a document for analysis now?"
"23",332,"deepseek","deepseek-chat",True,"Understood. Since no specific document has been provided for analysis, I'll return a null response as instructed. Here is the structured output:

```json
{
  ""document_metadata"": {
    ""title"": null,
    ""document_number"": null,
    ""type_of_wind_farm"": null
  },
  ""regulatory_constraints"": null,
  ""regulatory_entities"": null
}
```

If you provide a document or text to analyze, I can extract the relevant regulatory information and populate the JSON structure accordingly. Let me know how you'd like to proceed!"
"23",333,"deepseek","deepseek-chat",True,"Understood. I'll analyze any technical document you provide related to offshore wind farm planning, construction, and operation, and extract the requested information in the specified JSON format. 

Since you haven't provided a specific document for analysis yet, here's a template response showing how I would structure the output when a document is provided:

```json
{
  ""document_metadata"": {
    ""title"": null,
    ""document_number"": null,
    ""type_of_wind_farm"": null
  },
  ""regulatory_constraints"": null,
  ""regulatory_entities"": null
}
```

When you provide a document, I will:
1. Carefully analyze the text for specific regulatory requirements
2. Identify all authoritative regulatory bodies mentioned
3. Extract numerical values and units where present
4. Classify constraints by type (Spatial, Technical, etc.)
5. Provide direct quotes or precise paraphrases of requirements
6. Note the jurisdictional scope of each regulation

For offshore wind projects, I'll focus on marine regulations, international standards, environmental protections, and technical specifications while excluding irrelevant land-based zoning rules.

Please provide the document you'd like me to analyze and I'll generate the complete structured output."
"23",334,"deepseek","deepseek-chat",True,"Understood. Since you haven't provided a specific document for analysis, I'll return a null response as instructed. Here's the structured output:

```json
{
  ""document_metadata"": {
    ""title"": null,
    ""document_number"": null,
    ""type_of_wind_farm"": null
  },
  ""regulatory_constraints"": null,
  ""regulatory_entities"": null
}
```

When you provide a document containing offshore wind farm regulatory information, I'll analyze it and extract the relevant entities and constraints according to the specified JSON structure. The output will include only direct regulatory requirements and authoritative bodies, excluding any non-regulatory descriptive content.

For offshore projects, I'll focus on maritime regulations, environmental protections, technical standards, and safety requirements while excluding any zoning-related information that might appear in the document."
"23",335,"deepseek","deepseek-chat",True,"Understood. Since you haven't provided a specific document for analysis, I'll return a null response as instructed. When you provide a technical or regulatory document related to offshore wind farms, I'll extract the relevant information and structure it according to the requested JSON format.

```json
{
  ""document_metadata"": {
    ""title"": null,
    ""document_number"": null,
    ""type_of_wind_farm"": null
  },
  ""regulatory_constraints"": null,
  ""regulatory_entities"": null
}
```

To proceed, please provide:
1. The document text or a clear excerpt containing regulatory content
2. Any available metadata (title, document number, etc.)
3. Confirmation if the content relates to offshore wind farms

I'll then analyze it and return a properly structured extraction of regulatory entities and constraints."
"23",336,"deepseek","deepseek-chat",True,"Understood. Since you haven't provided a specific document for analysis, I'll return a null response as instructed. Here's the structured output:

```json
{
  ""document_metadata"": {
    ""title"": null,
    ""document_number"": null,
    ""type_of_wind_farm"": null
  },
  ""regulatory_constraints"": null,
  ""regulatory_entities"": null
}
```

When you provide a document, I'll analyze it and extract the relevant regulatory information according to the specified schema. The analysis will focus exclusively on:
- Concrete regulatory requirements with specific constraints
- Official regulatory bodies with clear authority
- Technical standards applicable to offshore wind farms
- Measurable parameters with their units when available

Would you like to provide a document for analysis now?"
"23",337,"deepseek","deepseek-chat",True,"Understood. Since you haven't provided a specific document for analysis, I'll return a null response as instructed. Here's the structured output:

```json
{
  ""document_metadata"": {
    ""title"": null,
    ""document_number"": null,
    ""type_of_wind_farm"": null
  },
  ""regulatory_constraints"": null,
  ""regulatory_entities"": null
}
```

When you provide a technical document related to offshore wind farm planning, construction, or operation, I'll analyze it and extract the relevant regulatory entities and constraints in the specified structured format. The analysis will focus exclusively on:
- Clear regulatory requirements with specific rules or standards
- Authoritative bodies with regulatory authority
- Technical specifications with measurable parameters where available

Please share the document you'd like analyzed, and I'll provide the structured extraction accordingly."
"23",338,"deepseek","deepseek-chat",True,"Understood. Since you haven't provided a specific document for analysis, I'll return a null response as instructed. Here's the structured output:

```json
{
  ""document_metadata"": {
    ""title"": null,
    ""document_number"": null,
    ""type_of_wind_farm"": null
  },
  ""regulatory_constraints"": null,
  ""regulatory_entities"": null
}
```

When you provide a document, I'll analyze it and extract the relevant regulatory information according to the specified format. My analysis will focus exclusively on:
1. Concrete regulatory requirements with specific constraints or standards
2. Official regulatory bodies with clear authority over wind farm projects
3. Only information directly relevant to offshore wind farm planning, construction, or operation

Please share the document you'd like analyzed, and I'll provide the structured extraction."
"23",339,"deepseek","deepseek-chat",True,"Understood. Since you haven't provided a specific document for analysis, I'll return a null response as per your instructions:

```json
{
  ""document_metadata"": {
    ""title"": null,
    ""document_number"": null,
    ""type_of_wind_farm"": null
  },
  ""regulatory_constraints"": null,
  ""regulatory_entities"": null
}
```

When you provide a document, I'll analyze it thoroughly and extract:
1. Only specific regulatory requirements (not general descriptions)
2. Precise numerical constraints with units when available
3. Official standards references (ISO, IEC, etc.)
4. Authoritative regulatory bodies with their jurisdictions

For offshore wind projects, I'll particularly focus on:
- Marine spatial planning constraints
- Navigational safety requirements
- Subsea cable installation standards
- Environmental impact mitigation measures
- Grid connection technical specifications

Would you like to provide a document for analysis now?"
"23",340,"deepseek","deepseek-chat",True,"Understood. Since you haven't provided a specific document for analysis, I'll return a null response as instructed. Here's the structured output:

```json
{
  ""document_metadata"": {
    ""title"": null,
    ""document_number"": null,
    ""type_of_wind_farm"": null
  },
  ""regulatory_constraints"": null,
  ""regulatory_entities"": null
}
```

When you provide a technical document related to offshore wind farm regulations, I'll analyze it and extract the relevant regulatory entities and constraints according to the specified JSON structure. The analysis will focus exclusively on:
1) Clear regulatory requirements with potential numerical values
2) Authoritative bodies with jurisdiction over wind farm development
3) Standards and specifications that must be complied with

Please share the document you'd like analyzed, and I'll provide the structured extraction."
"23",341,"deepseek","deepseek-chat",True,"Understood. Since you haven't provided a specific document for analysis, I'll return a null response as instructed. If you provide a document, I can extract the relevant regulatory information and structure it according to your requested JSON format.

```json
{
  ""document_metadata"": {
    ""title"": null,
    ""document_number"": null,
    ""type_of_wind_farm"": null
  },
  ""regulatory_constraints"": null,
  ""regulatory_entities"": null
}
```

Please share the document you'd like analyzed, and I'll extract the relevant regulatory information according to your specifications. For offshore wind farm documents, I'll focus on:
- International/national maritime regulations
- Technical standards for offshore structures
- Environmental protections for marine ecosystems
- Safety requirements for offshore operations
- Grid connection and transmission standards

I won't include any zoning ordinances or onshore-specific regulations unless specified."
"23",342,"deepseek","deepseek-chat",True,"Understood! I'll analyze any technical document you provide related to offshore wind farm planning, construction, or operation, and extract the relevant regulatory entities and constraints in the specified JSON format.  

Since you haven't provided a specific document yet, here’s an example of how I would structure the output if given a regulatory document:  

### **Example Output (for illustration only)**  
```json
{
  ""document_metadata"": {
    ""title"": ""Guidelines for Offshore Wind Farm Development in the North Sea"",
    ""document_number"": ""NSW-REG-2023-001"",
    ""type_of_wind_farm"": ""Offshore""
  },
  ""regulatory_constraints"": [
    {
      ""type"": ""Environmental"",
      ""requirement"": ""All wind turbines must maintain a minimum distance of 1 km from marine protected areas."",
      ""scope"": ""North Sea offshore wind projects"",
      ""numerical_value"": ""1"",
      ""unit"": ""km"",
      ""source"": ""North Sea Offshore Wind Authority (NSOWA)"",
      ""related_domains"": [""Environmental"", ""Spatial""]
    },
    {
      ""type"": ""Technical"",
      ""requirement"": ""Turbine foundations must comply with ISO 19902 standards for offshore structures."",
      ""scope"": ""All fixed-bottom offshore wind turbines"",
      ""numerical_value"": null,
      ""unit"": null,
      ""source"": ""International Organization for Standardization (ISO)"",
      ""related_domains"": [""Technical"", ""Safety""]
    }
  ],
  ""regulatory_entities"": [
    {
      ""entity_name"": ""North Sea Offshore Wind Authority (NSOWA)"",
      ""jurisdiction"": ""Regional (North Sea)"",
      ""role"": ""Permitting and environmental compliance enforcement""
    },
    {
      ""entity_name"": ""International Maritime Organization (IMO)"",
      ""jurisdiction"": ""International"",
      ""role"": ""Safety and navigation standards for offshore installations""
    }
  ]
}
```

### **Next Steps**  
Please provide the document (or text excerpts) you'd like me to analyze, and I’ll extract the relevant regulatory information in the structured format above.  

If the document contains no enforceable regulations, I’ll return:  
```json
{
  ""document_metadata"": {
    ""title"": null,
    ""document_number"": null,
    ""type_of_wind_farm"": null
  },
  ""regulatory_constraints"": null,
  ""regulatory_entities"": null
}
```  

Let me know how you'd like to proceed!"
"23",343,"deepseek","deepseek-chat",True,"Understood. Since you haven't provided a specific document for analysis, I'll demonstrate the output format with a generic example based on typical offshore wind regulatory content. When you provide an actual document, I'll analyze it and populate this structure with precise extracted data.

Here's the example output structure:

```json
{
  ""document_metadata"": {
    ""title"": ""Example Offshore Wind Farm Development Guidelines"",
    ""document_number"": ""EWEA-2023-OSTD"",
    ""type_of_wind_farm"": ""Offshore""
  },
  ""regulatory_constraints"": [
    {
      ""type"": ""Environmental"",
      ""requirement"": ""All turbine foundations must undergo environmental impact assessment for marine mammal disturbance"",
      ""scope"": ""North Sea projects"",
      ""numerical_value"": null,
      ""unit"": null,
      ""source"": ""OSPAR Convention Annex IV"",
      ""related_domains"": [""environmental"", ""construction""]
    },
    {
      ""type"": ""Technical"",
      ""requirement"": ""Substation platforms shall withstand wave heights with 100-year return period"",
      ""scope"": ""All offshore installations"",
      ""numerical_value"": null,
      ""unit"": null,
      ""source"": ""IEC 61400-3"",
      ""related_domains"": [""structural engineering"", ""safety""]
    },
    {
      ""type"": ""Spatial"",
      ""requirement"": ""Minimum 1km spacing between turbines in array"",
      ""scope"": ""US Outer Continental Shelf"",
      ""numerical_value"": 1,
      ""unit"": ""km"",
      ""source"": ""BOEM 2022 Wind Energy Area Requirements"",
      ""related_domains"": [""layout optimization"", ""wake effects""]
    }
  ],
  ""regulatory_entities"": [
    {
      ""entity_name"": ""Bureau of Ocean Energy Management (BOEM)"",
      ""jurisdiction"": ""US federal waters"",
      ""role"": ""Leasing and permitting authority""
    },
    {
      ""entity_name"": ""Marine Management Organisation"",
      ""jurisdiction"": ""UK territorial waters"",
      ""role"": ""Environmental consenting authority""
    }
  ]
}
```

To proceed with actual analysis:
1. Please provide the document text or PDF you want analyzed
2. Specify if you need particular emphasis on any regulatory aspect (e.g., environmental vs technical)
3. Indicate if the document covers a specific geographic region that should be noted in the scope fields

I'll then extract only the concrete regulatory information matching the specified criteria."
"23",344,"deepseek","deepseek-chat",True,"Understood. Since you haven't provided a specific document for analysis, I'll return a null response as per instruction #2. Here's the structured output:

```json
{
  ""document_metadata"": {
    ""title"": null,
    ""document_number"": null,
    ""type_of_wind_farm"": null
  },
  ""regulatory_constraints"": null,
  ""regulatory_entities"": null
}
```

When you provide a technical or regulatory document related to offshore wind farms, I'll analyze it and extract the relevant regulatory entities and constraints according to the specified JSON structure. The analysis will focus exclusively on:
- Formal regulatory requirements with clear compliance obligations
- Authoritative standards with direct applicability
- Governing bodies with regulatory authority
- Quantifiable constraints with numerical values where available

Please share the document you'd like analyzed, and I'll provide the structured extraction."
"23",345,"deepseek","deepseek-chat",True,"Understood. Since you haven't provided a specific document for analysis, I'll return a null response as instructed. Here's the structured output:

```json
{
  ""document_metadata"": {
    ""title"": null,
    ""document_number"": null,
    ""type_of_wind_farm"": null
  },
  ""regulatory_constraints"": null,
  ""regulatory_entities"": null
}
```

When you provide a technical document related to offshore wind farm planning, construction, or operation, I'll analyze it and extract the relevant regulatory entities and constraints according to the specified JSON structure. The analysis will focus strictly on:
- Formal regulatory requirements with clear constraints
- Authoritative regulatory bodies
- Technical standards with measurable parameters
- Offshore-specific regulations (excluding zoning ordinances)

Please share the document you'd like analyzed, and I'll provide the structured extraction."
"23",346,"deepseek","deepseek-chat",True,"Understood! Since you haven't provided a specific document for analysis, I'll return a null response as per your instructions. Here's the structured output:  

```json
{
  ""document_metadata"": {
    ""title"": null,
    ""document_number"": null,
    ""type_of_wind_farm"": null
  },
  ""regulatory_constraints"": null,
  ""regulatory_entities"": null
}
```  

When you provide a technical or regulatory document related to offshore wind farms, I will extract the relevant regulatory entities and constraints in the structured format you specified. Let me know how you'd like to proceed!"
"23",347,"deepseek","deepseek-chat",True,"Understood. Since you haven't provided a specific document for analysis, I'll return a null response as instructed. Here's the structured output:

```json
{
  ""document_metadata"": {
    ""title"": null,
    ""document_number"": null,
    ""type_of_wind_farm"": null
  },
  ""regulatory_constraints"": null,
  ""regulatory_entities"": null
}
```

When you provide a technical or regulatory document related to offshore wind farms, I'll analyze it and extract the relevant regulatory entities and constraints according to the specified schema. The analysis will focus exclusively on:
- Formal regulatory requirements
- Authoritative standards
- Jurisdictional rules
- Technical specifications with measurable parameters
- Environmental protections with enforceable limits

For offshore wind projects, I'll specifically exclude any onshore zoning ordinances while including all applicable maritime regulations, international standards, and environmental protections."
"23",348,"deepseek","deepseek-chat",True,"Understood. Since you haven't provided a specific document for analysis, I'll return a null response as per instruction #2. Here's the structured output:

```json
{
  ""document_metadata"": {
    ""title"": null,
    ""document_number"": null,
    ""type_of_wind_farm"": null
  },
  ""regulatory_constraints"": null,
  ""regulatory_entities"": null
}
```

When you provide a technical document related to offshore wind farm regulations, I'll analyze it and extract the relevant regulatory entities and constraints according to the specified JSON structure. The analysis will focus exclusively on:
- Formal regulatory requirements
- Governing bodies with enforcement authority
- Technical/environmental standards with measurable criteria
- Jurisdictional boundaries for offshore projects

Please share the document you'd like analyzed, and I'll provide the structured extraction."
"23",349,"deepseek","deepseek-chat",True,"Understood. Since you haven't provided a specific document for analysis, I'll return a null response as instructed. Here's the structured output:

```json
{
  ""document_metadata"": {
    ""title"": null,
    ""document_number"": null,
    ""type_of_wind_farm"": null
  },
  ""regulatory_constraints"": null,
  ""regulatory_entities"": null
}
```

When you provide a specific technical or regulatory document related to offshore wind farms, I'll analyze it and extract the relevant information according to the specified JSON structure, including:
- Regulatory constraints with their types, requirements, scopes, and numerical values
- Regulatory entities with their jurisdictions and roles
- Proper categorization of all extracted data

Please share the document you'd like analyzed, and I'll provide the structured extraction."
"23",350,"deepseek","deepseek-chat",True,"Understood. Since you haven't provided a specific document for analysis, I'll return a null response as instructed. Here's the structured output:

```json
{
  ""document_metadata"": {
    ""title"": null,
    ""document_number"": null,
    ""type_of_wind_farm"": null
  },
  ""regulatory_constraints"": null,
  ""regulatory_entities"": null
}
```

When you provide a document, I'll analyze it and extract:
1. All specific regulatory requirements with their exact parameters
2. The authoritative bodies referenced in the document
3. The applicable standards or specifications mentioned

The output will strictly follow your requested JSON schema, focusing only on concrete regulatory information relevant to offshore wind farm development. Would you like to provide a document for analysis now?"
"23",351,"deepseek","deepseek-chat",True,"Understood. Since you haven't provided a specific document for analysis, I'll demonstrate the output format with a generic example based on typical offshore wind regulations. When you provide an actual document, I'll analyze it and populate the JSON structure accordingly.

Here's an example output for a hypothetical offshore wind document:

```json
{
  ""document_metadata"": {
    ""title"": ""North Sea Offshore Wind Development Guidelines"",
    ""document_number"": ""NSOW-2023-0042"",
    ""type_of_wind_farm"": ""Offshore""
  },
  ""regulatory_constraints"": [
    {
      ""type"": ""Environmental"",
      ""requirement"": ""All wind farm developments must conduct a full environmental impact assessment prior to construction"",
      ""scope"": ""North Sea Exclusive Economic Zones"",
      ""numerical_value"": null,
      ""unit"": null,
      ""source"": ""OSPAR Convention Annex IV"",
      ""related_domains"": [""environmental"", ""planning""]
    },
    {
      ""type"": ""Technical"",
      ""requirement"": ""Substation platforms must be designed to withstand a 1,000-year return period wave height"",
      ""scope"": ""All offshore structures"",
      ""numerical_value"": null,
      ""unit"": null,
      ""source"": ""IEC 61400-3"",
      ""related_domains"": [""structural engineering"", ""safety""]
    },
    {
      ""type"": ""Spatial"",
      ""requirement"": ""Turbines must maintain a minimum spacing of 5 times the rotor diameter between adjacent units"",
      ""scope"": ""Wind farm arrays"",
      ""numerical_value"": 5,
      ""unit"": ""rotor diameters"",
      ""source"": ""DNVGL-ST-0437"",
      ""related_domains"": [""energy yield"", ""wake effects""]
    }
  ],
  ""regulatory_entities"": [
    {
      ""entity_name"": ""Marine Management Organisation"",
      ""jurisdiction"": ""UK territorial waters"",
      ""role"": ""Permitting and licensing authority""
    },
    {
      ""entity_name"": ""Bundesamt für Seeschifffahrt und Hydrographie"",
      ""jurisdiction"": ""German EEZ"",
      ""role"": ""Environmental compliance monitoring""
    },
    {
      ""entity_name"": ""International Electrotechnical Commission"",
      ""jurisdiction"": ""International standards"",
      ""role"": ""Technical standard setting""
    }
  ]
}
```

For an actual document analysis, please provide:
1. The document text or file
2. Any specific pages/sections to focus on
3. The geographic region of interest (if known)

I'll then extract only the specific regulatory information that meets the criteria you've outlined, excluding any non-regulatory content or onshore-specific provisions."
"23",352,"deepseek","deepseek-chat",True,"Understood. Since you haven't provided a specific document for analysis, I'll provide an example output based on a hypothetical offshore wind farm regulatory document. When you provide an actual document, I'll analyze it and extract the relevant information strictly according to your requested format.

Example output for a hypothetical document:

```json
{
  ""document_metadata"": {
    ""title"": ""North Sea Offshore Wind Development Regulations 2023"",
    ""document_number"": ""NSOWDR-2023-0042"",
    ""type_of_wind_farm"": ""Offshore""
  },
  ""regulatory_constraints"": [
    {
      ""type"": ""Environmental"",
      ""requirement"": ""All wind farm developments must conduct a full environmental impact assessment prior to construction"",
      ""scope"": ""North Sea Exclusive Economic Zones"",
      ""numerical_value"": null,
      ""unit"": null,
      ""source"": ""OSPAR Convention Annex IV"",
      ""related_domains"": [""environmental"", ""permitting""]
    },
    {
      ""type"": ""Technical"",
      ""requirement"": ""Offshore substations must be designed to withstand wave heights with a 100-year return period"",
      ""scope"": ""All offshore wind installations"",
      ""numerical_value"": 16.2,
      ""unit"": ""meters"",
      ""source"": ""IEC 61400-3"",
      ""related_domains"": [""structural engineering"", ""safety""]
    },
    {
      ""type"": ""Spatial"",
      ""requirement"": ""Turbines must maintain a minimum spacing of 5 times the rotor diameter between adjacent units"",
      ""scope"": ""Wind farm arrays"",
      ""numerical_value"": 5,
      ""unit"": ""rotor diameters"",
      ""source"": ""DNV-ST-0145"",
      ""related_domains"": [""energy yield"", ""wake effects""]
    }
  ],
  ""regulatory_entities"": [
    {
      ""entity_name"": ""Marine Management Organisation"",
      ""jurisdiction"": ""United Kingdom territorial waters"",
      ""role"": ""Permitting and licensing authority""
    },
    {
      ""entity_name"": ""Bundesamt für Seeschifffahrt und Hydrographie"",
      ""jurisdiction"": ""German EEZ"",
      ""role"": ""Environmental compliance monitoring""
    },
    {
      ""entity_name"": ""International Electrotechnical Commission"",
      ""jurisdiction"": ""International standards"",
      ""role"": ""Technical standard setting""
    }
  ]
}
```

Please provide the actual document you'd like me to analyze, and I'll extract the relevant regulatory information according to your specified format. I'll strictly adhere to:
1. Only including specific regulatory requirements
2. Focusing on offshore-specific regulations
3. Capturing both qualitative and quantitative constraints
4. Identifying all relevant regulatory bodies with their precise roles"
"23",353,"deepseek","deepseek-chat",True,"Understood. Since you haven't provided a specific document for analysis, I'll return a null response as per instruction #2. Here's the structured output:

```json
{
  ""document_metadata"": {
    ""title"": null,
    ""document_number"": null,
    ""type_of_wind_farm"": null
  },
  ""regulatory_constraints"": null,
  ""regulatory_entities"": null
}
```

When you provide a technical or regulatory document related to offshore wind farms, I'll analyze it and extract the relevant regulatory entities and constraints according to the specified JSON structure. The analysis will focus specifically on:
- Formal requirements with measurable standards
- Authoritative regulatory bodies
- Technical specifications with clear compliance criteria
- Environmental or safety mandates with enforcement mechanisms

Please share the document you'd like analyzed, and I'll provide the structured extraction."
"23",354,"deepseek","deepseek-chat",True,"Understood. Since you haven't provided a specific document for analysis, I'll return a null response as per instruction #2. Here's the structured output:

```json
{
  ""document_metadata"": {
    ""title"": null,
    ""document_number"": null,
    ""type_of_wind_farm"": null
  },
  ""regulatory_constraints"": null,
  ""regulatory_entities"": null
}
```

When you provide a specific technical or regulatory document related to offshore wind farms, I'll analyze it and extract the relevant regulatory entities and constraints according to the specified JSON structure. The analysis will focus exclusively on:
- Formal regulatory requirements with direct applicability
- Authoritative standards specifications
- Governing bodies with regulatory authority
- Quantifiable constraints with clear units
- Offshore-specific regulations (excluding zoning ordinances)

Please share the document you'd like analyzed, and I'll provide the structured extraction."
"23",355,"deepseek","deepseek-chat",True,"Understood. I'll analyze any document you provide and extract the requested regulatory information in the specified JSON format. 

Since you haven't provided a specific document for analysis, here's an example of what the output would look like for a hypothetical offshore wind farm document:

```json
{
  ""document_metadata"": {
    ""title"": ""North Sea Offshore Wind Development Guidelines"",
    ""document_number"": ""NSW-2023-0042"",
    ""type_of_wind_farm"": ""Offshore""
  },
  ""regulatory_constraints"": [
    {
      ""type"": ""Environmental"",
      ""requirement"": ""Turbine foundations must be designed to minimize seabed disturbance during installation"",
      ""scope"": ""North Sea region"",
      ""numerical_value"": null,
      ""unit"": null,
      ""source"": ""OSPAR Convention Annex V"",
      ""related_domains"": [""environmental"", ""technical""]
    },
    {
      ""type"": ""Technical"",
      ""requirement"": ""All electrical systems must comply with IEC 61400-24 for lightning protection"",
      ""scope"": ""All offshore wind farms"",
      ""numerical_value"": null,
      ""unit"": null,
      ""source"": ""International Electrotechnical Commission"",
      ""related_domains"": [""technical"", ""safety""]
    },
    {
      ""type"": ""Spatial"",
      ""requirement"": ""Minimum 1km spacing between turbines in prevailing wind direction"",
      ""scope"": ""North Sea region"",
      ""numerical_value"": 1,
      ""unit"": ""km"",
      ""source"": ""North Sea Wind Power Consortium"",
      ""related_domains"": [""technical"", ""safety""]
    }
  ],
  ""regulatory_entities"": [
    {
      ""entity_name"": ""Marine Management Organization"",
      ""jurisdiction"": ""UK territorial waters"",
      ""role"": ""Issues marine licenses for construction and operation""
    },
    {
      ""entity_name"": ""Bundesamt für Seeschifffahrt und Hydrographie"",
      ""jurisdiction"": ""German EEZ"",
      ""role"": ""Approves offshore wind farm site investigations""
    }
  ]
}
```

When you provide an actual document, I will:
1. Carefully analyze only the regulatory content
2. Extract specific requirements with their exact parameters
3. Identify authoritative entities with their jurisdictional scope
4. Structure all findings according to your requested format
5. Omit any non-regulatory or descriptive content

Please share the document you'd like me to analyze, and I'll provide the structured regulatory extraction."
"23",356,"deepseek","deepseek-chat",True,"Understood. Since you haven't provided a specific document for analysis, I'll demonstrate the output format with a generic example based on typical offshore wind regulatory content. When you provide an actual document, I'll extract precise information from it.

```json
{
  ""document_metadata"": {
    ""title"": ""Example Offshore Wind Energy Development Guidelines"",
    ""document_number"": ""OWF-2023-001"",
    ""type_of_wind_farm"": ""Offshore""
  },
  ""regulatory_constraints"": [
    {
      ""type"": ""Environmental"",
      ""requirement"": ""All projects must conduct a full environmental impact assessment (EIA) prior to construction"",
      ""scope"": ""All offshore wind developments in federal waters"",
      ""numerical_value"": null,
      ""unit"": null,
      ""source"": ""Bureau of Ocean Energy Management (BOEM)"",
      ""related_domains"": [""environmental"", ""permitting""]
    },
    {
      ""type"": ""Technical"",
      ""requirement"": ""Turbine foundations must withstand 1-in-50-year extreme wave conditions"",
      ""scope"": ""Fixed-bottom offshore wind turbines in North Atlantic"",
      ""numerical_value"": 50,
      ""unit"": ""year return period"",
      ""source"": ""ISO 19902:2020"",
      ""related_domains"": [""structural engineering"", ""safety""]
    },
    {
      ""type"": ""Spatial"",
      ""requirement"": ""Minimum 1 nautical mile separation between turbines"",
      ""scope"": ""All offshore wind farms in U.S. territorial waters"",
      ""numerical_value"": 1,
      ""unit"": ""nautical mile"",
      ""source"": ""BOEM 2022 Wind Energy Area Guidelines"",
      ""related_domains"": [""navigation safety"", ""array optimization""]
    }
  ],
  ""regulatory_entities"": [
    {
      ""entity_name"": ""Bureau of Ocean Energy Management (BOEM)"",
      ""jurisdiction"": ""Federal (U.S. Outer Continental Shelf)"",
      ""role"": ""Primary regulator for offshore wind leasing and permitting""
    },
    {
      ""entity_name"": ""International Electrotechnical Commission (IEC)"",
      ""jurisdiction"": ""International"",
      ""role"": ""Sets technical standards for wind turbine systems (IEC 61400 series)""
    },
    {
      ""entity_name"": ""Maritime and Coastguard Agency (MCA)"",
      ""jurisdiction"": ""National (UK waters)"",
      ""role"": ""Enforces navigation safety regulations around offshore installations""
    }
  ]
}
```

To proceed with actual analysis:
1. Please provide the document text you'd like analyzed
2. Specify if you need any particular focus areas (e.g., environmental regulations, grid connection requirements)
3. Indicate if the document covers a specific geographic region

I'll then extract only the concrete regulatory information following your specified format and instructions."
"23",357,"deepseek","deepseek-chat",True,"Understood. Since you haven't provided a specific document for analysis, I'll demonstrate how I would process a hypothetical offshore wind farm regulatory document with placeholder content. When you provide an actual document, I'll extract the precise information following these same principles.

Example Output for Hypothetical Document:

```json
{
  ""document_metadata"": {
    ""title"": ""North Sea Offshore Wind Development Framework 2023"",
    ""document_number"": ""NS-OWF-2023-0042"",
    ""type_of_wind_farm"": ""Offshore""
  },
  ""regulatory_constraints"": [
    {
      ""type"": ""Environmental"",
      ""requirement"": ""All turbine foundations must undergo marine mammal impact assessments prior to installation"",
      ""scope"": ""North Sea Exclusive Economic Zone"",
      ""numerical_value"": null,
      ""unit"": null,
      ""source"": ""OSPAR Convention Annex IV"",
      ""related_domains"": [""environmental"", ""construction""]
    },
    {
      ""type"": ""Technical"",
      ""requirement"": ""Substation platforms shall withstand wave heights with 100-year return periods"",
      ""scope"": ""All offshore installations"",
      ""numerical_value"": ""17.2"",
      ""unit"": ""meters"",
      ""source"": ""IEC 61400-3-1"",
      ""related_domains"": [""structural engineering"", ""safety""]
    }
  ],
  ""regulatory_entities"": [
    {
      ""entity_name"": ""Marine Management Organisation (MMO)"",
      ""jurisdiction"": ""UK Territorial Waters"",
      ""role"": ""Issues marine licenses for construction and operation""
    },
    {
      ""entity_name"": ""Bundesamt für Seeschifffahrt und Hydrographie (BSH)"",
      ""jurisdiction"": ""German Exclusive Economic Zone"",
      ""role"": ""Approves wind farm site investigations and construction""
    }
  ]
}
```

Key features demonstrated:
1. Strict adherence to offshore-specific regulations (no zoning ordinances)
2. Inclusion of both quantitative and qualitative requirements
3. Clear sourcing for each constraint
4. Proper null handling for non-applicable fields
5. Separation of entities from constraints

For actual document processing, please provide:
- The complete text
- Any source metadata (title, document number)
- Confirmation of offshore/onshore context

I'll then extract only the verifiable regulatory information matching the specified criteria."
"23",358,"deepseek","deepseek-chat",True,"Understood. Since you haven't provided a specific document for analysis, I'll return a null response as instructed. When you provide a technical or regulatory document related to offshore wind farms, I'll extract the relevant information in the exact JSON format specified.

```json
{
  ""document_metadata"": {
    ""title"": null,
    ""document_number"": null,
    ""type_of_wind_farm"": null
  },
  ""regulatory_constraints"": null,
  ""regulatory_entities"": null
}
```

To proceed with an actual analysis, please provide:
1. The document text or a clear excerpt containing regulatory content
2. Any identifying metadata (title, document number, etc.)
3. Confirmation if it's specifically for offshore wind (though I can detect this from context)

I'm ready to analyze and extract precise regulatory information when you share the source material."
"23",359,"deepseek","deepseek-chat",True,"Understood. Since you haven't provided a specific document for analysis, I'll return a null response as instructed. Here's the structured output:

```json
{
  ""document_metadata"": {
    ""title"": null,
    ""document_number"": null,
    ""type_of_wind_farm"": null
  },
  ""regulatory_constraints"": null,
  ""regulatory_entities"": null
}
```

When you provide a document containing offshore wind farm regulatory information, I'll analyze it and extract the relevant entities and constraints according to the specified schema. The output will include only direct regulatory requirements and authoritative bodies, with proper categorization of constraint types and jurisdictional information.

Would you like to provide a document for analysis now?"
"23",360,"deepseek","deepseek-chat",True,"Understood. Since you haven't provided a specific document for analysis, I'll return a null response as instructed. When you provide a document, I'll analyze it and extract the relevant regulatory entities and constraints in the specified JSON format.

```json
{
  ""document_metadata"": {
    ""title"": null,
    ""document_number"": null,
    ""type_of_wind_farm"": null
  },
  ""regulatory_constraints"": null,
  ""regulatory_entities"": null
}
```

Please provide the document you'd like analyzed, and I'll extract the relevant information according to the given schema. For offshore wind farm documents, I'll focus on:
- International/national maritime regulations
- Technical standards (e.g., IEC, ISO)
- Environmental protections
- Safety requirements
- Grid connection standards

I will exclude any onshore zoning or land-use regulations as per instruction #3."
"23",361,"deepseek","deepseek-chat",True,"Understood. Since you haven't provided a specific document for analysis, I'll return a null response as instructed. Here's the structured output:

```json
{
  ""document_metadata"": {
    ""title"": null,
    ""document_number"": null,
    ""type_of_wind_farm"": null
  },
  ""regulatory_constraints"": null,
  ""regulatory_entities"": null
}
```

When you provide a technical document related to offshore wind farm planning, construction, or operation, I'll analyze it and extract the relevant regulatory entities and constraints according to the specified JSON structure. The analysis will focus strictly on:
- Formal regulatory requirements with clear constraints
- Authoritative regulatory bodies
- Technical standards with measurable criteria
- Offshore-specific regulations (excluding zoning ordinances)

Please share the document you'd like analyzed, and I'll provide the structured extraction."
"23",362,"deepseek","deepseek-chat",True,"Understood. Since you haven't provided a specific document for analysis, I'll return a null response as instructed. Here's the structured output:

```json
{
  ""document_metadata"": {
    ""title"": null,
    ""document_number"": null,
    ""type_of_wind_farm"": null
  },
  ""regulatory_constraints"": null,
  ""regulatory_entities"": null
}
```

When you provide a technical document related to offshore wind farm regulations, I'll analyze it and extract the relevant regulatory entities and constraints according to the specified JSON structure. The analysis will focus exclusively on:
1) Clear regulatory requirements with specific constraints or standards
2) Official regulatory bodies with authority over wind farm projects
3) Offshore-specific regulations (excluding zoning ordinances)

Please share the document you'd like analyzed, and I'll provide the structured extraction."
"23",363,"deepseek","deepseek-chat",True,"Understood. Since you haven't provided a specific document for analysis, I'll return a null response as instructed. Here's the structured output:

```json
{
  ""document_metadata"": {
    ""title"": null,
    ""document_number"": null,
    ""type_of_wind_farm"": null
  },
  ""regulatory_constraints"": null,
  ""regulatory_entities"": null
}
```

When you provide a document to analyze, I'll extract the relevant regulatory information according to the specified schema, focusing only on concrete requirements and authoritative entities related to offshore wind farm development. I'll exclude descriptive content and ensure all extracted data meets the criteria for inclusion in a regulatory knowledge graph."
"23",364,"deepseek","deepseek-chat",True,"Understood. Since you haven't provided a specific document for analysis, I'll return a null response as instructed. When you provide a document, I'll extract the relevant regulatory information in the specified JSON format.

```json
{
  ""document_metadata"": {
    ""title"": null,
    ""document_number"": null,
    ""type_of_wind_farm"": null
  },
  ""regulatory_constraints"": null,
  ""regulatory_entities"": null
}
```

Please provide the technical or regulatory document you'd like analyzed, and I'll extract the relevant information according to your specifications. For offshore wind farm documents, I'll focus particularly on:
- Marine spatial planning constraints
- Grid connection requirements
- Environmental impact assessments
- International maritime regulations
- Technical standards for offshore structures
- Safety zones around installations"
"23",365,"deepseek","deepseek-chat",True,"Understood. Since you haven't provided a specific document for analysis, I'll return a null response as instructed. Here's the structured output:

```json
{
  ""document_metadata"": {
    ""title"": null,
    ""document_number"": null,
    ""type_of_wind_farm"": null
  },
  ""regulatory_constraints"": null,
  ""regulatory_entities"": null
}
```

When you provide a document, I'll analyze it and extract the relevant regulatory information according to the specified format. The analysis will focus strictly on:
1. Clear regulatory requirements with direct applicability to offshore wind farms
2. Authoritative entities with jurisdiction over such projects
3. Technical standards that constitute binding requirements

Please share the document you'd like analyzed, and I'll provide the structured extraction."
"23",366,"deepseek","deepseek-chat",True,"Understood. Since you haven't provided a specific document for analysis, I'll return a null response as instructed. Here's the structured output:

```json
{
  ""document_metadata"": {
    ""title"": null,
    ""document_number"": null,
    ""type_of_wind_farm"": null
  },
  ""regulatory_constraints"": null,
  ""regulatory_entities"": null
}
```

When you provide a document, I'll analyze it thoroughly and extract:
1. All specific regulatory requirements with their parameters
2. The authoritative bodies mentioned
3. The exact constraints including numerical values where specified
4. The jurisdictional scope of each requirement

The output will be strictly limited to verifiable regulatory content, excluding general descriptive information. For offshore wind projects, I'll focus on marine-specific regulations and ignore any land-based zoning information.

Would you like to provide a document for analysis now?"
"23",367,"deepseek","deepseek-chat",True,"Understood. Since you haven't provided a specific document for analysis, I'll return a null response as instructed. Here's the structured output:

```json
{
  ""document_metadata"": {
    ""title"": null,
    ""document_number"": null,
    ""type_of_wind_farm"": null
  },
  ""regulatory_constraints"": null,
  ""regulatory_entities"": null
}
```

When you provide a document, I'll analyze it and extract the relevant regulatory information according to the specified format. The analysis will focus strictly on:
- Offshore wind farm regulations (excluding onshore zoning ordinances)
- Specific requirements with numerical values where available
- Authoritative regulatory bodies and their jurisdictions
- Standards specifications from recognized organizations

Please share the document you'd like analyzed, and I'll provide the structured extraction."
"23",368,"deepseek","deepseek-chat",True,"Understood. Since you haven't provided a specific document for analysis, I'll return a null response as per instruction #2. Here's the structured output:

```json
{
  ""document_metadata"": {
    ""title"": null,
    ""document_number"": null,
    ""type_of_wind_farm"": null
  },
  ""regulatory_constraints"": null,
  ""regulatory_entities"": null
}
```

When you provide a technical or regulatory document related to offshore wind farms, I'll analyze it and extract the relevant regulatory entities and constraints according to the specified JSON structure. The analysis will focus specifically on:
- Formal regulatory requirements with clear compliance obligations
- Authoritative standards with direct applicability
- Governing bodies with regulatory authority
- Quantifiable constraints with numerical values where available

Please share the document you'd like analyzed, and I'll provide the structured extraction."
"23",369,"deepseek","deepseek-chat",True,"Understood. Since you haven't provided a specific document for analysis, I'll return a null response as instructed. Here's the structured output:

```json
{
  ""document_metadata"": {
    ""title"": null,
    ""document_number"": null,
    ""type_of_wind_farm"": null
  },
  ""regulatory_constraints"": null,
  ""regulatory_entities"": null
}
```

When you provide a technical document related to offshore wind farm regulations, I'll analyze it and extract the relevant regulatory entities and constraints according to the specified JSON structure. The analysis will focus specifically on:
- Formal regulatory requirements (not guidelines or recommendations)
- Standards with compliance implications
- Jurisdictional authorities with enforcement powers
- Quantifiable technical or environmental constraints

Please share the document you'd like analyzed, and I'll provide the structured extraction."
"23",370,"deepseek","deepseek-chat",True,"Understood. Since you haven't provided a specific document for analysis, I'll demonstrate the output structure with null values as per instruction #2. When you provide a document, I'll extract the relevant regulatory information in the specified JSON format.

```json
{
  ""document_metadata"": {
    ""title"": null,
    ""document_number"": null,
    ""type_of_wind_farm"": null
  },
  ""regulatory_constraints"": null,
  ""regulatory_entities"": null
}
```

To get a proper analysis, please provide:
1. The document text you'd like analyzed
2. Or a specific regulatory document reference (e.g., BOEM Renewable Energy Regulations, IEC 61400-3, etc.)

When provided with actual content, I'll extract:
- Specific numerical requirements (e.g., ""Turbine foundations must withstand 1-in-50-year wave heights"")
- Clear jurisdictional boundaries
- Technical standards
- Environmental protections
- Safety requirements

All extracted data will be strictly limited to enforceable regulations and authoritative entities relevant to offshore wind development."
"23",371,"deepseek","deepseek-chat",True,"Understood. Since you haven't provided a specific document for analysis, I'll return a null response as instructed. When you provide a technical or regulatory document related to offshore wind farms, I'll extract the relevant information and structure it according to the specified JSON format.

```json
{
  ""document_metadata"": {
    ""title"": null,
    ""document_number"": null,
    ""type_of_wind_farm"": null
  },
  ""regulatory_constraints"": null,
  ""regulatory_entities"": null
}
```

Please share the document you'd like analyzed, and I'll extract the regulatory entities and constraints according to the given schema. For offshore wind farms, I'll focus on relevant regulations while excluding zoning ordinances and including technical standards where applicable."
"23",372,"deepseek","deepseek-chat",True,"Understood. Since you haven't provided a specific document for analysis, I'll return a null response as instructed. When you provide a technical or regulatory document related to offshore wind farms, I'll extract the relevant information and structure it according to the specified JSON format.

```json
{
  ""document_metadata"": {
    ""title"": null,
    ""document_number"": null,
    ""type_of_wind_farm"": null
  },
  ""regulatory_constraints"": null,
  ""regulatory_entities"": null
}
```

Please share the document you'd like analyzed, and I'll extract the regulatory entities and constraints according to the given schema. For offshore wind farms, I'll focus on relevant regulations while excluding zoning ordinances and including technical standards where applicable."
"23",373,"deepseek","deepseek-chat",True,"Understood. Since you haven't provided a specific document for analysis, I'll return a null response as instructed. Here's the structured output:

```json
{
  ""document_metadata"": {
    ""title"": null,
    ""document_number"": null,
    ""type_of_wind_farm"": null
  },
  ""regulatory_constraints"": null,
  ""regulatory_entities"": null
}
```

When you provide a technical document related to offshore wind farm regulations, I'll analyze it and extract the relevant regulatory entities and constraints according to the specified JSON structure. The analysis will focus strictly on:
- Formal regulatory requirements with clear constraints
- Authoritative regulatory bodies
- Technical standards with measurable parameters
- Jurisdictional boundaries and enforcement roles

Please share the document you'd like analyzed, and I'll provide the structured extraction."
"23",374,"deepseek","deepseek-chat",True,"Understood. Since I don't have access to the specific document you'd like analyzed, I'll provide a template response based on typical offshore wind regulatory content. Replace the placeholders with actual extracted data when processing a real document:

```json
{
  ""document_metadata"": {
    ""title"": ""[Document Title]"",
    ""document_number"": ""[If available]"",
    ""type_of_wind_farm"": ""Offshore""
  },
  ""regulatory_constraints"": [
    {
      ""type"": ""Environmental"",
      ""requirement"": ""All offshore wind projects must conduct a full environmental impact assessment prior to construction"",
      ""scope"": ""North Sea development zone"",
      ""numerical_value"": null,
      ""unit"": null,
      ""source"": ""OSPAR Convention Annex IV"",
      ""related_domains"": [""environmental"", ""permitting""]
    },
    {
      ""type"": ""Technical"",
      ""requirement"": ""Substation foundations must withstand 100-year storm wave conditions"",
      ""scope"": ""All offshore installations"",
      ""numerical_value"": 16.2,
      ""unit"": ""meters"",
      ""source"": ""IEC 61400-3"",
      ""related_domains"": [""structural engineering"", ""safety""]
    }
  ],
  ""regulatory_entities"": [
    {
      ""entity_name"": ""Bureau of Ocean Energy Management (BOEM)"",
      ""jurisdiction"": ""Federal (US waters)"",
      ""role"": ""Leasing and permitting authority""
    },
    {
      ""entity_name"": ""Marine Management Organisation"",
      ""jurisdiction"": ""UK territorial waters"",
      ""role"": ""Environmental regulation enforcement""
    }
  ]
}
```

For actual document processing:
1. Replace all placeholder text with extracted content
2. Omit any section that has no relevant data (returning null for that section)
3. Maintain the exact JSON structure shown
4. Only include information that meets the strict regulatory definition provided in your instructions

Would you like me to process a specific document you provide? If so, please share the text or upload the document."
"23",375,"deepseek","deepseek-chat",True,"Understood. Since you haven't provided a specific document for analysis, I'll return a null response as instructed. Here's the structured output:

```json
{
  ""document_metadata"": {
    ""title"": null,
    ""document_number"": null,
    ""type_of_wind_farm"": null
  },
  ""regulatory_constraints"": null,
  ""regulatory_entities"": null
}
```

If you'd like me to analyze a specific document or text excerpt related to offshore wind farm regulations, please provide the content and I'll extract the relevant regulatory information according to the specified format."
"23",376,"deepseek","deepseek-chat",True,"Understood. Since you haven't provided a specific document for analysis, I'll return a null response as instructed. Here's the structured output:

```json
{
  ""document_metadata"": {
    ""title"": null,
    ""document_number"": null,
    ""type_of_wind_farm"": null
  },
  ""regulatory_constraints"": null,
  ""regulatory_entities"": null
}
```

When you provide a specific technical or regulatory document related to offshore wind farms, I'll analyze it and extract the relevant regulatory entities and constraints according to the specified JSON structure. The analysis will focus exclusively on:
- Formal regulatory requirements
- Standards with compliance implications
- Authoritative bodies with regulatory power
- Quantifiable constraints with clear jurisdiction

Please share the document you'd like analyzed, and I'll provide the structured extraction."
"23",377,"deepseek","deepseek-chat",True,"Understood. Since you haven't provided a specific document for analysis, I'll return a null response as instructed. Here's the structured output:

```json
{
  ""document_metadata"": {
    ""title"": null,
    ""document_number"": null,
    ""type_of_wind_farm"": null
  },
  ""regulatory_constraints"": null,
  ""regulatory_entities"": null
}
```

When you provide a document, I'll analyze it and extract the relevant regulatory entities and constraints according to the specified schema. For offshore wind farm documents, I'll focus on:
- International maritime regulations
- Federal/state environmental and energy policies
- Technical standards for offshore structures
- Marine spatial planning constraints
- Safety requirements for offshore operations

Would you like to provide a document for analysis now?"
"23",378,"deepseek","deepseek-chat",True,"Understood. Since you haven't provided a specific document for analysis, I'll return a null response as instructed. Here's the structured output:

```json
{
  ""document_metadata"": {
    ""title"": null,
    ""document_number"": null,
    ""type_of_wind_farm"": null
  },
  ""regulatory_constraints"": null,
  ""regulatory_entities"": null
}
```

When you provide a document containing offshore wind farm regulatory information, I'll analyze it and extract the relevant entities and constraints according to the specified schema. Please share the document text you'd like analyzed."
"23",379,"deepseek","deepseek-chat",True,"Understood! I'll analyze any technical document you provide related to offshore wind farm planning, construction, or operation, and extract structured regulatory and technical information in the specified JSON format.  

Since you haven't provided a specific document yet, here’s an example of how I would process a hypothetical regulatory document:  

### **Example Input Document Excerpt:**  
*""Under the U.S. Bureau of Ocean Energy Management (BOEM) regulations, offshore wind turbines must maintain a minimum clearance of 22 meters above Mean High Water (MHW) to ensure navigational safety. Additionally, the International Electrotechnical Commission (IEC) 61400-3 standard requires that offshore wind turbine foundations be designed to withstand 50-year extreme wave loads in the North Sea region.""*  

### **Structured Output:**  
```json
{
  ""document_metadata"": {
    ""title"": ""BOEM Offshore Wind Energy Regulations and IEC Standards"",
    ""document_number"": ""N/A"",
    ""type_of_wind_farm"": ""Offshore""
  },
  ""regulatory_constraints"": [
    {
      ""type"": ""Safety"",
      ""requirement"": ""Offshore wind turbines must maintain a minimum clearance of 22 meters above Mean High Water (MHW)."",
      ""scope"": ""U.S. offshore wind projects"",
      ""numerical_value"": ""22"",
      ""unit"": ""meters"",
      ""source"": ""U.S. Bureau of Ocean Energy Management (BOEM)"",
      ""related_domains"": [""Navigational safety"", ""Structural design""]
    },
    {
      ""type"": ""Technical"",
      ""requirement"": ""Offshore wind turbine foundations must be designed to withstand 50-year extreme wave loads."",
      ""scope"": ""North Sea region"",
      ""numerical_value"": ""50"",
      ""unit"": ""years (return period)"",
      ""source"": ""IEC 61400-3"",
      ""related_domains"": [""Structural engineering"", ""Offshore construction""]
    }
  ],
  ""regulatory_entities"": [
    {
      ""entity_name"": ""U.S. Bureau of Ocean Energy Management (BOEM)"",
      ""jurisdiction"": ""Federal (U.S.)"",
      ""role"": ""Regulator of offshore energy projects""
    },
    {
      ""entity_name"": ""International Electrotechnical Commission (IEC)"",
      ""jurisdiction"": ""International"",
      ""role"": ""Standard-setting body for electrical and wind energy technologies""
    }
  ]
}
```

### **Next Steps:**  
Please provide the document you'd like analyzed, and I'll extract the relevant regulatory and technical information in this structured format.  

Would you like to proceed with a specific document?"
"23",380,"deepseek","deepseek-chat",True,"Understood. Since you haven't provided a specific document for analysis, I'll return a null response as instructed. When you provide a technical or regulatory document related to offshore wind farms, I'll extract the relevant information and structure it according to the specified JSON format.

```json
{
  ""document_metadata"": {
    ""title"": null,
    ""document_number"": null,
    ""type_of_wind_farm"": null
  },
  ""regulatory_constraints"": null,
  ""regulatory_entities"": null
}
```

Please share the document you'd like analyzed, and I'll extract the regulatory entities and constraints according to the given schema. For offshore wind projects, I'll focus on relevant maritime, environmental, and technical regulations while excluding zoning ordinances."
"23",381,"deepseek","deepseek-chat",True,"Understood. Since you haven't provided a specific document for analysis, I'll return a null response as instructed. Here's the structured output:

```json
{
  ""document_metadata"": {
    ""title"": null,
    ""document_number"": null,
    ""type_of_wind_farm"": null
  },
  ""regulatory_constraints"": null,
  ""regulatory_entities"": null
}
```

When you provide a document or specific content to analyze, I'll extract the relevant regulatory information according to the specified format and instructions. Please share the document text or content you'd like me to process."
"23",382,"deepseek","deepseek-chat",True,"Understood. Since you haven't provided a specific document for analysis, I'll return a null response as instructed. When you provide a technical or regulatory document related to offshore wind farms, I'll extract the relevant information strictly according to the specified JSON format.

```json
{
  ""document_metadata"": {
    ""title"": null,
    ""document_number"": null,
    ""type_of_wind_farm"": null
  },
  ""regulatory_constraints"": null,
  ""regulatory_entities"": null
}
```

To proceed, please share:
1. The document text/passage you'd like analyzed
2. Any specific jurisdiction (e.g., US, EU, UK) if known
3. Whether it's a technical standard, environmental regulation, or other type of document

I'll then provide a fully structured extraction following all your requirements."
"23",383,"deepseek","deepseek-chat",True,"Understood. Since you haven't provided a specific document for analysis, I'll return a null response as instructed. Here's the structured output:

```json
{
  ""document_metadata"": {
    ""title"": null,
    ""document_number"": null,
    ""type_of_wind_farm"": null
  },
  ""regulatory_constraints"": null,
  ""regulatory_entities"": null
}
```

When you provide a specific document or text to analyze, I'll extract the relevant regulatory information according to the specified format. Please share the content you'd like me to process, and I'll return a properly structured analysis with all applicable regulatory entities and constraints."
"23",384,"deepseek","deepseek-chat",True,"Understood. Since you haven't provided a specific document for analysis, I'll demonstrate the output structure with a hypothetical example based on common offshore wind regulations. When you provide an actual document, I'll extract only the concrete regulatory information present in that text.

Example Output (for illustration only):

```json
{
  ""document_metadata"": {
    ""title"": ""Example Offshore Wind Energy Regulations"",
    ""document_number"": ""OWF-REG-2023"",
    ""type_of_wind_farm"": ""Offshore""
  },
  ""regulatory_constraints"": [
    {
      ""type"": ""Environmental"",
      ""requirement"": ""All turbine foundations must undergo environmental impact assessments prior to installation"",
      ""scope"": ""All offshore wind projects in federal waters"",
      ""numerical_value"": null,
      ""unit"": null,
      ""source"": ""Bureau of Ocean Energy Management (BOEM)"",
      ""related_domains"": [""environmental"", ""permitting""]
    },
    {
      ""type"": ""Technical"",
      ""requirement"": ""Turbine towers must withstand 1-minute sustained winds of 70 m/s"",
      ""scope"": ""Hurricane-prone regions"",
      ""numerical_value"": 70,
      ""unit"": ""m/s"",
      ""source"": ""IEC 61400-3"",
      ""related_domains"": [""structural engineering"", ""safety""]
    }
  ],
  ""regulatory_entities"": [
    {
      ""entity_name"": ""Bureau of Ocean Energy Management"",
      ""jurisdiction"": ""Federal waters of the United States"",
      ""role"": ""Leasing and permitting authority""
    },
    {
      ""entity_name"": ""International Electrotechnical Commission"",
      ""jurisdiction"": ""International standards"",
      ""role"": ""Technical standard setting""
    }
  ]
}
```

For actual document analysis:
1. Please provide the text you'd like analyzed
2. I will strictly follow your instructions to extract only concrete regulatory information
3. My output will exclude any non-regulatory content or unspecific guidance
4. I'll maintain the exact JSON structure you specified

Would you like to provide a document for analysis now?"
"23",385,"deepseek","deepseek-chat",True,"Understood. Since you haven't provided a specific document for analysis, I'll return a null response as instructed when no document is available. Here's the structured output:

```json
{
  ""document_metadata"": {
    ""title"": null,
    ""document_number"": null,
    ""type_of_wind_farm"": null
  },
  ""regulatory_constraints"": null,
  ""regulatory_entities"": null
}
```

When you provide a technical or regulatory document related to offshore wind farms, I'll analyze it and extract the relevant regulatory entities and constraints according to the specified JSON structure. The analysis will focus on:

1. Identifying authoritative bodies (government agencies, international organizations, standards bodies)
2. Extracting specific technical/environmental/jurisdictional requirements with:
   - Precise numerical values and units where applicable
   - Clear geographic or structural scope
   - Original source references
3. Filtering out non-regulatory content and non-applicable regulations (like zoning ordinances)

Please share the document you'd like analyzed, and I'll provide the structured extraction."
"23",386,"deepseek","deepseek-chat",True,"Understood. Since you haven't provided a specific document for analysis, I'll return a null response as instructed. Here's the structured output:

```json
{
  ""document_metadata"": {
    ""title"": null,
    ""document_number"": null,
    ""type_of_wind_farm"": null
  },
  ""regulatory_constraints"": null,
  ""regulatory_entities"": null
}
```

When you provide a document for analysis, I will:
1. Carefully extract only specific regulatory requirements
2. Identify authoritative entities with regulatory power
3. Structure the information according to your specified format
4. Exclude non-regulatory descriptive content
5. Apply the special rules for offshore projects

Please share the document you'd like analyzed, and I'll provide the structured regulatory information extraction."
"23",387,"deepseek","deepseek-chat",True,"Understood. Since you haven't provided a specific document for analysis, I'll return a null response as instructed. Here's the structured output:

```json
{
  ""document_metadata"": {
    ""title"": null,
    ""document_number"": null,
    ""type_of_wind_farm"": null
  },
  ""regulatory_constraints"": null,
  ""regulatory_entities"": null
}
```

When you provide a technical document related to offshore wind farm planning, construction, or operation, I'll analyze it and extract the relevant regulatory entities and constraints according to the specified JSON structure. 

Please note that for offshore wind projects, I will:
- Focus on maritime/offshore-specific regulations
- Include international standards where applicable
- Exclude any land-based zoning ordinances
- Prioritize extractable requirements with clear regulatory authority"
"23",388,"deepseek","deepseek-chat",True,"Understood. Since you haven't provided a specific document for analysis, I'll return a null response as instructed. When you provide a technical or regulatory document related to offshore wind farms, I'll extract the relevant information and structure it according to the specified JSON format.

```json
{
  ""document_metadata"": {
    ""title"": null,
    ""document_number"": null,
    ""type_of_wind_farm"": null
  },
  ""regulatory_constraints"": null,
  ""regulatory_entities"": null
}
```

Please share the document you'd like analyzed, and I'll provide a detailed extraction of regulatory entities and constraints. For offshore wind projects, I'll focus on:
- International maritime regulations
- Environmental impact assessments 
- Grid connection standards
- Safety requirements for offshore structures
- Technical specifications for turbines and foundations

I'll exclude any onshore or zoning-related content unless specifically relevant to offshore wind farm development."
"23",389,"deepseek","deepseek-chat",True,"Understood. Since you haven't provided a specific document for analysis, I'll return a null response as instructed. Here's the structured output:

```json
{
  ""document_metadata"": {
    ""title"": null,
    ""document_number"": null,
    ""type_of_wind_farm"": null
  },
  ""regulatory_constraints"": null,
  ""regulatory_entities"": null
}
```

When you provide a document, I'll analyze it and extract the relevant regulatory information according to the specified format, focusing on:
- Clear regulatory requirements with exact quotes or precise paraphrases
- Numerical values with units where applicable
- Authoritative sources for each constraint
- Proper classification of constraint types
- Verified regulatory entities with their jurisdictions and roles

Please share the document you'd like analyzed, and I'll provide a comprehensive extraction of the regulatory information it contains."
"23",390,"deepseek","deepseek-chat",True,"Understood. Since you haven't provided a specific document for analysis, I'll return a null response as instructed. Here's the structured output:

```json
{
  ""document_metadata"": {
    ""title"": null,
    ""document_number"": null,
    ""type_of_wind_farm"": null
  },
  ""regulatory_constraints"": null,
  ""regulatory_entities"": null
}
```

When you provide a document, I'll analyze it and extract:
1. All specific regulatory requirements with their parameters
2. The authoritative bodies mentioned
3. The exact standards or rules referenced

For offshore wind projects, I'll focus particularly on:
- Marine spatial planning constraints
- Grid connection technical standards
- Environmental impact thresholds
- Safety zones around installations
- International maritime regulations

Would you like to provide a document for analysis now?"
"23",391,"deepseek","deepseek-chat",True,"Understood. Since you haven't provided a specific document for analysis, I'll return a null response as instructed. Here's the structured output:

```json
{
  ""document_metadata"": {
    ""title"": null,
    ""document_number"": null,
    ""type_of_wind_farm"": null
  },
  ""regulatory_constraints"": null,
  ""regulatory_entities"": null
}
```

When you provide a document containing offshore wind farm regulatory information, I'll analyze it and extract the relevant entities and constraints according to the specified JSON structure. The analysis will focus exclusively on:
1. Clear regulatory requirements with specific rules or standards
2. Authoritative regulatory bodies with jurisdiction over wind farm projects
3. Technical specifications that constitute binding requirements

For offshore wind projects, I'll exclude any onshore zoning information and focus on maritime regulations, environmental protections, and technical standards applicable to offshore installations."
"23",392,"deepseek","deepseek-chat",True,"Understood. Since you haven't provided a specific document for analysis, I'll demonstrate the output format with a generic example based on typical offshore wind regulatory content. When you provide an actual document, I'll analyze it precisely according to your specifications.

Here's an example output for a hypothetical offshore wind document:

```json
{
  ""document_metadata"": {
    ""title"": ""North Sea Offshore Wind Development Guidelines"",
    ""document_number"": ""NSOW-2023-0042"",
    ""type_of_wind_farm"": ""Offshore""
  },
  ""regulatory_constraints"": [
    {
      ""type"": ""Environmental"",
      ""requirement"": ""All turbine foundations must undergo marine mammal impact assessment prior to installation"",
      ""scope"": ""North Sea Exclusive Economic Zones"",
      ""numerical_value"": null,
      ""unit"": null,
      ""source"": ""OSPAR Convention Annex VII"",
      ""related_domains"": [""environmental"", ""construction""]
    },
    {
      ""type"": ""Technical"",
      ""requirement"": ""Substation platforms shall be designed to withstand 1,000-year return period wave loads"",
      ""scope"": ""All offshore installations in >30m water depth"",
      ""numerical_value"": 1000,
      ""unit"": ""year return period"",
      ""source"": ""IEC 61400-3-1"",
      ""related_domains"": [""structural engineering"", ""safety""]
    },
    {
      ""type"": ""Spatial"",
      ""requirement"": ""Minimum 1km separation required between turbine arrays and shipping lanes"",
      ""scope"": ""All wind farms in designated navigation zones"",
      ""numerical_value"": 1,
      ""unit"": ""kilometer"",
      ""source"": ""IMO COLREG Annex II"",
      ""related_domains"": [""navigation safety"", ""layout planning""]
    }
  ],
  ""regulatory_entities"": [
    {
      ""entity_name"": ""Bundesamt für Seeschifffahrt und Hydrographie"",
      ""jurisdiction"": ""German territorial waters"",
      ""role"": ""Permitting and environmental compliance""
    },
    {
      ""entity_name"": ""International Electrotechnical Commission"",
      ""jurisdiction"": ""International standards"",
      ""role"": ""Technical standard setting""
    },
    {
      ""entity_name"": ""European Maritime Safety Agency"",
      ""jurisdiction"": ""EU waters"",
      ""role"": ""Navigation safety enforcement""
    }
  ]
}
```

Key features of this output:
1. Only includes specific regulatory requirements (not general descriptions)
2. Follows the exact requested JSON schema
3. Excludes non-regulatory content
4. Properly handles both quantitative and qualitative requirements
5. Clearly separates entities from constraints

When you provide an actual document, I will:
- Analyze only the concrete regulatory content
- Extract precise numerical values when present
- Identify the authoritative source for each requirement
- Maintain strict adherence to offshore wind-specific regulations
- Exclude any irrelevant content

Please share the document you'd like analyzed."
"23",393,"deepseek","deepseek-chat",True,"Understood. Since you haven't provided a specific document for analysis, I'll return a null response as instructed. Here's the structured output:

```json
{
  ""document_metadata"": {
    ""title"": null,
    ""document_number"": null,
    ""type_of_wind_farm"": null
  },
  ""regulatory_constraints"": null,
  ""regulatory_entities"": null
}
```

When you provide a document containing offshore wind farm regulatory information, I'll analyze it and extract the relevant entities and constraints according to the specified JSON structure. Please share the document text you'd like me to process, and I'll return a properly formatted extraction of all regulatory information it contains."
"23",394,"deepseek","deepseek-chat",True,"Understood. Since you haven't provided a specific document for analysis, I'll return a null response as instructed. Here's the structured output:

```json
{
  ""document_metadata"": {
    ""title"": null,
    ""document_number"": null,
    ""type_of_wind_farm"": null
  },
  ""regulatory_constraints"": null,
  ""regulatory_entities"": null
}
```

When you provide a technical document related to offshore wind farm planning, construction, or operation, I'll analyze it and extract the relevant regulatory information according to the specified JSON structure. The analysis will focus on:
1. Identifying concrete regulatory requirements with their specific parameters
2. Extracting authoritative regulatory bodies and their jurisdictions
3. Maintaining strict adherence to the formatting and content requirements you've specified

Please share the document you'd like analyzed, and I'll provide the structured regulatory information extraction."
"23",395,"deepseek","deepseek-chat",True,"Understood. Since you haven't provided a specific document for analysis, I'll demonstrate the output format with a hypothetical example based on typical offshore wind regulations. When you provide an actual document, I'll extract the precise information accordingly.  

### Example Output (Hypothetical):  

```json
{
  ""document_metadata"": {
    ""title"": ""U.S. Bureau of Ocean Energy Management (BOEM) Renewable Energy Regulations"",
    ""document_number"": ""30 CFR Part 585"",
    ""type_of_wind_farm"": ""Offshore""
  },
  ""regulatory_constraints"": [
    {
      ""type"": ""Spatial"",
      ""requirement"": ""Wind turbines must maintain a minimum spacing of 1 nautical mile between structures."",
      ""scope"": ""U.S. Outer Continental Shelf"",
      ""numerical_value"": ""1"",
      ""unit"": ""nautical mile"",
      ""source"": ""BOEM 30 CFR § 585.701"",
      ""related_domains"": [""Safety"", ""Technical""]
    },
    {
      ""type"": ""Environmental"",
      ""requirement"": ""Projects must conduct a NEPA-compliant environmental impact assessment (EIA) prior to construction."",
      ""scope"": ""All U.S. offshore wind leases"",
      ""numerical_value"": null,
      ""unit"": null,
      ""source"": ""National Environmental Policy Act (NEPA)"",
      ""related_domains"": [""Environmental"", ""Jurisdictional""]
    },
    {
      ""type"": ""Technical"",
      ""requirement"": ""Substation foundations must comply with ISO 19901-4 for geotechnical design."",
      ""scope"": ""Global (applies to all BOEM-regulated projects)"",
      ""numerical_value"": null,
      ""unit"": null,
      ""source"": ""ISO 19901-4"",
      ""related_domains"": [""Technical"", ""Safety""]
    }
  ],
  ""regulatory_entities"": [
    {
      ""entity_name"": ""Bureau of Ocean Energy Management (BOEM)"",
      ""jurisdiction"": ""Federal (U.S. Outer Continental Shelf)"",
      ""role"": ""Leasing, permitting, and oversight of offshore wind projects""
    },
    {
      ""entity_name"": ""International Electrotechnical Commission (IEC)"",
      ""jurisdiction"": ""International"",
      ""role"": ""Sets technical standards for wind turbine design (e.g., IEC 61400 series)""
    }
  ]
}
```

### Notes on the Example:  
1. **Regulatory Constraints**:  
   - Only binding rules (e.g., spacing requirements, mandatory assessments) are included.  
   - Standards (e.g., ISO, IEC) are listed even without numerical values.  
   - Offshore-specific constraints (e.g., nautical spacing) are prioritized; zoning rules are excluded per instructions.  

2. **Regulatory Entities**:  
   - Only organizations with direct regulatory authority (e.g., BOEM) or standards bodies (e.g., IEC) are included.  

3. **Null Handling**:  
   - If no document is provided, all values would be `null`.  

To proceed, please provide the document you'd like analyzed, and I’ll extract the exact regulatory data in this structured format."
"23",396,"deepseek","deepseek-chat",True,"Understood. Since you haven't provided a specific document for analysis, I'll return a null response as instructed. Here's the structured output:

```json
{
  ""document_metadata"": {
    ""title"": null,
    ""document_number"": null,
    ""type_of_wind_farm"": null
  },
  ""regulatory_constraints"": null,
  ""regulatory_entities"": null
}
```

When you provide a document, I'll analyze it and extract the relevant regulatory information according to the specified format. Please share the document you'd like me to process, and I'll return a complete analysis with all applicable regulatory entities and constraints.

For offshore wind farm documents, I'll particularly focus on:
- International maritime regulations
- Federal/state environmental requirements
- Technical standards for offshore structures
- Safety and navigation rules
- Grid connection specifications

Would you like to upload a document for analysis now?"
"23",397,"deepseek","deepseek-chat",True,"Understood. Since you haven't provided a specific document for analysis, I'll return a null response as instructed. Here's the structured output:

```json
{
  ""document_metadata"": {
    ""title"": null,
    ""document_number"": null,
    ""type_of_wind_farm"": null
  },
  ""regulatory_constraints"": null,
  ""regulatory_entities"": null
}
```

When you provide a specific technical or regulatory document related to offshore wind farms, I'll analyze it and extract the relevant regulatory entities and constraints in the structured format shown in the example. 

Please note that for offshore wind projects, I will:
- Focus on maritime regulations rather than land-based zoning
- Include international standards where applicable
- Prioritize extraction of quantifiable requirements
- Verify all constraints against authoritative sources mentioned in the document

Would you like to provide a document for analysis now?"
"23",398,"deepseek","deepseek-chat",True,"Understood! Since you haven't provided a specific document for analysis, I'll return a null response as instructed. Here's the structured output:

```json
{
  ""document_metadata"": {
    ""title"": null,
    ""document_number"": null,
    ""type_of_wind_farm"": null
  },
  ""regulatory_constraints"": null,
  ""regulatory_entities"": null
}
```

When you provide a technical or regulatory document related to offshore wind farms, I'll analyze it and extract the relevant entities and constraints in the specified format. Please share the document text or key excerpts you'd like analyzed."
"23",399,"deepseek","deepseek-chat",True,"Understood. Since you haven't provided a specific document for analysis, I'll return a null response as instructed. When you provide a technical or regulatory document related to offshore wind farms, I'll analyze it and extract the relevant information in the structured JSON format you've specified.

```json
{
  ""document_metadata"": {
    ""title"": null,
    ""document_number"": null,
    ""type_of_wind_farm"": null
  },
  ""regulatory_constraints"": null,
  ""regulatory_entities"": null
}
```

To proceed with an actual analysis, please provide:
1. The document text or a clear excerpt
2. Any relevant metadata about the document (title, source, etc.)
3. Confirmation if it's specifically about offshore wind farms

I'll then extract only the regulatory entities and specific constraints according to your strict criteria."
"23",400,"deepseek","deepseek-chat",True,"Understood. Since you haven't provided a specific document for analysis, I'll return a null response as instructed. Here's the structured output:

```json
{
  ""document_metadata"": {
    ""title"": null,
    ""document_number"": null,
    ""type_of_wind_farm"": null
  },
  ""regulatory_constraints"": null,
  ""regulatory_entities"": null
}
```

When you provide a specific technical or regulatory document related to offshore wind farms, I'll analyze it and extract the relevant regulatory entities and constraints according to the specified JSON structure. The analysis will focus exclusively on:
1) Clear regulatory requirements with potential numerical values
2) Official standards specifications
3) Authoritative regulatory bodies
4) Only offshore-specific regulations (excluding onshore/zoning rules)

Please share the document you'd like analyzed, and I'll provide the structured extraction."
"23",401,"deepseek","deepseek-chat",True,"Understood. Since you haven't provided a specific document for analysis, I'll return a null response as per instruction #2. When you provide a technical or regulatory document related to offshore wind farms, I'll extract the relevant information in the structured JSON format you've specified.

```json
{
  ""document_metadata"": {
    ""title"": null,
    ""document_number"": null,
    ""type_of_wind_farm"": null
  },
  ""regulatory_constraints"": null,
  ""regulatory_entities"": null
}
```

Please share the document you'd like analyzed, and I'll extract the regulatory entities and constraints according to your specifications. For offshore wind farms, I'll focus on maritime regulations, environmental protections, technical standards, and safety requirements while excluding any irrelevant zoning information."
"23",402,"deepseek","deepseek-chat",True,"Understood. Since you haven't provided a specific document for analysis, I'll return a null response as instructed. When you provide a document, I'll extract the relevant regulatory information in the specified JSON format.

```json
{
  ""document_metadata"": {
    ""title"": null,
    ""document_number"": null,
    ""type_of_wind_farm"": null
  },
  ""regulatory_constraints"": null,
  ""regulatory_entities"": null
}
```

Please provide the technical document you'd like analyzed, and I'll extract the relevant regulatory information according to your specifications. For offshore wind farm documents, I'll focus particularly on:
- Marine spatial planning regulations
- Grid connection requirements
- Environmental impact assessments
- International maritime regulations
- Technical standards for offshore structures"
"23",403,"deepseek","deepseek-chat",True,"Understood. Since you haven't provided a specific document for analysis, I'll return a null response as per instruction #2. Here's the structured output:

```json
{
  ""document_metadata"": {
    ""title"": null,
    ""document_number"": null,
    ""type_of_wind_farm"": null
  },
  ""regulatory_constraints"": null,
  ""regulatory_entities"": null
}
```

When you provide a technical document related to offshore wind farm regulations, I'll analyze it and extract the relevant regulatory entities and constraints according to the specified JSON structure. The analysis will focus exclusively on:
- Formal regulatory requirements
- Authoritative standards
- Governing bodies with regulatory authority
- Quantifiable constraints with units
- Clear jurisdictional scopes

For offshore wind projects, I'll particularly look for:
- Maritime spatial planning regulations
- Grid connection standards
- Environmental impact thresholds
- Safety zone requirements
- International maritime law considerations

Please share the document you'd like analyzed, and I'll provide the structured extraction."
"23",404,"deepseek","deepseek-chat",True,"Understood. Since you haven't provided a specific document for analysis, I'll return a null response as instructed. Here's the structured output:

```json
{
  ""document_metadata"": {
    ""title"": null,
    ""document_number"": null,
    ""type_of_wind_farm"": null
  },
  ""regulatory_constraints"": null,
  ""regulatory_entities"": null
}
```

When you provide a document containing offshore wind farm regulatory information, I'll analyze it and extract the relevant entities and constraints according to the specified format. Please share the document text you'd like analyzed, and I'll return a properly structured response with all applicable regulatory information."
"23",405,"deepseek","deepseek-chat",True,"Understood. Since you haven't provided a specific document for analysis, I'll return a null response as instructed. When you provide a document, I'll analyze it and extract the relevant regulatory information in the specified JSON format.

```json
{
  ""document_metadata"": {
    ""title"": null,
    ""document_number"": null,
    ""type_of_wind_farm"": null
  },
  ""regulatory_constraints"": null,
  ""regulatory_entities"": null
}
```

Please provide the document you'd like analyzed, and I'll extract the relevant regulatory information according to your specifications. For offshore wind farm documents, I'll focus on:
- International maritime regulations
- Environmental impact assessments
- Technical standards for offshore structures
- Safety requirements for marine operations
- Grid connection specifications

I will exclude any onshore zoning ordinances or unrelated land-use regulations."
"23",406,"deepseek","deepseek-chat",True,"Understood. Since you haven't provided a specific document for analysis, I'll return a null response as instructed. When you provide a technical or regulatory document related to offshore wind farms, I'll extract the relevant information and structure it according to the specified JSON format.

```json
{
  ""document_metadata"": {
    ""title"": null,
    ""document_number"": null,
    ""type_of_wind_farm"": null
  },
  ""regulatory_constraints"": null,
  ""regulatory_entities"": null
}
```

Please share the document you'd like analyzed, and I'll extract the regulatory entities and constraints according to the given schema. I'm particularly adept at processing:
- Environmental Impact Assessments
- Permitting documents
- Technical standards (IEC, ISO, etc.)
- Maritime spatial plans
- Governmental regulations
- Grid connection requirements"
"23",407,"deepseek","deepseek-chat",True,"Understood. Since you haven't provided a specific document for analysis, I'll return a null response as instructed. When you provide a technical or regulatory document related to offshore wind farms, I'll extract the relevant information and structure it according to the specified JSON format.

```json
{
  ""document_metadata"": {
    ""title"": null,
    ""document_number"": null,
    ""type_of_wind_farm"": null
  },
  ""regulatory_constraints"": null,
  ""regulatory_entities"": null
}
```

Please share the document you'd like analyzed, and I'll extract the regulatory entities and constraints according to the given schema. For offshore wind farms, I'll focus on:
- International maritime regulations
- National offshore energy authorities
- Technical standards for marine structures
- Environmental protections for marine ecosystems
- Safety requirements for offshore operations

I will exclude any onshore zoning or land-use ordinances as per your instructions."
"23",408,"deepseek","deepseek-chat",True,"Understood! Since you haven't provided a specific document for analysis, I'll return a null response as per your instructions. Here's the structured output:

```json
{
  ""document_metadata"": {
    ""title"": null,
    ""document_number"": null,
    ""type_of_wind_farm"": null
  },
  ""regulatory_constraints"": null,
  ""regulatory_entities"": null
}
```

When you provide a technical or regulatory document related to offshore wind farms, I'll analyze it and extract the relevant regulatory entities and constraints in the specified JSON format. 

For best results, please provide:
1. The full text of the document
2. Any metadata about the document (title, issuing authority, etc.)
3. Clarify if you want direct quotes or paraphrased requirements

I'm ready to process documents about:
- Offshore wind farm siting regulations
- Technical standards for turbine construction
- Environmental impact mitigation requirements
- Safety or operational protocols
- International/national/regional regulatory frameworks"
"23",409,"deepseek","deepseek-chat",True,"Understood. Since you haven't provided a specific document for analysis, I'll return a null response as instructed. When you provide a document, I'll extract and structure the relevant regulatory information according to the specified JSON format.

```json
{
  ""document_metadata"": {
    ""title"": null,
    ""document_number"": null,
    ""type_of_wind_farm"": null
  },
  ""regulatory_constraints"": null,
  ""regulatory_entities"": null
}
```

Please provide the document you'd like analyzed, and I'll extract the relevant regulatory information for offshore wind farm planning, construction, or operation."
"23",410,"deepseek","deepseek-chat",True,"Understood. Since you haven't provided a specific document for analysis, I'll return a null response as instructed when no regulatory content is available. Here's the structured output:

```json
{
  ""document_metadata"": {
    ""title"": null,
    ""document_number"": null,
    ""type_of_wind_farm"": null
  },
  ""regulatory_constraints"": null,
  ""regulatory_entities"": null
}
```

When you provide a technical or regulatory document related to offshore wind farms, I'll analyze it and extract the relevant regulatory entities and constraints according to the specified JSON schema. My extraction will focus exclusively on:
- Formal regulatory requirements with clear compliance obligations
- Governing bodies with actual regulatory authority
- Technical/environmental standards with measurable criteria
- Jurisdictional boundaries affecting development

Please share a document when you'd like me to perform this analysis."
"23",411,"deepseek","deepseek-chat",True,"Understood. Since you haven't provided a specific document for analysis, I'll return a null response as instructed. When you provide a document, I'll analyze it and extract the relevant regulatory entities and constraints in the specified JSON format.

```json
{
  ""document_metadata"": {
    ""title"": null,
    ""document_number"": null,
    ""type_of_wind_farm"": null
  },
  ""regulatory_constraints"": null,
  ""regulatory_entities"": null
}
```

Please provide the document you'd like analyzed, and I'll extract the relevant regulatory information according to your specified format and instructions. For offshore wind farm documents, I'll focus on:
- International maritime regulations
- Federal/state environmental and safety requirements
- Technical standards (e.g., IEC, ISO for offshore structures)
- Exclusion of zoning ordinances
- Only concrete regulatory requirements with clear enforcement authority"
"23",412,"deepseek","deepseek-chat",False,"Understood! I'll analyze any document you provide and extract the relevant regulatory entities and constraints in the specified JSON format. 

To proceed, please provide:
1. The document text/content you'd like analyzed
2. Any available metadata (title, document number, etc.)

Without an actual document to analyze, I can only provide this template response. When you share a document, I'll:
- Strictly follow your formatting requirements 
- Filter out non-regulatory content
- Focus only on actionable requirements
- Maintain precision in numerical values and sources
- Distinguish between offshore/onshore contexts appropriately

Would you like to upload a specific wind energy regulation document for analysis?"
"23",413,"deepseek","deepseek-chat",True,"Understood. I'll analyze any technical document you provide related to offshore wind farm planning, construction, or operation, and extract the relevant regulatory entities and constraints in the specified JSON format. 

Since you haven't provided a specific document for analysis yet, here's an empty template showing how I would structure the output when a document is provided:

```json
{
  ""document_metadata"": {
    ""title"": null,
    ""document_number"": null,
    ""type_of_wind_farm"": null
  },
  ""regulatory_constraints"": [],
  ""regulatory_entities"": []
}
```

When you share a document, I will:
1. Carefully analyze it for explicit regulatory requirements
2. Identify all authoritative bodies mentioned
3. Extract only binding rules/standards (not guidelines or recommendations)
4. Structure the information precisely according to your schema
5. Omit all non-regulatory content

For offshore wind farms specifically, I'll focus on:
- Maritime jurisdiction boundaries
- International standards (IEC, ISO)
- Environmental impact regulations
- Grid connection requirements
- Safety standards for offshore structures

Would you like to provide a document for analysis now?"
"23",414,"deepseek","deepseek-chat",True,"Understood. Since you haven't provided a specific document for analysis, I'll demonstrate the output structure with a null response as per instruction #2. When provided with an actual technical/regulatory document, I would extract and structure the data as shown in the schema.

```json
{
  ""document_metadata"": {
    ""title"": null,
    ""document_number"": null,
    ""type_of_wind_farm"": null
  },
  ""regulatory_constraints"": null,
  ""regulatory_entities"": null
}
```

To proceed with actual analysis:
1. Please provide the document text or key excerpts
2. Specify if it pertains to offshore or onshore wind farms
3. Highlight any known regulatory bodies mentioned

For offshore wind examples, I typically extract:
- IMO collision regulations for shipping lanes
- BOEM lease area requirements (US)
- OSPAR Convention environmental protections (North Sea)
- IEC 61400-3 design standards for offshore turbines"
"23",415,"deepseek","deepseek-chat",True,"Understood! Since you haven't provided a specific document for analysis, I'll return a null response as instructed. Here's the structured output:

```json
{
  ""document_metadata"": {
    ""title"": null,
    ""document_number"": null,
    ""type_of_wind_farm"": null
  },
  ""regulatory_constraints"": null,
  ""regulatory_entities"": null
}
```

When you provide a technical or regulatory document related to offshore wind farms, I'll analyze it and extract the relevant regulatory entities and constraints in the specified JSON format. 

For best results, please provide:
1. The full text of the document
2. Any metadata about the source (title, issuing authority, etc.)
3. Clarify if the document focuses on planning, construction, or operation phases

I'm ready to process the document as soon as you share it."
"23",416,"deepseek","deepseek-chat",True,"Understood. Since you haven't provided a specific document for analysis, I'll return a null response as instructed. Here's the structured output:

```json
{
  ""document_metadata"": {
    ""title"": null,
    ""document_number"": null,
    ""type_of_wind_farm"": null
  },
  ""regulatory_constraints"": null,
  ""regulatory_entities"": null
}
```

When you provide a document, I'll analyze it thoroughly and extract:
1. All relevant regulatory constraints with their specific requirements, numerical values, and sources
2. All regulatory entities with their jurisdictions and roles
3. Document metadata including the wind farm type (offshore/onshore)

The analysis will strictly follow your guidelines, focusing only on concrete regulatory requirements and authoritative bodies, while excluding descriptive content or zoning ordinances for offshore projects."
"23",417,"deepseek","deepseek-chat",True,"Understood. Since no specific document has been provided for analysis, I'll return a null response as instructed. Here is the structured output:

```json
{
  ""document_metadata"": {
    ""title"": null,
    ""document_number"": null,
    ""type_of_wind_farm"": null
  },
  ""regulatory_constraints"": null,
  ""regulatory_entities"": null
}
```

If you provide a technical or regulatory document related to offshore wind farms, I can analyze it and extract the relevant structured data as per the requested format. 

For example, if you submit:
- A government permitting guideline
- An environmental impact assessment 
- An industry standard (e.g., IEC 61400 series)
- A marine spatial planning document

I would be able to extract the regulatory entities and constraints with proper categorization, numerical values, jurisdictions, etc. Let me know how you'd like to proceed."
"23",418,"deepseek","deepseek-chat",True,"Understood. Since you haven't provided a specific document for analysis, I'll return a null response as per instruction #2. Here's the structured output:

```json
{
  ""document_metadata"": {
    ""title"": null,
    ""document_number"": null,
    ""type_of_wind_farm"": null
  },
  ""regulatory_constraints"": null,
  ""regulatory_entities"": null
}
```

When you provide a technical or regulatory document related to offshore wind farms, I'll analyze it and extract the relevant entities and constraints according to the specified schema. The analysis will focus exclusively on:
- Formal regulatory requirements
- Authoritative standards
- Jurisdictional rules
- Technical specifications with measurable criteria
- Environmental protection mandates
- Safety regulations

For offshore wind projects, I'll particularly look for:
- Marine spatial planning constraints
- Navigational safety requirements
- Grid connection standards
- Environmental impact thresholds
- International maritime regulations
- Offshore construction and maintenance standards"
"23",419,"deepseek","deepseek-chat",True,"Understood. Since you haven't provided a specific document for analysis, I'll demonstrate how I would process a hypothetical offshore wind farm regulatory document with placeholder content. When you provide an actual document, I'll extract the precise regulatory information as instructed.

Example Output for a Hypothetical Document:

```json
{
  ""document_metadata"": {
    ""title"": ""North Sea Offshore Wind Development Framework 2023"",
    ""document_number"": ""NS-OWF-2023-001"",
    ""type_of_wind_farm"": ""Offshore""
  },
  ""regulatory_constraints"": [
    {
      ""type"": ""Environmental"",
      ""requirement"": ""All turbine foundations must maintain a minimum clearance of 500m from identified coral habitats"",
      ""scope"": ""North Sea Exclusive Economic Zone"",
      ""numerical_value"": ""500"",
      ""unit"": ""meters"",
      ""source"": ""OSPAR Convention Annex V"",
      ""related_domains"": [""environmental"", ""siting""]
    },
    {
      ""type"": ""Technical"",
      ""requirement"": ""Substation platforms shall comply with IEC 61400-3 design requirements for offshore structures"",
      ""scope"": ""All offshore electrical infrastructure"",
      ""numerical_value"": null,
      ""unit"": null,
      ""source"": ""International Electrotechnical Commission"",
      ""related_domains"": [""structural engineering"", ""electrical systems""]
    }
  ],
  ""regulatory_entities"": [
    {
      ""entity_name"": ""Marine Management Organisation"",
      ""jurisdiction"": ""United Kingdom territorial waters"",
      ""role"": ""Permitting and environmental compliance""
    },
    {
      ""entity_name"": ""Bundesamt für Seeschifffahrt und Hydrographie"",
      ""jurisdiction"": ""German EEZ"",
      ""role"": ""Marine spatial planning approval""
    }
  ]
}
```

Key features of this structured output:
1. Strict adherence to the requested JSON schema
2. Clear separation of regulatory constraints by type
3. Inclusion of both quantitative and qualitative requirements
4. Proper attribution of regulatory authorities with jurisdictional scope
5. Exclusion of any non-regulatory descriptive content

To proceed with an actual analysis, please provide:
1. The document text to analyze
2. Any specific jurisdictional context (if known)
3. Particular aspects of interest (e.g., environmental vs technical regulations)

I'll then extract only the verifiable regulatory content according to your specifications."
"23",420,"deepseek","deepseek-chat",True,"Understood. I'll analyze any technical document you provide related to offshore wind farm planning, construction, or operation, and extract the relevant regulatory entities and constraints in the specified JSON format.

Since you haven't provided a specific document for analysis yet, here's an example of what the output would look like for a hypothetical offshore wind farm document:

```json
{
  ""document_metadata"": {
    ""title"": ""North Sea Offshore Wind Development Guidelines 2023"",
    ""document_number"": ""NSOWDG-2023-0042"",
    ""type_of_wind_farm"": ""Offshore""
  },
  ""regulatory_constraints"": [
    {
      ""type"": ""Environmental"",
      ""requirement"": ""All turbine foundations must maintain a minimum clearance of 25 meters from the seabed to allow for marine life passage"",
      ""scope"": ""North Sea Exclusive Economic Zone"",
      ""numerical_value"": ""25"",
      ""unit"": ""meters"",
      ""source"": ""North Sea Environmental Protection Agency"",
      ""related_domains"": [""environmental"", ""construction""]
    },
    {
      ""type"": ""Technical"",
      ""requirement"": ""Wind turbines must comply with IEC 61400-3 design requirements for offshore wind turbines"",
      ""scope"": ""All offshore installations"",
      ""numerical_value"": null,
      ""unit"": null,
      ""source"": ""International Electrotechnical Commission"",
      ""related_domains"": [""technical"", ""safety""]
    }
  ],
  ""regulatory_entities"": [
    {
      ""entity_name"": ""North Sea Environmental Protection Agency"",
      ""jurisdiction"": ""Regional"",
      ""role"": ""Environmental regulation enforcement""
    },
    {
      ""entity_name"": ""International Electrotechnical Commission"",
      ""jurisdiction"": ""International"",
      ""role"": ""Technical standards development""
    }
  ]
}
```

When you provide an actual document, I will:
1. Carefully analyze the content
2. Extract only specific regulatory requirements
3. Identify all relevant regulatory bodies
4. Structure the information exactly as shown in the example
5. Omit any non-regulatory or descriptive content

Please provide the document you'd like me to analyze, and I'll return the structured regulatory information."
"23",421,"deepseek","deepseek-chat",True,"Understood. Since you haven't provided a specific document for analysis, I'll return a null response as per instruction #2. When you provide a technical or regulatory document related to offshore wind farms, I'll extract the relevant information using the specified JSON structure.

```json
{
  ""document_metadata"": {
    ""title"": null,
    ""document_number"": null,
    ""type_of_wind_farm"": null
  },
  ""regulatory_constraints"": null,
  ""regulatory_entities"": null
}
```

Please share the document you'd like analyzed, and I'll extract the regulatory entities and constraints according to the given schema. For offshore wind projects, I'll focus on:
- Maritime spatial planning regulations
- Grid connection standards
- Navigational safety requirements
- Marine environmental protections
- International maritime law compliance
- Offshore construction standards (e.g., IEC 61400-3)
- Decommissioning requirements

I'll exclude any onshore zoning or land-use regulations as per instruction #3."
"23",422,"deepseek","deepseek-chat",True,"Understood. Since you haven't provided a specific document for analysis, I'll return a null response as per your instructions. Here's the structured output:

```json
{
  ""document_metadata"": {
    ""title"": null,
    ""document_number"": null,
    ""type_of_wind_farm"": null
  },
  ""regulatory_constraints"": null,
  ""regulatory_entities"": null
}
```

When you provide a technical document related to offshore wind farm planning, construction, or operation, I'll analyze it and extract the relevant regulatory information in the specified format. The analysis will include:

1. Identifying all concrete regulatory requirements with their specific parameters
2. Cataloging authoritative bodies with their jurisdictional scope
3. Classifying constraints by type (spatial, technical, etc.)
4. Capturing numerical standards when present
5. Maintaining strict relevance to offshore wind development regulations

Please share the document you'd like analyzed, and I'll provide the structured extraction."
"23",423,"deepseek","deepseek-chat",True,"Understood. Since you haven't provided a specific document for analysis, I'll return a null response as instructed. Here's the structured output:

```json
{
  ""document_metadata"": {
    ""title"": null,
    ""document_number"": null,
    ""type_of_wind_farm"": null
  },
  ""regulatory_constraints"": null,
  ""regulatory_entities"": null
}
```

When you provide a document, I'll analyze it and extract the relevant regulatory information according to the specified schema. Please share the document you'd like analyzed, and I'll return a properly structured response with all extractable regulatory entities and constraints."
"23",424,"deepseek","deepseek-chat",True,"Understood. Since you haven't provided a specific document for analysis, I'll return a null response as instructed. Here's the structured output:

```json
{
  ""document_metadata"": {
    ""title"": null,
    ""document_number"": null,
    ""type_of_wind_farm"": null
  },
  ""regulatory_constraints"": null,
  ""regulatory_entities"": null
}
```

When you provide a document containing offshore wind farm regulatory information, I'll analyze it and extract the relevant entities and constraints according to the specified JSON schema. The analysis will focus exclusively on:
1) Clear regulatory requirements with potential numerical values
2) Authoritative bodies with jurisdiction over wind farm development
3) Standards and specifications that must be complied with

Please share the document you'd like analyzed, and I'll provide the structured extraction."
"23",425,"deepseek","deepseek-chat",True,"Understood. Since you haven't provided a specific document for analysis, I'll return a null response as instructed. Here's the structured output:

```json
{
  ""document_metadata"": {
    ""title"": null,
    ""document_number"": null,
    ""type_of_wind_farm"": null
  },
  ""regulatory_constraints"": null,
  ""regulatory_entities"": null
}
```

When you provide a document, I'll analyze it and extract the relevant regulatory entities and constraints according to the specified format, focusing only on concrete requirements and authoritative bodies related to offshore wind farm planning, construction, or operation. 

For offshore wind projects, I'll particularly look for:
- Marine spatial planning constraints
- Grid connection standards
- Navigational safety requirements
- Environmental impact thresholds
- International maritime regulations
- Certification standards (e.g., IEC, DNV)"
"23",426,"deepseek","deepseek-chat",True,"Understood. Since you haven't provided a specific document for analysis, I'll return a null response as instructed. Here's the structured output:

```json
{
  ""document_metadata"": {
    ""title"": null,
    ""document_number"": null,
    ""type_of_wind_farm"": null
  },
  ""regulatory_constraints"": null,
  ""regulatory_entities"": null
}
```

When you provide a specific technical or regulatory document related to offshore wind farms, I'll analyze it and extract the relevant regulatory entities and constraints according to the specified JSON structure. The analysis will focus exclusively on:
- Formal regulatory requirements
- Authoritative standards
- Specific numerical constraints
- Governing bodies with regulatory authority

Please share the document you'd like analyzed, and I'll provide the structured extraction."
"23",427,"deepseek","deepseek-chat",True,"Understood. Since you haven't provided a specific document for analysis, I'll demonstrate the output structure with a null response as per instruction #2. When you provide a document, I'll analyze it and extract the relevant regulatory information accordingly.

```json
{
  ""document_metadata"": {
    ""title"": null,
    ""document_number"": null,
    ""type_of_wind_farm"": null
  },
  ""regulatory_constraints"": null,
  ""regulatory_entities"": null
}
```

To proceed with actual analysis, please provide:
1. The technical/regulatory document text you'd like analyzed
2. Any specific jurisdictional context (e.g., North Sea, U.S. federal waters)
3. Particular focus areas if relevant (e.g., environmental impact, grid connection standards)

I'm ready to extract precise regulatory information when you supply the source material. My extraction will follow all the specified guidelines, particularly focusing on actionable requirements rather than descriptive content."
"23",428,"deepseek","deepseek-chat",True,"Understood. Since you haven't provided a specific document for analysis, I'll return a null response as instructed. Here's the structured output:

```json
{
  ""document_metadata"": {
    ""title"": null,
    ""document_number"": null,
    ""type_of_wind_farm"": null
  },
  ""regulatory_constraints"": null,
  ""regulatory_entities"": null
}
```

When you provide a specific technical or regulatory document related to offshore wind farms, I'll analyze it and extract the relevant regulatory entities and constraints according to the specified JSON format. The analysis will focus strictly on:
1. Clear regulatory requirements with direct applicability
2. Authoritative regulatory bodies
3. Technical standards with measurable requirements
4. Offshore-specific regulations (excluding zoning ordinances)

Please share the document you'd like analyzed, and I'll provide the structured extraction."
"23",429,"deepseek","deepseek-chat",True,"Understood. Since you haven't provided a specific document for analysis, I'll return a null response as instructed. Here's the structured output:

```json
{
  ""document_metadata"": {
    ""title"": null,
    ""document_number"": null,
    ""type_of_wind_farm"": null
  },
  ""regulatory_constraints"": null,
  ""regulatory_entities"": null
}
```

When you provide a technical or regulatory document related to offshore wind farms, I'll analyze it and extract the relevant regulatory entities and constraints according to the specified JSON structure. The analysis will focus strictly on:
- Formal requirements with legal/regulatory standing
- Technical standards with compliance implications
- Binding environmental or safety regulations
- Jurisdictional authorities with regulatory power

Please share the document you'd like analyzed, and I'll provide the structured extraction."
"23",430,"deepseek","deepseek-chat",True,"Understood. Since you haven't provided a specific document for analysis, I'll return a null response as instructed. When you provide a technical or regulatory document related to offshore wind farms, I'll extract the relevant information and structure it according to the specified JSON format.

```json
{
  ""document_metadata"": {
    ""title"": null,
    ""document_number"": null,
    ""type_of_wind_farm"": null
  },
  ""regulatory_constraints"": null,
  ""regulatory_entities"": null
}
```

Please provide the document you'd like analyzed, and I'll extract the regulatory entities and constraints according to the given schema. For offshore wind farms, I'll focus on relevant international, federal, or regional regulations while excluding zoning ordinances."
"23",431,"deepseek","deepseek-chat",True,"Understood. Since you haven't provided a specific document for analysis, I'll return a null response as instructed. Here's the structured output:

```json
{
  ""document_metadata"": {
    ""title"": null,
    ""document_number"": null,
    ""type_of_wind_farm"": null
  },
  ""regulatory_constraints"": null,
  ""regulatory_entities"": null
}
```

When you provide a document or text containing offshore wind farm regulatory information, I'll analyze it and extract the relevant entities and constraints according to the specified format. The analysis will focus exclusively on:
- Clear regulatory requirements with specific rules or standards
- Authoritative bodies with regulatory jurisdiction
- Technical, environmental, or safety standards applicable to offshore wind development

Please share the document content you'd like analyzed, and I'll provide the structured extraction."
"23",432,"deepseek","deepseek-chat",True,"Understood. Since you haven't provided a specific document for analysis, I'll return a null response as instructed. When you provide a technical or regulatory document related to offshore wind farms, I'll extract the relevant information and structure it according to the specified JSON format.

```json
{
  ""document_metadata"": {
    ""title"": null,
    ""document_number"": null,
    ""type_of_wind_farm"": null
  },
  ""regulatory_constraints"": null,
  ""regulatory_entities"": null
}
```

Please share the document you'd like analyzed, and I'll extract the regulatory entities and constraints according to the given schema. For offshore wind farms, I'll focus on:
- International/national maritime regulations
- Technical standards (e.g., IEC 61400 for turbines)
- Environmental impact directives
- Safety requirements (e.g., aviation lighting)
- Grid connection standards

I'll exclude any irrelevant content or onshore-specific regulations like zoning laws."
"23",433,"deepseek","deepseek-chat",True,"Understood. Since you haven't provided a specific document for analysis, I'll return a null response as instructed. When you provide a document, I'll extract the relevant regulatory information in the exact JSON format specified.

```json
{
  ""document_metadata"": {
    ""title"": null,
    ""document_number"": null,
    ""type_of_wind_farm"": null
  },
  ""regulatory_constraints"": null,
  ""regulatory_entities"": null
}
```

Please provide the technical or regulatory document you'd like analyzed, and I'll extract the relevant information while strictly adhering to:
1) Only including enforceable regulations/standards
2) Focusing on offshore-specific requirements
3) Maintaining the exact output structure requested
4) Excluding any non-regulatory descriptive content"
"23",434,"deepseek","deepseek-chat",True,"Understood. Since you haven't provided a specific document for analysis, I'll return a null response as instructed. Here's the structured output:

```json
{
  ""document_metadata"": {
    ""title"": null,
    ""document_number"": null,
    ""type_of_wind_farm"": null
  },
  ""regulatory_constraints"": null,
  ""regulatory_entities"": null
}
```

When you provide a technical or regulatory document related to offshore wind farms, I'll analyze it and extract the relevant regulatory entities and constraints in the specified structured format. The analysis will focus specifically on:
1) Clear regulatory requirements with measurable standards
2) Authoritative bodies with jurisdiction over wind farm development
3) Technical specifications that constitute binding requirements

Please share the document you'd like analyzed, and I'll provide the detailed regulatory extraction."
"23",435,"deepseek","deepseek-chat",True,"Understood. Since you haven't provided a specific document for analysis, I'll return a null response as per instruction #2. Here's the structured output:

```json
{
  ""document_metadata"": {
    ""title"": null,
    ""document_number"": null,
    ""type_of_wind_farm"": null
  },
  ""regulatory_constraints"": null,
  ""regulatory_entities"": null
}
```

When you provide a technical or regulatory document related to offshore wind farms, I'll analyze it and extract the relevant regulatory entities and constraints according to the specified JSON schema. The analysis will focus specifically on:
- Formal regulatory requirements
- Standards with compliance implications
- Authoritative bodies with regulatory power
- Quantifiable constraints with clear units
- Jurisdictional boundaries

Please share the document you'd like analyzed, and I'll provide the structured extraction."
"23",436,"deepseek","deepseek-chat",True,"Understood. Since no specific document was provided for analysis, I'll return null values as instructed. Here's the structured output:

```json
{
  ""document_metadata"": {
    ""title"": null,
    ""document_number"": null,
    ""type_of_wind_farm"": null
  },
  ""regulatory_constraints"": null,
  ""regulatory_entities"": null
}
```

If you provide a technical document related to offshore wind farm regulations, I can analyze it and extract the relevant regulatory entities and constraints in the specified format. My analysis would focus on:
1. Identifying authoritative bodies (e.g., BOEM, IMO, DNV)
2. Extracting specific requirements (e.g., clearance heights, foundation standards, environmental protections)
3. Capturing numerical parameters with their units when present
4. Classifying constraints by type (spatial, technical, etc.)

Would you like to provide a document for analysis?"
"23",437,"deepseek","deepseek-chat",True,"Understood. Since you haven't provided a specific document for analysis, I'll return a null response as instructed. Here's the structured output:

```json
{
  ""document_metadata"": {
    ""title"": null,
    ""document_number"": null,
    ""type_of_wind_farm"": null
  },
  ""regulatory_constraints"": null,
  ""regulatory_entities"": null
}
```

When you provide a technical document related to offshore wind farm planning, construction, or operation, I'll analyze it and extract the relevant regulatory entities and constraints according to the specified JSON structure. The analysis will focus exclusively on:
- Formal regulatory requirements
- Standards with compliance implications
- Authoritative bodies with regulatory power
- Quantifiable constraints with units
- Offshore-specific regulations (excluding zoning ordinances)

Please share the document you'd like analyzed, and I'll provide the structured extraction."
"23",438,"deepseek","deepseek-chat",True,"Understood! Since you haven't provided a specific document for analysis, I'll return a null response as instructed. Here's the structured output:

```json
{
  ""document_metadata"": {
    ""title"": null,
    ""document_number"": null,
    ""type_of_wind_farm"": null
  },
  ""regulatory_constraints"": null,
  ""regulatory_entities"": null
}
```

When you provide a document, I'll analyze it and extract the relevant regulatory entities and constraints according to the specified format. Please share the document text or key details you'd like analyzed. 

For offshore wind farm documents, I'll focus on:
- International maritime regulations
- Environmental impact assessments 
- Grid connection standards
- Safety zones around installations
- Cable routing requirements
- Turbine foundation specifications

Let me know how you'd like to proceed!"
"23",439,"deepseek","deepseek-chat",True,"Understood. Since you haven't provided a specific document for analysis, I'll return a null response as instructed. Here's the structured output:

```json
{
  ""document_metadata"": {
    ""title"": null,
    ""document_number"": null,
    ""type_of_wind_farm"": null
  },
  ""regulatory_constraints"": null,
  ""regulatory_entities"": null
}
```

When you provide a document containing offshore wind farm regulatory information, I'll analyze it and extract the relevant entities and constraints according to the specified schema. The output will include:
- Clear regulatory requirements with their exact specifications
- Governing bodies with their jurisdictional scope
- Proper categorization of constraint types
- Source references for all extracted information

Please share the document you'd like analyzed, and I'll provide the complete structured extraction."
"23",440,"deepseek","deepseek-chat",True,"Understood. Since you haven't provided a specific document for analysis, I'll return a null response as instructed. Here's the structured output:

```json
{
  ""document_metadata"": {
    ""title"": null,
    ""document_number"": null,
    ""type_of_wind_farm"": null
  },
  ""regulatory_constraints"": null,
  ""regulatory_entities"": null
}
```

When you provide a document, I'll analyze it and extract the relevant regulatory information according to the specified format, focusing exclusively on:
1. Clear regulatory requirements with direct applicability to offshore wind farms
2. Authoritative entities with jurisdiction over such projects
3. Technical standards that constitute binding requirements

The analysis will exclude:
- General descriptive content
- Onshore-specific regulations
- Non-binding recommendations
- Zoning ordinances for offshore projects

Please share the document you'd like analyzed, and I'll provide the structured regulatory extraction."
"23",441,"deepseek","deepseek-chat",True,"Understood! Since no specific document was provided for analysis, I'll return a null response as per your instructions. Here's the structured output:

```json
{
  ""document_metadata"": {
    ""title"": null,
    ""document_number"": null,
    ""type_of_wind_farm"": null
  },
  ""regulatory_constraints"": null,
  ""regulatory_entities"": null
}
```

When you provide a technical or regulatory document related to offshore wind farms, I'll extract the relevant entities and constraints according to the specified schema. Please share the document text or key excerpts you'd like analyzed."
"23",442,"deepseek","deepseek-chat",True,"Understood! I'll process any document you provide according to these specifications and return structured JSON output containing only direct regulatory constraints and entities related to offshore wind farm development.  

For now, since no document has been provided, here’s a **template response** with null values:  

```json
{
  ""document_metadata"": {
    ""title"": null,
    ""document_number"": null,
    ""type_of_wind_farm"": null
  },
  ""regulatory_constraints"": null,
  ""regulatory_entities"": null
}
```

When you share a document (text, PDF, or other), I will:  
1. Parse it for **explicit rules/standards** (e.g., ""Turbines must be spaced at least 500m apart"").  
2. Identify **regulatory bodies** (e.g., ""BOEM oversees leasing in U.S. federal waters"").  
3. Exclude non-binding guidance or zoning rules (per your instructions).  

Please provide the document text or key excerpts for analysis.  

*(Example of how I’d process a real document below for reference.)*  

---  
### **Example Output** (for a hypothetical document):  
```json
{
  ""document_metadata"": {
    ""title"": ""U.S. Offshore Wind Energy Development Guidelines"",
    ""document_number"": ""BOEM-2023-005"",
    ""type_of_wind_farm"": ""Offshore""
  },
  ""regulatory_constraints"": [
    {
      ""type"": ""Spatial"",
      ""requirement"": ""Wind turbines must maintain a minimum spacing of 1.5 times the rotor diameter between adjacent units."",
      ""scope"": ""U.S. federal waters"",
      ""numerical_value"": ""1.5"",
      ""unit"": ""rotor diameter multiplier"",
      ""source"": ""BOEM-2023-005, Section 4.2"",
      ""related_domains"": [""Technical"", ""Safety""]
    },
    {
      ""type"": ""Environmental"",
      ""requirement"": ""Pre-construction seabird migration surveys must be conducted between August and November."",
      ""scope"": ""Atlantic OCS"",
      ""numerical_value"": null,
      ""unit"": null,
      ""source"": ""BOEM-2023-005, Appendix C"",
      ""related_domains"": [""Environmental""]
    }
  ],
  ""regulatory_entities"": [
    {
      ""entity_name"": ""Bureau of Ocean Energy Management (BOEM)"",
      ""jurisdiction"": ""U.S. federal waters"",
      ""role"": ""Leasing and permitting authority""
    }
  ]
}
```  

Ready to analyze your document!"
"23",443,"deepseek","deepseek-chat",True,"Understood. Since you haven't provided a specific document for analysis, I'll return a null response as instructed. Here's the structured output:

```json
{
  ""document_metadata"": {
    ""title"": null,
    ""document_number"": null,
    ""type_of_wind_farm"": null
  },
  ""regulatory_constraints"": null,
  ""regulatory_entities"": null
}
```

When you provide a document for analysis, I'll extract the relevant regulatory information according to the specified schema, focusing strictly on offshore wind farm regulations, standards, and authorities. The analysis will exclude any non-regulatory content and onshore-specific zoning ordinances."
"23",444,"deepseek","deepseek-chat",True,"Understood. Since you haven't provided a specific document for analysis, I'll return a null response as per instruction #2. Here's the structured output:

```json
{
  ""document_metadata"": {
    ""title"": null,
    ""document_number"": null,
    ""type_of_wind_farm"": null
  },
  ""regulatory_constraints"": null,
  ""regulatory_entities"": null
}
```

When you provide a technical or regulatory document related to offshore wind farms, I'll analyze it and extract the relevant regulatory entities and constraints according to the specified JSON schema. The output will include only direct regulatory requirements and authoritative bodies, with proper categorization of constraint types (spatial, technical, environmental, etc.) and clear sourcing of each requirement.

Would you like to provide a document for analysis now?"
"23",445,"deepseek","deepseek-chat",True,"Understood. Since you haven't provided a specific document for analysis, I'll return a null response as instructed. Here's the structured output:

```json
{
  ""document_metadata"": {
    ""title"": null,
    ""document_number"": null,
    ""type_of_wind_farm"": null
  },
  ""regulatory_constraints"": null,
  ""regulatory_entities"": null
}
```

When you provide a technical or regulatory document related to offshore wind farms, I'll analyze it and extract the relevant entities and constraints according to the specified schema. The analysis will focus specifically on:
- Clear regulatory requirements with measurable standards
- Authoritative bodies with jurisdiction over wind farm development
- Technical specifications from recognized standards organizations
- Environmental or safety mandates with concrete parameters

Please share the document you'd like analyzed, and I'll provide the structured extraction."
"23",446,"deepseek","deepseek-chat",True,"Understood. I'll analyze any technical document you provide related to offshore wind farm planning, construction, or operation, and extract the requested regulatory information in the specified JSON format. 

Since you haven't provided a specific document for analysis yet, here's an empty template showing how I'll structure the output when you do provide content:

```json
{
  ""document_metadata"": {
    ""title"": null,
    ""document_number"": null,
    ""type_of_wind_farm"": null
  },
  ""regulatory_constraints"": [],
  ""regulatory_entities"": []
}
```

When you share a document, I will:
1. Identify whether it's relevant to offshore wind regulation
2. Extract only concrete regulatory requirements (not guidance or recommendations)
3. Classify constraints by type (Spatial, Technical, etc.)
4. Capture numerical values with units where present
5. List authoritative sources for each requirement
6. Identify all regulatory bodies mentioned with their jurisdictions

Please provide the document text you'd like me to analyze, and I'll return the properly structured regulatory information extraction."
"23",447,"deepseek","deepseek-chat",True,"Understood. Since you haven't provided a specific document for analysis, I'll return a null response as instructed. Here's the structured output:

```json
{
  ""document_metadata"": {
    ""title"": null,
    ""document_number"": null,
    ""type_of_wind_farm"": null
  },
  ""regulatory_constraints"": null,
  ""regulatory_entities"": null
}
```

When you provide a technical or regulatory document related to offshore wind farms, I'll analyze it and extract the relevant regulatory entities and constraints according to the specified schema. The analysis will focus exclusively on:
- Formal regulatory requirements
- Technical standards with compliance implications
- Jurisdictional authorities
- Quantifiable constraints (spatial, environmental, etc.)

Would you like to provide a document for analysis now?"
"23",448,"deepseek","deepseek-chat",True,"Understood. Since you haven't provided a specific document for analysis, I'll return a null response as instructed. Here's the structured output:

```json
{
  ""document_metadata"": {
    ""title"": null,
    ""document_number"": null,
    ""type_of_wind_farm"": null
  },
  ""regulatory_constraints"": null,
  ""regulatory_entities"": null
}
```

When you provide a document, I'll analyze it and extract the relevant regulatory information according to the specified format, focusing only on concrete requirements and authoritative entities related to offshore wind farm development. 

Some examples of what I would extract from a proper document:
- Clear technical standards (e.g., ""All foundations shall withstand 1-in-50-year wave conditions"")
- Environmental protections (e.g., ""Turbine spacing must maintain 1km marine mammal corridors"")
- Safety regulations (e.g., ""Substation platforms require dual escape routes meeting ISO 13702"")
- Authoritative bodies (e.g., ""Bureau of Ocean Energy Management (BOEM) - federal U.S. offshore leasing authority"")

Would you like to provide a document for analysis?"
"23",449,"deepseek","deepseek-chat",True,"Understood. Since you haven't provided a specific document for analysis, I'll return a null response as instructed. Here's the structured output:

```json
{
  ""document_metadata"": {
    ""title"": null,
    ""document_number"": null,
    ""type_of_wind_farm"": null
  },
  ""regulatory_constraints"": null,
  ""regulatory_entities"": null
}
```

When you provide a document, I'll analyze it and extract:
1. Specific regulatory constraints with their exact requirements, values, and sources
2. Clear regulatory entities with their jurisdictions and roles
3. Proper classification of constraint types (Spatial, Technical, etc.)
4. Only verifiable regulatory content (no descriptive/non-binding text)

Please share the document you'd like analyzed, and I'll provide a complete extraction following the specified schema."
"23",450,"deepseek","deepseek-chat",True,"Understood. Since you haven't provided a specific document for analysis, I'll return a null response as instructed. Here's the structured output:

```json
{
  ""document_metadata"": {
    ""title"": null,
    ""document_number"": null,
    ""type_of_wind_farm"": null
  },
  ""regulatory_constraints"": null,
  ""regulatory_entities"": null
}
```

When you provide a specific document or text excerpt, I'll analyze it and extract the relevant regulatory information according to the specified format. Please share the document content you'd like analyzed, and I'll return a properly structured response with any applicable regulations and entities found."
"23",451,"deepseek","deepseek-chat",True,"Understood. Since you haven't provided a specific document for analysis, I'll return a null response as instructed. Here's the structured output:

```json
{
  ""document_metadata"": {
    ""title"": null,
    ""document_number"": null,
    ""type_of_wind_farm"": null
  },
  ""regulatory_constraints"": null,
  ""regulatory_entities"": null
}
```

When you provide a technical document related to offshore wind farm planning, construction, or operation, I'll analyze it and extract the relevant regulatory entities and constraints according to the specified JSON format. The analysis will focus exclusively on:
- Formal regulatory requirements with clear constraints
- Authoritative regulatory bodies
- Technical standards with direct applicability
- Offshore-specific regulations (excluding zoning ordinances)

Please share the document you'd like analyzed, and I'll provide the structured extraction."
"23",452,"deepseek","deepseek-chat",True,"Understood. Since you haven't provided a specific document for analysis, I'll return a null response as instructed. Here's the structured output:

```json
{
  ""document_metadata"": {
    ""title"": null,
    ""document_number"": null,
    ""type_of_wind_farm"": null
  },
  ""regulatory_constraints"": null,
  ""regulatory_entities"": null
}
```

When you provide a specific document or text to analyze, I'll extract the relevant regulatory information and populate this structure accordingly, following all the guidelines you've specified (focusing only on strict regulations, excluding zoning ordinances for offshore projects, including standards specifications, etc.).

Would you like to provide a document or text excerpt for analysis now?"
"23",453,"deepseek","deepseek-chat",True,"Understood. Since you haven't provided a specific document for analysis, I'll return a null response as instructed. Here's the structured output:

```json
{
  ""document_metadata"": {
    ""title"": null,
    ""document_number"": null,
    ""type_of_wind_farm"": null
  },
  ""regulatory_constraints"": null,
  ""regulatory_entities"": null
}
```

When you provide a document containing offshore wind farm regulatory or technical information, I'll analyze it and extract the relevant entities and constraints according to the specified schema. The analysis will focus exclusively on:
- Formal regulatory requirements with clear compliance obligations
- Authoritative standards with direct applicability
- Governing bodies with explicit regulatory authority
- Quantifiable technical specifications

Please share the document you'd like analyzed, and I'll provide the structured extraction."
"23",454,"deepseek","deepseek-chat",True,"Understood. Since you haven't provided a specific document for analysis, I'll return a null response as instructed. Here's the structured output:

```json
{
  ""document_metadata"": {
    ""title"": null,
    ""document_number"": null,
    ""type_of_wind_farm"": null
  },
  ""regulatory_constraints"": null,
  ""regulatory_entities"": null
}
```

When you provide a technical document related to offshore wind farm regulations, I'll analyze it and extract the relevant regulatory entities and constraints according to the specified JSON structure. The analysis will focus on:
- Identifying authoritative regulatory bodies
- Extracting specific numerical requirements or qualitative standards
- Classifying constraints by type (spatial, technical, environmental, etc.)
- Documenting the source and jurisdiction for each requirement

Please share the document you'd like analyzed, and I'll provide the structured regulatory information extraction."
"23",455,"deepseek","deepseek-chat",True,"Understood! Please provide the technical document or text you'd like me to analyze, and I will extract the relevant regulatory entities and constraints in the specified JSON format. 

If no document is provided, here’s an example of how the output would look for a hypothetical offshore wind farm document:

```json
{
  ""document_metadata"": {
    ""title"": ""Guidelines for Offshore Wind Farm Development in the North Sea"",
    ""document_number"": ""NSW-2023-001"",
    ""type_of_wind_farm"": ""Offshore""
  },
  ""regulatory_constraints"": [
    {
      ""type"": ""Environmental"",
      ""requirement"": ""All turbines must maintain a minimum distance of 1 km from marine protected areas."",
      ""scope"": ""North Sea offshore wind projects"",
      ""numerical_value"": ""1"",
      ""unit"": ""km"",
      ""source"": ""North Sea Offshore Wind Regulation (NSOWR 2023)"",
      ""related_domains"": [""environmental"", ""spatial""]
    },
    {
      ""type"": ""Technical"",
      ""requirement"": ""Substation foundations must comply with ISO 19902 for offshore structures."",
      ""scope"": ""Offshore wind substations"",
      ""numerical_value"": null,
      ""unit"": null,
      ""source"": ""International Organization for Standardization (ISO)"",
      ""related_domains"": [""technical"", ""safety""]
    }
  ],
  ""regulatory_entities"": [
    {
      ""entity_name"": ""North Sea Offshore Wind Authority (NSOWA)"",
      ""jurisdiction"": ""Regional (North Sea coastal states)"",
      ""role"": ""Permitting and enforcement of offshore wind projects""
    },
    {
      ""entity_name"": ""International Maritime Organization (IMO)"",
      ""jurisdiction"": ""International"",
      ""role"": ""Regulation of navigational safety around offshore installations""
    }
  ]
}
```

If you share the actual document text, I can generate a precise extraction tailored to its content. Let me know how you'd like to proceed!"
"23",456,"deepseek","deepseek-chat",True,"Understood. Since you haven't provided a specific document for analysis, I'll return a null response as instructed. When you provide a technical or regulatory document related to offshore wind farms, I'll extract the relevant information and structure it according to the specified JSON format.

```json
{
  ""document_metadata"": {
    ""title"": null,
    ""document_number"": null,
    ""type_of_wind_farm"": null
  },
  ""regulatory_constraints"": null,
  ""regulatory_entities"": null
}
```

Please share the document you'd like analyzed, and I'll extract the regulatory entities and constraints with strict adherence to the given schema. For offshore wind projects, I'll focus on relevant international, federal, or regional regulations while excluding zoning ordinances and non-binding recommendations."
"23",457,"deepseek","deepseek-chat",True,"Understood. Since you haven't provided a specific document for analysis, I'll return a null response as per your instructions. Here's the structured output:

```json
{
  ""document_metadata"": {
    ""title"": null,
    ""document_number"": null,
    ""type_of_wind_farm"": null
  },
  ""regulatory_constraints"": null,
  ""regulatory_entities"": null
}
```

When you provide a technical or regulatory document related to offshore wind farms, I'll analyze it and extract the relevant information according to the specified JSON structure, focusing on:
1. Clear regulatory requirements with specific constraints
2. Authoritative entities with their jurisdictional roles
3. Only including directly applicable standards and rules

Please share the document you'd like analyzed, and I'll provide the structured extraction."
"23",458,"deepseek","deepseek-chat",True,"Understood. Since you haven't provided a specific document for analysis, I'll return a null response as per instruction #2. Here's the structured output:

```json
{
  ""document_metadata"": {
    ""title"": null,
    ""document_number"": null,
    ""type_of_wind_farm"": null
  },
  ""regulatory_constraints"": null,
  ""regulatory_entities"": null
}
```

When you provide a document containing offshore wind farm regulatory information, I'll analyze it and extract the relevant entities and constraints according to the specified JSON structure. The analysis will focus exclusively on:
- Formal regulatory requirements with clear compliance obligations
- Authoritative bodies with regulatory powers
- Technical/environmental standards with measurable criteria
- Jurisdictional boundaries affecting development

Please share the document you'd like analyzed, and I'll provide the structured extraction."
"23",459,"deepseek","deepseek-chat",True,"Understood. Since you haven't provided a specific document for analysis, I'll return a null response as instructed. When you provide a document, I'll extract the relevant regulatory information following the exact JSON structure and rules you've specified.

```json
{
  ""document_metadata"": {
    ""title"": null,
    ""document_number"": null,
    ""type_of_wind_farm"": null
  },
  ""regulatory_constraints"": null,
  ""regulatory_entities"": null
}
```

To proceed with an actual analysis:
1. Please provide the document text or key excerpts
2. Specify if it relates to offshore or onshore wind farms
3. Highlight any sections containing regulatory content

I'll then extract only the verifiable regulatory requirements and authorities according to your strict criteria, excluding all non-regulatory content."
"23",460,"deepseek","deepseek-chat",True,"Understood. Since I don't have access to a specific document to analyze, I'll provide an example output based on typical offshore wind farm regulatory documents. When you provide an actual document, I'll extract the information accordingly.

```json
{
  ""document_metadata"": {
    ""title"": ""Example Offshore Wind Energy Development Regulations"",
    ""document_number"": ""OWF-REG-2023"",
    ""type_of_wind_farm"": ""Offshore""
  },
  ""regulatory_constraints"": [
    {
      ""type"": ""Environmental"",
      ""requirement"": ""All wind farm developments must conduct an Environmental Impact Assessment (EIA) prior to construction"",
      ""scope"": ""All offshore wind projects in federal waters"",
      ""numerical_value"": null,
      ""unit"": null,
      ""source"": ""Bureau of Ocean Energy Management (BOEM)"",
      ""related_domains"": [""environmental"", ""permitting""]
    },
    {
      ""type"": ""Technical"",
      ""requirement"": ""Wind turbine foundations must be designed to withstand a 100-year storm event"",
      ""scope"": ""All fixed-bottom offshore wind turbines"",
      ""numerical_value"": 100,
      ""unit"": ""years"",
      ""source"": ""International Electrotechnical Commission (IEC) 61400-3"",
      ""related_domains"": [""structural engineering"", ""safety""]
    },
    {
      ""type"": ""Safety"",
      ""requirement"": ""All electrical systems must comply with IEC 61400-24 for lightning protection"",
      ""scope"": ""Offshore wind turbine electrical systems"",
      ""numerical_value"": null,
      ""unit"": null,
      ""source"": ""International Electrotechnical Commission"",
      ""related_domains"": [""electrical safety"", ""operations""]
    }
  ],
  ""regulatory_entities"": [
    {
      ""entity_name"": ""Bureau of Ocean Energy Management (BOEM)"",
      ""jurisdiction"": ""Federal (U.S. Outer Continental Shelf)"",
      ""role"": ""Leasing and permitting authority for offshore wind projects""
    },
    {
      ""entity_name"": ""International Electrotechnical Commission (IEC)"",
      ""jurisdiction"": ""International"",
      ""role"": ""Sets international technical standards for wind turbines""
    },
    {
      ""entity_name"": ""Maritime and Coastguard Agency (MCA)"",
      ""jurisdiction"": ""United Kingdom"",
      ""role"": ""Safety of navigation and maritime operations regulation""
    }
  ]
}
```

This example demonstrates the structured format I would use when analyzing actual documents. For real analysis, please provide:
1. The document text to analyze
2. Any specific jurisdictional context (if known)
3. Particular sections of interest (if applicable)

I'll then extract only the concrete regulatory information that meets the specified criteria."
"23",461,"deepseek","deepseek-chat",True,"Understood. Since you haven't provided a specific document for analysis, I'll return a null response as instructed. Here's the structured output:

```json
{
  ""document_metadata"": {
    ""title"": null,
    ""document_number"": null,
    ""type_of_wind_farm"": null
  },
  ""regulatory_constraints"": null,
  ""regulatory_entities"": null
}
```

When you provide a technical document related to offshore wind farm planning, construction, or operation, I'll analyze it and extract the relevant regulatory information according to the specified JSON structure. The analysis will focus strictly on:
- Identifying authoritative regulatory bodies
- Extracting specific regulatory requirements with their parameters
- Categorizing constraints by type (spatial, technical, environmental, etc.)
- Including any referenced technical standards

Please share the document you'd like analyzed, and I'll provide the structured extraction."
"23",462,"deepseek","deepseek-chat",True,"Understood. Since you haven't provided a specific document for analysis, I'll return a null response as per instruction #2. When you provide a document, I'll extract the relevant regulatory information in the specified JSON format.

```json
{
  ""document_metadata"": {
    ""title"": null,
    ""document_number"": null,
    ""type_of_wind_farm"": null
  },
  ""regulatory_constraints"": null,
  ""regulatory_entities"": null
}
```

To proceed with actual analysis, please provide:
1. The document text to analyze
2. Any relevant metadata about the document (title, source, etc.)
3. Confirmation whether it concerns offshore or onshore wind farms

I'll then extract all relevant regulatory entities and constraints according to the specified schema."
"23",463,"deepseek","deepseek-chat",True,"Understood. Since you haven't provided a specific document for analysis, I'll return a null response as per instruction #2. Here's the structured output:

```json
{
  ""document_metadata"": {
    ""title"": null,
    ""document_number"": null,
    ""type_of_wind_farm"": null
  },
  ""regulatory_constraints"": null,
  ""regulatory_entities"": null
}
```

When you provide a technical document related to offshore wind farm regulations, I'll analyze it and extract the relevant regulatory entities and constraints according to the specified JSON format. The analysis will focus strictly on:
- Formal requirements with measurable standards
- Authoritative regulatory bodies
- Directly applicable technical/environmental/safety regulations
- Offshore-specific constraints (excluding zoning ordinances)

Please share the document you'd like analyzed, and I'll provide the structured extraction."
"23",464,"deepseek","deepseek-chat",True,"Understood! I'll analyze any technical document you provide and extract the relevant regulatory entities and constraints in the specified JSON format. 

To proceed, please:
1. Share the document text you'd like analyzed (or key excerpts)
2. Indicate if it's for an offshore or onshore wind farm (if not specified in the document)
3. Provide any available document metadata (title, number, etc.)

Without an actual document to analyze, here's an empty template showing the structure I'll use:

```json
{
  ""document_metadata"": {
    ""title"": null,
    ""document_number"": null,
    ""type_of_wind_farm"": null
  },
  ""regulatory_constraints"": [],
  ""regulatory_entities"": []
}
```

When you provide the document content, I'll:
- Strictly follow your formatting requirements
- Only extract verifiable regulatory content
- Clearly distinguish between quoted requirements and paraphrased ones
- Tag constraints with the proper type (Spatial/Technical/etc.)
- Filter out any non-regulatory descriptive text

Please share the document you'd like analyzed."
"23",465,"deepseek","deepseek-chat",True,"Understood. Since you haven't provided a specific document for analysis, I'll return a null response as instructed. Here's the structured output:

```json
{
  ""document_metadata"": {
    ""title"": null,
    ""document_number"": null,
    ""type_of_wind_farm"": null
  },
  ""regulatory_constraints"": null,
  ""regulatory_entities"": null
}
```

When you provide a technical document related to offshore wind farm planning, construction, or operation, I'll analyze it and extract the relevant regulatory entities and constraints according to the specified JSON format. The analysis will focus exclusively on:
1. Concrete regulatory requirements with specific rules or standards
2. Official regulatory bodies with authority over wind farm projects
3. Offshore-specific regulations (excluding zoning ordinances)

Please share the document you'd like analyzed, and I'll provide the structured extraction."
"23",466,"deepseek","deepseek-chat",True,"Understood. Since you haven't provided a specific document for analysis, I'll return a null response as instructed. When you provide a technical or regulatory document related to offshore wind farms, I'll extract the relevant information and structure it according to the specified JSON format.

```json
{
  ""document_metadata"": {
    ""title"": null,
    ""document_number"": null,
    ""type_of_wind_farm"": null
  },
  ""regulatory_constraints"": null,
  ""regulatory_entities"": null
}
```

Please share the document you'd like analyzed, and I'll extract the regulatory entities and constraints according to the given schema. For offshore wind farms, I'll focus on:
- International maritime regulations
- Federal/state environmental and safety requirements
- Technical standards (e.g., IEC 61400 for offshore turbines)
- Spatial constraints like shipping lanes or protected areas
- Grid connection requirements"
"23",467,"deepseek","deepseek-chat",True,"Understood. Since you haven't provided a specific document for analysis, I'll return a null response as instructed. When you provide a document, I'll analyze it and extract the relevant regulatory information in the specified JSON format.

```json
{
  ""document_metadata"": {
    ""title"": null,
    ""document_number"": null,
    ""type_of_wind_farm"": null
  },
  ""regulatory_constraints"": null,
  ""regulatory_entities"": null
}
```

Please provide the document you'd like analyzed, and I'll extract the relevant regulatory information according to your specifications. For offshore wind farm documents, I'll focus on:
- International maritime regulations
- Federal/state environmental and safety requirements
- Technical standards for offshore structures
- Grid connection and power transmission rules
- Marine spatial planning constraints

I won't include any zoning ordinances or non-regulatory descriptive content."
"23",468,"deepseek","deepseek-chat",True,"Understood. Since you haven't provided a specific document for analysis, I'll return a null response as instructed. Here's the structured output:

```json
{
  ""document_metadata"": {
    ""title"": null,
    ""document_number"": null,
    ""type_of_wind_farm"": null
  },
  ""regulatory_constraints"": null,
  ""regulatory_entities"": null
}
```

When you provide a document, I'll analyze it and extract the relevant regulatory information according to the specified format. Please share the document text you'd like me to process, and I'll return a properly structured response with all extractable regulatory entities and constraints.

For offshore wind farm documents, I'll particularly focus on:
- International maritime regulations
- Environmental impact requirements
- Technical standards for offshore structures
- Safety protocols for marine operations
- Grid connection specifications

I won't include any general descriptive content or zoning information that doesn't constitute specific regulatory requirements."
"23",469,"deepseek","deepseek-chat",True,"Understood. Since you haven't provided a specific document for analysis, I'll return a null response as per instruction #2. Here's the structured output:

```json
{
  ""document_metadata"": {
    ""title"": null,
    ""document_number"": null,
    ""type_of_wind_farm"": null
  },
  ""regulatory_constraints"": null,
  ""regulatory_entities"": null
}
```

When you provide a technical or regulatory document related to offshore wind farms, I'll analyze it and extract the relevant information according to the specified JSON structure, focusing on:
- Clear regulatory requirements with measurable constraints
- Authoritative entities with jurisdiction over wind farm development
- Only binding rules and standards (not guidance or recommendations)
- Offshore-specific regulations (excluding onshore zoning ordinances)

Please share the document you'd like analyzed, and I'll provide the structured extraction."
"23",470,"deepseek","deepseek-chat",True,"Understood. Since you haven't provided a specific document for analysis, I'll return a null response as instructed. When you provide a technical or regulatory document related to offshore wind farms, I'll extract the relevant information and structure it according to the specified JSON format.

```json
{
  ""document_metadata"": {
    ""title"": null,
    ""document_number"": null,
    ""type_of_wind_farm"": null
  },
  ""regulatory_constraints"": null,
  ""regulatory_entities"": null
}
```

Please share the document you'd like analyzed, and I'll extract the regulatory entities and constraints according to the given schema. For offshore wind farms, I'll focus on maritime authorities, environmental regulations, technical standards, and safety requirements while excluding irrelevant zoning information."
"23",471,"deepseek","deepseek-chat",True,"Understood. Since you haven't provided a specific document for analysis, I'll demonstrate the output format with a generic example based on typical offshore wind regulatory content. When you provide an actual document, I'll extract only the concrete regulatory information present in that text.

Here's the example structure (note: this is illustrative only - actual output will depend on the document content):

```json
{
  ""document_metadata"": {
    ""title"": ""Example Offshore Wind Energy Regulations"",
    ""document_number"": ""OWF-REG-2023"",
    ""type_of_wind_farm"": ""Offshore""
  },
  ""regulatory_constraints"": [
    {
      ""type"": ""Environmental"",
      ""requirement"": ""All pile driving operations must implement soft-start procedures with initial hammer energy not exceeding 10% of maximum"",
      ""scope"": ""Offshore wind construction in US waters"",
      ""numerical_value"": ""10"",
      ""unit"": ""%"",
      ""source"": ""BOEM 2023 Construction and Operations Plan Guidelines"",
      ""related_domains"": [""marine mammals"", ""construction safety""]
    },
    {
      ""type"": ""Technical"",
      ""requirement"": ""Substation foundations shall be designed to withstand a 1,000-year return period extreme environmental loading condition"",
      ""scope"": ""Offshore electrical infrastructure in European waters"",
      ""numerical_value"": ""1000"",
      ""unit"": ""year return period"",
      ""source"": ""IEC 61400-3-1"",
      ""related_domains"": [""structural engineering"", ""safety""]
    }
  ],
  ""regulatory_entities"": [
    {
      ""entity_name"": ""Bureau of Ocean Energy Management (BOEM)"",
      ""jurisdiction"": ""Federal (United States)"",
      ""role"": ""Leasing and permitting authority for OCS renewable energy projects""
    },
    {
      ""entity_name"": ""Marine Management Organisation"",
      ""jurisdiction"": ""National (UK)"",
      ""role"": ""Consenting authority for marine licensing in English waters""
    }
  ]
}
```

To proceed with an actual analysis:
1. Please provide the document text you'd like analyzed
2. Specify if you want any particular focus (e.g., environmental regulations only)
3. Indicate if the document covers a specific geographic region

I'll then extract only the concrete regulatory information that meets the strict criteria outlined in your instructions."
"23",472,"deepseek","deepseek-chat",True,"Understood. Since you haven't provided a specific document for analysis, I'll return a null response as instructed. When you provide a technical or regulatory document related to offshore wind farms, I'll extract the relevant information and structure it according to the specified JSON format.

```json
{
  ""document_metadata"": {
    ""title"": null,
    ""document_number"": null,
    ""type_of_wind_farm"": null
  },
  ""regulatory_constraints"": null,
  ""regulatory_entities"": null
}
```

Please share the document you'd like analyzed, and I'll provide a detailed extraction of regulatory entities and constraints. For offshore wind farms, I'll focus on:
- Maritime spatial planning directives
- IMO navigation safety requirements 
- Offshore safety standards (e.g., OSH regulations)
- Grid connection technical specifications
- Environmental impact assessments
- Decommissioning obligations"
"23",473,"deepseek","deepseek-chat",True,"Understood. Since you haven't provided a specific document for analysis, I'll return a null response as instructed. When you provide a document, I'll extract the relevant regulatory information and structure it according to the specified JSON format.

```json
{
  ""document_metadata"": {
    ""title"": null,
    ""document_number"": null,
    ""type_of_wind_farm"": null
  },
  ""regulatory_constraints"": null,
  ""regulatory_entities"": null
}
```

Please share the document you'd like analyzed, and I'll extract the relevant regulatory information according to the given schema. For offshore wind farm documents, I'll focus on:
- International/national maritime regulations
- Technical standards (e.g., IEC 61400 series)
- Environmental protections
- Safety requirements
- Grid connection standards

I'll exclude any onshore zoning or land-use regulations as per your instructions."
"23",474,"deepseek","deepseek-chat",True,"Understood. Since you haven't provided a specific document for analysis, I'll return a null response as instructed. Here's the structured output:

```json
{
  ""document_metadata"": {
    ""title"": null,
    ""document_number"": null,
    ""type_of_wind_farm"": null
  },
  ""regulatory_constraints"": null,
  ""regulatory_entities"": null
}
```

When you provide a document containing offshore wind farm regulatory or technical information, I'll analyze it and extract the relevant entities and constraints according to the specified schema. My extraction will focus exclusively on:
- Formal regulatory requirements with clear compliance criteria
- Authoritative standards with direct applicability
- Governing bodies with regulatory authority
- Quantifiable constraints with numerical values where available

Please share the document you'd like analyzed, and I'll provide the structured regulatory information extraction."
"23",475,"deepseek","deepseek-chat",True,"Understood. Since I don't have access to a specific document to analyze, I'll provide an example output based on a hypothetical offshore wind farm regulatory document. When you provide an actual document, I can extract the exact regulatory information in this structured format.

Here's an example of how the output would look for a hypothetical document:

```json
{
  ""document_metadata"": {
    ""title"": ""North Sea Offshore Wind Development Guidelines 2023"",
    ""document_number"": ""NSOW-REG-2023-0042"",
    ""type_of_wind_farm"": ""Offshore""
  },
  ""regulatory_constraints"": [
    {
      ""type"": ""Environmental"",
      ""requirement"": ""All turbine foundations must undergo environmental impact assessment for marine mammal disturbance"",
      ""scope"": ""North Sea Exclusive Economic Zones"",
      ""numerical_value"": null,
      ""unit"": null,
      ""source"": ""OSPAR Convention Annex V"",
      ""related_domains"": [""environmental"", ""construction""]
    },
    {
      ""type"": ""Technical"",
      ""requirement"": ""Substation platforms must withstand wave heights with 100-year return period"",
      ""scope"": ""All offshore installations in North Sea"",
      ""numerical_value"": 16.2,
      ""unit"": ""meters"",
      ""source"": ""IEC 61400-3-1"",
      ""related_domains"": [""technical"", ""safety""]
    },
    {
      ""type"": ""Spatial"",
      ""requirement"": ""Minimum 1km spacing between turbines in prevailing wind direction"",
      ""scope"": ""All new offshore wind farms"",
      ""numerical_value"": 1,
      ""unit"": ""kilometers"",
      ""source"": ""North Sea Wind Power Hub Agreement"",
      ""related_domains"": [""layout"", ""energy yield""]
    }
  ],
  ""regulatory_entities"": [
    {
      ""entity_name"": ""Marine Management Organisation"",
      ""jurisdiction"": ""UK territorial waters"",
      ""role"": ""Permitting and environmental compliance""
    },
    {
      ""entity_name"": ""Bundesamt für Seeschifffahrt und Hydrographie"",
      ""jurisdiction"": ""German EEZ"",
      ""role"": ""Site approval and construction oversight""
    },
    {
      ""entity_name"": ""International Electrotechnical Commission"",
      ""jurisdiction"": ""International standards"",
      ""role"": ""Technical standard setting""
    }
  ]
}
```

When you provide an actual document, I will:
1. Carefully analyze the text to identify only specific regulatory requirements
2. Extract numerical values with their units when present
3. Clearly distinguish between different types of constraints (spatial, technical, etc.)
4. Identify all relevant regulatory bodies with their precise jurisdictions
5. Exclude any non-regulatory or descriptive content

Please provide the document you'd like me to analyze, and I'll extract the regulatory information in this structured format."
"23",476,"deepseek","deepseek-chat",True,"Understood! I'll analyze any document you provide and extract the relevant regulatory entities and constraints in the specified JSON format. 

To proceed, please provide:
1. The document text/content you'd like analyzed
2. Any available metadata (title, document number, etc.)

Without an actual document to analyze, I can only provide the empty template:

```json
{
  ""document_metadata"": {
    ""title"": null,
    ""document_number"": null,
    ""type_of_wind_farm"": null
  },
  ""regulatory_constraints"": null,
  ""regulatory_entities"": null
}
```

When you share a document, I'll:
1. Identify whether it's offshore/onshore
2. Extract only binding regulatory requirements
3. Structure all numerical constraints with proper units
4. Tag constraints by type (spatial, technical, etc.)
5. List authoritative entities with their jurisdictions

Please provide the document you'd like analyzed and I'll generate a complete regulatory extraction."
"23",477,"deepseek","deepseek-chat",True,"Understood. Since you haven't provided a specific document for analysis, I'll return a null response as instructed. Here's the structured output:

```json
{
  ""document_metadata"": {
    ""title"": null,
    ""document_number"": null,
    ""type_of_wind_farm"": null
  },
  ""regulatory_constraints"": null,
  ""regulatory_entities"": null
}
```

When you provide a technical document related to offshore wind farm regulations, I'll analyze it and extract the relevant regulatory entities and constraints according to the specified JSON structure. The analysis will focus exclusively on:
- Formal regulatory requirements (not guidance or recommendations)
- Standards with compliance implications
- Authoritative bodies with regulatory power
- Quantifiable constraints with clear units
- Offshore-specific regulations (excluding zoning ordinances)

Please share the document you'd like analyzed, and I'll provide the structured extraction."
"23",478,"deepseek","deepseek-chat",True,"Understood! I'll analyze any document you provide and extract the relevant regulatory entities and constraints in the specified JSON format. 

To proceed, please:
1. Share the document text you'd like analyzed (or key excerpts if it's lengthy)
2. Specify if it's for an offshore/onshore wind farm if not clear from the document
3. Provide any available document metadata (title/number) if available

Without an actual document to analyze, here's a template of what the output would look like with null values:

```json
{
  ""document_metadata"": {
    ""title"": null,
    ""document_number"": null,
    ""type_of_wind_farm"": null
  },
  ""regulatory_constraints"": null,
  ""regulatory_entities"": null
}
```

When you provide the document content, I'll:
- Strictly follow your formatting requirements 
- Only extract verifiable regulatory content
- Apply the offshore/onshore distinction
- Tag constraints with proper types (Spatial/Technical/etc.)
- Include standards specifications per requirement #4

Please share the document you'd like analyzed."
"23",479,"deepseek","deepseek-chat",True,"Understood. Since you haven't provided a specific document for analysis, I'll return a null response as instructed. Here's the structured output:

```json
{
  ""document_metadata"": {
    ""title"": null,
    ""document_number"": null,
    ""type_of_wind_farm"": null
  },
  ""regulatory_constraints"": null,
  ""regulatory_entities"": null
}
```

When you provide a technical document related to offshore wind farm planning, construction, or operation, I'll analyze it and extract the relevant regulatory entities and constraints according to the specified JSON structure. The analysis will focus strictly on:
- Formal regulatory requirements (not guidelines or recommendations)
- Standards with compliance implications
- Governing bodies with regulatory authority
- Quantifiable constraints with numerical values where present

Please share the document you'd like analyzed, and I'll provide the structured extraction."
"23",480,"deepseek","deepseek-chat",True,"Understood. Since you haven't provided a specific document for analysis, I'll return a null response as instructed. When you provide a technical or regulatory document related to offshore wind farms, I'll analyze it and extract the relevant information in the specified JSON format.

```json
{
  ""document_metadata"": {
    ""title"": null,
    ""document_number"": null,
    ""type_of_wind_farm"": null
  },
  ""regulatory_constraints"": null,
  ""regulatory_entities"": null
}
```

Please share the document you'd like analyzed, and I'll extract the regulatory entities and constraints according to the given schema. For offshore wind farms, I'll focus on:
- International maritime regulations
- National offshore energy authorities
- Technical standards for marine structures
- Environmental protections for marine ecosystems
- Safety requirements for offshore operations

I'll exclude any onshore zoning or land-use regulations as per instruction #3."
"23",481,"deepseek","deepseek-chat",True,"Understood. Since you haven't provided a specific document for analysis, I'll return a null response as instructed. Here's the structured output:

```json
{
  ""document_metadata"": {
    ""title"": null,
    ""document_number"": null,
    ""type_of_wind_farm"": null
  },
  ""regulatory_constraints"": null,
  ""regulatory_entities"": null
}
```

When you provide a technical or regulatory document related to offshore wind farms, I'll analyze it and extract the relevant regulatory entities and constraints according to the specified JSON structure. The analysis will focus specifically on:
- Formal regulatory requirements (not guidance or recommendations)
- Standards with compliance requirements
- Jurisdictional authorities
- Quantifiable technical or environmental constraints

Please share the document you'd like analyzed, and I'll provide the structured extraction."
"23",482,"deepseek","deepseek-chat",True,"Understood. Since you haven't provided a specific document for analysis, I'll return a null response as instructed. When you provide a document, I'll extract the relevant regulatory information in the specified JSON format.

```json
{
  ""document_metadata"": {
    ""title"": null,
    ""document_number"": null,
    ""type_of_wind_farm"": null
  },
  ""regulatory_constraints"": null,
  ""regulatory_entities"": null
}
```

Please provide the document you'd like analyzed, and I'll extract the relevant regulatory information according to your specifications. For offshore wind farm documents, I'll focus on extracting:
- Clear regulatory requirements with numerical values when available
- Standards specifications
- Authoritative regulatory bodies
While excluding:
- General descriptive content
- Onshore zoning ordinances
- Non-regulatory information"
"23",483,"deepseek","deepseek-chat",True,"Understood. Since you haven't provided a specific document for analysis, I'll return a null response as instructed. Here's the structured output:

```json
{
  ""document_metadata"": {
    ""title"": null,
    ""document_number"": null,
    ""type_of_wind_farm"": null
  },
  ""regulatory_constraints"": null,
  ""regulatory_entities"": null
}
```

When you provide a technical document related to offshore wind farm regulations, I'll analyze it and extract the relevant regulatory entities and constraints according to the specified JSON structure. The analysis will focus exclusively on:
- Formal regulatory requirements with clear constraints
- Authoritative regulatory bodies
- Technical standards with direct applicability
- Offshore-specific regulations (excluding zoning ordinances)

Please share the document you'd like analyzed, and I'll provide the structured extraction."
"23",484,"deepseek","deepseek-chat",True,"Understood. Since you haven't provided a specific document for analysis, I'll return a null response as instructed. When you provide a document, I'll extract the relevant regulatory entities and constraints in the exact JSON format specified.

```json
{
  ""document_metadata"": {
    ""title"": null,
    ""document_number"": null,
    ""type_of_wind_farm"": null
  },
  ""regulatory_constraints"": null,
  ""regulatory_entities"": null
}
```

Please share the technical or regulatory document you'd like analyzed, and I'll extract the relevant information according to the given schema. For offshore wind farm documents, I'll focus on:
- International/national maritime regulations
- Technical standards for offshore structures
- Environmental impact requirements
- Safety protocols for marine operations
- Grid connection specifications

I won't include any zoning or onshore-specific ordinances. The output will strictly follow your JSON template with direct regulatory requirements and authoritative entities."
"23",485,"deepseek","deepseek-chat",True,"Understood. Since you haven't provided a specific document for analysis, I'll return a null response as instructed. Here's the structured output:

```json
{
  ""document_metadata"": {
    ""title"": null,
    ""document_number"": null,
    ""type_of_wind_farm"": null
  },
  ""regulatory_constraints"": null,
  ""regulatory_entities"": null
}
```

When you provide a document, I'll analyze it and extract the relevant regulatory information according to the specified format. Please share the document you'd like me to process, and I'll return a properly structured analysis with all applicable regulatory entities and constraints."
"23",486,"deepseek","deepseek-chat",True,"Understood. Since you haven't provided a specific document for analysis, I'll demonstrate the output structure with null values as per your instructions when no document is provided:

```json
{
  ""document_metadata"": {
    ""title"": null,
    ""document_number"": null,
    ""type_of_wind_farm"": null
  },
  ""regulatory_constraints"": null,
  ""regulatory_entities"": null
}
```

When you provide a document, I will:
1. Carefully analyze the text for regulatory content
2. Extract only specific requirements (not descriptive text)
3. Structure the data according to your schema
4. Pay special attention to:
   - Numerical constraints with units
   - Clear jurisdictional boundaries
   - Recognized technical standards
   - Explicit environmental protections
   - Safety requirements

For offshore wind projects, I will exclude any onshore zoning references and focus on maritime regulations, international standards, and offshore-specific requirements.

Please provide the document you'd like analyzed, and I'll extract the relevant regulatory information in the specified format."
"23",487,"deepseek","deepseek-chat",True,"Understood! I'll analyze any technical document you provide related to offshore wind farm planning, construction, or operation and extract the relevant regulatory entities and constraints in the specified JSON format.  

Since you haven't provided a specific document for analysis yet, here’s an example of how the structured output would look if given a sample regulatory document:  

### **Example Output (for illustration purposes only)**  
```json
{
  ""document_metadata"": {
    ""title"": ""Guidelines for Offshore Wind Farm Development in the North Sea"",
    ""document_number"": ""NSW-REG-2023-001"",
    ""type_of_wind_farm"": ""Offshore""
  },
  ""regulatory_constraints"": [
    {
      ""type"": ""Environmental"",
      ""requirement"": ""Wind turbines must maintain a minimum clearance of 500 meters from known marine mammal migration routes."",
      ""scope"": ""North Sea offshore wind projects"",
      ""numerical_value"": ""500"",
      ""unit"": ""meters"",
      ""source"": ""North Sea Offshore Wind Authority (NSOWA)"",
      ""related_domains"": [""environmental"", ""safety""]
    },
    {
      ""type"": ""Technical"",
      ""requirement"": ""All offshore wind turbine foundations must comply with ISO 19901-5 for structural integrity."",
      ""scope"": ""Offshore wind turbine foundations"",
      ""numerical_value"": null,
      ""unit"": null,
      ""source"": ""International Organization for Standardization (ISO)"",
      ""related_domains"": [""technical"", ""safety""]
    }
  ],
  ""regulatory_entities"": [
    {
      ""entity_name"": ""North Sea Offshore Wind Authority (NSOWA)"",
      ""jurisdiction"": ""Regional (North Sea)"",
      ""role"": ""Permitting and environmental compliance enforcement""
    },
    {
      ""entity_name"": ""International Maritime Organization (IMO)"",
      ""jurisdiction"": ""International"",
      ""role"": ""Ensuring navigational safety around offshore wind farms""
    }
  ]
}
```

### **Next Steps**  
To proceed, please provide the document (text, PDF, or link) you'd like analyzed. I will then extract **only** the relevant regulatory constraints and entities in the required structured format.  

Let me know if you have any specific preferences or additional extraction rules!"
"23",488,"deepseek","deepseek-chat",True,"Understood. Since you haven't provided a specific document for analysis, I'll return a null response as instructed. Here's the structured output:

```json
{
  ""document_metadata"": {
    ""title"": null,
    ""document_number"": null,
    ""type_of_wind_farm"": null
  },
  ""regulatory_constraints"": null,
  ""regulatory_entities"": null
}
```

When you provide a technical document related to offshore wind farm planning, construction, or operation, I'll analyze it and extract the relevant regulatory information according to the specified JSON structure. The output will include:

1. All specific regulatory requirements with their parameters
2. Clear categorization of constraint types
3. Proper attribution to regulatory entities
4. Precise numerical values with units where applicable

Please share the document you'd like analyzed, and I'll provide the structured regulatory extraction."
"23",489,"deepseek","deepseek-chat",True,"Understood. Since you haven't provided a specific document for analysis, I'll return a null response as instructed. Here's the structured output:

```json
{
  ""document_metadata"": {
    ""title"": null,
    ""document_number"": null,
    ""type_of_wind_farm"": null
  },
  ""regulatory_constraints"": null,
  ""regulatory_entities"": null
}
```

When you provide a technical or regulatory document related to offshore wind farms, I'll analyze it and extract the relevant regulatory entities and constraints in the specified structured format. The analysis will focus strictly on:
- Formal regulatory requirements with clear constraints
- Authoritative regulatory bodies
- Technical/environmental standards with measurable criteria
- Jurisdictional boundaries and safety rules

Please share the document you'd like analyzed, and I'll provide the structured extraction."
"23",490,"deepseek","deepseek-chat",True,"Understood. Since you haven't provided a specific document for analysis, I'll return a null response as instructed. Here's the structured output:

```json
{
  ""document_metadata"": {
    ""title"": null,
    ""document_number"": null,
    ""type_of_wind_farm"": null
  },
  ""regulatory_constraints"": null,
  ""regulatory_entities"": null
}
```

When you provide a technical or regulatory document related to offshore wind farms, I'll analyze it and extract the relevant regulatory entities and constraints according to the specified format. The analysis will focus strictly on:
- Formal regulatory requirements with clear constraints
- Authoritative regulatory bodies
- Technical standards with measurable parameters
- Offshore-specific regulations (excluding zoning ordinances)

Please share the document you'd like analyzed, and I'll provide the structured extraction."
"23",491,"deepseek","deepseek-chat",True,"Understood. Since you haven't provided a specific document to analyze, I'll provide an example output based on a hypothetical offshore wind farm regulatory document. When you provide the actual document, I'll analyze it and extract the relevant information strictly according to your requested format.

Example Output (for demonstration only):

```json
{
  ""document_metadata"": {
    ""title"": ""North Sea Offshore Wind Development Framework 2023"",
    ""document_number"": ""NS-OWF-2023-001"",
    ""type_of_wind_farm"": ""Offshore""
  },
  ""regulatory_constraints"": [
    {
      ""type"": ""Environmental"",
      ""requirement"": ""All wind farm developments must conduct a full environmental impact assessment prior to construction"",
      ""scope"": ""North Sea Exclusive Economic Zones"",
      ""numerical_value"": null,
      ""unit"": null,
      ""source"": ""OSPAR Convention Annex IV"",
      ""related_domains"": [""environmental"", ""planning""]
    },
    {
      ""type"": ""Technical"",
      ""requirement"": ""Turbine foundations must withstand 1-in-50-year wave conditions"",
      ""scope"": ""All offshore structures"",
      ""numerical_value"": 50,
      ""unit"": ""years"",
      ""source"": ""IEC 61400-3"",
      ""related_domains"": [""structural engineering"", ""safety""]
    }
  ],
  ""regulatory_entities"": [
    {
      ""entity_name"": ""Marine Management Organisation"",
      ""jurisdiction"": ""United Kingdom territorial waters"",
      ""role"": ""Licensing and environmental regulation""
    },
    {
      ""entity_name"": ""Bundesamt für Seeschifffahrt und Hydrographie"",
      ""jurisdiction"": ""German EEZ"",
      ""role"": ""Approval of offshore installations""
    }
  ]
}
```

For actual analysis:
1. Please provide the document text you want analyzed
2. I will process it to extract only the specific regulatory information
3. The output will strictly follow your requested JSON schema
4. I will exclude all non-regulatory content and descriptive text

Would you like to provide a document for analysis now?"
"23",492,"deepseek","deepseek-chat",True,"Understood. Since you haven't provided a specific document for analysis, I'll return a null response as per instruction #2. Here's the structured output:

```json
{
  ""document_metadata"": {
    ""title"": null,
    ""document_number"": null,
    ""type_of_wind_farm"": null
  },
  ""regulatory_constraints"": null,
  ""regulatory_entities"": null
}
```

When you provide a technical or regulatory document related to offshore wind farms, I'll analyze it and extract the relevant regulatory entities and constraints according to the specified JSON structure. The analysis will focus specifically on:
- Clear regulatory requirements with measurable standards
- Official regulatory bodies with authority over wind farm projects
- Technical specifications from recognized standards organizations
- Environmental or safety mandates with concrete implementation requirements

Please share the document you'd like analyzed, and I'll provide the structured extraction."
"23",493,"deepseek","deepseek-chat",True,"Understood. Since you haven't provided a specific document for analysis, I'll return a null response as instructed. Here's the structured output:

```json
{
  ""document_metadata"": {
    ""title"": null,
    ""document_number"": null,
    ""type_of_wind_farm"": null
  },
  ""regulatory_constraints"": null,
  ""regulatory_entities"": null
}
```

When you provide a technical document related to offshore wind farm planning, construction, or operation, I'll analyze it and extract the relevant regulatory entities and constraints according to the specified JSON structure. The analysis will focus strictly on:
- Formal regulatory requirements
- Authoritative standards
- Governing bodies with regulatory authority
- Quantifiable constraints with their units
- Clear jurisdictional scopes

Please share the document you'd like analyzed, and I'll provide the structured extraction."
"23",494,"deepseek","deepseek-chat",True,"Understood. Since you haven't provided a specific document for analysis, I'll return a null response as instructed. Here's the structured output:

```json
{
  ""document_metadata"": {
    ""title"": null,
    ""document_number"": null,
    ""type_of_wind_farm"": null
  },
  ""regulatory_constraints"": null,
  ""regulatory_entities"": null
}
```

When you provide a technical or regulatory document related to offshore wind farms, I'll analyze it and extract the relevant regulatory entities and constraints according to the specified JSON structure. The analysis will focus exclusively on:
- Formal regulatory requirements
- Governing bodies with enforcement authority
- Technical/environmental standards with measurable criteria
- Jurisdictional boundaries affecting development

Please share the document you'd like analyzed, and I'll provide the structured extraction."
"23",495,"deepseek","deepseek-chat",True,"Understood. Since you haven't provided a specific document for analysis, I'll return a null output as instructed. Here's the structured response:

```json
{
  ""document_metadata"": {
    ""title"": null,
    ""document_number"": null,
    ""type_of_wind_farm"": null
  },
  ""regulatory_constraints"": null,
  ""regulatory_entities"": null
}
```

When you provide a technical document related to offshore wind farm planning, construction, or operation, I'll analyze it and extract the relevant regulatory entities and constraints according to the specified JSON structure. The analysis will focus exclusively on:
1) Clear regulatory requirements with specific rules or standards
2) Official regulatory bodies with authority over wind farm projects
3) Technical specifications that constitute binding requirements

Please share the document you'd like analyzed, and I'll provide the structured extraction."
"23",496,"deepseek","deepseek-chat",True,"Understood. Since you haven't provided a specific document for analysis, I'll return a null response as instructed. When you provide a document, I'll extract the relevant regulatory information and structure it according to the specified JSON format.

```json
{
  ""document_metadata"": {
    ""title"": null,
    ""document_number"": null,
    ""type_of_wind_farm"": null
  },
  ""regulatory_constraints"": null,
  ""regulatory_entities"": null
}
```

Please provide the technical or regulatory document you'd like analyzed, and I'll extract the relevant information with strict adherence to the requested format and instructions."
"23",497,"deepseek","deepseek-chat",True,"Understood. Since you haven't provided a specific document for analysis, I'll return a null response as instructed. Here's the structured output:

```json
{
  ""document_metadata"": {
    ""title"": null,
    ""document_number"": null,
    ""type_of_wind_farm"": null
  },
  ""regulatory_constraints"": null,
  ""regulatory_entities"": null
}
```

When you provide a technical or regulatory document related to offshore wind farms, I'll analyze it and extract the relevant regulatory entities and constraints according to the specified JSON structure. The analysis will focus exclusively on:
- Formal regulatory requirements
- Technical standards with compliance implications
- Authoritative bodies with regulatory power
- Quantifiable constraints with clear jurisdictions

Please share the document you'd like analyzed, and I'll provide the structured extraction."
"23",498,"deepseek","deepseek-chat",True,"Understood. Since you haven't provided a specific document for analysis, I'll return a null response as instructed. Here's the structured output:

```json
{
  ""document_metadata"": {
    ""title"": null,
    ""document_number"": null,
    ""type_of_wind_farm"": null
  },
  ""regulatory_constraints"": null,
  ""regulatory_entities"": null
}
```

When you provide a document, I'll analyze it and extract the relevant regulatory information according to the specified format. Please note that for offshore wind projects, I'll exclude zoning ordinances and focus only on applicable offshore regulations, standards, and authorities.

Would you like to provide a document for analysis now?"
"23",499,"deepseek","deepseek-chat",True,"Understood. Since you haven't provided a specific document for analysis, I'll return a null response as per instruction #2. Here's the structured output:

```json
{
  ""document_metadata"": {
    ""title"": null,
    ""document_number"": null,
    ""type_of_wind_farm"": null
  },
  ""regulatory_constraints"": null,
  ""regulatory_entities"": null
}
```

When you provide a technical or regulatory document related to offshore wind farms, I'll analyze it and extract the relevant information according to the specified JSON structure. The analysis will focus on:
- Identifying concrete regulatory requirements with their exact specifications
- Extracting authoritative regulatory bodies and their roles
- Categorizing constraints by type (spatial, technical, environmental, etc.)
- Capturing numerical values and units where applicable
- Maintaining strict relevance to offshore wind farm regulation

Please share the document you'd like analyzed, and I'll provide the structured extraction."
"23",500,"deepseek","deepseek-chat",True,"Understood. Since you haven't provided a specific document for analysis, I'll return a null response as per instruction #2. When you provide a technical or regulatory document related to offshore wind farms, I'll extract the relevant information in the structured JSON format you've specified.

```json
{
  ""document_metadata"": {
    ""title"": null,
    ""document_number"": null,
    ""type_of_wind_farm"": null
  },
  ""regulatory_constraints"": null,
  ""regulatory_entities"": null
}
```

To proceed, please provide:
1. The document text you'd like analyzed
2. Any specific pages/sections of interest
3. The geographic region if known (as this affects jurisdictional constraints)

I'm ready to extract precise regulatory information about:
- Spatial constraints (e.g., exclusion zones)
- Technical standards (e.g., foundation design)
- Environmental protections (e.g., marine mammal mitigation)
- Safety requirements (e.g., navigation lighting)
- Jurisdictional boundaries (e.g., EEZ regulations)"
"23",501,"deepseek","deepseek-chat",True,"Understood. I'll analyze any technical document you provide related to offshore wind farm planning, construction, or operation, and extract the requested information in the specified JSON format. 

Since you haven't provided a specific document for analysis yet, here's an empty template showing how I would structure the output when I receive the document:

```json
{
  ""document_metadata"": {
    ""title"": null,
    ""document_number"": null,
    ""type_of_wind_farm"": null
  },
  ""regulatory_constraints"": [],
  ""regulatory_entities"": []
}
```

When you provide a document, I will:
1. Carefully analyze it for explicit regulatory requirements
2. Identify all authoritative regulatory bodies mentioned
3. Structure the information according to your specifications
4. Exclude any non-regulatory descriptive content
5. Focus only on requirements directly applicable to offshore wind development

Please share the document you'd like me to analyze, and I'll extract the relevant regulatory information in the requested format."
"23",502,"deepseek","deepseek-chat",True,"Understood. Since you haven't provided a specific document for analysis, I'll return a null response as instructed. Here's the structured output:

```json
{
  ""document_metadata"": {
    ""title"": null,
    ""document_number"": null,
    ""type_of_wind_farm"": null
  },
  ""regulatory_constraints"": null,
  ""regulatory_entities"": null
}
```

When you provide a document containing offshore wind farm regulatory information, I'll analyze it and extract the relevant entities and constraints according to the specified JSON structure. Please share the document text you'd like analyzed, and I'll return the properly structured regulatory information."
"23",503,"deepseek","deepseek-chat",True,"Understood. Since you haven't provided a specific document for analysis, I'll return a null response as instructed. When you provide a document, I'll extract the relevant regulatory information and structure it according to the specified JSON format.

```json
{
  ""document_metadata"": {
    ""title"": null,
    ""document_number"": null,
    ""type_of_wind_farm"": null
  },
  ""regulatory_constraints"": null,
  ""regulatory_entities"": null
}
```

Please share the document you'd like analyzed, and I'll extract the relevant regulatory information from it. For offshore wind farm documents, I'll focus on:
- International maritime regulations
- Federal/state environmental requirements
- Technical standards (e.g., IEC, DNV)
- Safety protocols
- Grid connection standards
- Marine spatial planning constraints

I'll exclude any onshore zoning or land-use regulations as per your instructions."
"23",504,"deepseek","deepseek-chat",True,"Understood. Since you haven't provided a specific document for analysis, I'll return a null response as per instruction #2. Here's the structured output:

```json
{
  ""document_metadata"": {
    ""title"": null,
    ""document_number"": null,
    ""type_of_wind_farm"": null
  },
  ""regulatory_constraints"": null,
  ""regulatory_entities"": null
}
```

When you provide a technical or regulatory document related to offshore wind farms, I'll analyze it and extract the relevant entities and constraints according to the specified schema. The analysis will focus exclusively on:
- Formal regulatory requirements
- Authoritative standards
- Jurisdictional rules
- Specific technical/environmental constraints
with all extracted information properly categorized and attributed to sources."
"23",505,"deepseek","deepseek-chat",True,"Understood. Since you haven't provided a specific document for analysis, I'll return a null response as instructed. When you provide a technical or regulatory document related to offshore wind farms, I'll extract the relevant information and structure it according to the specified JSON format.

```json
{
  ""document_metadata"": {
    ""title"": null,
    ""document_number"": null,
    ""type_of_wind_farm"": null
  },
  ""regulatory_constraints"": null,
  ""regulatory_entities"": null
}
```

Please share the document you'd like analyzed, and I'll extract the regulatory entities and constraints according to the given schema. For offshore wind farms, I'll focus on:
- International/national maritime regulations
- Technical standards (e.g., IEC 61400 series)
- Environmental protections
- Grid connection requirements
- Safety standards for offshore operations

I'll exclude any onshore zoning or land-use regulations as per your instructions."
"23",506,"deepseek","deepseek-chat",True,"Understood. I'll analyze any document you provide and extract the requested regulatory information in the specified JSON format. Since you haven't provided a specific document for analysis yet, here's an empty template showing the structure I'll use when processing actual documents:

```json
{
  ""document_metadata"": {
    ""title"": null,
    ""document_number"": null,
    ""type_of_wind_farm"": null
  },
  ""regulatory_constraints"": [],
  ""regulatory_entities"": []
}
```

When you provide a document, I will:
1. Identify whether it contains offshore wind farm regulations
2. Extract only specific requirements (not general descriptions)
3. Categorize constraints into the 5 specified types
4. Include standards even without numerical values
5. Exclude zoning ordinances for offshore projects
6. Maintain strict relevance to wind farm regulation

Please share the document you'd like me to analyze, and I'll return the properly structured regulatory information extraction."
"23",507,"deepseek","deepseek-chat",True,"Since you haven't provided a specific document for analysis, I cannot extract actual regulatory information. However, I can provide you with an example of how the output would look if I were analyzing a typical offshore wind farm regulatory document:

```json
{
  ""document_metadata"": {
    ""title"": ""North Sea Offshore Wind Farm Development Guidelines"",
    ""document_number"": ""NS-OWF-2023-001"",
    ""type_of_wind_farm"": ""Offshore""
  },
  ""regulatory_constraints"": [
    {
      ""type"": ""Environmental"",
      ""requirement"": ""All wind farm developments must conduct a full Environmental Impact Assessment (EIA) prior to construction"",
      ""scope"": ""North Sea region"",
      ""numerical_value"": null,
      ""unit"": null,
      ""source"": ""OSPAR Convention Annex IV"",
      ""related_domains"": [""environmental"", ""planning""]
    },
    {
      ""type"": ""Technical"",
      ""requirement"": ""Turbine foundations must withstand 1-in-50-year extreme wave conditions"",
      ""scope"": ""All offshore structures"",
      ""numerical_value"": 50,
      ""unit"": ""year return period"",
      ""source"": ""ISO 19901-1"",
      ""related_domains"": [""structural engineering"", ""safety""]
    },
    {
      ""type"": ""Spatial"",
      ""requirement"": ""Minimum 1km separation required between turbine arrays and shipping lanes"",
      ""scope"": ""North Sea traffic separation zones"",
      ""numerical_value"": 1,
      ""unit"": ""kilometer"",
      ""source"": ""IMO Resolution MSC.190(79)"",
      ""related_domains"": [""navigation safety"", ""spatial planning""]
    }
  ],
  ""regulatory_entities"": [
    {
      ""entity_name"": ""Marine Management Organisation"",
      ""jurisdiction"": ""UK territorial waters"",
      ""role"": ""Primary permitting authority for offshore developments""
    },
    {
      ""entity_name"": ""Bundesamt für Seeschifffahrt und Hydrographie"",
      ""jurisdiction"": ""German EEZ"",
      ""role"": ""Environmental approval and monitoring""
    },
    {
      ""entity_name"": ""International Electrotechnical Commission"",
      ""jurisdiction"": ""International"",
      ""role"": ""Setting technical standards for electrical components""
    }
  ]
}
```

To provide actual regulatory extraction, please provide:
1. The document text you'd like analyzed
2. Or specify if you'd like me to analyze a particular standard (e.g., IEC 61400-3 for offshore wind turbines)
3. Or indicate if you need a different example for a specific jurisdiction

Would you like me to:
a) Provide another example for a different region?
b) Analyze a specific document you provide?
c) Explain any part of the extraction methodology?"
"23",508,"deepseek","deepseek-chat",True,"Understood. Since no specific document was provided for analysis, I'll return a null response as instructed. When you provide a technical or regulatory document related to offshore wind farms, I'll extract the relevant information according to the specified JSON schema.

```json
{
  ""document_metadata"": {
    ""title"": null,
    ""document_number"": null,
    ""type_of_wind_farm"": null
  },
  ""regulatory_constraints"": null,
  ""regulatory_entities"": null
}
```

Please upload or provide the text of a regulatory document, technical standard, or planning guideline related to offshore wind energy, and I'll perform the structured extraction according to your requirements."
"23",509,"deepseek","deepseek-chat",True,"Understood. Since you haven't provided a specific document for analysis, I'll return a null response as instructed. Here's the structured output:

```json
{
  ""document_metadata"": {
    ""title"": null,
    ""document_number"": null,
    ""type_of_wind_farm"": null
  },
  ""regulatory_constraints"": null,
  ""regulatory_entities"": null
}
```

When you provide a technical or regulatory document related to offshore wind farms, I'll analyze it and extract the relevant regulatory entities and constraints according to the specified JSON structure. The analysis will focus on:
- Clear regulatory requirements with specific rules or standards
- Authoritative bodies with regulatory authority
- Only information directly applicable to offshore wind farm development
- Exclusion of general descriptive content without regulatory value

Please share the document you'd like analyzed, and I'll provide the structured extraction."
"23",510,"deepseek","deepseek-chat",True,"Understood. Since you haven't provided a specific document for analysis, I'll return a null output as instructed. Here's the structured response:

```json
{
  ""document_metadata"": {
    ""title"": null,
    ""document_number"": null,
    ""type_of_wind_farm"": null
  },
  ""regulatory_constraints"": null,
  ""regulatory_entities"": null
}
```

When you provide a technical document related to offshore wind farm planning, construction, or operation, I'll analyze it and extract the relevant regulatory information according to the specified format. The analysis will focus strictly on:
1. Identifying authoritative regulatory bodies
2. Extracting specific regulatory requirements with their parameters
3. Maintaining the structured output format while excluding non-regulatory content

Please share the document you'd like analyzed, and I'll provide the complete structured extraction."
"23",511,"deepseek","deepseek-chat",True,"Understood. Since you haven't provided a specific document for analysis, I'll return a null response as instructed. Here's the structured output:

```json
{
  ""document_metadata"": {
    ""title"": null,
    ""document_number"": null,
    ""type_of_wind_farm"": null
  },
  ""regulatory_constraints"": null,
  ""regulatory_entities"": null
}
```

When you provide a technical or regulatory document related to offshore wind farms, I'll analyze it and extract the relevant regulatory entities and constraints according to the specified JSON structure. The analysis will focus specifically on:
1. Clear regulatory requirements with measurable standards
2. Authoritative bodies with regulatory jurisdiction
3. Only offshore-specific regulations (excluding onshore/zoning rules)

Please share the document you'd like analyzed, and I'll provide the structured extraction."
"23",512,"deepseek","deepseek-chat",True,"Understood. Since you haven't provided a specific document for analysis, I'll return a null response as instructed. Here's the structured output:

```json
{
  ""document_metadata"": {
    ""title"": null,
    ""document_number"": null,
    ""type_of_wind_farm"": null
  },
  ""regulatory_constraints"": null,
  ""regulatory_entities"": null
}
```

When you provide a document or specific content to analyze, I'll extract the relevant regulatory information according to the specified schema, focusing strictly on offshore wind farm regulations while excluding irrelevant content. 

For future reference, the analysis will:
1) Filter out descriptive/non-regulatory content
2) Focus on technical standards and enforceable requirements
3) Categorize constraints by type (Spatial, Technical, etc.)
4) Capture numerical values with units where specified
5) Identify authoritative regulatory bodies and their jurisdictions

Please provide the document content you'd like analyzed when ready."
"23",513,"deepseek","deepseek-chat",True,"Understood. Since you haven't provided a specific document for analysis, I'll return a null response as instructed. Here's the structured output:

```json
{
  ""document_metadata"": {
    ""title"": null,
    ""document_number"": null,
    ""type_of_wind_farm"": null
  },
  ""regulatory_constraints"": null,
  ""regulatory_entities"": null
}
```

When you provide a document or specific content to analyze, I'll extract the relevant regulatory information according to the specified format and instructions. Please share the document text you'd like me to process, and I'll return a complete analysis with all applicable regulatory entities and constraints."
"23",514,"deepseek","deepseek-chat",True,"Understood! Since you haven't provided a specific document for analysis, I'll return a null response as instructed. Here's the structured output:  

```json
{
  ""document_metadata"": {
    ""title"": null,
    ""document_number"": null,
    ""type_of_wind_farm"": null
  },
  ""regulatory_constraints"": null,
  ""regulatory_entities"": null
}
```

When you provide a technical or regulatory document related to offshore wind farms, I will extract the relevant entities and constraints in the structured format above. Let me know how you'd like to proceed!"
"23",515,"deepseek","deepseek-chat",True,"Understood. Since you haven't provided a specific document for analysis, I'll return a null response as instructed. Here's the structured output:

```json
{
  ""document_metadata"": {
    ""title"": null,
    ""document_number"": null,
    ""type_of_wind_farm"": null
  },
  ""regulatory_constraints"": null,
  ""regulatory_entities"": null
}
```

When you provide a technical document related to offshore wind farm planning, construction, or operation, I'll analyze it and extract the relevant regulatory entities and constraints according to the specified format. The analysis will focus exclusively on:
- Formal regulatory requirements
- Standards with compliance implications
- Authoritative bodies with regulatory power
- Quantifiable constraints with numerical values where available

Please share the document you'd like analyzed, and I'll provide the structured extraction."
"23",516,"deepseek","deepseek-chat",True,"Understood. Since you haven't provided a specific document for analysis, I'll return a null response as instructed. Here's the structured output:

```json
{
  ""document_metadata"": {
    ""title"": null,
    ""document_number"": null,
    ""type_of_wind_farm"": null
  },
  ""regulatory_constraints"": null,
  ""regulatory_entities"": null
}
```

When you provide a document, I'll analyze it and extract the relevant regulatory information according to the specified format. The analysis will focus exclusively on:
1. Concrete regulatory requirements with clear constraints
2. Authoritative regulatory bodies with jurisdiction over wind farm development
3. Technical standards that must be complied with

For offshore wind projects, I'll particularly focus on:
- Marine spatial planning regulations
- Grid connection requirements
- Navigational safety standards
- Environmental impact mitigation measures
- International maritime regulations where applicable

Please provide the document you'd like analyzed when ready."
"23",517,"deepseek","deepseek-chat",True,"Understood. Since you haven't provided a specific document for analysis, I'll return a null response as instructed. Here's the structured output:

```json
{
  ""document_metadata"": {
    ""title"": null,
    ""document_number"": null,
    ""type_of_wind_farm"": null
  },
  ""regulatory_constraints"": null,
  ""regulatory_entities"": null
}
```

When you provide a technical or regulatory document related to offshore wind farms, I'll analyze it and extract the relevant regulatory entities and constraints according to the specified JSON structure. My analysis will focus exclusively on:
- Formal regulatory requirements (not guidelines or recommendations)
- Standards with compliance implications
- Authoritative regulatory bodies
- Quantifiable constraints where applicable

Please share the document you'd like analyzed, and I'll provide the structured extraction."
"23",518,"deepseek","deepseek-chat",True,"Understood. Since you haven't provided a specific document for analysis, I'll return a null response as instructed. Here's the structured output:

```json
{
  ""document_metadata"": {
    ""title"": null,
    ""document_number"": null,
    ""type_of_wind_farm"": null
  },
  ""regulatory_constraints"": null,
  ""regulatory_entities"": null
}
```

When you provide a technical document related to offshore wind farm regulations, I'll analyze it and extract the relevant regulatory entities and constraints according to the specified schema. The analysis will focus exclusively on:
1) Clear regulatory requirements with potential numerical values
2) Authoritative bodies with jurisdiction over wind farm projects
3) Standards and specifications that must be complied with

Please share the document you'd like analyzed, and I'll provide the structured extraction."
"23",519,"deepseek","deepseek-chat",True,"Understood! Please provide the technical document or text you'd like me to analyze, and I will extract the relevant regulatory entities and constraints in the specified JSON format.  

If you don't have a document ready, here’s an example of how the output would look for a hypothetical offshore wind farm regulation:  

```json
{
  ""document_metadata"": {
    ""title"": ""National Offshore Wind Energy Development Guidelines"",
    ""document_number"": ""NOW-2023-001"",
    ""type_of_wind_farm"": ""Offshore""
  },
  ""regulatory_constraints"": [
    {
      ""type"": ""Environmental"",
      ""requirement"": ""All offshore wind projects must conduct a full Environmental Impact Assessment (EIA) prior to construction."",
      ""scope"": ""U.S. federal waters"",
      ""numerical_value"": null,
      ""unit"": null,
      ""source"": ""Bureau of Ocean Energy Management (BOEM)"",
      ""related_domains"": [""Environmental"", ""Permitting""]
    },
    {
      ""type"": ""Technical"",
      ""requirement"": ""Wind turbine foundations must comply with ISO 19901-4 for structural integrity."",
      ""scope"": ""All fixed-bottom offshore wind turbines"",
      ""numerical_value"": null,
      ""unit"": null,
      ""source"": ""International Organization for Standardization (ISO)"",
      ""related_domains"": [""Structural Engineering"", ""Safety""]
    }
  ],
  ""regulatory_entities"": [
    {
      ""entity_name"": ""Bureau of Ocean Energy Management (BOEM)"",
      ""jurisdiction"": ""Federal (U.S.)"",
      ""role"": ""Leasing, permitting, and oversight of offshore wind projects""
    },
    {
      ""entity_name"": ""International Organization for Standardization (ISO)"",
      ""jurisdiction"": ""International"",
      ""role"": ""Setting technical standards for offshore structures""
    }
  ]
}
```

If you provide the actual document, I will extract only the relevant regulatory information in this structured format. Let me know how you'd like to proceed!"
"23",520,"deepseek","deepseek-chat",True,"Understood. Since you haven't provided a specific document for analysis, I'll demonstrate the structured output format with null values as per instruction #2. When you provide a document, I'll extract the relevant regulatory information accordingly.

```json
{
  ""document_metadata"": {
    ""title"": null,
    ""document_number"": null,
    ""type_of_wind_farm"": null
  },
  ""regulatory_constraints"": null,
  ""regulatory_entities"": null
}
```

To get specific regulatory information, please provide:
1. The technical document you'd like analyzed
2. Or specify if you'd like me to generate sample regulatory data for demonstration purposes

For offshore wind farms, typical regulatory constraints I can extract include:
- Maritime spatial planning requirements
- Navigational safety zones
- Cable burial depth specifications
- Turbine foundation design standards
- Marine mammal protection measures
- Aviation lighting requirements

Typical regulatory entities include:
- Bureau of Ocean Energy Management (BOEM)
- International Maritime Organization (IMO)
- National Renewable Energy Laboratories (NREL)
- National Oceanic and Atmospheric Administration (NOAA)"
"23",521,"deepseek","deepseek-chat",True,"Understood. Since you haven't provided a specific document for analysis, I'll return a null response as instructed. Here's the structured output:

```json
{
  ""document_metadata"": {
    ""title"": null,
    ""document_number"": null,
    ""type_of_wind_farm"": null
  },
  ""regulatory_constraints"": null,
  ""regulatory_entities"": null
}
```

When you provide a document, I'll analyze it and extract the relevant regulatory information according to the specified format. Please share the document you'd like analyzed, and I'll return a properly structured response with all extractable regulatory entities and constraints.

For offshore wind farm documents, I'll particularly focus on:
- International maritime regulations
- Technical standards for offshore structures
- Environmental protections for marine ecosystems
- Safety requirements for offshore operations
- Grid connection specifications

I won't include any zoning ordinances or onshore-specific regulations unless specified."
"23",522,"deepseek","deepseek-chat",True,"Understood! Please provide the technical document or text you'd like me to analyze, and I will extract the relevant regulatory entities and constraints in the specified JSON format. 

If no document is provided, here’s an example of how the output would look for a hypothetical document:

```json
{
  ""document_metadata"": {
    ""title"": ""Guidelines for Offshore Wind Farm Development in the North Sea"",
    ""document_number"": ""OWF-NS-2023-001"",
    ""type_of_wind_farm"": ""Offshore""
  },
  ""regulatory_constraints"": [
    {
      ""type"": ""Environmental"",
      ""requirement"": ""All turbines must maintain a minimum clearance of 1 km from protected marine habitats."",
      ""scope"": ""North Sea offshore wind projects"",
      ""numerical_value"": ""1"",
      ""unit"": ""km"",
      ""source"": ""North Sea Environmental Protection Agency (NSEPA)"",
      ""related_domains"": [""environmental"", ""spatial""]
    },
    {
      ""type"": ""Technical"",
      ""requirement"": ""Substation foundations must comply with ISO 19902 standards for offshore structures."",
      ""scope"": ""Offshore wind farm substations"",
      ""numerical_value"": null,
      ""unit"": null,
      ""source"": ""International Organization for Standardization (ISO)"",
      ""related_domains"": [""technical"", ""safety""]
    }
  ],
  ""regulatory_entities"": [
    {
      ""entity_name"": ""North Sea Environmental Protection Agency (NSEPA)"",
      ""jurisdiction"": ""Regional (North Sea)"",
      ""role"": ""Environmental regulation and enforcement""
    },
    {
      ""entity_name"": ""International Organization for Standardization (ISO)"",
      ""jurisdiction"": ""International"",
      ""role"": ""Technical standards development""
    }
  ]
}
```

If you share the actual document text, I can extract the precise details for you. Let me know how you'd like to proceed!"
"23",523,"deepseek","deepseek-chat",True,"Understood. Since you haven't provided a specific document for analysis, I'll return a null response as instructed. When you provide a document, I'll extract the relevant regulatory information according to the specified JSON schema.

```json
{
  ""document_metadata"": {
    ""title"": null,
    ""document_number"": null,
    ""type_of_wind_farm"": null
  },
  ""regulatory_constraints"": null,
  ""regulatory_entities"": null
}
```

Please provide the technical or regulatory document you'd like analyzed, and I'll extract the relevant entities and constraints according to the given schema. For offshore wind farm documents, I'll focus particularly on:
- Marine spatial planning regulations
- Grid connection standards
- Environmental impact assessments
- Navigation safety requirements
- International maritime regulations
- Technical standards for offshore structures"
"23",524,"deepseek","deepseek-chat",True,"Understood. Since you haven't provided a specific document for analysis, I'll return a null response as per instruction #2. Here's the structured output:

```json
{
  ""document_metadata"": {
    ""title"": null,
    ""document_number"": null,
    ""type_of_wind_farm"": null
  },
  ""regulatory_constraints"": null,
  ""regulatory_entities"": null
}
```

When you provide a technical or regulatory document related to offshore wind farms, I'll analyze it and extract the relevant information according to the specified JSON structure, focusing on:
- Clear regulatory requirements with numerical values where available
- Authoritative regulatory bodies and their jurisdictions
- Only binding constraints (not recommendations or guidance)
- Offshore-specific regulations (excluding zoning ordinances)

Please share the document you'd like analyzed, and I'll provide the structured extraction."
"23",525,"deepseek","deepseek-chat",True,"Understood. Since you haven't provided a specific document for analysis, I'll return a null response as instructed. Here's the structured output:

```json
{
  ""document_metadata"": {
    ""title"": null,
    ""document_number"": null,
    ""type_of_wind_farm"": null
  },
  ""regulatory_constraints"": null,
  ""regulatory_entities"": null
}
```

When you provide a document, I'll analyze it and extract the relevant regulatory information according to the specified format, focusing strictly on:
- Offshore wind farm regulations (excluding zoning ordinances)
- Specific requirements with numerical values where available
- Authoritative regulatory bodies and their jurisdictions
- Standards specifications (ASCE, ISO, etc.)

Please share the document you'd like analyzed, and I'll provide a comprehensive extraction of the regulatory framework."
"23",526,"deepseek","deepseek-chat",True,"Understood. Since you haven't provided a specific document for analysis, I'll return a null response as instructed. When you provide a document, I'll extract the relevant regulatory information and structure it according to the specified JSON format.

```json
{
  ""document_metadata"": {
    ""title"": null,
    ""document_number"": null,
    ""type_of_wind_farm"": null
  },
  ""regulatory_constraints"": null,
  ""regulatory_entities"": null
}
```

Please provide the document you'd like analyzed, and I'll extract the relevant regulatory information according to your specifications. For offshore wind farm documents, I'll focus on:
- International maritime regulations
- Federal/state environmental and safety requirements
- Technical standards (e.g., IEC, ISO)
- Navigational safety constraints
- Marine spatial planning directives
- Grid connection standards

I'll exclude any onshore zoning or land-use regulations as per your instructions."
"23",527,"deepseek","deepseek-chat",True,"Understood. Since you haven't provided a specific document for analysis, I'll return a null response as instructed. Here's the structured output:

```json
{
  ""document_metadata"": {
    ""title"": null,
    ""document_number"": null,
    ""type_of_wind_farm"": null
  },
  ""regulatory_constraints"": null,
  ""regulatory_entities"": null
}
```

When you provide a specific technical or regulatory document related to offshore wind farms, I'll analyze it and extract the relevant regulatory entities and constraints according to the specified JSON structure. The analysis will focus exclusively on:
1) Clear regulatory requirements with specific constraints
2) Authoritative regulatory bodies
3) Technical standards applicable to offshore wind development

Please share the document you'd like analyzed, and I'll provide the structured extraction."
"23",528,"deepseek","deepseek-chat",True,"Understood! Please provide the technical document or text you'd like me to analyze, and I will extract the relevant regulatory entities and constraints in the specified JSON format. 

If no document is provided, here’s an example of the output structure with null values (per your instructions):

```json
{
  ""document_metadata"": {
    ""title"": null,
    ""document_number"": null,
    ""type_of_wind_farm"": null
  },
  ""regulatory_constraints"": null,
  ""regulatory_entities"": null
}
```

To proceed, share the document text, and I will parse it for:  
- **Regulatory Constraints** (e.g., ""Turbine foundations must withstand 1-in-50-year wave loads (ISO 19902)"").  
- **Regulatory Entities** (e.g., ""Bureau of Ocean Energy Management (BOEM) – U.S. federal authority for offshore leasing"").  

I’ll strictly exclude non-regulatory content (e.g., project descriptions, non-binding guidelines). Let me know if you have additional filters!"
"23",529,"deepseek","deepseek-chat",True,"Understood. Since you haven't provided a specific document for analysis, I'll return a null response as instructed. Here's the structured output:

```json
{
  ""document_metadata"": {
    ""title"": null,
    ""document_number"": null,
    ""type_of_wind_farm"": null
  },
  ""regulatory_constraints"": null,
  ""regulatory_entities"": null
}
```

When you provide a specific technical document related to offshore wind farm regulations, I'll analyze it and extract the relevant regulatory entities and constraints according to the specified JSON format. The analysis will focus exclusively on:
1) Clear regulatory requirements with direct applicability to wind farm projects
2) Authoritative bodies with jurisdiction over such projects
3) Technical standards that must be complied with

For offshore wind projects, I'll particularly focus on:
- Marine spatial planning regulations
- Grid connection requirements
- Environmental impact assessments
- Navigation safety standards
- International maritime regulations
- Offshore construction standards"
"23",530,"deepseek","deepseek-chat",True,"Understood. Since you haven't provided a specific document for analysis, I'll return a null response as per instruction #2. Here's the structured output:

```json
{
  ""document_metadata"": {
    ""title"": null,
    ""document_number"": null,
    ""type_of_wind_farm"": null
  },
  ""regulatory_constraints"": null,
  ""regulatory_entities"": null
}
```

When you provide a technical or regulatory document related to offshore wind farms, I'll analyze it and extract the relevant regulatory entities and constraints according to the specified JSON structure. The analysis will focus specifically on:
- Formal regulatory requirements (not guidance or recommendations)
- Technical standards with compliance implications
- Jurisdictional authorities with enforcement powers
- Quantifiable constraints with clear units/values

Please share the document you'd like analyzed, and I'll provide the structured extraction."
"23",531,"deepseek","deepseek-chat",True,"Understood. Since you haven't provided a specific document for analysis, I'll return a null response as instructed. Here's the structured output:

```json
{
  ""document_metadata"": {
    ""title"": null,
    ""document_number"": null,
    ""type_of_wind_farm"": null
  },
  ""regulatory_constraints"": null,
  ""regulatory_entities"": null
}
```

When you provide a document, I'll analyze it and extract the relevant regulatory information according to the specified format. The analysis will focus exclusively on:
- Clear regulatory requirements with specific constraints
- Official regulatory bodies with authority over wind farms
- Technical standards that must be complied with
- Environmental or safety regulations with measurable criteria

For offshore wind projects, I'll particularly focus on:
- Maritime jurisdiction boundaries
- International shipping lane regulations
- Subsea cable installation standards
- Marine wildlife protection measures
- Offshore structural engineering requirements"
"23",532,"deepseek","deepseek-chat",True,"Understood. Since you haven't provided a specific document for analysis, I'll return a null response as instructed. When you provide a technical or regulatory document related to offshore wind farms, I'll extract the relevant information and structure it according to the specified JSON format.

```json
{
  ""document_metadata"": {
    ""title"": null,
    ""document_number"": null,
    ""type_of_wind_farm"": null
  },
  ""regulatory_constraints"": null,
  ""regulatory_entities"": null
}
```

Please share the document you'd like analyzed, and I'll provide a detailed extraction of regulatory entities and constraints. For offshore wind farms, I'll focus on:
- International maritime regulations
- National offshore energy authorities
- Technical standards (e.g., IEC 61400 for wind turbines)
- Environmental impact requirements
- Grid connection specifications
- Safety zones around installations"
"23",533,"deepseek","deepseek-chat",True,"Understood. Since you haven't provided a specific document for analysis, I'll demonstrate the output structure with null values as per instruction #2. When you provide a document, I'll extract the relevant regulatory information accordingly.

```json
{
  ""document_metadata"": {
    ""title"": null,
    ""document_number"": null,
    ""type_of_wind_farm"": null
  },
  ""regulatory_constraints"": null,
  ""regulatory_entities"": null
}
```

To proceed with actual analysis, please provide:
1. The document text you'd like analyzed
2. Any specific document metadata (title, number, etc.) if available
3. Confirmation whether it concerns offshore or onshore wind farms

I'll then extract all relevant regulatory entities and constraints according to the specified schema, focusing specifically on actionable requirements rather than descriptive content."
"23",534,"deepseek","deepseek-chat",True,"Understood! Since you haven't provided a specific document for analysis, I'll return a null response as instructed. Here's the structured output:

```json
{
  ""document_metadata"": {
    ""title"": null,
    ""document_number"": null,
    ""type_of_wind_farm"": null
  },
  ""regulatory_constraints"": null,
  ""regulatory_entities"": null
}
```

When you provide a document or text to analyze, I'll extract the relevant regulatory information and populate this structure accordingly, following all the guidelines you've specified (focusing only on strict regulations, excluding irrelevant content, properly categorizing constraints, etc.).

Would you like to provide a document or text excerpt for analysis now?"
"23",535,"deepseek","deepseek-chat",True,"Understood. Since you haven't provided a specific document for analysis, I'll return a null response as instructed. Here's the structured output:

```json
{
  ""document_metadata"": {
    ""title"": null,
    ""document_number"": null,
    ""type_of_wind_farm"": null
  },
  ""regulatory_constraints"": null,
  ""regulatory_entities"": null
}
```

When you provide a technical or regulatory document related to offshore wind farms, I'll analyze it and extract the relevant entities and constraints according to the specified schema. The analysis will focus exclusively on:
- Clear regulatory requirements with specific constraints
- Authoritative regulatory bodies
- Technical standards with measurable parameters
- Offshore-specific regulations (excluding zoning ordinances)

Please share the document you'd like analyzed, and I'll provide the structured extraction."
"23",536,"deepseek","deepseek-chat",True,"Understood. Since you haven't provided a specific document for analysis, I'll return a null response as instructed. When you provide a document, I'll extract and structure the relevant regulatory information according to the specified JSON format.

```json
{
  ""document_metadata"": {
    ""title"": null,
    ""document_number"": null,
    ""type_of_wind_farm"": null
  },
  ""regulatory_constraints"": null,
  ""regulatory_entities"": null
}
```

Please share the technical or regulatory document you'd like analyzed, and I'll extract the relevant entities and constraints with high precision. For offshore wind farm documents, I'll focus on maritime regulations, environmental protections, technical standards, and safety requirements while excluding irrelevant zoning ordinances."
"23",537,"deepseek","deepseek-chat",True,"Understood. Since you haven't provided a specific document for analysis, I'll return a null response as instructed. Here's the structured output:

```json
{
  ""document_metadata"": {
    ""title"": null,
    ""document_number"": null,
    ""type_of_wind_farm"": null
  },
  ""regulatory_constraints"": null,
  ""regulatory_entities"": null
}
```

When you provide a document or text to analyze, I'll extract the relevant regulatory information and populate this structure with the specific details found in the document, following all the guidelines you've specified for offshore wind farm regulations."
"23",538,"deepseek","deepseek-chat",True,"Understood. Since no specific document has been provided for analysis, I'll return a null response as instructed.  

```json
{
  ""document_metadata"": {
    ""title"": null,
    ""document_number"": null,
    ""type_of_wind_farm"": null
  },
  ""regulatory_constraints"": null,
  ""regulatory_entities"": null
}
```  

If you provide a technical or regulatory document related to offshore wind farms, I can extract the relevant structured data in the required format. Let me know how you'd like to proceed!"
"23",539,"deepseek","deepseek-chat",True,"Understood. Since you haven't provided a specific document for analysis, I'll return a null response as instructed. When you provide a document, I'll analyze it and extract the relevant regulatory entities and constraints in the specified JSON format.

```json
{
  ""document_metadata"": {
    ""title"": null,
    ""document_number"": null,
    ""type_of_wind_farm"": null
  },
  ""regulatory_constraints"": null,
  ""regulatory_entities"": null
}
```

Please provide the document you'd like analyzed, and I'll extract the relevant information according to your specifications. For offshore wind farm documents, I'll focus particularly on:
- International maritime regulations
- Environmental impact assessments
- Grid connection standards
- Safety zones around installations
- Cable routing requirements
- Navigation protection measures"
"23",540,"deepseek","deepseek-chat",True,"Understood. Since you haven't provided a specific document for analysis, I'll return a null response as instructed. When you provide a document, I'll analyze it and extract the relevant regulatory information in the specified JSON format.

```json
{
  ""document_metadata"": {
    ""title"": null,
    ""document_number"": null,
    ""type_of_wind_farm"": null
  },
  ""regulatory_constraints"": null,
  ""regulatory_entities"": null
}
```

Please provide the document you'd like analyzed, and I'll extract the relevant regulatory information according to the specified schema. For offshore wind farm documents, I'll focus on:
- International maritime regulations
- National offshore energy authorities
- Technical standards for marine structures
- Environmental protections for marine ecosystems
- Safety requirements for offshore operations

I'll exclude any onshore zoning ordinances or land-use regulations that don't apply to offshore developments."
"23",541,"deepseek","deepseek-chat",True,"Understood. Since you haven't provided a specific document for analysis, I'll return a null response as instructed. Here's the structured output:

```json
{
  ""document_metadata"": {
    ""title"": null,
    ""document_number"": null,
    ""type_of_wind_farm"": null
  },
  ""regulatory_constraints"": null,
  ""regulatory_entities"": null
}
```

When you provide a document, I'll analyze it and extract:
1. All specific regulatory requirements with their parameters
2. All regulatory bodies mentioned with their jurisdictions and roles
3. Document metadata including whether it applies to offshore or onshore wind farms

The analysis will strictly follow your requirements:
- Only concrete regulations, not descriptive text
- No zoning ordinances for offshore projects
- Inclusion of standard specifications
- Direct relevance to wind farm regulation

Please provide the document you'd like analyzed and I'll return the complete structured extraction."
"23",542,"deepseek","deepseek-chat",True,"Understood. Since you haven't provided a specific document for analysis, I'll return a null response as instructed. Here's the structured output:

```json
{
  ""document_metadata"": {
    ""title"": null,
    ""document_number"": null,
    ""type_of_wind_farm"": null
  },
  ""regulatory_constraints"": null,
  ""regulatory_entities"": null
}
```

When you provide a document, I'll analyze it and extract the relevant regulatory information according to the specified format. Please share the document text you'd like me to process, and I'll return a properly structured analysis with all applicable regulatory entities and constraints.

For offshore wind farm documents, I'll particularly focus on:
- International maritime regulations
- Environmental impact assessments
- Grid connection standards
- Safety requirements for offshore structures
- Navigation and aviation restrictions
- Cable laying and protection standards"
"23",543,"deepseek","deepseek-chat",True,"Understood! I'll analyze any document you provide and extract the relevant regulatory entities and constraints in the specified JSON format. 

To proceed, please provide:
1. The document text/content you'd like analyzed
2. Any available metadata (title, document number, etc.)

Without an actual document to analyze, I can only provide the empty template structure. Here's what the output would look like when populated:

```json
{
  ""document_metadata"": {
    ""title"": null,
    ""document_number"": null,
    ""type_of_wind_farm"": null
  },
  ""regulatory_constraints"": [],
  ""regulatory_entities"": []
}
```

When you share a document, I'll:
- Strictly follow your extraction criteria
- Filter out non-regulatory content
- Maintain precision in requirements (including exact numerical values when present)
- Only include standards/requirements directly applicable to offshore wind farms
- Clearly distinguish between constraints and entities

Please provide the document you'd like analyzed and I'll generate the complete structured output."
"23",544,"deepseek","deepseek-chat",True,"Understood. Since you haven't provided a specific document for analysis, I'll return a null response as per your instructions. Here's the structured output:

```json
{
  ""document_metadata"": {
    ""title"": null,
    ""document_number"": null,
    ""type_of_wind_farm"": null
  },
  ""regulatory_constraints"": null,
  ""regulatory_entities"": null
}
```

When you provide a technical or regulatory document related to offshore wind farms, I'll analyze it and extract the relevant regulatory entities and constraints according to the specified JSON structure. The analysis will focus strictly on:
- Formal regulatory requirements with clear constraints
- Authoritative regulatory bodies
- Technical/environmental standards with measurable parameters
- Jurisdictional boundaries and safety regulations

Please share the document you'd like analyzed, and I'll provide the structured extraction."
"23",545,"deepseek","deepseek-chat",True,"Understood. Since you haven't provided a specific document for analysis, I'll return a null response as instructed. Here's the structured output:

```json
{
  ""document_metadata"": {
    ""title"": null,
    ""document_number"": null,
    ""type_of_wind_farm"": null
  },
  ""regulatory_constraints"": null,
  ""regulatory_entities"": null
}
```

When you provide a technical or regulatory document related to offshore wind farms, I'll analyze it and extract the relevant regulatory entities and constraints according to the specified JSON structure. The analysis will focus strictly on:
- Formal regulatory requirements with clear constraints
- Authoritative regulatory bodies
- Technical/environmental standards
- Jurisdictional rules specific to offshore wind development

Please share the document you'd like analyzed, and I'll provide the structured extraction."
"23",546,"deepseek","deepseek-chat",True,"Understood. Since you haven't provided a specific document for analysis, I'll return a null response as instructed. When you provide a technical or regulatory document related to offshore wind farms, I'll extract the relevant information and structure it according to the specified JSON format.

```json
{
  ""document_metadata"": {
    ""title"": null,
    ""document_number"": null,
    ""type_of_wind_farm"": null
  },
  ""regulatory_constraints"": null,
  ""regulatory_entities"": null
}
```

Please share the document you'd like analyzed, and I'll extract the regulatory entities and constraints according to the given schema. For offshore wind farms, I'll focus on maritime authorities, environmental regulations, technical standards, and safety requirements while excluding zoning ordinances."
"23",547,"deepseek","deepseek-chat",True,"Understood. Since you haven't provided a specific document for analysis, I'll return a null response as instructed. Here's the structured output:

```json
{
  ""document_metadata"": {
    ""title"": null,
    ""document_number"": null,
    ""type_of_wind_farm"": null
  },
  ""regulatory_constraints"": null,
  ""regulatory_entities"": null
}
```

When you provide a technical or regulatory document related to offshore wind farms, I'll analyze it and extract the relevant regulatory entities and constraints according to the specified JSON structure. The analysis will focus strictly on:
- Formal regulatory requirements with clear constraints
- Authoritative regulatory bodies
- Technical standards with measurable parameters
- Jurisdictional boundaries and enforcement roles

Please share the document you'd like analyzed, and I'll provide the structured extraction."
"23",548,"deepseek","deepseek-chat",True,"Understood. Since you haven't provided a specific document for analysis, I'll return a null response as instructed. Here's the structured output:

```json
{
  ""document_metadata"": {
    ""title"": null,
    ""document_number"": null,
    ""type_of_wind_farm"": null
  },
  ""regulatory_constraints"": null,
  ""regulatory_entities"": null
}
```

When you provide a specific technical or regulatory document related to offshore wind farms, I'll analyze it and extract the relevant regulatory entities and constraints according to the specified JSON structure. The analysis will focus strictly on:
1. Clear regulatory requirements with specific constraints or standards
2. Authoritative entities with jurisdiction over wind farm development
3. Only information directly applicable to offshore wind projects (excluding onshore zoning ordinances)

Please share the document you'd like analyzed, and I'll provide the structured extraction."
"23",549,"deepseek","deepseek-chat",True,"Understood! Please provide the technical document you'd like me to analyze, and I will extract the relevant regulatory entities and constraints in the specified JSON format.  

If no document is provided, here is an example of an empty output (as per instruction #2):  

```json
{
  ""document_metadata"": {
    ""title"": null,
    ""document_number"": null,
    ""type_of_wind_farm"": null
  },
  ""regulatory_constraints"": null,
  ""regulatory_entities"": null
}
```

Otherwise, upload or paste the document text, and I will process it accordingly."
"23",550,"deepseek","deepseek-chat",True,"Understood. Since you haven't provided a specific document for analysis, I'll return a null response as instructed. Here's the structured output:

```json
{
  ""document_metadata"": {
    ""title"": null,
    ""document_number"": null,
    ""type_of_wind_farm"": null
  },
  ""regulatory_constraints"": null,
  ""regulatory_entities"": null
}
```

When you provide a document containing offshore wind farm regulatory or technical information, I'll analyze it and extract the relevant entities and constraints according to the specified JSON structure. The analysis will focus exclusively on:
- Formal regulatory requirements
- Technical standards with compliance implications
- Authoritative bodies with regulatory power
- Quantifiable constraints or specifications

Please share the document you'd like analyzed, and I'll provide the structured extraction."
"23",551,"deepseek","deepseek-chat",True,"Understood! I'll analyze any document you provide and extract the relevant regulatory entities and constraints, structuring the information in the specified JSON format. 

To proceed, please provide the document text you'd like analyzed. If you don't have a document ready, here’s an example of how the output would look for a hypothetical offshore wind farm regulation document:

### Example Output:
```json
{
  ""document_metadata"": {
    ""title"": ""National Offshore Wind Energy Development Guidelines"",
    ""document_number"": ""NOW-2023-001"",
    ""type_of_wind_farm"": ""Offshore""
  },
  ""regulatory_constraints"": [
    {
      ""type"": ""Environmental"",
      ""requirement"": ""All offshore wind turbines must maintain a minimum clearance of 1 km from migratory bird pathways during peak migration seasons."",
      ""scope"": ""U.S. federal waters"",
      ""numerical_value"": 1,
      ""unit"": ""km"",
      ""source"": ""U.S. Fish and Wildlife Service (USFWS)"",
      ""related_domains"": [""wildlife protection"", ""project siting""]
    },
    {
      ""type"": ""Technical"",
      ""requirement"": ""Substation foundations must comply with ISO 19902 standards for offshore structures."",
      ""scope"": ""Global (ISO standard)"",
      ""numerical_value"": null,
      ""unit"": null,
      ""source"": ""ISO 19902"",
      ""related_domains"": [""structural engineering"", ""safety""]
    }
  ],
  ""regulatory_entities"": [
    {
      ""entity_name"": ""Bureau of Ocean Energy Management (BOEM)"",
      ""jurisdiction"": ""U.S. federal waters"",
      ""role"": ""Leasing and permitting authority for offshore wind projects""
    },
    {
      ""entity_name"": ""International Electrotechnical Commission (IEC)"",
      ""jurisdiction"": ""International"",
      ""role"": ""Sets technical standards for wind turbine design (e.g., IEC 61400 series)""
    }
  ]
}
```

### Next Steps:
1. **Provide the document text** you'd like analyzed (PDFs must be converted to text first).  
2. If the document contains no regulations, I'll return `null` for all values.  
3. For offshore projects, I’ll ignore zoning ordinances per your instructions.  

Let me know how you'd like to proceed!"
"23",552,"deepseek","deepseek-chat",True,"Understood. Since you haven't provided a specific document for analysis, I'll return a null response as instructed. Here's the structured output:

```json
{
  ""document_metadata"": {
    ""title"": null,
    ""document_number"": null,
    ""type_of_wind_farm"": null
  },
  ""regulatory_constraints"": null,
  ""regulatory_entities"": null
}
```

When you provide a document containing offshore wind farm regulatory or technical information, I'll extract the relevant entities and constraints according to the specified schema. Please share the document text you'd like analyzed, and I'll return a properly structured response with all applicable regulatory information."
"23",553,"deepseek","deepseek-chat",True,"Understood. Since you haven't provided a specific document for analysis, I'll return a null response as instructed. Here's the structured output:

```json
{
  ""document_metadata"": {
    ""title"": null,
    ""document_number"": null,
    ""type_of_wind_farm"": null
  },
  ""regulatory_constraints"": null,
  ""regulatory_entities"": null
}
```

When you provide a document, I'll analyze it thoroughly and extract:
1. All concrete regulatory constraints with their specific parameters
2. All relevant regulatory entities with their jurisdictions and roles
3. Only include verifiable requirements (not recommendations or guidance)
4. Maintain strict adherence to the JSON schema provided

Would you like to upload a document for analysis now? I can process PDFs, Word documents, or plain text."
"23",554,"deepseek","deepseek-chat",True,"Understood. Since you haven't provided a specific document for analysis, I'll return a null response as per instruction #2. Here's the structured output:

```json
{
  ""document_metadata"": {
    ""title"": null,
    ""document_number"": null,
    ""type_of_wind_farm"": null
  },
  ""regulatory_constraints"": null,
  ""regulatory_entities"": null
}
```

When you provide a technical or regulatory document related to offshore wind farms, I'll analyze it and extract the relevant regulatory entities and constraints according to the specified JSON structure. The analysis will focus exclusively on:
- Formal regulatory requirements with specific constraints
- Authoritative regulatory bodies
- Technical/environmental standards
- Jurisdictional rules applicable to offshore wind development

Please share the document you'd like analyzed, and I'll provide the structured extraction."
"23",555,"deepseek","deepseek-chat",True,"Understood. Since you haven't provided a specific document for analysis, I'll return a null response as instructed. Here's the structured output:

```json
{
  ""document_metadata"": {
    ""title"": null,
    ""document_number"": null,
    ""type_of_wind_farm"": null
  },
  ""regulatory_constraints"": null,
  ""regulatory_entities"": null
}
```

When you provide a technical or regulatory document related to offshore wind farms, I'll analyze it and extract the relevant regulatory entities and constraints according to the specified schema. The analysis will focus exclusively on:
- Formal regulatory requirements with clear compliance obligations
- Authoritative standards (e.g., IEC, ISO, or regional standards)
- Jurisdictional authorities with regulatory power
- Quantifiable technical or environmental constraints

Would you like to provide a document for analysis now?"
"23",556,"deepseek","deepseek-chat",True,"Understood! I'll analyze any document you provide and extract the relevant regulatory entities and constraints in the specified JSON format. 

To proceed, please:
1. Provide the document text you'd like analyzed (or indicate if you'd like me to use a sample document)
2. Specify if this is for an offshore or onshore wind farm (if not clear from the document)

Without an actual document to analyze, here's an example of what my output would look like for a hypothetical offshore wind regulation document:

```json
{
  ""document_metadata"": {
    ""title"": ""North Sea Offshore Wind Development Guidelines 2023"",
    ""document_number"": ""NSOW-REG-2023-0042"",
    ""type_of_wind_farm"": ""Offshore""
  },
  ""regulatory_constraints"": [
    {
      ""type"": ""Environmental"",
      ""requirement"": ""All turbine foundations must maintain a minimum clearance of 15 meters from the seabed to allow for marine life passage"",
      ""scope"": ""North Sea Exclusive Economic Zone"",
      ""numerical_value"": ""15"",
      ""unit"": ""meters"",
      ""source"": ""OSPAR Commission Annex VII"",
      ""related_domains"": [""environmental"", ""structural""]
    },
    {
      ""type"": ""Technical"",
      ""requirement"": ""Substation platforms shall comply with IEC 61400-3 design requirements for offshore wind turbines"",
      ""scope"": ""All offshore installations"",
      ""numerical_value"": null,
      ""unit"": null,
      ""source"": ""International Electrotechnical Commission"",
      ""related_domains"": [""technical"", ""safety""]
    }
  ],
  ""regulatory_entities"": [
    {
      ""entity_name"": ""OSPAR Commission"",
      ""jurisdiction"": ""Northeast Atlantic Region"",
      ""role"": ""Environmental regulation enforcement""
    },
    {
      ""entity_name"": ""Bundesamt für Seeschifffahrt und Hydrographie"",
      ""jurisdiction"": ""German EEZ"",
      ""role"": ""Project licensing and maritime safety oversight""
    }
  ]
}
```

Please provide the actual document you'd like analyzed and I'll generate a real extraction based on its content."
"23",557,"deepseek","deepseek-chat",True,"Understood. Since you haven't provided a specific document for analysis, I'll return a null response as instructed. Here's the structured output:

```json
{
  ""document_metadata"": {
    ""title"": null,
    ""document_number"": null,
    ""type_of_wind_farm"": null
  },
  ""regulatory_constraints"": null,
  ""regulatory_entities"": null
}
```

When you provide a technical document related to offshore wind farm regulations, I'll analyze it and extract the relevant regulatory entities and constraints according to the specified JSON structure. The analysis will focus specifically on:
- Formal requirements with measurable standards
- Authoritative regulatory bodies
- Technical/environmental/safety specifications
- Jurisdictional boundaries

Please share the document you'd like analyzed, and I'll provide the structured extraction."
"23",558,"deepseek","deepseek-chat",True,"Understood. Since you haven't provided a specific document for analysis, I'll return a null response as instructed. Here's the structured output:

```json
{
  ""document_metadata"": {
    ""title"": null,
    ""document_number"": null,
    ""type_of_wind_farm"": null
  },
  ""regulatory_constraints"": null,
  ""regulatory_entities"": null
}
```

To proceed with actual data extraction, please provide:
1. The technical document you'd like analyzed
2. Any specific section references if needed
3. Confirmation whether this concerns offshore or onshore wind farms

I'll then be able to extract the relevant regulatory information and populate the structured format with actual data points."
"23",559,"deepseek","deepseek-chat",True,"Understood. Since you haven't provided a specific document for analysis, I'll return a null response as instructed. Here's the structured output:

```json
{
  ""document_metadata"": {
    ""title"": null,
    ""document_number"": null,
    ""type_of_wind_farm"": null
  },
  ""regulatory_constraints"": null,
  ""regulatory_entities"": null
}
```

When you provide a specific technical or regulatory document related to offshore wind farms, I'll analyze it and extract the relevant regulatory entities and constraints according to the specified JSON structure. The analysis will focus exclusively on:
1) Formal regulatory requirements with clear constraints
2) Authoritative regulatory bodies with jurisdiction over wind farm development
3) Technical standards that must be complied with

Please share the document you'd like analyzed, and I'll provide the structured extraction."
"23",560,"deepseek","deepseek-chat",True,"Understood! Since you haven't provided a specific document for analysis, I'll return a null response as instructed. If you provide a document, I'll extract the relevant regulatory entities and constraints in the structured JSON format you've specified.

```json
{
  ""document_metadata"": {
    ""title"": null,
    ""document_number"": null,
    ""type_of_wind_farm"": null
  },
  ""regulatory_constraints"": null,
  ""regulatory_entities"": null
}
```

Please share the document you'd like analyzed, and I'll extract the relevant information according to your guidelines."
"23",561,"deepseek","deepseek-chat",True,"Understood! I'll process any document you provide according to the specified JSON schema, extracting only direct regulatory constraints and entities relevant to offshore wind farm planning, construction, or operation.  

For now, since no document has been provided, here’s a **template response** (with null values) to illustrate the expected output when no data is available:  

```json
{
  ""document_metadata"": {
    ""title"": null,
    ""document_number"": null,
    ""type_of_wind_farm"": null
  },
  ""regulatory_constraints"": null,
  ""regulatory_entities"": null
}
```

When you share a document (e.g., PDF, text, or URL), I will:  
1. Parse it for **explicit rules/standards** (e.g., setback distances, noise limits, safety protocols).  
2. Identify **regulatory bodies** (e.g., BOEM, IMO, DNV) and their roles.  
3. Filter out irrelevant content (e.g., zoning ordinances for offshore projects).  

Please provide the document or text you'd like analyzed, and I’ll return structured regulatory data.  

*Example of a populated response (for illustration):*  
```json
{
  ""document_metadata"": {
    ""title"": ""North Sea Offshore Wind Development Guidelines"",
    ""document_number"": ""NS-OWF-2023-01"",
    ""type_of_wind_farm"": ""Offshore""
  },
  ""regulatory_constraints"": [
    {
      ""type"": ""Environmental"",
      ""requirement"": ""Turbine foundations must avoid coral habitats within a 500m buffer zone"",
      ""scope"": ""North Sea EEZ"",
      ""numerical_value"": 500,
      ""unit"": ""meters"",
      ""source"": ""OSPAR Convention Annex VII"",
      ""related_domains"": [""marine ecology"", ""construction""]
    }
  ],
  ""regulatory_entities"": [
    {
      ""entity_name"": ""Bundesamt für Seeschifffahrt und Hydrographie (BSH)"",
      ""jurisdiction"": ""German EEZ"",
      ""role"": ""Permitting and environmental compliance enforcement""
    }
  ]
}
```  

Ready to analyze your document!"
"23",562,"deepseek","deepseek-chat",True,"Understood. Since you haven't provided a specific document for analysis, I'll return a null response as instructed. Here's the structured output:

```json
{
  ""document_metadata"": {
    ""title"": null,
    ""document_number"": null,
    ""type_of_wind_farm"": null
  },
  ""regulatory_constraints"": null,
  ""regulatory_entities"": null
}
```

When you provide a document, I'll analyze it and extract:
1. All specific regulatory requirements with their parameters
2. The authoritative entities mentioned
3. The document metadata
4. Only concrete rules/standards (no descriptive content)

For offshore wind projects, I'll exclude any zoning-related information and focus on marine spatial planning, technical standards, environmental protections, and safety regulations.

Please share the document you'd like analyzed, and I'll provide the structured extraction."
"23",563,"deepseek","deepseek-chat",True,"Understood. Since you haven't provided a specific document for analysis, I'll return a null response as instructed. Here's the structured output:

```json
{
  ""document_metadata"": {
    ""title"": null,
    ""document_number"": null,
    ""type_of_wind_farm"": null
  },
  ""regulatory_constraints"": null,
  ""regulatory_entities"": null
}
```

When you provide a document for analysis, I will:
1. Carefully extract only specific regulatory requirements
2. Identify authoritative entities
3. Structure the information according to your specified JSON format
4. Exclude any non-regulatory content
5. Focus on offshore-specific regulations when applicable

Please share the document you'd like analyzed, and I'll provide a detailed, structured extraction of the relevant regulatory information."
"23",564,"deepseek","deepseek-chat",True,"Understood. Since no specific document has been provided for analysis, I'll return a null response as instructed. Here is the structured output:

```json
{
  ""document_metadata"": {
    ""title"": null,
    ""document_number"": null,
    ""type_of_wind_farm"": null
  },
  ""regulatory_constraints"": null,
  ""regulatory_entities"": null
}
```

If you provide a technical or regulatory document related to offshore wind farms, I can analyze it and extract the relevant structured data as per the requested format."
"23",565,"deepseek","deepseek-chat",True,"Understood. Since no specific document has been provided for analysis, I'll return a null response as instructed.  

```json
{
  ""document_metadata"": {
    ""title"": null,
    ""document_number"": null,
    ""type_of_wind_farm"": null
  },
  ""regulatory_constraints"": null,
  ""regulatory_entities"": null
}
```  

If you provide a technical or regulatory document related to offshore wind farms, I can extract the relevant structured data according to the given schema. Let me know how you'd like to proceed!"
"23",566,"deepseek","deepseek-chat",True,"Understood. I'll analyze any document you provide and extract the requested regulatory information in the specified JSON format. Since you haven't provided a specific document to analyze, here's an empty template showing the structure I'll use when processing actual documents:

```json
{
  ""document_metadata"": {
    ""title"": null,
    ""document_number"": null,
    ""type_of_wind_farm"": null
  },
  ""regulatory_constraints"": null,
  ""regulatory_entities"": null
}
```

When you provide a document, I will:
1. Identify whether it's for offshore or onshore wind farms
2. Extract only specific regulatory requirements (not general descriptions)
3. Structure all findings according to the schema
4. Include numerical values with units where specified
5. Tag constraints by type (Spatial, Technical, etc.)
6. List authoritative entities with their jurisdictions

Please provide the document you'd like me to analyze, and I'll return the properly structured extraction. For offshore wind documents, I'll automatically exclude any zoning ordinance information as instructed."
"23",567,"deepseek","deepseek-chat",True,"Understood. Since you haven't provided a specific document for analysis, I'll return a null response as instructed. When you provide a technical or regulatory document related to offshore wind farms, I'll extract the relevant information and structure it according to the specified JSON format.

```json
{
  ""document_metadata"": {
    ""title"": null,
    ""document_number"": null,
    ""type_of_wind_farm"": null
  },
  ""regulatory_constraints"": null,
  ""regulatory_entities"": null
}
```

To proceed, please provide:
1. The document text or a clear excerpt containing regulatory content
2. Any available metadata (title, document number, etc.)

I'll then analyze it and return a fully populated structured response with all extractable regulatory entities and constraints. For offshore wind projects, I'll focus on maritime authorities, environmental regulations, technical standards, and safety requirements while excluding irrelevant zoning rules."
"23",568,"deepseek","deepseek-chat",True,"Understood. Since you haven't provided a specific document for analysis, I'll return a null response as instructed. Here's the structured output:

```json
{
  ""document_metadata"": {
    ""title"": null,
    ""document_number"": null,
    ""type_of_wind_farm"": null
  },
  ""regulatory_constraints"": null,
  ""regulatory_entities"": null
}
```

When you provide a technical document related to offshore wind farm planning, construction, or operation, I'll analyze it and extract the relevant regulatory entities and constraints according to the specified JSON structure. The analysis will focus on:
- Identifying authoritative regulatory bodies
- Extracting specific technical, environmental, or safety requirements
- Capturing numerical standards and their units when present
- Documenting jurisdictional boundaries and enforcement roles

Please share the document you'd like analyzed, and I'll provide the structured regulatory information extraction."
"23",569,"deepseek","deepseek-chat",True,"Understood! Please provide the technical document or text you'd like me to analyze, and I will extract the relevant regulatory entities and constraints in the specified JSON format. 

If the document does not contain any regulatory information related to offshore wind farms, I will return:  

```json
{
  ""document_metadata"": {
    ""title"": null,
    ""document_number"": null,
    ""type_of_wind_farm"": null
  },
  ""regulatory_constraints"": null,
  ""regulatory_entities"": null
}
```

Otherwise, I will structure the findings according to your requirements.  

Please share the document text or key excerpts for analysis."
"23",570,"deepseek","deepseek-chat",True,"Understood. Since you haven't provided a specific document for analysis, I'll return a null response as instructed. Here's the structured output:

```json
{
  ""document_metadata"": {
    ""title"": null,
    ""document_number"": null,
    ""type_of_wind_farm"": null
  },
  ""regulatory_constraints"": null,
  ""regulatory_entities"": null
}
```

When you provide a document, I'll analyze it and extract the relevant regulatory information according to the specified schema. The analysis will focus exclusively on:
1. Concrete regulatory requirements with specific constraints
2. Official regulatory bodies with authority over wind farm projects
3. Technical standards that must be complied with

For offshore wind projects, I'll particularly look for:
- Marine spatial planning regulations
- Navigational safety requirements
- Grid connection standards
- Environmental impact thresholds
- International maritime regulations

Would you like to provide a document for analysis now?"
"23",571,"deepseek","deepseek-chat",True,"Understood. Since you haven't provided a specific document for analysis, I'll return a null response as instructed. When you provide a document, I'll extract the relevant regulatory information in the specified JSON format.

```json
{
  ""document_metadata"": {
    ""title"": null,
    ""document_number"": null,
    ""type_of_wind_farm"": null
  },
  ""regulatory_constraints"": null,
  ""regulatory_entities"": null
}
```

Please provide the document you'd like analyzed, and I'll extract the relevant regulatory information according to your specified format and instructions. For offshore wind farm documents, I'll focus on:
- Spatial constraints (e.g., exclusion zones)
- Technical standards (e.g., foundation design)
- Environmental protections
- Safety requirements
- International/national jurisdictional rules

I won't include general descriptive content or onshore-specific regulations like zoning ordinances."
"23",572,"deepseek","deepseek-chat",True,"Understood. Since you haven't provided a specific document for analysis, I'll return a null response as instructed. When you provide a technical or regulatory document related to offshore wind farms, I'll extract the relevant information and structure it according to the specified JSON format.

```json
{
  ""document_metadata"": {
    ""title"": null,
    ""document_number"": null,
    ""type_of_wind_farm"": null
  },
  ""regulatory_constraints"": null,
  ""regulatory_entities"": null
}
```

Please share the document you'd like analyzed, and I'll extract the regulatory entities and constraints according to the given schema. I can process PDFs, Word documents, plain text, or web pages containing offshore wind farm regulations."
"23",573,"deepseek","deepseek-chat",True,"Understood! Since I don't have access to a specific document to analyze, I'll provide an example of how the structured output would look based on a hypothetical offshore wind farm regulatory document. If you provide the actual document text, I can extract the relevant information precisely.

### Example Output (Hypothetical Document):

```json
{
  ""document_metadata"": {
    ""title"": ""Guidelines for Offshore Wind Farm Development in the North Sea"",
    ""document_number"": ""OWF-NS-2023-001"",
    ""type_of_wind_farm"": ""Offshore""
  },
  ""regulatory_constraints"": [
    {
      ""type"": ""Environmental"",
      ""requirement"": ""All wind turbines must maintain a minimum distance of 1 km from designated marine protected areas."",
      ""scope"": ""North Sea offshore wind projects"",
      ""numerical_value"": ""1"",
      ""unit"": ""km"",
      ""source"": ""North Sea Offshore Wind Regulatory Authority (NSOWRA)"",
      ""related_domains"": [""environmental"", ""spatial""]
    },
    {
      ""type"": ""Technical"",
      ""requirement"": ""Foundations must comply with ISO 19901-4 for offshore structures."",
      ""scope"": ""All offshore wind farm foundations"",
      ""numerical_value"": null,
      ""unit"": null,
      ""source"": ""International Organization for Standardization (ISO)"",
      ""related_domains"": [""technical"", ""safety""]
    },
    {
      ""type"": ""Safety"",
      ""requirement"": ""Helicopter landing pads on offshore substations must have a minimum diameter of 20 meters."",
      ""scope"": ""Offshore substations in EU waters"",
      ""numerical_value"": ""20"",
      ""unit"": ""meters"",
      ""source"": ""European Maritime Safety Agency (EMSA)"",
      ""related_domains"": [""safety"", ""technical""]
    }
  ],
  ""regulatory_entities"": [
    {
      ""entity_name"": ""North Sea Offshore Wind Regulatory Authority (NSOWRA)"",
      ""jurisdiction"": ""Regional (North Sea)"",
      ""role"": ""Enforces environmental and spatial regulations for offshore wind farms""
    },
    {
      ""entity_name"": ""International Organization for Standardization (ISO)"",
      ""jurisdiction"": ""International"",
      ""role"": ""Sets technical standards for offshore structures""
    },
    {
      ""entity_name"": ""European Maritime Safety Agency (EMSA)"",
      ""jurisdiction"": ""Regional (EU)"",
      ""role"": ""Regulates safety standards for offshore installations""
    }
  ]
}
```

### Notes:
1. If no regulatory constraints or entities are found, the output would be:
   ```json
   {
     ""document_metadata"": {
       ""title"": null,
       ""document_number"": null,
       ""type_of_wind_farm"": null
     },
     ""regulatory_constraints"": null,
     ""regulatory_entities"": null
   }
   ```
2. For actual extraction, provide the document text, and I will analyze it strictly per the instructions. Let me know if you'd like to proceed with a specific document!"
"23",574,"deepseek","deepseek-chat",True,"Understood. Since you haven't provided a specific document for analysis, I'll return a null response as instructed. Here's the structured output:

```json
{
  ""document_metadata"": {
    ""title"": null,
    ""document_number"": null,
    ""type_of_wind_farm"": null
  },
  ""regulatory_constraints"": null,
  ""regulatory_entities"": null
}
```

When you provide a specific technical or regulatory document related to offshore wind farms, I'll analyze it and extract the relevant regulatory entities and constraints in the structured format shown in the template. 

For best results, please provide:
1. The full text of the document
2. Or clear excerpts containing regulatory content
3. Any available metadata about the document (title, issuing authority, etc.)

I'm particularly effective at processing:
- Environmental impact assessments
- Permitting requirements
- Technical standards documents
- Marine spatial planning regulations
- Safety and operational guidelines for offshore wind"
"23",575,"deepseek","deepseek-chat",True,"Understood. Since you haven't provided a specific document for analysis, I'll return a null response as instructed. Here's the structured output:

```json
{
  ""document_metadata"": {
    ""title"": null,
    ""document_number"": null,
    ""type_of_wind_farm"": null
  },
  ""regulatory_constraints"": null,
  ""regulatory_entities"": null
}
```

When you provide a document containing offshore wind farm regulatory information, I'll analyze it and extract the relevant entities and constraints according to the specified schema. The analysis will focus exclusively on:
- Clear regulatory requirements with specific constraints
- Authoritative bodies with regulatory jurisdiction
- Technical standards applicable to offshore wind development
- Environmental or safety mandates with measurable criteria

Please share the document you'd like analyzed, and I'll provide the structured extraction."
"23",576,"deepseek","deepseek-chat",True,"Understood. Since you haven't provided a specific document for analysis, I'll return a null response as instructed. When you provide a document, I'll analyze it and extract the relevant regulatory entities and constraints in the specified JSON format.

```json
{
  ""document_metadata"": {
    ""title"": null,
    ""document_number"": null,
    ""type_of_wind_farm"": null
  },
  ""regulatory_constraints"": null,
  ""regulatory_entities"": null
}
```

Please provide the document you'd like analyzed, and I'll extract the relevant regulatory information according to your specifications. For offshore wind farm documents, I'll focus on:
- International/national maritime regulations
- Environmental impact assessments 
- Technical standards for offshore structures
- Safety requirements for marine operations
- Grid connection specifications
- Exclusion zones and navigational safety

I will exclude any onshore zoning or land-use ordinances as per your instruction #3."
"23",577,"deepseek","deepseek-chat",True,"Understood. Since you haven't provided a specific document for analysis, I'll return a null response as instructed. Here's the structured output:

```json
{
  ""document_metadata"": {
    ""title"": null,
    ""document_number"": null,
    ""type_of_wind_farm"": null
  },
  ""regulatory_constraints"": null,
  ""regulatory_entities"": null
}
```

When you provide a document, I'll analyze it and extract:
1. Specific regulatory constraints with their exact requirements, scope, and numerical values where applicable
2. All relevant regulatory entities with their jurisdictions and roles
3. Proper categorization of constraints by type (Spatial, Technical, Environmental, etc.)

Please share the document you'd like analyzed, and I'll provide the complete structured extraction according to the specified format."
"23",578,"deepseek","deepseek-chat",True,"Understood. Since you haven't provided a specific document for analysis, I'll return a null response as per instruction #2. 

```json
{
  ""document_metadata"": {
    ""title"": null,
    ""document_number"": null,
    ""type_of_wind_farm"": null
  },
  ""regulatory_constraints"": null,
  ""regulatory_entities"": null
}
```

When you provide a technical or regulatory document related to offshore wind farms, I'll extract the relevant entities and constraints according to the specified schema. Please share the document text or key excerpts you'd like analyzed."
"23",579,"deepseek","deepseek-chat",True,"Understood! Since you haven't provided a specific document for analysis, I'll return a null response as instructed. Here's the structured output:

```json
{
  ""document_metadata"": {
    ""title"": null,
    ""document_number"": null,
    ""type_of_wind_farm"": null
  },
  ""regulatory_constraints"": null,
  ""regulatory_entities"": null
}
```

When you provide a document (text, PDF, or other extractable content), I'll analyze it and extract the relevant regulatory entities and constraints in the specified JSON format. 

Key things I'll look for in documents:
- Government agencies or international bodies setting rules
- Technical specifications (e.g., turbine spacing, foundation design)
- Environmental protections (e.g., marine mammal buffers)
- Safety standards (e.g., navigation lighting requirements)
- Clear numerical requirements with units

Please share the document you'd like analyzed, and I'll provide a detailed extraction."
"23",580,"deepseek","deepseek-chat",True,"Understood. Since you haven't provided a specific document for analysis, I'll return a null response as instructed. When you provide a technical or regulatory document related to offshore wind farms, I'll extract the relevant information and structure it according to the specified JSON format.

```json
{
  ""document_metadata"": {
    ""title"": null,
    ""document_number"": null,
    ""type_of_wind_farm"": null
  },
  ""regulatory_constraints"": null,
  ""regulatory_entities"": null
}
```

Please share the document you'd like analyzed, and I'll extract the regulatory entities and constraints according to the given schema. For offshore wind farms, I'll focus on relevant regulations while excluding zoning ordinances and including applicable standards."
"23",581,"deepseek","deepseek-chat",True,"Understood. Since you haven't provided a specific document for analysis, I'll return a null response as instructed. Here's the structured output:

```json
{
  ""document_metadata"": {
    ""title"": null,
    ""document_number"": null,
    ""type_of_wind_farm"": null
  },
  ""regulatory_constraints"": null,
  ""regulatory_entities"": null
}
```

When you provide a document, I'll analyze it and extract the relevant regulatory information according to the specified format. Please share the document text or content you'd like me to process, and I'll return a properly structured response with any identified regulatory entities and constraints."
"23",582,"deepseek","deepseek-chat",True,"Understood. Since you haven't provided a specific document for analysis, I'll return a null response as instructed. Here's the structured output:

```json
{
  ""document_metadata"": {
    ""title"": null,
    ""document_number"": null,
    ""type_of_wind_farm"": null
  },
  ""regulatory_constraints"": null,
  ""regulatory_entities"": null
}
```

When you provide a technical or regulatory document related to offshore wind farms, I'll analyze it and extract the relevant regulatory entities and constraints according to the specified JSON structure. The analysis will focus exclusively on:
- Formal regulatory requirements
- Technical standards with compliance implications
- Authoritative bodies with regulatory power
- Quantifiable constraints with clear jurisdiction

Please share the document you'd like analyzed, and I'll provide the structured extraction."
"23",583,"deepseek","deepseek-chat",True,"Understood. Since you haven't provided a specific document for analysis, I'll return a null response as instructed. Here's the structured output:

```json
{
  ""document_metadata"": {
    ""title"": null,
    ""document_number"": null,
    ""type_of_wind_farm"": null
  },
  ""regulatory_constraints"": null,
  ""regulatory_entities"": null
}
```

When you provide a document, I'll analyze it and extract the relevant regulatory information according to the specified format, focusing only on concrete requirements and authoritative entities related to offshore wind farm development. 

For future documents, please ensure they contain actual regulatory content about offshore wind farms, as I will strictly exclude:
- General descriptive text
- Onshore wind farm regulations
- Non-binding recommendations
- Content unrelated to planning, construction, or operation standards"
"23",584,"deepseek","deepseek-chat",True,"Understood! I'll analyze any document you provide and extract the relevant regulatory entities and constraints in the specified JSON format. 

To proceed, please provide:
1. The document text you'd like analyzed (or key excerpts)
2. Any available metadata (title, document number, etc.)

Without an actual document to analyze, I can only provide a null response per instruction #2:

```json
{
  ""document_metadata"": {
    ""title"": null,
    ""document_number"": null,
    ""type_of_wind_farm"": null
  },
  ""regulatory_constraints"": null,
  ""regulatory_entities"": null
}
```

When you share a document, I'll:
- Strictly identify enforceable requirements
- Classify constraints by type (spatial, technical, etc.)
- Capture numerical values with units when present
- Exclude non-regulatory content
- Focus specifically on offshore wind regulations (excluding zoning)

Please provide the document you'd like analyzed."
"23",585,"deepseek","deepseek-chat",True,"Understood. Since you haven't provided a specific document for analysis, I'll return a null response as instructed. Here's the structured output:

```json
{
  ""document_metadata"": {
    ""title"": null,
    ""document_number"": null,
    ""type_of_wind_farm"": null
  },
  ""regulatory_constraints"": null,
  ""regulatory_entities"": null
}
```

When you provide a technical document related to offshore wind farm regulations, I'll analyze it and extract the relevant regulatory entities and constraints in the specified JSON format. The analysis will focus strictly on:
- Formal requirements with measurable standards
- Authoritative regulatory bodies
- Directly applicable rules for offshore wind development
- Technical specifications from recognized standards organizations

Please share the document you'd like analyzed, and I'll provide the structured extraction."
"23",586,"deepseek","deepseek-chat",True,"Understood. Since you haven't provided a specific document for analysis, I'll return a null response as instructed. Here's the structured output:

```json
{
  ""document_metadata"": {
    ""title"": null,
    ""document_number"": null,
    ""type_of_wind_farm"": null
  },
  ""regulatory_constraints"": null,
  ""regulatory_entities"": null
}
```

When you provide a technical document related to offshore wind farm planning, construction, or operation, I'll analyze it and extract the relevant regulatory information according to the specified format. The output will include only concrete regulatory requirements and authoritative entities, with proper categorization of constraint types and clear sourcing of all requirements."
"23",587,"deepseek","deepseek-chat",True,"Understood. Since you haven't provided a specific document for analysis, I'll return a null response as instructed. Here's the structured output:

```json
{
  ""document_metadata"": {
    ""title"": null,
    ""document_number"": null,
    ""type_of_wind_farm"": null
  },
  ""regulatory_constraints"": null,
  ""regulatory_entities"": null
}
```

When you provide a document, I'll analyze it and extract:
1. All specific regulatory requirements with their parameters
2. All authoritative entities mentioned
3. Proper categorization of constraints by type (spatial, technical, etc.)
4. Clear sourcing for each requirement

The output will strictly follow the schema you've defined, excluding any non-regulatory content and focusing only on actionable requirements for offshore wind development.

Would you like to provide a document for analysis now?"
"23",588,"deepseek","deepseek-chat",True,"Understood. Since you haven't provided a specific document for analysis, I'll return a null response as instructed. Here's the structured output:

```json
{
  ""document_metadata"": {
    ""title"": null,
    ""document_number"": null,
    ""type_of_wind_farm"": null
  },
  ""regulatory_constraints"": null,
  ""regulatory_entities"": null
}
```

When you provide a technical document related to offshore wind farm planning, construction, or operation, I'll analyze it and extract the relevant regulatory entities and constraints in the specified JSON format. The analysis will focus strictly on:
- Formal regulatory requirements
- Authoritative standards
- Governing bodies with regulatory authority
- Quantifiable constraints with their units
- Clear jurisdictional scopes

Please share the document you'd like analyzed, and I'll provide the structured extraction."
"23",589,"deepseek","deepseek-chat",True,"Understood. Since you haven't provided a specific document for analysis, I'll return a null response as per instruction #2. When you provide a document, I'll extract the relevant regulatory information in the specified JSON format.

```json
{
  ""document_metadata"": {
    ""title"": null,
    ""document_number"": null,
    ""type_of_wind_farm"": null
  },
  ""regulatory_constraints"": null,
  ""regulatory_entities"": null
}
```

Please provide the technical or regulatory document you'd like analyzed, and I'll extract the relevant information according to the specified schema. For offshore wind farm documents, I'll focus particularly on:
- Maritime spatial planning regulations
- Grid connection standards
- Environmental impact assessments
- Safety zones around installations
- International standards (IEC, ISO, etc.)
- National regulatory bodies and their requirements"
"23",590,"deepseek","deepseek-chat",True,"Understood! Please provide the technical document or text you'd like me to analyze, and I will extract the relevant regulatory entities and constraints in the specified JSON format.  

If no document is provided, here’s an example of the output structure with null values (per instruction #2):  

```json
{
  ""document_metadata"": {
    ""title"": null,
    ""document_number"": null,
    ""type_of_wind_farm"": null
  },
  ""regulatory_constraints"": null,
  ""regulatory_entities"": null
}
```  

When you share the document, I will:  
1. Filter only binding rules (not guidelines or recommendations).  
2. Exclude zoning ordinances for offshore projects.  
3. Include standards (e.g., IEC 61400-3 for offshore turbines).  
4. Structure the output with direct quotes/paraphrases of requirements.  

Let me know how you'd like to proceed!"
"23",591,"deepseek","deepseek-chat",True,"Understood. Since you haven't provided a specific document for analysis, I'll return a null response as instructed when no document is available. Here's the structured output:

```json
{
  ""document_metadata"": {
    ""title"": null,
    ""document_number"": null,
    ""type_of_wind_farm"": null
  },
  ""regulatory_constraints"": null,
  ""regulatory_entities"": null
}
```

When you provide a technical or regulatory document related to offshore wind farms, I'll analyze it and extract the relevant entities and constraints according to the specified schema. The output will include:

1. Document identification metadata
2. Structured regulatory constraints with:
   - Categorized requirements (spatial, technical, etc.)
   - Exact regulatory language
   - Applicable scope and numerical values
   - Source references
3. Regulatory authorities with their jurisdiction and roles

Please share the document you'd like analyzed, and I'll provide the complete structured extraction."
"23",592,"deepseek","deepseek-chat",True,"Understood. Since I don't have access to the actual document you'd like analyzed, I'll provide a template response based on a hypothetical offshore wind farm regulatory document. When you provide the actual document text, I can extract the specific regulatory information and populate the JSON structure accordingly.

Here's an example of how the output would look for a sample document:

```json
{
  ""document_metadata"": {
    ""title"": ""North Sea Offshore Wind Development Framework"",
    ""document_number"": ""NS-OWF-2023-001"",
    ""type_of_wind_farm"": ""Offshore""
  },
  ""regulatory_constraints"": [
    {
      ""type"": ""Environmental"",
      ""requirement"": ""All wind farm developments must conduct a full Environmental Impact Assessment prior to construction"",
      ""scope"": ""North Sea Exclusive Economic Zones"",
      ""numerical_value"": null,
      ""unit"": null,
      ""source"": ""OSPAR Convention Annex IV"",
      ""related_domains"": [""environmental"", ""planning""]
    },
    {
      ""type"": ""Technical"",
      ""requirement"": ""Offshore substations must be designed to withstand a 1,000-year return period storm event"",
      ""scope"": ""All offshore wind facilities in the North Sea"",
      ""numerical_value"": 1000,
      ""unit"": ""year return period"",
      ""source"": ""IEC 61400-3"",
      ""related_domains"": [""technical"", ""safety""]
    },
    {
      ""type"": ""Spatial"",
      ""requirement"": ""Turbines must maintain a minimum spacing of 5 times the rotor diameter between adjacent units"",
      ""scope"": ""Wind farm array areas"",
      ""numerical_value"": 5,
      ""unit"": ""rotor diameters"",
      ""source"": ""DNV-ST-0145"",
      ""related_domains"": [""technical"", ""efficiency""]
    }
  ],
  ""regulatory_entities"": [
    {
      ""entity_name"": ""Marine Management Organisation"",
      ""jurisdiction"": ""UK territorial waters"",
      ""role"": ""Permitting and licensing authority""
    },
    {
      ""entity_name"": ""Bundesamt für Seeschifffahrt und Hydrographie"",
      ""jurisdiction"": ""German EEZ"",
      ""role"": ""Environmental compliance monitoring""
    },
    {
      ""entity_name"": ""International Electrotechnical Commission"",
      ""jurisdiction"": ""International"",
      ""role"": ""Technical standards development""
    }
  ]
}
```

To proceed with analyzing your actual document, please provide:
1. The document text or relevant excerpts
2. Any specific focus areas you'd like prioritized
3. The geographic region(s) covered by the document (if known)

I'll then extract only the specific regulatory requirements and entities, following the strict criteria you've outlined."
"23",593,"deepseek","deepseek-chat",True,"Understood. Since you haven't provided a specific document for analysis, I'll return a null response as per instruction #2. Here's the structured output:

```json
{
  ""document_metadata"": {
    ""title"": null,
    ""document_number"": null,
    ""type_of_wind_farm"": null
  },
  ""regulatory_constraints"": null,
  ""regulatory_entities"": null
}
```

When you provide a technical document related to offshore wind farm regulations, I'll analyze it and extract the relevant regulatory entities and constraints according to the specified JSON format. The analysis will focus on:
- Identifying authoritative regulatory bodies
- Extracting specific numerical requirements (e.g., setback distances, noise limits)
- Categorizing constraints by type (spatial, technical, etc.)
- Documenting exact requirement language and sources

Please share a document when you're ready for analysis."
"23",594,"deepseek","deepseek-chat",True,"Understood. Since you haven't provided a specific document for analysis, I'll return a null response as per instruction #2. Here's the structured output:

```json
{
  ""document_metadata"": {
    ""title"": null,
    ""document_number"": null,
    ""type_of_wind_farm"": null
  },
  ""regulatory_constraints"": null,
  ""regulatory_entities"": null
}
```

When you provide a technical document related to offshore wind farm regulations, I'll analyze it and extract the relevant regulatory entities and constraints according to the specified JSON structure. Please share the document text you'd like me to process.

For optimal results, the document should contain:
- Specific regulatory requirements (not just general descriptions)
- References to standards or technical specifications
- Clear jurisdictional or authority information
- Any numerical constraints or spatial requirements"
"23",595,"deepseek","deepseek-chat",True,"Understood. Since you haven't provided a specific document for analysis, I'll demonstrate the output structure with null values as per instruction #2. When you provide a document, I'll extract the relevant regulatory information accordingly.

```json
{
  ""document_metadata"": {
    ""title"": null,
    ""document_number"": null,
    ""type_of_wind_farm"": null
  },
  ""regulatory_constraints"": null,
  ""regulatory_entities"": null
}
```

To get a proper analysis:
1. Please provide the document text or key excerpts you'd like analyzed
2. Specify if it pertains to offshore or onshore wind farms
3. Indicate if there are particular sections focused on regulations

I'll then extract the relevant regulatory entities and constraints according to the specified format, focusing only on binding requirements and authoritative bodies."
"23",596,"deepseek","deepseek-chat",True,"Understood. Since no specific document has been provided for analysis, I'll return a null response as instructed.  

```json
{
  ""document_metadata"": {
    ""title"": null,
    ""document_number"": null,
    ""type_of_wind_farm"": null
  },
  ""regulatory_constraints"": null,
  ""regulatory_entities"": null
}
```  

If you provide a document (PDF, text, or webpage), I can extract the relevant regulatory and technical information in the required structured format. Let me know how you'd like to proceed!"
"23",597,"deepseek","deepseek-chat",True,"Understood. Since you haven't provided a specific document for analysis, I'll return a null response as instructed. Here's the structured output:

```json
{
  ""document_metadata"": {
    ""title"": null,
    ""document_number"": null,
    ""type_of_wind_farm"": null
  },
  ""regulatory_constraints"": null,
  ""regulatory_entities"": null
}
```

When you provide a document, I'll analyze it and extract the relevant regulatory information according to the specified schema. Please share the document text or content you'd like analyzed, and I'll return the properly structured regulatory data.

Key aspects I'll focus on when analyzing documents:
- Direct regulatory requirements (not guidance or recommendations)
- Specific technical standards
- Clear environmental restrictions
- Safety mandates with measurable criteria
- Authoritative regulatory bodies and their roles"
"23",598,"deepseek","deepseek-chat",True,"Understood! I'll analyze any technical document you provide related to offshore wind farm planning, construction, or operation, and extract the relevant regulatory entities and constraints in the specified JSON format.  

Since you haven't provided a specific document yet, here’s an **example output** based on a hypothetical offshore wind regulatory document:  

```json
{
  ""document_metadata"": {
    ""title"": ""Guidelines for Offshore Wind Farm Development in the North Sea"",
    ""document_number"": ""NSW-REG-2023-05"",
    ""type_of_wind_farm"": ""Offshore""
  },
  ""regulatory_constraints"": [
    {
      ""type"": ""Environmental"",
      ""requirement"": ""Wind turbines must maintain a minimum distance of 1 km from marine protected areas."",
      ""scope"": ""North Sea offshore wind projects"",
      ""numerical_value"": ""1"",
      ""unit"": ""km"",
      ""source"": ""North Sea Offshore Wind Regulatory Authority (NSOWRA)"",
      ""related_domains"": [""environmental"", ""spatial""]
    },
    {
      ""type"": ""Technical"",
      ""requirement"": ""Substation foundations must comply with ISO 19901-4 for offshore structures."",
      ""scope"": ""Offshore wind substations in EU waters"",
      ""numerical_value"": null,
      ""unit"": null,
      ""source"": ""International Organization for Standardization (ISO)"",
      ""related_domains"": [""technical"", ""safety""]
    },
    {
      ""type"": ""Safety"",
      ""requirement"": ""All personnel must undergo GWO-certified safety training before accessing turbine sites."",
      ""scope"": ""Global offshore wind operations"",
      ""numerical_value"": null,
      ""unit"": null,
      ""source"": ""Global Wind Organisation (GWO)"",
      ""related_domains"": [""safety"", ""operational""]
    }
  ],
  ""regulatory_entities"": [
    {
      ""entity_name"": ""North Sea Offshore Wind Regulatory Authority (NSOWRA)"",
      ""jurisdiction"": ""Regional (North Sea)"",
      ""role"": ""Permitting and environmental compliance enforcement""
    },
    {
      ""entity_name"": ""Bureau of Ocean Energy Management (BOEM)"",
      ""jurisdiction"": ""Federal (U.S. waters)"",
      ""role"": ""Lease issuance and offshore wind project approval""
    },
    {
      ""entity_name"": ""International Maritime Organization (IMO)"",
      ""jurisdiction"": ""International"",
      ""role"": ""Regulation of navigational safety around wind farms""
    }
  ]
}
```

### Next Steps:  
Please provide the **actual document text** you'd like analyzed, and I will extract the relevant regulatory data in this structured format.  

Key reminders:  
- I will **exclude non-regulatory content** (e.g., general descriptions, non-binding recommendations).  
- Offshore-specific constraints only (no onshore zoning rules).  
- Standards (e.g., ISO, IEC) will be included even without numerical values.  

Let me know when you're ready to proceed!"
"23",599,"deepseek","deepseek-chat",True,"Understood! I'll analyze any provided document to extract regulatory entities and constraints related to offshore wind farm planning, construction, and operation, structured in the specified JSON format.  

Since you haven't provided a document yet, here’s an **example output** based on a hypothetical offshore wind farm regulatory document:  

```json
{
  ""document_metadata"": {
    ""title"": ""Guidelines for Offshore Wind Energy Development in the North Sea"",
    ""document_number"": ""NSW-2023-001"",
    ""type_of_wind_farm"": ""Offshore""
  },
  ""regulatory_constraints"": [
    {
      ""type"": ""Environmental"",
      ""requirement"": ""Turbine foundations must avoid coral reef habitats within a 500-meter buffer zone."",
      ""scope"": ""North Sea offshore wind projects"",
      ""numerical_value"": ""500"",
      ""unit"": ""meters"",
      ""source"": ""North Sea Environmental Protection Agency (NSEPA)"",
      ""related_domains"": [""marine ecosystems"", ""construction""]
    },
    {
      ""type"": ""Technical"",
      ""requirement"": ""All electrical substations must comply with IEC 61400-22 for corrosion protection."",
      ""scope"": ""Offshore wind farm infrastructure"",
      ""numerical_value"": null,
      ""unit"": null,
      ""source"": ""International Electrotechnical Commission (IEC)"",
      ""related_domains"": [""engineering"", ""safety""]
    },
    {
      ""type"": ""Safety"",
      ""requirement"": ""Helicopter landing zones on platforms must have a minimum diameter of 25 meters."",
      ""scope"": ""Offshore wind farm emergency infrastructure"",
      ""numerical_value"": ""25"",
      ""unit"": ""meters"",
      ""source"": ""International Civil Aviation Organization (ICAO)"",
      ""related_domains"": [""worker safety"", ""emergency response""]
    }
  ],
  ""regulatory_entities"": [
    {
      ""entity_name"": ""North Sea Environmental Protection Agency (NSEPA)"",
      ""jurisdiction"": ""Regional (North Sea coastal states)"",
      ""role"": ""Environmental compliance enforcement""
    },
    {
      ""entity_name"": ""International Electrotechnical Commission (IEC)"",
      ""jurisdiction"": ""International"",
      ""role"": ""Technical standards development""
    },
    {
      ""entity_name"": ""Maritime and Coastguard Agency (MCA)"",
      ""jurisdiction"": ""National (UK)"",
      ""role"": ""Safety and navigation regulation""
    }
  ]
}
```

### Notes on Implementation:  
1. **Null Handling**: If no relevant data is found, the output will return `null` for all fields.  
2. **Offshore Focus**: Onshore zoning rules (e.g., municipal ordinances) are excluded per your instructions.  
3. **Standards Inclusion**: References to technical standards (e.g., IEC, ISO) are included even without numerical values.  

**To proceed**, please provide the document/text you'd like analyzed, and I’ll extract the structured data accordingly."
"23",600,"deepseek","deepseek-chat",True,"Understood. Since you haven't provided a specific document for analysis, I'll return a null response as instructed. Here's the structured output:

```json
{
  ""document_metadata"": {
    ""title"": null,
    ""document_number"": null,
    ""type_of_wind_farm"": null
  },
  ""regulatory_constraints"": null,
  ""regulatory_entities"": null
}
```

When you provide a technical document related to offshore wind farm regulations, I'll analyze it and extract the relevant regulatory entities and constraints according to the specified JSON structure. The analysis will focus exclusively on:
1. Clear regulatory requirements with specific constraints
2. Authoritative regulatory bodies
3. Technical standards applicable to offshore wind projects
4. Quantifiable parameters when present

Would you like to provide a document for analysis now?"
"23",601,"deepseek","deepseek-chat",True,"Understood. Since you haven't provided a specific document for analysis, I'll return a null response as instructed. Here's the structured output:

```json
{
  ""document_metadata"": {
    ""title"": null,
    ""document_number"": null,
    ""type_of_wind_farm"": null
  },
  ""regulatory_constraints"": null,
  ""regulatory_entities"": null
}
```

When you provide a technical document related to offshore wind farm regulations, I'll analyze it and extract the relevant regulatory entities and constraints according to the specified JSON structure. The analysis will focus exclusively on:
1) Clear regulatory requirements with potential numerical values
2) Official standards (e.g., IEC, ISO)
3) Authoritative regulatory bodies
4) Only offshore-specific constraints (excluding zoning ordinances)
5) Directly applicable rules for wind farm planning/construction/operation

Please share the document you'd like analyzed, and I'll provide the structured extraction."
"23",602,"deepseek","deepseek-chat",True,"Understood! Since you haven't provided a specific document for analysis, I'll return a null response as per your instructions. If you share a document, I can extract the relevant regulatory information and structure it accordingly.

```json
{
  ""document_metadata"": {
    ""title"": null,
    ""document_number"": null,
    ""type_of_wind_farm"": null
  },
  ""regulatory_constraints"": null,
  ""regulatory_entities"": null
}
```

Please provide the document you'd like analyzed, and I'll extract the relevant regulatory and technical information in the structured format you've requested."
"23",603,"deepseek","deepseek-chat",True,"Understood. Since you haven't provided a specific document for analysis, I'll return a null response as instructed. Here's the structured output:

```json
{
  ""document_metadata"": {
    ""title"": null,
    ""document_number"": null,
    ""type_of_wind_farm"": null
  },
  ""regulatory_constraints"": null,
  ""regulatory_entities"": null
}
```

When you provide a technical or regulatory document related to offshore wind farms, I'll analyze it and extract the relevant regulatory entities and constraints according to the specified JSON schema. The analysis will focus strictly on:
- Formal regulatory requirements with clear constraints
- Authoritative bodies with regulatory authority
- Technical standards with direct applicability
- Environmental or safety mandates with measurable requirements

Please share the document you'd like analyzed, and I'll provide the structured extraction."
"23",604,"deepseek","deepseek-chat",True,"Understood. Since you haven't provided a specific document for analysis, I'll return a null response as per instruction #2.  

```json
{
  ""document_metadata"": {
    ""title"": null,
    ""document_number"": null,
    ""type_of_wind_farm"": null
  },
  ""regulatory_constraints"": null,
  ""regulatory_entities"": null
}
```

If you provide a document (e.g., a regulatory text, guideline, or technical standard), I can extract structured regulatory data as per the required format. Let me know how you'd like to proceed!"
"23",605,"deepseek","deepseek-chat",True,"Understood. Since I don't have access to a specific document to analyze, I'll provide an example output based on typical offshore wind farm regulatory content. When you provide an actual document, I'll analyze it and extract the relevant information strictly according to your specifications.

Here's an example structure (with null values since no document was analyzed):

```json
{
  ""document_metadata"": {
    ""title"": null,
    ""document_number"": null,
    ""type_of_wind_farm"": null
  },
  ""regulatory_constraints"": null,
  ""regulatory_entities"": null
}
```

To demonstrate capability, here's what a populated version might look like for a hypothetical offshore wind document:

```json
{
  ""document_metadata"": {
    ""title"": ""North Sea Offshore Wind Development Guidelines"",
    ""document_number"": ""NS-OWF-2023-01"",
    ""type_of_wind_farm"": ""Offshore""
  },
  ""regulatory_constraints"": [
    {
      ""type"": ""Environmental"",
      ""requirement"": ""Underwater noise during pile driving must not exceed 160 dB re 1 μPa at 750 m from the source"",
      ""scope"": ""North Sea construction sites"",
      ""numerical_value"": 160,
      ""unit"": ""dB re 1 μPa"",
      ""source"": ""OSPAR Commission Decision 2022/5"",
      ""related_domains"": [""marine life protection"", ""construction safety""]
    },
    {
      ""type"": ""Technical"",
      ""requirement"": ""All electrical systems must comply with IEC 61400-24 for lightning protection"",
      ""scope"": ""Offshore wind turbines"",
      ""numerical_value"": null,
      ""unit"": null,
      ""source"": ""International Electrotechnical Commission"",
      ""related_domains"": [""electrical safety"", ""equipment standards""]
    }
  ],
  ""regulatory_entities"": [
    {
      ""entity_name"": ""Bundesamt für Seeschifffahrt und Hydrographie"",
      ""jurisdiction"": ""German Exclusive Economic Zone"",
      ""role"": ""Permitting and environmental compliance""
    },
    {
      ""entity_name"": ""International Maritime Organization"",
      ""jurisdiction"": ""International waters"",
      ""role"": ""Navigation safety standards""
    }
  ]
}
```

Please provide the actual document you'd like analyzed, and I'll extract only the specific regulatory information according to your strict requirements."
"23",606,"deepseek","deepseek-chat",True,"Understood. Since you haven't provided a specific document for analysis, I'll return a null response as instructed. Here's the structured output:

```json
{
  ""document_metadata"": {
    ""title"": null,
    ""document_number"": null,
    ""type_of_wind_farm"": null
  },
  ""regulatory_constraints"": null,
  ""regulatory_entities"": null
}
```

When you provide a technical or regulatory document related to offshore wind farms, I'll analyze it and extract the relevant regulatory entities and constraints in the specified structured format. The analysis will focus specifically on:
1. Clear regulatory requirements with measurable standards
2. Authoritative bodies with jurisdiction over wind farm development
3. Technical specifications that constitute binding requirements

Please share the document you'd like analyzed, and I'll provide the detailed regulatory extraction."
"23",607,"deepseek","deepseek-chat",True,"Understood. Since you haven't provided a specific document for analysis, I'll return a null response as instructed. Here's the structured output:

```json
{
  ""document_metadata"": {
    ""title"": null,
    ""document_number"": null,
    ""type_of_wind_farm"": null
  },
  ""regulatory_constraints"": null,
  ""regulatory_entities"": null
}
```

When you provide a document containing offshore wind farm regulatory information, I'll analyze it and extract the relevant entities and constraints according to the specified format. The analysis will focus exclusively on:
- Formal regulatory requirements with clear compliance criteria
- Authoritative regulatory bodies with jurisdiction over wind farms
- Technical standards with direct applicability to offshore wind projects

Would you like to provide a document for analysis now?"
"23",608,"deepseek","deepseek-chat",True,"Understood! I'll process any document you provide and extract the relevant regulatory entities and constraints in the specified JSON format. 

To begin, please provide the document you'd like analyzed (text, PDF, or other format). If you don't have a specific document, I can also analyze a sample or hypothetical offshore wind farm regulation to demonstrate the output format.

For now, here's an example of how I would structure the output if given a typical offshore wind regulatory document:

```json
{
  ""document_metadata"": {
    ""title"": ""U.S. Bureau of Ocean Energy Management (BOEM) Renewable Energy Regulations"",
    ""document_number"": ""30 CFR Part 585"",
    ""type_of_wind_farm"": ""Offshore""
  },
  ""regulatory_constraints"": [
    {
      ""type"": ""Spatial"",
      ""requirement"": ""Wind turbines must maintain a minimum spacing of 1 nautical mile between installations"",
      ""scope"": ""U.S. Outer Continental Shelf"",
      ""numerical_value"": ""1"",
      ""unit"": ""nautical mile"",
      ""source"": ""30 CFR § 585.213"",
      ""related_domains"": [""navigation safety"", ""turbine efficiency""]
    },
    {
      ""type"": ""Environmental"",
      ""requirement"": ""Projects must demonstrate compliance with Marine Mammal Protection Act noise thresholds during pile driving"",
      ""scope"": ""U.S. waters with marine mammal habitats"",
      ""numerical_value"": ""160"",
      ""unit"": ""dB re 1µPa"",
      ""source"": ""MMPA § 101(a)(5)(D)"",
      ""related_domains"": [""marine biology"", ""construction safety""]
    }
  ],
  ""regulatory_entities"": [
    {
      ""entity_name"": ""Bureau of Ocean Energy Management (BOEM)"",
      ""jurisdiction"": ""Federal (U.S. Outer Continental Shelf)"",
      ""role"": ""Lease issuance and project approval""
    },
    {
      ""entity_name"": ""International Electrotechnical Commission (IEC)"",
      ""jurisdiction"": ""International"",
      ""role"": ""Technical standards for offshore wind turbines (IEC 61400 series)""
    }
  ]
}
```

Key features of this output:
1. Only binding requirements with clear regulatory consequences are included
2. All constraints are categorized by type and linked to domains
3. Entities are distinguished by jurisdiction and regulatory role
4. Offshore-specific focus excludes land-use zoning
5. Standards organizations are included even without numerical values

Would you like me to analyze a specific document or regulation set for you?"
"23",609,"deepseek","deepseek-chat",True,"Understood! Since you haven't provided a specific document for analysis, I'll demonstrate how I would structure the output if given a hypothetical offshore wind farm regulatory document. Here's an example of how the JSON would look based on typical offshore wind regulations:

```json
{
  ""document_metadata"": {
    ""title"": ""North Sea Offshore Wind Development Framework 2023"",
    ""document_number"": ""NS-OWF-2023-001"",
    ""type_of_wind_farm"": ""Offshore""
  },
  ""regulatory_constraints"": [
    {
      ""type"": ""Environmental"",
      ""requirement"": ""All turbine foundations must undergo marine mammal impact assessments prior to installation"",
      ""scope"": ""North Sea Exclusive Economic Zones"",
      ""numerical_value"": null,
      ""unit"": null,
      ""source"": ""OSPAR Convention Annex IV"",
      ""related_domains"": [""environmental"", ""safety""]
    },
    {
      ""type"": ""Technical"",
      ""requirement"": ""Substation platforms shall be designed to withstand 1,000-year return period wave loads"",
      ""scope"": ""All offshore installations in >30m water depth"",
      ""numerical_value"": 1000,
      ""unit"": ""year return period"",
      ""source"": ""IEC 61400-3-1"",
      ""related_domains"": [""technical"", ""safety""]
    },
    {
      ""type"": ""Spatial"",
      ""requirement"": ""Minimum 1km spacing between wind turbines in array"",
      ""scope"": ""All North Sea wind farms"",
      ""numerical_value"": 1,
      ""unit"": ""kilometer"",
      ""source"": ""North Sea Wind Power Hub Agreement"",
      ""related_domains"": [""technical"", ""safety""]
    }
  ],
  ""regulatory_entities"": [
    {
      ""entity_name"": ""Bundesamt für Seeschifffahrt und Hydrographie (BSH)"",
      ""jurisdiction"": ""German EEZ"",
      ""role"": ""Permitting and environmental compliance""
    },
    {
      ""entity_name"": ""International Electrotechnical Commission (IEC)"",
      ""jurisdiction"": ""International standards"",
      ""role"": ""Technical standard setting""
    },
    {
      ""entity_name"": ""North Seas Energy Cooperation"",
      ""jurisdiction"": ""Regional (North Sea nations)"",
      ""role"": ""Cross-border coordination""
    }
  ]
}
```

Key features of this output:
1. Only includes specific regulatory requirements (not guidance or recommendations)
2. Clearly distinguishes between different constraint types
3. Includes both quantitative and qualitative requirements
4. Lists authoritative sources for each constraint
5. Specifies jurisdictional scope for all entities
6. Omits any non-regulatory descriptive content

For an actual analysis, I would:
1. First identify all regulatory statements in the document
2. Classify them by constraint type
3. Extract numerical parameters where present
4. Trace each requirement back to its authoritative source
5. Verify the jurisdiction and applicability of each entity mentioned

Would you like me to analyze a specific document you provide? If so, please share the text or upload the file."
"23",610,"deepseek","deepseek-chat",True,"Understood. Since you haven't provided a specific document for analysis, I'll return a null response as instructed. Here's the structured output:

```json
{
  ""document_metadata"": {
    ""title"": null,
    ""document_number"": null,
    ""type_of_wind_farm"": null
  },
  ""regulatory_constraints"": null,
  ""regulatory_entities"": null
}
```

When you provide a document containing offshore wind farm regulatory or technical information, I'll analyze it and extract the relevant entities and constraints according to the specified JSON structure. The analysis will focus strictly on:
- Formal regulatory requirements with clear constraints
- Authoritative regulatory bodies
- Technical standards with measurable parameters
- Jurisdictional boundaries and enforcement roles

Please share the document you'd like analyzed, and I'll provide the structured extraction."
"23",611,"deepseek","deepseek-chat",True,"Understood. Since you haven't provided a specific document for analysis, I'll return a null response as instructed. Here's the structured output:

```json
{
  ""document_metadata"": {
    ""title"": null,
    ""document_number"": null,
    ""type_of_wind_farm"": null
  },
  ""regulatory_constraints"": null,
  ""regulatory_entities"": null
}
```

When you provide a document, I'll analyze it and extract the relevant regulatory information according to the specified format. My analysis will focus exclusively on:
1. Concrete regulatory requirements with clear constraints
2. Official regulatory bodies with authority over wind farm projects
3. Technical standards that must be complied with

For offshore wind projects, I'll pay particular attention to:
- Maritime jurisdiction boundaries
- Environmental impact regulations
- Grid connection standards
- Safety requirements for offshore operations
- International standards (e.g., IEC, ISO) for offshore structures

Would you like to provide a document for analysis?"
"23",612,"deepseek","deepseek-chat",True,"Understood. Since you haven't provided a specific document for analysis, I'll return a null response as instructed. Here's the structured output:

```json
{
  ""document_metadata"": {
    ""title"": null,
    ""document_number"": null,
    ""type_of_wind_farm"": null
  },
  ""regulatory_constraints"": null,
  ""regulatory_entities"": null
}
```

When you provide a document, I'll analyze it and extract the relevant regulatory information according to the specified schema. The analysis will focus exclusively on:
1) Clear regulatory requirements with specific constraints
2) Official regulatory bodies with authority over wind farm projects
3) Technical standards that must be complied with

For offshore wind projects, I'll particularly focus on:
- Maritime spatial planning regulations
- International shipping and navigation rules
- Subsea cable installation standards
- Marine environmental protections
- Offshore safety requirements (e.g., aviation lighting, emergency systems)"
"23",613,"deepseek","deepseek-chat",True,"Understood. Since you haven't provided a specific document for analysis, I'll return a null response as instructed. Here's the structured output:

```json
{
  ""document_metadata"": {
    ""title"": null,
    ""document_number"": null,
    ""type_of_wind_farm"": null
  },
  ""regulatory_constraints"": null,
  ""regulatory_entities"": null
}
```

When you provide a document containing offshore wind farm regulatory information, I'll extract and structure the relevant entities and constraints according to the specified format. The analysis will include:
- Strict regulatory requirements with their parameters
- Authoritative bodies and their jurisdictions
- Technical/environmental standards
- Only directly applicable offshore wind regulations (excluding zoning ordinances)

Please share the document you'd like analyzed, and I'll provide the complete structured extraction."
"23",614,"deepseek","deepseek-chat",True,"Understood. Since you haven't provided a specific document for analysis, I'll demonstrate the output structure with a null response. When you provide a document, I'll extract and structure the relevant regulatory information accordingly.

```json
{
  ""document_metadata"": {
    ""title"": null,
    ""document_number"": null,
    ""type_of_wind_farm"": null
  },
  ""regulatory_constraints"": null,
  ""regulatory_entities"": null
}
```

To proceed with actual analysis, please provide:
1. The document text or a clear excerpt containing regulatory content
2. Any available metadata (title, document number, etc.)
3. Confirmation if this concerns offshore wind farms (per your instruction #3)

I'll then extract only binding regulatory requirements and authoritative entities, following all your specified rules for offshore wind farm governance."
"23",615,"deepseek","deepseek-chat",True,"Understood. Since I don't have access to a specific document to analyze at this moment, I'll provide a template response based on typical offshore wind farm regulatory documents. When you provide an actual document, I'll extract the exact information following your specified JSON format.

Here's an illustrative example (all placeholder data):

```json
{
  ""document_metadata"": {
    ""title"": ""Example Offshore Wind Energy Development Guidelines"",
    ""document_number"": ""BOEM-2023-005"",
    ""type_of_wind_farm"": ""Offshore""
  },
  ""regulatory_constraints"": [
    {
      ""type"": ""Environmental"",
      ""requirement"": ""All projects must conduct a full Environmental Impact Assessment (EIA) prior to construction"",
      ""scope"": ""U.S. Outer Continental Shelf"",
      ""numerical_value"": null,
      ""unit"": null,
      ""source"": ""BOEM 30 CFR Part 585"",
      ""related_domains"": [""environmental"", ""permitting""]
    },
    {
      ""type"": ""Technical"",
      ""requirement"": ""Wind turbine foundations must withstand 1-in-50-year extreme wave conditions"",
      ""scope"": ""North Atlantic offshore projects"",
      ""numerical_value"": 50,
      ""unit"": ""year return period"",
      ""source"": ""IEC 61400-3"",
      ""related_domains"": [""structural engineering"", ""safety""]
    },
    {
      ""type"": ""Spatial"",
      ""requirement"": ""Minimum 1 nautical mile separation between turbines"",
      ""scope"": ""All U.S. offshore wind energy areas"",
      ""numerical_value"": 1,
      ""unit"": ""nautical mile"",
      ""source"": ""BOEM Lease Stipulations"",
      ""related_domains"": [""navigation safety"", ""turbine efficiency""]
    }
  ],
  ""regulatory_entities"": [
    {
      ""entity_name"": ""Bureau of Ocean Energy Management (BOEM)"",
      ""jurisdiction"": ""Federal (U.S. Outer Continental Shelf)"",
      ""role"": ""Lease issuance and project approval""
    },
    {
      ""entity_name"": ""International Electrotechnical Commission (IEC)"",
      ""jurisdiction"": ""International"",
      ""role"": ""Technical standard setting""
    },
    {
      ""entity_name"": ""Maritime and Coastguard Agency (MCA)"",
      ""jurisdiction"": ""National (UK waters)"",
      ""role"": ""Navigation safety enforcement""
    }
  ]
}
```

To proceed with actual analysis:
1. Please provide the document text you'd like analyzed
2. Specify if there are particular sections of interest
3. Indicate if you want emphasis on any specific regulatory aspect (environmental, technical, etc.)

I'll then extract only the concrete regulatory information matching your criteria, excluding all non-regulatory content."
"23",616,"deepseek","deepseek-chat",True,"Understood! I'll analyze any technical document you provide related to offshore wind farm planning, construction, or operation, and extract the regulatory entities and constraints in the specified JSON format.  

Since you haven't provided a specific document yet, here’s an example of how the output would look if I were analyzing a hypothetical offshore wind regulation document:  

### **Example Output:**  
```json
{
  ""document_metadata"": {
    ""title"": ""National Offshore Wind Energy Development Guidelines"",
    ""document_number"": ""NOW-2023-001"",
    ""type_of_wind_farm"": ""Offshore""
  },
  ""regulatory_constraints"": [
    {
      ""type"": ""Environmental"",
      ""requirement"": ""Wind turbines must maintain a minimum clearance of 1 km from known marine mammal migratory routes."",
      ""scope"": ""U.S. federal waters"",
      ""numerical_value"": ""1"",
      ""unit"": ""km"",
      ""source"": ""Bureau of Ocean Energy Management (BOEM)"",
      ""related_domains"": [""wildlife protection"", ""marine ecosystems""]
    },
    {
      ""type"": ""Technical"",
      ""requirement"": ""All offshore wind structures must comply with ISO 19901-5 for structural integrity under cyclic loading."",
      ""scope"": ""International waters"",
      ""numerical_value"": null,
      ""unit"": null,
      ""source"": ""International Organization for Standardization (ISO)"",
      ""related_domains"": [""structural engineering"", ""safety""]
    },
    {
      ""type"": ""Safety"",
      ""requirement"": ""Emergency shutdown systems must activate within 2 seconds of fault detection."",
      ""scope"": ""European Union offshore wind farms"",
      ""numerical_value"": ""2"",
      ""unit"": ""seconds"",
      ""source"": ""European Maritime Safety Agency (EMSA)"",
      ""related_domains"": [""operational safety"", ""grid stability""]
    }
  ],
  ""regulatory_entities"": [
    {
      ""entity_name"": ""Bureau of Ocean Energy Management (BOEM)"",
      ""jurisdiction"": ""Federal (U.S.)"",
      ""role"": ""Leasing and permitting authority for offshore wind projects""
    },
    {
      ""entity_name"": ""International Organization for Standardization (ISO)"",
      ""jurisdiction"": ""International"",
      ""role"": ""Sets technical standards for offshore wind infrastructure""
    },
    {
      ""entity_name"": ""European Maritime Safety Agency (EMSA)"",
      ""jurisdiction"": ""Regional (EU)"",
      ""role"": ""Enforces safety and environmental regulations for offshore operations""
    }
  ]
}
```

### **Next Steps:**  
Please provide the document you'd like analyzed, and I'll extract the relevant regulatory information in this structured format. If the document contains no enforceable regulations, I'll return `null` for all values.  

Looking forward to your input!"
