"document_id","chunk_number","model_type","model_name","parsed_successfully","raw_output"
"49",1,"deepseek","deepseek-chat",True,"Understood. Since you haven't provided a specific document for analysis, I'll return a null response as per instruction #2. When you provide a technical or regulatory document related to offshore wind farms, I'll extract the relevant information and structure it according to the specified JSON format.

```json
{
  ""document_metadata"": {
    ""title"": null,
    ""document_number"": null,
    ""type_of_wind_farm"": null
  },
  ""regulatory_constraints"": null,
  ""regulatory_entities"": null
}
```

Please share the document you'd like analyzed, and I'll extract the regulatory entities and constraints with precision. For offshore wind farms, I'll focus on:
- International maritime regulations
- Grid connection standards
- Environmental impact assessments
- Structural design requirements
- Safety zones for navigation
- Decommissioning obligations

I'll exclude any onshore/zoning content as instructed."
"49",2,"deepseek","deepseek-chat",True,"Understood! Since I don't have access to a specific document to analyze, I'll provide a hypothetical example of how the structured output would look based on a typical offshore wind farm regulatory document.  

Here’s an example JSON output for a fictional offshore wind farm regulatory document:  

```json
{
  ""document_metadata"": {
    ""title"": ""Offshore Wind Energy Development Guidelines"",
    ""document_number"": ""OWED-2023-001"",
    ""type_of_wind_farm"": ""Offshore""
  },
  ""regulatory_constraints"": [
    {
      ""type"": ""Environmental"",
      ""requirement"": ""Wind turbines must maintain a minimum clearance of 500 meters from known marine mammal migration routes."",
      ""scope"": ""North Atlantic offshore wind lease areas"",
      ""numerical_value"": ""500"",
      ""unit"": ""meters"",
      ""source"": ""Marine Mammal Protection Act (MMPA), Section 101(a)(5)(D)"",
      ""related_domains"": [""wildlife protection"", ""marine biology""]
    },
    {
      ""type"": ""Technical"",
      ""requirement"": ""All offshore wind turbine foundations must comply with ISO 19901-5 for structural integrity."",
      ""scope"": ""Global offshore wind projects"",
      ""numerical_value"": null,
      ""unit"": null,
      ""source"": ""International Organization for Standardization (ISO)"",
      ""related_domains"": [""structural engineering"", ""safety""]
    },
    {
      ""type"": ""Spatial"",
      ""requirement"": ""No wind turbine may be constructed within 1 nautical mile of a designated shipping lane."",
      ""scope"": ""U.S. federal waters"",
      ""numerical_value"": ""1"",
      ""unit"": ""nautical mile"",
      ""source"": ""Bureau of Ocean Energy Management (BOEM) Lease Stipulations"",
      ""related_domains"": [""maritime navigation"", ""safety""]
    }
  ],
  ""regulatory_entities"": [
    {
      ""entity_name"": ""Bureau of Ocean Energy Management (BOEM)"",
      ""jurisdiction"": ""Federal (U.S.)"",
      ""role"": ""Leasing and permitting authority for offshore wind projects""
    },
    {
      ""entity_name"": ""International Organization for Standardization (ISO)"",
      ""jurisdiction"": ""International"",
      ""role"": ""Sets technical standards for offshore wind infrastructure""
    },
    {
      ""entity_name"": ""National Oceanic and Atmospheric Administration (NOAA)"",
      ""jurisdiction"": ""Federal (U.S.)"",
      ""role"": ""Enforces marine environmental regulations""
    }
  ]
}
```

### Notes on the Example:  
- **Regulatory Constraints** are categorized by type (e.g., Environmental, Technical, Spatial).  
- **Numerical values** are included where applicable (e.g., distance restrictions).  
- **Standards (e.g., ISO)** are included even without numerical values.  
- **Regulatory Entities** specify their jurisdiction and role.  

If you provide an actual document, I can extract the relevant information in this structured format. Let me know how you'd like to proceed!"
"49",3,"deepseek","deepseek-chat",True,"Understood! I'll analyze any technical document you provide related to offshore wind farm planning, construction, or operation, and extract structured regulatory data in the specified JSON format.  

Since you haven't provided a specific document yet, here’s an example of how I would process a hypothetical regulatory document:  

### **Example Input Document (Hypothetical)**  
*Title:* ""U.S. Bureau of Ocean Energy Management (BOEM) Offshore Wind Energy Regulations""  
*Excerpt:*  
- ""All offshore wind turbines must maintain a minimum clearance of 22 meters above Mean High Water (MHW) to ensure navigational safety (BOEM 2023).""  
- ""Environmental impact assessments (EIAs) must be conducted before construction, following ISO 14001 standards.""  
- ""The Federal Aviation Administration (FAA) must review all structures exceeding 200 feet in height.""  

### **Structured Output (Example)**  
```json
{
  ""document_metadata"": {
    ""title"": ""U.S. Bureau of Ocean Energy Management (BOEM) Offshore Wind Energy Regulations"",
    ""document_number"": null,
    ""type_of_wind_farm"": ""Offshore""
  },
  ""regulatory_constraints"": [
    {
      ""type"": ""Safety"",
      ""requirement"": ""All offshore wind turbines must maintain a minimum clearance of 22 meters above Mean High Water (MHW) to ensure navigational safety."",
      ""scope"": ""U.S. offshore wind farms"",
      ""numerical_value"": 22,
      ""unit"": ""meters"",
      ""source"": ""BOEM 2023"",
      ""related_domains"": [""Navigational safety"", ""Technical""]
    },
    {
      ""type"": ""Environmental"",
      ""requirement"": ""Environmental impact assessments (EIAs) must be conducted before construction, following ISO 14001 standards."",
      ""scope"": ""U.S. offshore wind projects"",
      ""numerical_value"": null,
      ""unit"": null,
      ""source"": ""ISO 14001"",
      ""related_domains"": [""Environmental compliance""]
    },
    {
      ""type"": ""Jurisdictional"",
      ""requirement"": ""The Federal Aviation Administration (FAA) must review all structures exceeding 200 feet in height."",
      ""scope"": ""U.S. offshore wind farms"",
      ""numerical_value"": 200,
      ""unit"": ""feet"",
      ""source"": ""FAA"",
      ""related_domains"": [""Aviation safety"", ""Regulatory compliance""]
    }
  ],
  ""regulatory_entities"": [
    {
      ""entity_name"": ""Bureau of Ocean Energy Management (BOEM)"",
      ""jurisdiction"": ""Federal (U.S.)"",
      ""role"": ""Regulator of offshore wind energy development""
    },
    {
      ""entity_name"": ""Federal Aviation Administration (FAA)"",
      ""jurisdiction"": ""Federal (U.S.)"",
      ""role"": ""Review and approval of structures affecting airspace""
    }
  ]
}
```

### **Next Steps**  
Please provide the document you'd like me to analyze, and I'll extract the relevant regulatory data in this structured format.  

Key reminders:  
- I will **only include strict regulatory requirements** (not recommendations or guidelines).  
- Offshore zoning ordinances will be **excluded** per your instructions.  
- Standards (e.g., ISO, IEC) will be included even without numerical values.  

Let me know when you're ready with the document!"
"49",4,"deepseek","deepseek-chat",True,"Understood. Since I don't have access to a specific document to analyze, I'll provide a template response based on what a typical offshore wind regulatory document might contain. When you provide an actual document, I'll extract the precise information following your requested JSON format.

Here's an example of how I would structure the output if analyzing a real document:

```json
{
  ""document_metadata"": {
    ""title"": ""Example Offshore Wind Energy Development Regulations"",
    ""document_number"": ""DOC-OWF-2023-001"",
    ""type_of_wind_farm"": ""Offshore""
  },
  ""regulatory_constraints"": [
    {
      ""type"": ""Environmental"",
      ""requirement"": ""All projects must conduct a full environmental impact assessment prior to construction"",
      ""scope"": ""All offshore wind projects in federal waters"",
      ""numerical_value"": null,
      ""unit"": null,
      ""source"": ""Bureau of Ocean Energy Management (BOEM)"",
      ""related_domains"": [""environmental"", ""permitting""]
    },
    {
      ""type"": ""Technical"",
      ""requirement"": ""Wind turbine foundations must withstand 100-year storm conditions"",
      ""scope"": ""All fixed-bottom offshore wind turbines"",
      ""numerical_value"": 100,
      ""unit"": ""years"",
      ""source"": ""International Electrotechnical Commission (IEC) 61400-3"",
      ""related_domains"": [""engineering"", ""safety""]
    },
    {
      ""type"": ""Spatial"",
      ""requirement"": ""Turbines must maintain a minimum spacing of 5 rotor diameters between units"",
      ""scope"": ""Wind farm array layout"",
      ""numerical_value"": 5,
      ""unit"": ""rotor diameters"",
      ""source"": ""American Clean Power Association Guidelines"",
      ""related_domains"": [""energy production"", ""wake effects""]
    }
  ],
  ""regulatory_entities"": [
    {
      ""entity_name"": ""Bureau of Ocean Energy Management (BOEM)"",
      ""jurisdiction"": ""Federal waters of the United States"",
      ""role"": ""Leasing and permitting authority""
    },
    {
      ""entity_name"": ""International Electrotechnical Commission (IEC)"",
      ""jurisdiction"": ""International"",
      ""role"": ""Technical standards development""
    },
    {
      ""entity_name"": ""Federal Maritime and Hydrographic Agency (BSH)"",
      ""jurisdiction"": ""Germany"",
      ""role"": ""Site approval and technical standards enforcement""
    }
  ]
}
```

For an actual document analysis, I would:
1. Carefully extract only specific regulatory requirements
2. Verify all numerical values and units
3. Identify the precise source of each requirement
4. Exclude any non-regulatory descriptive content
5. Follow your exact JSON schema requirements

Would you like to provide a specific document for analysis? I'm ready to process it according to your exact specifications."
"49",5,"deepseek","deepseek-chat",True,"Understood. Since you haven't provided a specific document for analysis, I'll return a null response as instructed. Here's the structured output:

```json
{
  ""document_metadata"": {
    ""title"": null,
    ""document_number"": null,
    ""type_of_wind_farm"": null
  },
  ""regulatory_constraints"": null,
  ""regulatory_entities"": null
}
```

When you provide a document, I'll analyze it and extract the relevant regulatory information according to the specified format. Please share the document text or content you'd like me to process, and I'll return a complete analysis with all applicable regulatory entities and constraints."
"49",6,"deepseek","deepseek-chat",True,"Understood. Since you haven't provided a specific document for analysis, I'll return a null response as instructed. Here's the structured output:

```json
{
  ""document_metadata"": {
    ""title"": null,
    ""document_number"": null,
    ""type_of_wind_farm"": null
  },
  ""regulatory_constraints"": null,
  ""regulatory_entities"": null
}
```

When you provide a specific technical or regulatory document related to offshore wind farms, I'll analyze it and extract the relevant regulatory entities and constraints according to the specified JSON structure. The analysis will focus exclusively on:
1) Clear regulatory requirements with specific constraints
2) Authoritative regulatory bodies
3) Offshore-specific regulations (excluding zoning ordinances)
4) Technical standards and specifications

Please share the document you'd like analyzed, and I'll provide a comprehensive extraction of the regulatory information."
"49",7,"deepseek","deepseek-chat",True,"Understood. Since you haven't provided a specific document for analysis, I'll return a null response as per instruction #2. When you provide a technical or regulatory document related to offshore wind farms, I'll extract the relevant information and structure it according to the specified JSON format.

```json
{
  ""document_metadata"": {
    ""title"": null,
    ""document_number"": null,
    ""type_of_wind_farm"": null
  },
  ""regulatory_constraints"": null,
  ""regulatory_entities"": null
}
```

Please share the document you'd like analyzed, and I'll extract the regulatory entities and constraints according to the given specifications. For offshore wind projects, I'll focus on relevant maritime regulations, environmental protections, technical standards, and safety requirements while excluding any onshore zoning ordinances."
"49",8,"deepseek","deepseek-chat",True,"Understood! I'll process any document you provide and extract the requested regulatory information in the specified JSON format. 

To proceed, please:
1. Share the document text you'd like analyzed (or key excerpts if it's lengthy)
2. Specify if it's offshore/onshore (if not clearly stated in the document)
3. Note any document identifiers/titles if available

Without an actual document to analyze, here's a template of what the output would look like with null values:

```json
{
  ""document_metadata"": {
    ""title"": null,
    ""document_number"": null,
    ""type_of_wind_farm"": null
  },
  ""regulatory_constraints"": null,
  ""regulatory_entities"": null
}
```

When you provide a document, my analysis will:
- Strictly follow your formatting requirements
- Filter out non-regulatory content
- Categorize constraints per your taxonomy
- Identify jurisdictional boundaries
- Extract numerical values with units where applicable

Please share the document you'd like analyzed."
"49",9,"deepseek","deepseek-chat",True,"Understood. Since no specific document was provided for analysis, I'll return a null response as instructed. Here's the structured output:

```json
{
  ""document_metadata"": {
    ""title"": null,
    ""document_number"": null,
    ""type_of_wind_farm"": null
  },
  ""regulatory_constraints"": null,
  ""regulatory_entities"": null
}
```

When you provide a technical document related to offshore wind farm regulations, I'll analyze it and extract the relevant regulatory entities and constraints in the specified structured format. The analysis will focus exclusively on:
- Formal regulatory requirements with clear compliance obligations
- Authoritative regulatory bodies with jurisdiction over wind farm projects
- Technical standards with direct applicability to offshore wind development

Would you like to provide a document for analysis now?"
"49",10,"deepseek","deepseek-chat",True,"Understood. Since you haven't provided a specific document for analysis, I'll return a null response as instructed. Here's the structured output:

```json
{
  ""document_metadata"": {
    ""title"": null,
    ""document_number"": null,
    ""type_of_wind_farm"": null
  },
  ""regulatory_constraints"": null,
  ""regulatory_entities"": null
}
```

To proceed with actual extraction, please provide:
1. The document text to analyze
2. Any specific document metadata you'd like included
3. Clarification if you're focusing on a particular jurisdiction (e.g., US, EU, global)

I'm ready to analyze any technical or regulatory documents related to offshore wind farms and extract the requested information with high precision."
"49",11,"deepseek","deepseek-chat",True,"Understood! Since you haven't provided a specific document for analysis, I'll return a null response as instructed. Here's the structured output:

```json
{
  ""document_metadata"": {
    ""title"": null,
    ""document_number"": null,
    ""type_of_wind_farm"": null
  },
  ""regulatory_constraints"": null,
  ""regulatory_entities"": null
}
```

When you provide a document (text, PDF, or other technical/regulatory content), I'll analyze it and extract the relevant regulatory entities and constraints in the specified JSON format, following all the guidelines you've outlined. 

Would you like to upload or paste the document you'd like analyzed?"
"49",12,"deepseek","deepseek-chat",True,"Understood. Since you haven't provided a specific document for analysis, I'll return a null response as per instruction #2. Here's the structured output:

```json
{
  ""document_metadata"": {
    ""title"": null,
    ""document_number"": null,
    ""type_of_wind_farm"": null
  },
  ""regulatory_constraints"": null,
  ""regulatory_entities"": null
}
```

When you provide a technical or regulatory document related to offshore wind farms, I'll analyze it and extract the relevant regulatory entities and constraints according to the specified JSON structure. The analysis will focus specifically on:
- Formal regulatory requirements with measurable standards
- Authoritative bodies with jurisdiction over wind farm operations
- Technical/environmental/safety specifications
- International/national standards applicable to offshore wind development

Please share the document you'd like analyzed, and I'll provide the structured extraction."
"49",13,"deepseek","deepseek-chat",True,"Understood. Since you haven't provided a specific document for analysis, I'll return a null response as per your instructions. Here's the structured output:

```json
{
  ""document_metadata"": {
    ""title"": null,
    ""document_number"": null,
    ""type_of_wind_farm"": null
  },
  ""regulatory_constraints"": null,
  ""regulatory_entities"": null
}
```

When you provide a technical document related to offshore wind farm planning, construction, or operation, I'll analyze it and extract the relevant regulatory entities and constraints in the specified JSON format. 

Please note that for offshore wind projects, I will:
- Focus on maritime/offshore-specific regulations
- Exclude zoning ordinances
- Include international standards where applicable
- Prioritize actionable regulatory requirements over descriptive content

Would you like to provide a document for analysis now?"
"49",14,"deepseek","deepseek-chat",True,"Understood! Since you haven't provided a specific document for analysis, I'll return a null response as instructed. Here's the structured output:

```json
{
  ""document_metadata"": {
    ""title"": null,
    ""document_number"": null,
    ""type_of_wind_farm"": null
  },
  ""regulatory_constraints"": null,
  ""regulatory_entities"": null
}
```

When you provide a document, I'll analyze it thoroughly and extract the relevant regulatory entities and constraints according to the specified JSON format. My analysis will focus exclusively on:
- Formal requirements with binding authority
- Technical standards with compliance implications
- Jurisdictional boundaries affecting development
- Safety or environmental mandates with measurable criteria

For offshore wind farms specifically, I'll prioritize:
- Marine spatial planning regulations
- Grid connection standards
- Vessel traffic safety rules
- Seabed lease conditions
- International maritime compliance

Please share the document you'd like analyzed, and I'll provide a detailed regulatory extraction."
"49",15,"deepseek","deepseek-chat",True,"Understood. Since you haven't provided a specific document for analysis, I'll return a null response as instructed. When you provide a technical or regulatory document related to offshore wind farms, I'll extract the relevant information and structure it according to the specified JSON format.

```json
{
  ""document_metadata"": {
    ""title"": null,
    ""document_number"": null,
    ""type_of_wind_farm"": null
  },
  ""regulatory_constraints"": null,
  ""regulatory_entities"": null
}
```

Please share the document you'd like analyzed, and I'll extract the regulatory entities and constraints according to the given schema. For offshore wind farms, I'll focus on maritime authorities, environmental regulations, technical standards, and safety requirements while excluding irrelevant zoning information."
"49",16,"deepseek","deepseek-chat",True,"Understood. Since you haven't provided a specific document for analysis, I'll return a null response as instructed. When you provide a technical or regulatory document related to offshore wind farms, I'll extract the relevant information in the structured JSON format you've specified.

```json
{
  ""document_metadata"": {
    ""title"": null,
    ""document_number"": null,
    ""type_of_wind_farm"": null
  },
  ""regulatory_constraints"": null,
  ""regulatory_entities"": null
}
```

Please share the document you'd like analyzed, and I'll extract the regulatory entities and constraints according to your specifications. For offshore wind farms, I'll focus on maritime authorities, environmental regulations, technical standards, and safety requirements while excluding any onshore zoning information."
"49",17,"deepseek","deepseek-chat",True,"Understood. Since you haven't provided a specific document for analysis, I'll return a null response as instructed. Here's the structured output:

```json
{
  ""document_metadata"": {
    ""title"": null,
    ""document_number"": null,
    ""type_of_wind_farm"": null
  },
  ""regulatory_constraints"": null,
  ""regulatory_entities"": null
}
```

When you provide a document containing offshore wind farm regulatory information, I'll analyze it and extract the relevant entities and constraints according to the specified JSON structure. The output will include only direct regulatory requirements and authoritative bodies, excluding descriptive content or information not directly related to wind farm regulation.

For offshore wind projects, I'll focus on:
- International maritime regulations
- Federal/state environmental and energy policies
- Technical standards for offshore structures
- Safety requirements for marine operations
- Environmental protection measures specific to marine ecosystems

Would you like to provide a document for analysis now?"
"49",18,"deepseek","deepseek-chat",True,"Understood. Since you haven't provided a specific document for analysis, I'll return a null response as per instruction #2. When you provide a technical or regulatory document related to offshore wind farms, I'll extract the relevant information in the structured JSON format you've specified.

```json
{
  ""document_metadata"": {
    ""title"": null,
    ""document_number"": null,
    ""type_of_wind_farm"": null
  },
  ""regulatory_constraints"": null,
  ""regulatory_entities"": null
}
```

Please share the document you'd like analyzed, and I'll extract the regulatory entities and constraints according to your specifications. For offshore wind farms, I'll focus on maritime authorities, environmental regulations, technical standards, and safety requirements while excluding any onshore zoning information."
"49",19,"deepseek","deepseek-chat",True,"Understood. Since you haven't provided a specific document for analysis, I'll return a null response as instructed. When you provide a technical or regulatory document related to offshore wind farms, I'll extract the relevant information and structure it according to the specified JSON format.

```json
{
  ""document_metadata"": {
    ""title"": null,
    ""document_number"": null,
    ""type_of_wind_farm"": null
  },
  ""regulatory_constraints"": null,
  ""regulatory_entities"": null
}
```

Please provide the document you'd like analyzed, and I'll extract the regulatory entities and constraints according to the given specifications. For offshore wind projects, I'll focus on maritime regulations, environmental protections, technical standards, and safety requirements while excluding irrelevant zoning ordinances."
"49",20,"deepseek","deepseek-chat",True,"Understood! Please provide the technical document or text you'd like me to analyze, and I will extract the relevant regulatory entities and constraints in the specified JSON format.  

If no document is provided, here’s an example of the expected output for reference:  

```json
{
  ""document_metadata"": {
    ""title"": ""Example Offshore Wind Farm Regulations"",
    ""document_number"": ""DOC-2023-001"",
    ""type_of_wind_farm"": ""Offshore""
  },
  ""regulatory_constraints"": [
    {
      ""type"": ""Environmental"",
      ""requirement"": ""All turbines must maintain a minimum clearance of 500 meters from marine protected areas."",
      ""scope"": ""North Sea offshore wind projects"",
      ""numerical_value"": 500,
      ""unit"": ""meters"",
      ""source"": ""Marine Spatial Planning Directive 2022"",
      ""related_domains"": [""environmental"", ""safety""]
    },
    {
      ""type"": ""Technical"",
      ""requirement"": ""Substation transformers must comply with IEC 61400-22 standards."",
      ""scope"": ""All offshore wind farm electrical systems"",
      ""numerical_value"": null,
      ""unit"": null,
      ""source"": ""International Electrotechnical Commission (IEC)"",
      ""related_domains"": [""technical"", ""safety""]
    }
  ],
  ""regulatory_entities"": [
    {
      ""entity_name"": ""Bureau of Ocean Energy Management (BOEM)"",
      ""jurisdiction"": ""Federal (U.S. Outer Continental Shelf)"",
      ""role"": ""Leasing and permitting authority for offshore wind projects""
    }
  ]
}
```

If you share the document, I will analyze it and return structured data accordingly. Let me know how you'd like to proceed!"
"49",21,"deepseek","deepseek-chat",True,"Understood. Since you haven't provided a specific document for analysis, I'll return a null response as per instruction #2. Here's the structured output:

```json
{
  ""document_metadata"": {
    ""title"": null,
    ""document_number"": null,
    ""type_of_wind_farm"": null
  },
  ""regulatory_constraints"": null,
  ""regulatory_entities"": null
}
```

When you provide a technical or regulatory document related to offshore wind farms, I'll analyze it and extract the relevant regulatory entities and constraints according to the specified JSON structure. The analysis will focus strictly on:
- Formal regulatory requirements with clear constraints
- Authoritative regulatory bodies with jurisdiction over wind farm development
- Technical standards that must be complied with
- Environmental or safety regulations specific to offshore wind projects

Please share the document you'd like analyzed, and I'll provide the structured extraction."
"49",22,"deepseek","deepseek-chat",True,"Understood. Since you haven't provided a specific document for analysis, I'll return a null response as instructed. Here's the structured output:

```json
{
  ""document_metadata"": {
    ""title"": null,
    ""document_number"": null,
    ""type_of_wind_farm"": null
  },
  ""regulatory_constraints"": null,
  ""regulatory_entities"": null
}
```

When you provide a technical or regulatory document related to offshore wind farms, I'll analyze it and extract the relevant entities and constraints according to the specified schema. The output will include only direct regulatory requirements and authoritative entities, with proper categorization of constraint types (spatial, technical, environmental, etc.) and clear sourcing of each requirement.

Would you like to provide a document for analysis now?"
"49",23,"deepseek","deepseek-chat",True,"Understood! Please provide the technical document or text you'd like me to analyze, and I will extract the relevant regulatory entities and constraints in the specified JSON format.  

If you don't provide a document, here’s an example of an empty output (as per instruction #2):  

```json
{
  ""document_metadata"": {
    ""title"": null,
    ""document_number"": null,
    ""type_of_wind_farm"": null
  },
  ""regulatory_constraints"": null,
  ""regulatory_entities"": null
}
```

Otherwise, submit the document text, and I will parse it strictly for regulatory content."
"49",24,"deepseek","deepseek-chat",True,"Understood! Please provide the technical document or text you'd like me to analyze, and I will extract the relevant regulatory entities and constraints in the specified JSON format.  

If no document is provided, here’s an example of an empty output (as per instruction #2):  

```json
{
  ""document_metadata"": {
    ""title"": null,
    ""document_number"": null,
    ""type_of_wind_farm"": null
  },
  ""regulatory_constraints"": null,
  ""regulatory_entities"": null
}
```

Otherwise, share the document text, and I will parse it strictly for regulatory and technical requirements related to offshore wind farm planning, construction, or operation.  

Looking forward to your input!"
"49",25,"deepseek","deepseek-chat",True,"Understood. Since you haven't provided a specific document for analysis, I'll return a null response as instructed. Here's the structured output:

```json
{
  ""document_metadata"": {
    ""title"": null,
    ""document_number"": null,
    ""type_of_wind_farm"": null
  },
  ""regulatory_constraints"": null,
  ""regulatory_entities"": null
}
```

When you provide a document, I'll analyze it and extract the relevant regulatory information according to the specified format. The analysis will focus on:
1. Identifying concrete requirements (not recommendations or guidelines)
2. Distinguishing between different types of constraints (spatial, technical, etc.)
3. Capturing all numerical parameters with their units
4. Documenting authoritative sources for each requirement

Please share the document you'd like analyzed, and I'll provide a comprehensive extraction of its regulatory content."
"49",26,"deepseek","deepseek-chat",True,"Understood! Since no specific document has been provided for analysis, I'll return a null response as instructed. If you provide a document or text containing regulatory or technical information related to offshore wind farms, I can extract the relevant details and structure them in the requested JSON format.  

Here’s the structured output for the current case:  

```json
{
  ""document_metadata"": {
    ""title"": null,
    ""document_number"": null,
    ""type_of_wind_farm"": null
  },
  ""regulatory_constraints"": null,
  ""regulatory_entities"": null
}
```

Please provide the document or text you'd like analyzed, and I’ll extract the relevant regulatory entities and constraints accordingly."
"49",27,"deepseek","deepseek-chat",True,"Understood. Since you haven't provided a specific document for analysis, I'll return a null response as instructed. When you provide a document, I'll extract the relevant regulatory information in the specified JSON format.

```json
{
  ""document_metadata"": {
    ""title"": null,
    ""document_number"": null,
    ""type_of_wind_farm"": null
  },
  ""regulatory_constraints"": null,
  ""regulatory_entities"": null
}
```

Please provide the technical or regulatory document you'd like analyzed, and I'll extract the relevant information according to your specifications. For offshore wind farm documents, I'll focus on:
- International maritime regulations
- Environmental impact assessments
- Grid connection standards
- Safety requirements for offshore structures
- Technical specifications for marine operations

I won't include any zoning ordinances or onshore-specific regulations unless specified."
"49",28,"deepseek","deepseek-chat",True,"Understood. I'll analyze any technical document you provide related to offshore wind farm planning, construction, or operation, and extract the relevant regulatory entities and constraints in the specified JSON format.

Since you haven't provided a specific document for analysis yet, here's an empty template ready to be populated with actual findings:

```json
{
  ""document_metadata"": {
    ""title"": null,
    ""document_number"": null,
    ""type_of_wind_farm"": null
  },
  ""regulatory_constraints"": null,
  ""regulatory_entities"": null
}
```

When you provide a document, I will:
1. Carefully analyze the content for specific regulatory requirements
2. Identify authoritative bodies mentioned
3. Extract only concrete rules/standards (not general guidance)
4. Structure the information according to your specifications
5. Exclude irrelevant content or documents without actual regulations

For offshore wind projects, I'll particularly focus on:
- Marine spatial planning regulations
- Grid connection requirements
- Environmental impact thresholds
- Safety standards for offshore structures
- International maritime regulations
- Technical specifications for offshore equipment

Please provide the document you'd like analyzed, and I'll extract the relevant regulatory information accordingly."
"49",29,"deepseek","deepseek-chat",True,"Understood! Please provide the technical document or text you'd like me to analyze, and I will extract the relevant regulatory entities and constraints in the specified JSON format.  

If no document is provided, here’s an example of an empty output (per your instructions):  

```json
{
  ""document_metadata"": {
    ""title"": null,
    ""document_number"": null,
    ""type_of_wind_farm"": null
  },
  ""regulatory_constraints"": null,
  ""regulatory_entities"": null
}
```

Otherwise, share the document text, and I’ll parse it rigorously to extract structured regulatory data. Let me know if you'd like any refinements to the extraction approach!"
"49",30,"deepseek","deepseek-chat",True,"Understood. Since you haven't provided a specific document for analysis, I'll demonstrate the output structure with a generic example based on typical offshore wind regulatory content. When you provide an actual document, I'll analyze it precisely according to your requirements.

Example Output (for illustration only):

```json
{
  ""document_metadata"": {
    ""title"": ""Example Offshore Wind Energy Development Guidelines"",
    ""document_number"": ""EWEA-2023-OSTD"",
    ""type_of_wind_farm"": ""Offshore""
  },
  ""regulatory_constraints"": [
    {
      ""type"": ""Environmental"",
      ""requirement"": ""All monopile installations must conduct underwater noise monitoring during construction"",
      ""scope"": ""North Sea installations"",
      ""numerical_value"": null,
      ""unit"": null,
      ""source"": ""OSPAR Commission Decision 2022/1"",
      ""related_domains"": [""marine life protection"", ""construction standards""]
    },
    {
      ""type"": ""Technical"",
      ""requirement"": ""Substation platforms shall be designed to withstand 1-in-50-year wave conditions"",
      ""scope"": ""All offshore installations"",
      ""numerical_value"": 50,
      ""unit"": ""year return period"",
      ""source"": ""IEC 61400-3"",
      ""related_domains"": [""structural engineering"", ""safety""]
    }
  ],
  ""regulatory_entities"": [
    {
      ""entity_name"": ""Bureau of Ocean Energy Management (BOEM)"",
      ""jurisdiction"": ""Federal (US Outer Continental Shelf)"",
      ""role"": ""Leasing and permitting authority""
    },
    {
      ""entity_name"": ""Marine Management Organisation"",
      ""jurisdiction"": ""National (UK waters)"",
      ""role"": ""Environmental consenting authority""
    }
  ]
}
```

Key notes about actual analysis:
1. All content will be extracted verbatim from source documents
2. Numerical values will include exact thresholds when specified
3. Standards will be captured with their exact reference codes
4. Only binding requirements will be included (no guidelines or recommendations)
5. Offshore-specific focus will exclude any onshore/zoning content

Please provide the document you'd like analyzed for a precise extraction."
"49",31,"deepseek","deepseek-chat",True,"Understood! Since you haven't provided a specific document for analysis, I'll return a null response as instructed. If you provide a document, I can extract the relevant regulatory information and structure it in the requested JSON format.

```json
{
  ""document_metadata"": {
    ""title"": null,
    ""document_number"": null,
    ""type_of_wind_farm"": null
  },
  ""regulatory_constraints"": null,
  ""regulatory_entities"": null
}
```

Please upload or provide the text of the document you'd like analyzed, and I'll extract the relevant regulatory entities and constraints accordingly."
"49",32,"deepseek","deepseek-chat",True,"Understood. Since you haven't provided a specific document for analysis, I'll return a null response as instructed. Here's the structured output:

```json
{
  ""document_metadata"": {
    ""title"": null,
    ""document_number"": null,
    ""type_of_wind_farm"": null
  },
  ""regulatory_constraints"": null,
  ""regulatory_entities"": null
}
```

When you provide a technical or regulatory document related to offshore wind farms, I'll analyze it and extract the relevant regulatory entities and constraints according to the specified JSON structure. The analysis will focus specifically on:
- Clear regulatory requirements with measurable standards
- Authoritative bodies with jurisdiction over wind farm operations
- Technical, environmental, or safety standards with specific parameters
- International or national regulations applicable to offshore developments

Please share the document you'd like analyzed, and I'll provide the structured extraction."
"49",33,"deepseek","deepseek-chat",True,"Understood! Since I don't have access to a specific document to analyze at this moment, I'll provide a hypothetical example of how the structured output would look based on a typical offshore wind farm regulatory document.  

### Example Output:  

```json
{
  ""document_metadata"": {
    ""title"": ""Guidelines for Offshore Wind Farm Development in the North Sea"",
    ""document_number"": ""NSW-REG-2023-001"",
    ""type_of_wind_farm"": ""Offshore""
  },
  ""regulatory_constraints"": [
    {
      ""type"": ""Environmental"",
      ""requirement"": ""Wind turbines must maintain a minimum distance of 1 km from identified marine protected areas."",
      ""scope"": ""North Sea offshore wind projects"",
      ""numerical_value"": ""1"",
      ""unit"": ""km"",
      ""source"": ""North Sea Offshore Wind Authority (NSOWA)"",
      ""related_domains"": [""Environmental protection"", ""Marine habitat conservation""]
    },
    {
      ""type"": ""Technical"",
      ""requirement"": ""All turbine foundations must comply with ISO 19902 standards for offshore structures."",
      ""scope"": ""Offshore wind turbine foundations"",
      ""numerical_value"": null,
      ""unit"": null,
      ""source"": ""International Organization for Standardization (ISO)"",
      ""related_domains"": [""Structural engineering"", ""Safety compliance""]
    },
    {
      ""type"": ""Safety"",
      ""requirement"": ""Helicopter landing zones on offshore platforms must have a minimum clearance radius of 25 meters."",
      ""scope"": ""Offshore wind farm service platforms"",
      ""numerical_value"": ""25"",
      ""unit"": ""meters"",
      ""source"": ""International Civil Aviation Organization (ICAO)"",
      ""related_domains"": [""Aviation safety"", ""Emergency response""]
    }
  ],
  ""regulatory_entities"": [
    {
      ""entity_name"": ""North Sea Offshore Wind Authority (NSOWA)"",
      ""jurisdiction"": ""Regional (North Sea coastal states)"",
      ""role"": ""Permitting and environmental compliance enforcement""
    },
    {
      ""entity_name"": ""International Maritime Organization (IMO)"",
      ""jurisdiction"": ""International"",
      ""role"": ""Regulation of maritime safety and navigation impacts""
    },
    {
      ""entity_name"": ""European Maritime Safety Agency (EMSA)"",
      ""jurisdiction"": ""European Union"",
      ""role"": ""Monitoring and enforcement of offshore safety standards""
    }
  ]
}
```

### Notes on the Example:  
- **Regulatory Constraints** are categorized by type (Environmental, Technical, Safety, etc.).  
- **Numerical values** are included where applicable (e.g., distance restrictions).  
- **Standards (e.g., ISO)** are included even without numerical values.  
- **Regulatory Entities** specify jurisdiction and role.  

If you provide an actual document, I can extract precise regulatory data in this structured format. Let me know how you'd like to proceed!"
"49",34,"deepseek","deepseek-chat",True,"Understood! Please provide the technical document or text you'd like me to analyze, and I will extract the relevant regulatory entities and constraints in the specified JSON format. 

If no document is provided, here is an example of the output structure with null values (per instruction #2):

```json
{
  ""document_metadata"": {
    ""title"": null,
    ""document_number"": null,
    ""type_of_wind_farm"": null
  },
  ""regulatory_constraints"": null,
  ""regulatory_entities"": null
}
```

Once you share the document, I will parse it and return structured data following the guidelines (e.g., focusing on offshore wind regulations, excluding zoning ordinances, and including standards like ISO). Let me know how you'd like to proceed!"
"49",35,"deepseek","deepseek-chat",True,"Understood. Since you haven't provided a specific document for analysis, I'll return a null response as per instruction #2. Here's the structured output:

```json
{
  ""document_metadata"": {
    ""title"": null,
    ""document_number"": null,
    ""type_of_wind_farm"": null
  },
  ""regulatory_constraints"": null,
  ""regulatory_entities"": null
}
```

When you provide a technical document related to offshore wind farm regulations, I'll analyze it and extract the relevant regulatory entities and constraints according to the specified JSON structure. My analysis will focus exclusively on:
- Formal regulatory requirements with clear compliance obligations
- Authoritative standards (e.g., IEC 61400 series for wind turbines)
- Jurisdictional boundaries and permitting requirements
- Technical specifications with measurable criteria
- Environmental protection mandates

Please share the document you'd like analyzed, and I'll provide the structured regulatory information extraction."
"49",36,"deepseek","deepseek-chat",True,"Understood. Since you haven't provided a specific document for analysis, I'll return a null response as instructed. Here's the structured output:

```json
{
  ""document_metadata"": {
    ""title"": null,
    ""document_number"": null,
    ""type_of_wind_farm"": null
  },
  ""regulatory_constraints"": null,
  ""regulatory_entities"": null
}
```

When you provide a technical or regulatory document related to offshore wind farms, I'll analyze it and extract the relevant regulatory entities and constraints in the specified JSON format. The analysis will focus strictly on:
- Formal regulatory requirements with clear constraints
- Authoritative regulatory bodies
- Technical/environmental standards with measurable parameters
- Offshore-specific regulations (excluding zoning ordinances)

Please share the document you'd like analyzed, and I'll provide the structured extraction."
"49",37,"deepseek","deepseek-chat",True,"Understood! Please provide the technical document you'd like me to analyze, and I will extract the relevant regulatory entities and constraints in the specified JSON format.  

If you don't provide a document, here’s an example of an empty output (as per instruction #2):  

```json
{
  ""document_metadata"": {
    ""title"": null,
    ""document_number"": null,
    ""type_of_wind_farm"": null
  },
  ""regulatory_constraints"": null,
  ""regulatory_entities"": null
}
```  

Otherwise, upload or paste the document text, and I’ll extract the structured data accordingly."
"49",38,"deepseek","deepseek-chat",True,"Understood. Since you haven't provided a specific document for analysis, I'll return a null response as instructed. Here's the structured output:

```json
{
  ""document_metadata"": {
    ""title"": null,
    ""document_number"": null,
    ""type_of_wind_farm"": null
  },
  ""regulatory_constraints"": null,
  ""regulatory_entities"": null
}
```

When you provide a technical or regulatory document related to offshore wind farms, I'll analyze it and extract the relevant regulatory entities and constraints according to the specified JSON structure. The analysis will focus exclusively on:
1. Clear regulatory requirements with specific constraints
2. Authoritative regulatory bodies
3. Technical/environmental standards applicable to offshore wind development

Please share the document you'd like analyzed, and I'll provide the structured extraction."
"49",39,"deepseek","deepseek-chat",True,"Understood. Since you haven't provided a specific document for analysis, I'll return a null response as instructed. Here's the structured output:

```json
{
  ""document_metadata"": {
    ""title"": null,
    ""document_number"": null,
    ""type_of_wind_farm"": null
  },
  ""regulatory_constraints"": null,
  ""regulatory_entities"": null
}
```

When you provide a document, I'll analyze it and extract the relevant regulatory information according to the specified format. Please share the document text you'd like me to process, and I'll return a properly structured analysis with all applicable regulatory entities and constraints."
"49",40,"deepseek","deepseek-chat",True,"Understood! Since you haven't provided a specific document for analysis, I'll return a null response as instructed. If you share a document, I can extract the relevant regulatory information and format it as requested.  

```json
{
  ""document_metadata"": {
    ""title"": null,
    ""document_number"": null,
    ""type_of_wind_farm"": null
  },
  ""regulatory_constraints"": null,
  ""regulatory_entities"": null
}
```  

Please provide the document text or key excerpts, and I’ll extract the structured data accordingly."
"49",41,"deepseek","deepseek-chat",True,"Understood. Since you haven't provided a specific document for analysis, I'll return a null response as instructed. When you provide a technical or regulatory document related to offshore wind farms, I'll extract the relevant information and structure it according to the specified JSON format.

```json
{
  ""document_metadata"": {
    ""title"": null,
    ""document_number"": null,
    ""type_of_wind_farm"": null
  },
  ""regulatory_constraints"": null,
  ""regulatory_entities"": null
}
```

Please share the document you'd like analyzed, and I'll extract the regulatory entities and constraints according to the given schema. For offshore wind farms, I'll focus on:
- International maritime regulations
- National offshore energy authorities
- Technical standards for marine structures
- Environmental protections for marine ecosystems
- Safety requirements for offshore operations

I will exclude any onshore zoning or land-use ordinances."
"49",42,"deepseek","deepseek-chat",True,"Understood. Since you haven't provided a specific document for analysis, I'll return a null response as instructed when no document is available. Here's the structured output:

```json
{
  ""document_metadata"": {
    ""title"": null,
    ""document_number"": null,
    ""type_of_wind_farm"": null
  },
  ""regulatory_constraints"": null,
  ""regulatory_entities"": null
}
```

When you provide a technical or regulatory document related to offshore wind farms, I'll analyze it and extract the relevant regulatory entities and constraints according to the specified JSON schema. The output will include only concrete requirements from authoritative sources, with proper categorization of constraint types and clear attribution to regulatory bodies.

Please share the document you'd like analyzed, and I'll process it according to the given instructions."
"49",43,"deepseek","deepseek-chat",True,"Understood. Since you haven't provided a specific document for analysis, I'll demonstrate the structured output format with null values as per your instructions when no document is provided:

```json
{
  ""document_metadata"": {
    ""title"": null,
    ""document_number"": null,
    ""type_of_wind_farm"": null
  },
  ""regulatory_constraints"": null,
  ""regulatory_entities"": null
}
```

When you provide a technical document related to offshore wind farm regulations, I will:
1. Extract only binding regulatory requirements (not guidelines or recommendations)
2. Categorize constraints into the 5 specified types
3. Include numerical values with units when present
4. Identify authoritative entities with their jurisdictional scope
5. Exclude any non-regulatory descriptive content

For offshore wind specifically, I will focus on:
- Maritime spatial planning regulations
- International shipping lane requirements
- Subsea cable installation standards
- Marine wildlife protections
- Offshore safety codes (e.g., OSH regulations)
- Grid connection technical specifications

Would you like to provide a document for analysis? I can process PDFs, Word documents, or plain text."
"49",44,"deepseek","deepseek-chat",True,"Understood. Since you haven't provided a specific document for analysis, I'll return a null response as instructed. When you provide a technical or regulatory document related to offshore wind farms, I'll extract the relevant information and structure it according to the specified JSON format.

```json
{
  ""document_metadata"": {
    ""title"": null,
    ""document_number"": null,
    ""type_of_wind_farm"": null
  },
  ""regulatory_constraints"": null,
  ""regulatory_entities"": null
}
```

Please share the document you'd like analyzed, and I'll extract all relevant regulatory entities and constraints with strict adherence to the requested format and instructions. For offshore wind projects, I'll focus on maritime authorities, environmental regulations, technical standards, and safety requirements while excluding irrelevant zoning information."
"49",45,"deepseek","deepseek-chat",True,"Understood. Since you haven't provided a specific document to analyze, I'll return a null response as per instruction #2. Here's the structured output:

```json
{
  ""document_metadata"": {
    ""title"": null,
    ""document_number"": null,
    ""type_of_wind_farm"": null
  },
  ""regulatory_constraints"": null,
  ""regulatory_entities"": null
}
```

When you provide a technical document related to offshore wind farm planning, construction, or operation, I'll analyze it and extract the relevant regulatory entities and constraints according to the specified JSON structure. The analysis will focus specifically on:
- Formal regulatory requirements (not guidelines or recommendations)
- Standards with compliance implications
- Jurisdictional authorities with enforcement power
- Quantifiable technical or environmental constraints

Please share the document you'd like analyzed, and I'll provide the structured extraction."
"49",46,"deepseek","deepseek-chat",True,"Understood! Please provide the technical document or text you'd like me to analyze, and I will extract the relevant regulatory entities and constraints in the specified JSON format.  

If no document is provided, here’s an example of how the output would look for a hypothetical document:  

```json
{
  ""document_metadata"": {
    ""title"": ""Example Offshore Wind Farm Regulations"",
    ""document_number"": ""DOC-2023-001"",
    ""type_of_wind_farm"": ""Offshore""
  },
  ""regulatory_constraints"": [
    {
      ""type"": ""Environmental"",
      ""requirement"": ""All offshore wind turbines must maintain a minimum clearance of 500 meters from marine protected areas."",
      ""scope"": ""European Union waters"",
      ""numerical_value"": ""500"",
      ""unit"": ""meters"",
      ""source"": ""EU Directive 2023/OSW"",
      ""related_domains"": [""Environmental"", ""Spatial""]
    },
    {
      ""type"": ""Technical"",
      ""requirement"": ""Turbine foundations must comply with ISO 19902 for fixed steel offshore structures."",
      ""scope"": ""Global offshore wind projects"",
      ""numerical_value"": null,
      ""unit"": null,
      ""source"": ""ISO 19902"",
      ""related_domains"": [""Technical"", ""Safety""]
    }
  ],
  ""regulatory_entities"": [
    {
      ""entity_name"": ""European Maritime Safety Agency (EMSA)"",
      ""jurisdiction"": ""European Union"",
      ""role"": ""Enforcement of maritime safety and environmental regulations""
    },
    {
      ""entity_name"": ""Bureau of Ocean Energy Management (BOEM)"",
      ""jurisdiction"": ""United States federal waters"",
      ""role"": ""Leasing and permitting for offshore wind projects""
    }
  ]
}
```

If you provide the actual document text, I will extract only the relevant regulatory information in this structured format. Let me know how you'd like to proceed!"
"49",47,"deepseek","deepseek-chat",True,"Understood. Since you haven't provided a specific document for analysis, I'll demonstrate how the output would look with placeholder data based on a typical offshore wind regulatory document. When you provide an actual document, I'll analyze it and populate the JSON structure accordingly.

Example Output (Placeholder):

```json
{
  ""document_metadata"": {
    ""title"": ""North Sea Offshore Wind Development Guidelines 2023"",
    ""document_number"": ""NSOW-REG-2023-0042"",
    ""type_of_wind_farm"": ""Offshore""
  },
  ""regulatory_constraints"": [
    {
      ""type"": ""Environmental"",
      ""requirement"": ""All turbine foundations must undergo marine mammal impact assessment prior to installation"",
      ""scope"": ""North Sea Exclusive Economic Zones"",
      ""numerical_value"": null,
      ""unit"": null,
      ""source"": ""OSPAR Convention Annex VII"",
      ""related_domains"": [""environmental"", ""safety""]
    },
    {
      ""type"": ""Technical"",
      ""requirement"": ""Substation platforms shall withstand wave heights with 100-year return period"",
      ""scope"": ""All offshore installations"",
      ""numerical_value"": 16.2,
      ""unit"": ""meters"",
      ""source"": ""IEC 61400-3-1"",
      ""related_domains"": [""technical"", ""safety""]
    }
  ],
  ""regulatory_entities"": [
    {
      ""entity_name"": ""Bundesamt für Seeschifffahrt und Hydrographie"",
      ""jurisdiction"": ""German EEZ"",
      ""role"": ""Permitting and environmental compliance""
    },
    {
      ""entity_name"": ""International Electrotechnical Commission"",
      ""jurisdiction"": ""International standards"",
      ""role"": ""Technical standard setting""
    }
  ]
}
```

Key Notes:
1. This is EXAMPLE data only - I'll need your actual document to provide real analysis
2. For documents with no regulations, the output would be:
```json
{
  ""document_metadata"": {
    ""title"": null,
    ""document_number"": null,
    ""type_of_wind_farm"": null
  },
  ""regulatory_constraints"": null,
  ""regulatory_entities"": null
}
```

Please provide the document you'd like analyzed and I'll extract the regulatory information according to the specified schema."
"49",48,"deepseek","deepseek-chat",True,"Understood. Since you haven't provided a specific document for analysis, I'll return a null response as instructed. When you provide a technical or regulatory document related to offshore wind farms, I'll extract the relevant information and structure it according to the specified JSON format.

```json
{
  ""document_metadata"": {
    ""title"": null,
    ""document_number"": null,
    ""type_of_wind_farm"": null
  },
  ""regulatory_constraints"": null,
  ""regulatory_entities"": null
}
```

Please share the document you'd like analyzed, and I'll extract the relevant regulatory entities and constraints with high precision. For offshore wind projects, I'll focus on:
- Maritime spatial planning regulations
- Grid connection standards
- Navigational safety requirements
- Environmental impact thresholds
- International maritime law considerations
- Technical standards for offshore structures"
"49",49,"deepseek","deepseek-chat",True,"Understood. I'll analyze any provided document to extract regulatory entities and constraints related to offshore wind farms, following your strict JSON schema. 

Since you haven't provided a specific document for analysis, here's an empty template showing how I would structure compliant findings:

```json
{
  ""document_metadata"": {
    ""title"": null,
    ""document_number"": null,
    ""type_of_wind_farm"": null
  },
  ""regulatory_constraints"": [],
  ""regulatory_entities"": []
}
```

To proceed with actual analysis:
1. Please provide the technical/regulatory document text you'd like analyzed
2. Specify if the content is for offshore (my default focus) or onshore wind projects
3. Highlight any sections containing numerical standards or jurisdictional rules

I'll then extract only verifiable regulatory information matching your schema, excluding:
- Non-binding recommendations
- Project-specific descriptions
- Onshore zoning ordinances
- Non-regulatory background information

Would you like to provide a document for analysis?"
"49",50,"deepseek","deepseek-chat",True,"Understood. Since you haven't provided a specific document for analysis, I'll return a null response as instructed. Here's the structured output:

```json
{
  ""document_metadata"": {
    ""title"": null,
    ""document_number"": null,
    ""type_of_wind_farm"": null
  },
  ""regulatory_constraints"": null,
  ""regulatory_entities"": null
}
```

When you provide a document, I'll analyze it and extract the relevant regulatory information according to your specified format. Please note that for offshore wind farm documents, I'll focus specifically on:
- International maritime regulations
- Federal/state offshore energy authorities
- Technical standards for marine structures
- Environmental protections for marine ecosystems
- Safety requirements for offshore operations

Would you like to provide a document for analysis now?"
"49",51,"deepseek","deepseek-chat",True,"Understood. Since you haven't provided a specific document for analysis, I'll return a null response as instructed. Here's the structured output:

```json
{
  ""document_metadata"": {
    ""title"": null,
    ""document_number"": null,
    ""type_of_wind_farm"": null
  },
  ""regulatory_constraints"": null,
  ""regulatory_entities"": null
}
```

When you provide a document containing offshore wind farm regulatory information, I'll analyze it and extract the relevant entities and constraints according to the specified format. The analysis will focus exclusively on:
- Formal regulatory requirements with clear compliance obligations
- Authoritative bodies with regulatory jurisdiction
- Technical standards with direct applicability to offshore wind projects

Please share the document you'd like analyzed, and I'll provide the structured extraction."
"49",52,"deepseek","deepseek-chat",True,"Understood! Since you haven't provided a specific document for analysis, I'll return a null response as instructed. Here's the structured output:

```json
{
  ""document_metadata"": {
    ""title"": null,
    ""document_number"": null,
    ""type_of_wind_farm"": null
  },
  ""regulatory_constraints"": null,
  ""regulatory_entities"": null
}
```

When you provide a technical or regulatory document related to offshore wind farms, I'll analyze it and extract the relevant regulatory entities and constraints in the specified JSON format. 

Some examples of the types of information I can extract when provided with a document include:
- International Maritime Organization (IMO) navigation safety requirements
- Bureau of Ocean Energy Management (BOEM) lease stipulations
- IEC 61400-3 offshore wind turbine design standards
- Marine Mammal Protection Act compliance requirements
- Cable burial depth specifications from national grid codes

Please share the document you'd like analyzed, and I'll provide the structured extraction."
"49",53,"deepseek","deepseek-chat",True,"Understood! Since you haven't provided a specific document for analysis, I'll return a null response as instructed. Here's the structured output:  

```json
{
  ""document_metadata"": {
    ""title"": null,
    ""document_number"": null,
    ""type_of_wind_farm"": null
  },
  ""regulatory_constraints"": null,
  ""regulatory_entities"": null
}
```

If you provide a technical or regulatory document related to offshore wind farms, I can extract the relevant entities and constraints in the required JSON format. Let me know how you'd like to proceed!"
"49",54,"deepseek","deepseek-chat",True,"Understood. Since you haven't provided a specific document for analysis, I'll return a null response as per instruction #2. When you provide a document, I'll extract the relevant regulatory information in the specified JSON format.

```json
{
  ""document_metadata"": {
    ""title"": null,
    ""document_number"": null,
    ""type_of_wind_farm"": null
  },
  ""regulatory_constraints"": null,
  ""regulatory_entities"": null
}
```

Please provide the technical document you'd like analyzed, and I'll extract the relevant regulatory information according to the specified schema. For offshore wind farm documents, I'll focus particularly on:
- Maritime spatial planning regulations
- Grid connection requirements
- Environmental impact assessments
- Navigation safety zones
- International standards (IEC, DNV, etc.)
- Decommissioning requirements"
"49",55,"deepseek","deepseek-chat",True,"Understood. Since you haven't provided a specific document for analysis, I'll return a null response as instructed. Here's the structured output:

```json
{
  ""document_metadata"": {
    ""title"": null,
    ""document_number"": null,
    ""type_of_wind_farm"": null
  },
  ""regulatory_constraints"": null,
  ""regulatory_entities"": null
}
```

When you provide a technical document related to offshore wind farm regulations, I'll analyze it and extract the relevant regulatory entities and constraints according to the specified JSON structure. The analysis will focus exclusively on:
1) Clear regulatory requirements with specific constraints or standards
2) Official regulatory bodies with authority over wind farm projects
3) Offshore-specific regulations (excluding zoning ordinances)

Please share the document you'd like analyzed, and I'll provide the structured extraction."
"49",56,"deepseek","deepseek-chat",True,"Understood. Since you haven't provided a specific document for analysis, I'll return a null response as instructed. Here's the structured output:

```json
{
  ""document_metadata"": {
    ""title"": null,
    ""document_number"": null,
    ""type_of_wind_farm"": null
  },
  ""regulatory_constraints"": null,
  ""regulatory_entities"": null
}
```

When you provide a document containing offshore wind farm regulatory information, I'll analyze it and extract the relevant entities and constraints according to the specified format. My analysis will focus exclusively on:
- Clear regulatory requirements with specific rules or standards
- Authoritative bodies with jurisdiction over wind farm development
- Technical specifications with measurable parameters where available
- Only content directly related to offshore wind farm regulation

Please share the document you'd like analyzed, and I'll provide the structured extraction."
"49",57,"deepseek","deepseek-chat",True,"Understood. Since you haven't provided a specific document for analysis, I'll return a null response as instructed. Here's the structured output:

```json
{
  ""document_metadata"": {
    ""title"": null,
    ""document_number"": null,
    ""type_of_wind_farm"": null
  },
  ""regulatory_constraints"": null,
  ""regulatory_entities"": null
}
```

When you provide a technical document related to offshore wind farm regulations, I'll analyze it and extract the relevant regulatory entities and constraints according to the specified JSON structure. The analysis will focus exclusively on:
- Formal regulatory requirements with specific rules or standards
- Authoritative bodies with regulatory jurisdiction
- Technical specifications with measurable parameters
- Environmental or safety mandates with enforceable provisions

Please share the document you'd like analyzed, and I'll provide the structured extraction."
"49",58,"deepseek","deepseek-chat",True,"Understood. Since you haven't provided a specific document for analysis, I'll return a null response as per instruction #2. Here's the structured output:

```json
{
  ""document_metadata"": {
    ""title"": null,
    ""document_number"": null,
    ""type_of_wind_farm"": null
  },
  ""regulatory_constraints"": null,
  ""regulatory_entities"": null
}
```

When you provide a technical document related to offshore wind farm regulations, I'll analyze it and extract the relevant regulatory entities and constraints according to the specified JSON structure. The analysis will focus on:
- Clear regulatory requirements with specific constraints
- Authoritative bodies with jurisdiction over wind farm projects
- Technical standards and environmental protections
- Safety and operational requirements

Please share the document you'd like analyzed, and I'll provide the structured extraction."
"49",59,"deepseek","deepseek-chat",True,"Understood. I'll analyze any document you provide and extract the relevant regulatory entities and constraints in the specified JSON format. Since you haven't provided a specific document to analyze, here's a template response showing how I would structure the output if given a regulatory document about offshore wind farms:

```json
{
  ""document_metadata"": {
    ""title"": ""Example Offshore Wind Energy Regulations"",
    ""document_number"": ""DOC-OSW-2023-001"",
    ""type_of_wind_farm"": ""Offshore""
  },
  ""regulatory_constraints"": [
    {
      ""type"": ""Environmental"",
      ""requirement"": ""All offshore wind projects must conduct an Environmental Impact Assessment prior to construction"",
      ""scope"": ""All offshore wind projects in federal waters"",
      ""numerical_value"": null,
      ""unit"": null,
      ""source"": ""Bureau of Ocean Energy Management (BOEM)"",
      ""related_domains"": [""environmental"", ""permitting""]
    },
    {
      ""type"": ""Technical"",
      ""requirement"": ""Wind turbine foundations must withstand 1-in-50-year extreme wave conditions"",
      ""scope"": ""Fixed-bottom offshore wind turbines"",
      ""numerical_value"": 50,
      ""unit"": ""year return period"",
      ""source"": ""International Electrotechnical Commission (IEC) 61400-3"",
      ""related_domains"": [""structural engineering"", ""safety""]
    },
    {
      ""type"": ""Safety"",
      ""requirement"": ""All personnel transfer operations must comply with IMCA SEL 025 guidelines"",
      ""scope"": ""All offshore wind farm operations"",
      ""numerical_value"": null,
      ""unit"": null,
      ""source"": ""International Marine Contractors Association"",
      ""related_domains"": [""personnel safety"", ""operations""]
    }
  ],
  ""regulatory_entities"": [
    {
      ""entity_name"": ""Bureau of Ocean Energy Management (BOEM)"",
      ""jurisdiction"": ""Federal (U.S. Outer Continental Shelf)"",
      ""role"": ""Leasing and permitting authority""
    },
    {
      ""entity_name"": ""International Electrotechnical Commission"",
      ""jurisdiction"": ""International"",
      ""role"": ""Technical standards development""
    },
    {
      ""entity_name"": ""Maritime and Coastguard Agency"",
      ""jurisdiction"": ""National (UK)"",
      ""role"": ""Safety and navigation regulation""
    }
  ]
}
```

To proceed with an actual analysis, please provide:
1. The document text you'd like analyzed
2. Any specific pages/sections of interest
3. The geographic region of focus (if known)

I'll then extract only the concrete regulatory information that meets your specified criteria, excluding any non-regulatory content."
"49",60,"deepseek","deepseek-chat",True,"Understood! Since you haven't provided a specific document for analysis, I'll return a null response as instructed. Here's the structured output:

```json
{
  ""document_metadata"": {
    ""title"": null,
    ""document_number"": null,
    ""type_of_wind_farm"": null
  },
  ""regulatory_constraints"": null,
  ""regulatory_entities"": null
}
```

When you provide a document, I'll analyze it and extract the relevant regulatory entities and constraints according to the specified JSON format. Please share the document text or key details you'd like analyzed. 

For offshore wind farm documents, I'll focus on:
- International maritime regulations
- National offshore energy authorities
- Technical standards for marine structures
- Environmental protections for marine ecosystems
- Safety requirements for offshore operations

Let me know how you'd like to proceed!"
"49",61,"deepseek","deepseek-chat",True,"Understood. I'll analyze any provided technical/regulatory document related to offshore wind farms and extract structured data according to your specified JSON format. 

Since you haven't provided a specific document for analysis, here's a template response showing how I would structure the output if regulatory information were found:

```json
{
  ""document_metadata"": {
    ""title"": ""Example Offshore Wind Farm Development Guidelines"",
    ""document_number"": ""OWF-2023-001"",
    ""type_of_wind_farm"": ""Offshore""
  },
  ""regulatory_constraints"": [
    {
      ""type"": ""Environmental"",
      ""requirement"": ""All turbine foundations must undergo environmental impact assessment for seabed disturbance"",
      ""scope"": ""North Sea development zone"",
      ""numerical_value"": null,
      ""unit"": null,
      ""source"": ""Marine Management Organisation (MMO)"",
      ""related_domains"": [""environmental"", ""construction""]
    },
    {
      ""type"": ""Technical"",
      ""requirement"": ""Substation platforms must comply with ISO 19901-4 for structural design"",
      ""scope"": ""All offshore installations"",
      ""numerical_value"": null,
      ""unit"": null,
      ""source"": ""International Organization for Standardization"",
      ""related_domains"": [""technical"", ""safety""]
    }
  ],
  ""regulatory_entities"": [
    {
      ""entity_name"": ""Bureau of Ocean Energy Management (BOEM)"",
      ""jurisdiction"": ""Federal (US waters)"",
      ""role"": ""Leasing and permitting authority""
    },
    {
      ""entity_name"": ""Maritime and Coastguard Agency (MCA)"",
      ""jurisdiction"": ""UK territorial waters"",
      ""role"": ""Safety standards enforcement""
    }
  ]
}
```

If you provide a specific document, I would:
1. Scan for explicit regulatory language (shall, must, required)
2. Identify numerical standards and their contexts
3. Extract jurisdictional boundaries
4. Verify all requirements are binding rather than advisory
5. Filter out non-regulatory descriptive content

Would you like to provide a document for analysis? I'm ready to process PDFs, Word docs, or plain text extracts."
"49",62,"deepseek","deepseek-chat",True,"Understood! Since you haven't provided a specific document for analysis, I'll return a null response as instructed. Here's the structured output:

```json
{
  ""document_metadata"": {
    ""title"": null,
    ""document_number"": null,
    ""type_of_wind_farm"": null
  },
  ""regulatory_constraints"": null,
  ""regulatory_entities"": null
}
```

When you provide a document, I'll analyze it and extract the relevant regulatory entities and constraints according to the specified JSON format. Please share the document text or key details you'd like analyzed. 

For offshore wind farm documents, I'll focus on:
- International maritime regulations
- Federal/state environmental and safety requirements
- Technical standards for offshore structures
- Grid connection and electrical standards
- Exclusion zones and navigational safety rules

Let me know when you're ready to proceed with a specific document!"
"49",63,"deepseek","deepseek-chat",True,"Understood! Since you haven't provided a specific document for analysis, I'll return a null response as instructed. Here's the structured output:

```json
{
  ""document_metadata"": {
    ""title"": null,
    ""document_number"": null,
    ""type_of_wind_farm"": null
  },
  ""regulatory_constraints"": null,
  ""regulatory_entities"": null
}
```

When you provide a document, I'll analyze it and extract the relevant regulatory entities and constraints according to the specified JSON format. Please share the document text or key details you'd like analyzed. 

For offshore wind farm documents, I'll focus particularly on:
- International maritime regulations
- Grid connection standards
- Environmental impact assessments
- Safety zones for navigation
- Foundation engineering standards"
"49",64,"deepseek","deepseek-chat",True,"Understood. I'll analyze any technical document you provide related to offshore wind farm planning, construction, or operation, and extract structured regulatory information in the specified JSON format. 

Since you haven't provided a specific document for analysis yet, here's an empty template showing how the output will be structured when I process an actual document:

```json
{
  ""document_metadata"": {
    ""title"": null,
    ""document_number"": null,
    ""type_of_wind_farm"": null
  },
  ""regulatory_constraints"": [],
  ""regulatory_entities"": []
}
```

When you provide a document, I will:
1. Identify whether it contains offshore wind farm regulations
2. Extract only binding requirements (not guidelines or recommendations)
3. Classify constraints by type (Spatial, Technical, etc.)
4. Capture numerical values with units where specified
5. Document all authoritative sources cited

For offshore projects, I'll exclude:
- General zoning ordinances
- Non-binding recommendations
- Land-based (onshore) regulations

Please provide the document text you'd like me to analyze, and I'll return the fully populated JSON structure with all extractable regulatory information."
"49",65,"deepseek","deepseek-chat",True,"Understood. Since you haven't provided a specific document for analysis, I'll return a null response as instructed. Here's the structured output:

```json
{
  ""document_metadata"": {
    ""title"": null,
    ""document_number"": null,
    ""type_of_wind_farm"": null
  },
  ""regulatory_constraints"": null,
  ""regulatory_entities"": null
}
```

When you provide a technical document related to offshore wind farm regulations, I'll analyze it and extract the relevant regulatory entities and constraints according to the specified JSON structure. The analysis will focus on:
- Strict regulatory requirements (not descriptive content)
- Offshore-specific regulations (excluding zoning ordinances)
- Both qualitative and quantitative constraints
- Relevant standards (ASCE, ISO, etc.)
- Clear jurisdictional authorities

Please share the document you'd like analyzed, and I'll provide the structured extraction."
"49",66,"deepseek","deepseek-chat",True,"Understood. Since you haven't provided a specific document for analysis, I'll return a null response as instructed. Here's the structured output:

```json
{
  ""document_metadata"": {
    ""title"": null,
    ""document_number"": null,
    ""type_of_wind_farm"": null
  },
  ""regulatory_constraints"": null,
  ""regulatory_entities"": null
}
```

When you provide a document containing offshore wind farm regulatory information, I'll analyze it and extract the relevant entities and constraints according to the specified JSON schema. Please note that for offshore projects, I'll exclude zoning ordinances and focus strictly on regulatory requirements from authoritative sources."
"49",67,"deepseek","deepseek-chat",True,"Understood! I'll analyze any technical document you provide related to offshore wind farm planning, construction, or operation, and extract the relevant regulatory entities and constraints in the specified JSON format.  

Since you haven't provided a specific document yet, here’s an example of how I would structure the output if given a regulatory document:  

### **Example Output (for illustration only)**  
```json
{
  ""document_metadata"": {
    ""title"": ""Offshore Wind Energy Development Guidelines"",
    ""document_number"": ""OWED-2023-001"",
    ""type_of_wind_farm"": ""Offshore""
  },
  ""regulatory_constraints"": [
    {
      ""type"": ""Environmental"",
      ""requirement"": ""Turbine foundations must avoid coral reef habitats within a 500-meter buffer zone."",
      ""scope"": ""All offshore wind projects in U.S. federal waters"",
      ""numerical_value"": ""500"",
      ""unit"": ""meters"",
      ""source"": ""Bureau of Ocean Energy Management (BOEM)"",
      ""related_domains"": [""marine ecosystems"", ""construction planning""]
    },
    {
      ""type"": ""Technical"",
      ""requirement"": ""Wind turbines must comply with IEC 61400-3 for offshore structural design."",
      ""scope"": ""International offshore wind projects"",
      ""numerical_value"": null,
      ""unit"": null,
      ""source"": ""International Electrotechnical Commission (IEC)"",
      ""related_domains"": [""structural engineering"", ""safety""]
    }
  ],
  ""regulatory_entities"": [
    {
      ""entity_name"": ""Bureau of Ocean Energy Management (BOEM)"",
      ""jurisdiction"": ""Federal (U.S.)"",
      ""role"": ""Leasing and permitting authority for offshore wind projects""
    },
    {
      ""entity_name"": ""International Electrotechnical Commission (IEC)"",
      ""jurisdiction"": ""International"",
      ""role"": ""Standard-setting body for electrical and structural requirements""
    }
  ]
}
```

### **Next Steps**  
Please provide the document you'd like me to analyze, and I'll extract the relevant regulatory data in the structured format above. If the document does not contain any enforceable rules or regulatory bodies, I will return:  
```json
{
  ""document_metadata"": {
    ""title"": null,
    ""document_number"": null,
    ""type_of_wind_farm"": null
  },
  ""regulatory_constraints"": null,
  ""regulatory_entities"": null
}
```  

Looking forward to your input!"
"49",68,"deepseek","deepseek-chat",True,"Understood! Since you haven't provided a specific document for analysis, I'll return a null response as instructed. Here's the structured output:

```json
{
  ""document_metadata"": {
    ""title"": null,
    ""document_number"": null,
    ""type_of_wind_farm"": null
  },
  ""regulatory_constraints"": null,
  ""regulatory_entities"": null
}
```

When you provide a document, I'll analyze it and extract the relevant regulatory entities and constraints according to the specified format. Please share the document text or key details you'd like analyzed. 

For offshore wind farm documents, I'll focus on:
- International/national maritime regulations
- Technical standards (e.g., IEC 61400 series)
- Environmental impact directives
- Safety requirements (e.g., aviation lighting, navigation)
- Grid connection specifications

Would you like to proceed with a specific document or set of requirements?"
"49",69,"deepseek","deepseek-chat",True,"Understood. Since you haven't provided a specific document for analysis, I'll return a null response as instructed. Here's the structured output:

```json
{
  ""document_metadata"": {
    ""title"": null,
    ""document_number"": null,
    ""type_of_wind_farm"": null
  },
  ""regulatory_constraints"": null,
  ""regulatory_entities"": null
}
```

When you provide a technical or regulatory document related to offshore wind farms, I'll analyze it and extract the relevant regulatory entities and constraints according to the specified JSON structure. The analysis will focus exclusively on:
- Formal regulatory requirements with clear compliance obligations
- Authoritative standards (e.g., IEC 61400 series for wind turbines)
- Jurisdictional boundaries and permitting requirements
- Environmental protection mandates
- Technical specifications with measurable criteria

Please share the document you'd like analyzed, and I'll provide the structured extraction."
"49",70,"deepseek","deepseek-chat",True,"Understood. Below is the structured output based on the analyzed document. Since no specific document was provided, this is a generalized template. Replace the placeholders with actual extracted data when processing a real document.  

```json
{
  ""document_metadata"": {
    ""title"": ""Title of the analyzed document"",
    ""document_number"": ""Document identifier if available"",
    ""type_of_wind_farm"": ""Offshore""
  },
  ""regulatory_constraints"": [
    {
      ""type"": ""Environmental"",
      ""requirement"": ""Wind turbines must maintain a minimum clearance of 500 meters from marine protected areas."",
      ""scope"": ""European offshore wind projects"",
      ""numerical_value"": ""500"",
      ""unit"": ""meters"",
      ""source"": ""EU Marine Strategy Framework Directive (MSFD)"",
      ""related_domains"": [""Environmental protection"", ""Spatial planning""]
    },
    {
      ""type"": ""Technical"",
      ""requirement"": ""Offshore wind turbine foundations must comply with ISO 19902 standards for fixed steel structures."",
      ""scope"": ""Global offshore wind projects"",
      ""numerical_value"": null,
      ""unit"": null,
      ""source"": ""ISO 19902"",
      ""related_domains"": [""Structural engineering"", ""Safety""]
    },
    {
      ""type"": ""Safety"",
      ""requirement"": ""All personnel working on offshore wind farms must complete GWO Basic Safety Training (BST)."",
      ""scope"": ""Global offshore wind operations"",
      ""numerical_value"": null,
      ""unit"": null,
      ""source"": ""Global Wind Organisation (GWO)"",
      ""related_domains"": [""Workforce safety"", ""Training""]
    }
  ],
  ""regulatory_entities"": [
    {
      ""entity_name"": ""Bureau of Ocean Energy Management (BOEM)"",
      ""jurisdiction"": ""Federal (U.S.)"",
      ""role"": ""Leasing and permitting authority for offshore wind projects""
    },
    {
      ""entity_name"": ""European Maritime Safety Agency (EMSA)"",
      ""jurisdiction"": ""International (EU)"",
      ""role"": ""Oversight of maritime safety and environmental compliance""
    },
    {
      ""entity_name"": ""International Electrotechnical Commission (IEC)"",
      ""jurisdiction"": ""International"",
      ""role"": ""Standard-setting body for wind turbine electrical systems""
    }
  ]
}
```

### Notes:
1. Replace placeholder text with actual extracted data from the analyzed document.  
2. If no regulatory constraints or entities are found, return `null` for those fields.  
3. Ensure numerical values and units are correctly parsed (e.g., ""500 meters"" → `""numerical_value"": ""500"", ""unit"": ""meters""`).  
4. For offshore wind farms, exclude zoning ordinances (as per instruction).  

Would you like me to process a specific document? If so, please provide the text or upload the file."
"49",71,"deepseek","deepseek-chat",True,"Understood! Please provide the technical document you'd like me to analyze, and I will extract the relevant regulatory entities and constraints in the specified JSON format.  

If you don't have a specific document, here’s an example of how the output would look for a hypothetical offshore wind farm regulation document:  

```json
{
  ""document_metadata"": {
    ""title"": ""Guidelines for Offshore Wind Farm Development in the North Sea"",
    ""document_number"": ""NSW-REG-2023-001"",
    ""type_of_wind_farm"": ""Offshore""
  },
  ""regulatory_constraints"": [
    {
      ""type"": ""Environmental"",
      ""requirement"": ""All wind turbines must maintain a minimum distance of 1 km from known marine mammal migratory paths."",
      ""scope"": ""North Sea offshore wind projects"",
      ""numerical_value"": ""1"",
      ""unit"": ""km"",
      ""source"": ""North Sea Wind Regulatory Authority (NSWRA)"",
      ""related_domains"": [""Environmental protection"", ""Wildlife conservation""]
    },
    {
      ""type"": ""Technical"",
      ""requirement"": ""Substation foundations must comply with ISO 19902 for fixed steel offshore structures."",
      ""scope"": ""Offshore wind substations"",
      ""numerical_value"": null,
      ""unit"": null,
      ""source"": ""International Organization for Standardization (ISO)"",
      ""related_domains"": [""Structural engineering"", ""Offshore construction""]
    }
  ],
  ""regulatory_entities"": [
    {
      ""entity_name"": ""North Sea Wind Regulatory Authority (NSWRA)"",
      ""jurisdiction"": ""Regional (North Sea)"",
      ""role"": ""Enforcement of environmental and safety regulations""
    },
    {
      ""entity_name"": ""International Maritime Organization (IMO)"",
      ""jurisdiction"": ""International"",
      ""role"": ""Regulation of navigational safety around offshore structures""
    }
  ]
}
```

If you provide the actual document (text or key excerpts), I will extract the relevant data precisely. Let me know how you'd like to proceed!"
"49",72,"deepseek","deepseek-chat",True,"Understood! Please provide the document you'd like me to analyze, and I will extract the relevant regulatory entities and constraints in the specified JSON format. If the document does not contain any regulations or rules meeting the criteria, I will return `null` for all values.  

For now, here’s an example of how the output will be structured if regulatory information is found:  

```json
{
  ""document_metadata"": {
    ""title"": ""Example Offshore Wind Farm Regulations"",
    ""document_number"": ""DOC-2023-001"",
    ""type_of_wind_farm"": ""Offshore""
  },
  ""regulatory_constraints"": [
    {
      ""type"": ""Environmental"",
      ""requirement"": ""All offshore wind turbines must maintain a minimum clearance of 1 km from migratory bird pathways."",
      ""scope"": ""North Sea offshore wind projects"",
      ""numerical_value"": 1,
      ""unit"": ""km"",
      ""source"": ""EU Marine Spatial Planning Directive 2021"",
      ""related_domains"": [""Environmental"", ""Safety""]
    },
    {
      ""type"": ""Technical"",
      ""requirement"": ""Substation foundations must comply with ISO 19902 for fixed steel offshore structures."",
      ""scope"": ""Global offshore wind installations"",
      ""numerical_value"": null,
      ""unit"": null,
      ""source"": ""ISO 19902"",
      ""related_domains"": [""Technical"", ""Safety""]
    }
  ],
  ""regulatory_entities"": [
    {
      ""entity_name"": ""Bureau of Ocean Energy Management (BOEM)"",
      ""jurisdiction"": ""Federal (USA)"",
      ""role"": ""Leasing and permitting authority for offshore wind projects""
    },
    {
      ""entity_name"": ""European Maritime Safety Agency (EMSA)"",
      ""jurisdiction"": ""International (EU)"",
      ""role"": ""Oversight of maritime safety and environmental compliance""
    }
  ]
}
```

If no relevant regulations are found, the output will be:  

```json
{
  ""document_metadata"": {
    ""title"": null,
    ""document_number"": null,
    ""type_of_wind_farm"": null
  },
  ""regulatory_constraints"": null,
  ""regulatory_entities"": null
}
```

Please share the document or text you'd like analyzed, and I’ll process it accordingly."
"49",73,"deepseek","deepseek-chat",True,"Understood. Since you haven't provided a specific document for analysis, I'll return a null response as instructed. When you provide a document, I'll extract the relevant regulatory information and structure it according to the specified JSON format.

```json
{
  ""document_metadata"": {
    ""title"": null,
    ""document_number"": null,
    ""type_of_wind_farm"": null
  },
  ""regulatory_constraints"": null,
  ""regulatory_entities"": null
}
```

Please share the document you'd like analyzed, and I'll extract the relevant regulatory entities and constraints with high precision. For offshore wind farm documents, I'll focus on:
- International maritime regulations
- Environmental impact assessments
- Grid connection standards
- Safety requirements for offshore structures
- Technical specifications for turbines in marine environments

I'll exclude any irrelevant content and strictly follow your formatting requirements."
"49",74,"deepseek","deepseek-chat",True,"Understood. Since you haven't provided a specific document for analysis, I'll return a null response as instructed. Here's the structured output:

```json
{
  ""document_metadata"": {
    ""title"": null,
    ""document_number"": null,
    ""type_of_wind_farm"": null
  },
  ""regulatory_constraints"": null,
  ""regulatory_entities"": null
}
```

When you provide a document, I'll analyze it and extract:
1. All specific regulatory requirements with their parameters
2. All authoritative entities mentioned
3. Document metadata
4. Only include enforceable rules/standards (no descriptive content)

Please share the document you'd like analyzed, and I'll provide a complete regulatory extraction following the specified JSON schema."
"49",75,"deepseek","deepseek-chat",True,"Understood. Since you haven't provided a specific document for analysis, I'll return a null response as per instruction #2. Here's the structured output:

```json
{
  ""document_metadata"": {
    ""title"": null,
    ""document_number"": null,
    ""type_of_wind_farm"": null
  },
  ""regulatory_constraints"": null,
  ""regulatory_entities"": null
}
```

When you provide a technical document related to offshore wind farm regulations, I'll analyze it and extract the relevant regulatory entities and constraints according to the specified JSON structure. Please share the document text you'd like analyzed, and I'll provide a comprehensive extraction of the regulatory information.

For offshore wind projects, I'll focus particularly on:
- Maritime spatial planning regulations
- International shipping lane requirements
- Subsea cable installation standards
- Marine wildlife protection measures
- Offshore safety standards (e.g., OSH regulations)
- Grid connection technical specifications"
"49",76,"deepseek","deepseek-chat",True,"Understood! Since you haven't provided a specific document for analysis, I'll return a null response as instructed. If you share a document, I can extract the relevant regulatory information in the structured JSON format you've defined.

```json
{
  ""document_metadata"": {
    ""title"": null,
    ""document_number"": null,
    ""type_of_wind_farm"": null
  },
  ""regulatory_constraints"": null,
  ""regulatory_entities"": null
}
```

When you provide a document (e.g., a PDF, regulatory text, or technical standard), I will analyze it and return a fully populated JSON with extracted entities and constraints. Let me know how you'd like to proceed!  

For reference, here are examples of the types of data I can extract from a real document:  

**Regulatory Constraint Example:**  
```json
{
  ""type"": ""Environmental"",
  ""requirement"": ""All turbine foundations must undergo a seabed impact assessment before installation."",
  ""scope"": ""North Sea offshore wind projects"",
  ""numerical_value"": null,
  ""unit"": null,
  ""source"": ""OSPAR Commission Decision 2022/5"",
  ""related_domains"": [""Environmental impact"", ""Construction""]
}
```

**Regulatory Entity Example:**  
```json
{
  ""entity_name"": ""Bureau of Ocean Energy Management (BOEM)"",
  ""jurisdiction"": ""Federal (U.S. Outer Continental Shelf)"",
  ""role"": ""Leasing and permitting authority for offshore wind projects""
}
```  

Ready to analyze your document when you share it!"
"49",77,"deepseek","deepseek-chat",True,"Understood! Since you haven't provided a specific document for analysis, I'll return a null response as instructed. If you share a document (text, PDF, or other format), I can extract the relevant regulatory information and structure it according to your requested JSON format.  

Here’s the structured output for a null case:  

```json
{
  ""document_metadata"": {
    ""title"": null,
    ""document_number"": null,
    ""type_of_wind_farm"": null
  },
  ""regulatory_constraints"": null,
  ""regulatory_entities"": null
}
```

**To proceed:**  
1. Upload or paste the document text you'd like analyzed.  
2. Specify if the document is for an **offshore** or **onshore** wind farm (if not clear from the text).  
3. Highlight any sections you want prioritized (e.g., environmental rules, technical standards).  

I’ll then extract the relevant entities and constraints with high precision. Let me know how you'd like to proceed!"
"49",78,"deepseek","deepseek-chat",True,"Understood. Since you haven't provided a specific document for analysis, I'll return a null response as instructed. Here's the structured output:

```json
{
  ""document_metadata"": {
    ""title"": null,
    ""document_number"": null,
    ""type_of_wind_farm"": null
  },
  ""regulatory_constraints"": null,
  ""regulatory_entities"": null
}
```

When you provide a document containing offshore wind farm regulatory information, I'll analyze it and extract the relevant entities and constraints according to the specified JSON structure. The analysis will focus exclusively on:
- Clear regulatory requirements with specific rules or standards
- Official regulatory bodies with authority over wind farms
- Technical specifications from recognized standards organizations
- Environmental or safety mandates with measurable criteria

Please share the document you'd like analyzed, and I'll provide the structured extraction."
"49",79,"deepseek","deepseek-chat",True,"Understood. Since you haven't provided a specific document for analysis, I'll return a null response as instructed. Here's the structured output:

```json
{
  ""document_metadata"": {
    ""title"": null,
    ""document_number"": null,
    ""type_of_wind_farm"": null
  },
  ""regulatory_constraints"": null,
  ""regulatory_entities"": null
}
```

When you provide a document, I'll analyze it and extract the relevant regulatory entities and constraints according to the specified JSON structure. The analysis will focus exclusively on:
- Clear regulatory requirements with specific rules or standards
- Official regulatory bodies with authority over wind farm projects
- Technical specifications that constitute binding requirements
- Environmental or safety mandates that projects must comply with

For offshore wind projects, I'll exclude any zoning-related content and focus on maritime regulations, international standards, and environmental protections specific to marine environments."
"49",80,"deepseek","deepseek-chat",True,"Understood. I'll process documents to extract strictly regulatory information about offshore wind farms in the specified JSON format. Since you haven't provided a specific document for analysis, here's a template response showing how I would structure the output if regulatory content were found:

```json
{
  ""document_metadata"": {
    ""title"": ""Example Offshore Wind Farm Development Guidelines"",
    ""document_number"": ""OWF-REG-2023-001"",
    ""type_of_wind_farm"": ""Offshore""
  },
  ""regulatory_constraints"": [
    {
      ""type"": ""Environmental"",
      ""requirement"": ""All projects must conduct a full Environmental Impact Assessment (EIA) prior to construction"",
      ""scope"": ""All offshore wind developments in federal waters"",
      ""numerical_value"": null,
      ""unit"": null,
      ""source"": ""Bureau of Ocean Energy Management (BOEM)"",
      ""related_domains"": [""environmental"", ""permitting""]
    },
    {
      ""type"": ""Technical"",
      ""requirement"": ""Turbine foundations must withstand 1-in-50-year extreme wave conditions"",
      ""scope"": ""Fixed-bottom installations in North Atlantic region"",
      ""numerical_value"": 50,
      ""unit"": ""year return period"",
      ""source"": ""ISO 19901-1"",
      ""related_domains"": [""structural engineering"", ""safety""]
    }
  ],
  ""regulatory_entities"": [
    {
      ""entity_name"": ""Bureau of Ocean Energy Management (BOEM)"",
      ""jurisdiction"": ""Federal waters of the United States"",
      ""role"": ""Leasing and permitting authority""
    },
    {
      ""entity_name"": ""International Electrotechnical Commission (IEC)"",
      ""jurisdiction"": ""International standards"",
      ""role"": ""Sets technical standards for wind turbines""
    }
  ]
}
```

If no regulatory content were found in the document, the response would be:

```json
{
  ""document_metadata"": {
    ""title"": null,
    ""document_number"": null,
    ""type_of_wind_farm"": null
  },
  ""regulatory_constraints"": null,
  ""regulatory_entities"": null
}
```

To proceed with an actual analysis, please provide the technical document you'd like me to process. I'll extract only concrete regulatory requirements and authoritative entities according to the specified schema."
"49",81,"deepseek","deepseek-chat",True,"Understood! Since I don't have access to a specific document to analyze, I'll provide a hypothetical example of how the structured output would look based on a typical offshore wind farm regulatory document.  

### **Example Output:**  

```json
{
  ""document_metadata"": {
    ""title"": ""Offshore Wind Energy Development Guidelines"",
    ""document_number"": ""OWED-2023-001"",
    ""type_of_wind_farm"": ""Offshore""
  },
  ""regulatory_constraints"": [
    {
      ""type"": ""Environmental"",
      ""requirement"": ""Wind turbines must maintain a minimum clearance of 500 meters from known marine mammal migration routes."",
      ""scope"": ""All offshore wind farms in U.S. federal waters"",
      ""numerical_value"": ""500"",
      ""unit"": ""meters"",
      ""source"": ""Bureau of Ocean Energy Management (BOEM)"",
      ""related_domains"": [""environmental"", ""wildlife protection""]
    },
    {
      ""type"": ""Technical"",
      ""requirement"": ""All turbine foundations must comply with ISO 19901-5 for structural integrity under cyclic loading."",
      ""scope"": ""Global offshore wind projects"",
      ""numerical_value"": null,
      ""unit"": null,
      ""source"": ""International Organization for Standardization (ISO)"",
      ""related_domains"": [""structural engineering"", ""safety""]
    },
    {
      ""type"": ""Spatial"",
      ""requirement"": ""No wind farm development is permitted within 12 nautical miles of designated shipping lanes."",
      ""scope"": ""North Sea offshore wind zones"",
      ""numerical_value"": ""12"",
      ""unit"": ""nautical miles"",
      ""source"": ""European Maritime Safety Agency (EMSA)"",
      ""related_domains"": [""maritime navigation"", ""safety""]
    }
  ],
  ""regulatory_entities"": [
    {
      ""entity_name"": ""Bureau of Ocean Energy Management (BOEM)"",
      ""jurisdiction"": ""Federal (U.S.)"",
      ""role"": ""Leasing and permitting authority for offshore wind projects""
    },
    {
      ""entity_name"": ""International Organization for Standardization (ISO)"",
      ""jurisdiction"": ""International"",
      ""role"": ""Sets technical standards for offshore wind infrastructure""
    },
    {
      ""entity_name"": ""European Maritime Safety Agency (EMSA)"",
      ""jurisdiction"": ""Regional (EU)"",
      ""role"": ""Regulates maritime safety and navigation near wind farms""
    }
  ]
}
```

### **Key Notes on the Example:**  
- **Regulatory Constraints** are categorized by type (Environmental, Technical, Spatial, etc.).  
- **Numerical values** are included where applicable (e.g., distance restrictions).  
- **Standards (e.g., ISO 19901-5)** are included even without numerical values.  
- **Regulatory Entities** specify jurisdiction and role.  

If you provide an actual document, I can extract the relevant data in this structured format. Let me know how you'd like to proceed!"
"49",82,"deepseek","deepseek-chat",True,"Understood. Since you haven't provided a specific document for analysis, I'll return a null response as instructed. Here's the structured output:

```json
{
  ""document_metadata"": {
    ""title"": null,
    ""document_number"": null,
    ""type_of_wind_farm"": null
  },
  ""regulatory_constraints"": null,
  ""regulatory_entities"": null
}
```

When you provide a technical or regulatory document related to offshore wind farms, I'll analyze it and extract the relevant regulatory entities and constraints according to the specified JSON structure. The analysis will focus strictly on:
1) Formal regulatory requirements with clear constraints
2) Authoritative regulatory bodies
3) Technical/environmental standards applicable to offshore wind development

Would you like to provide a document for analysis now?"
"49",83,"deepseek","deepseek-chat",True,"Since you haven't provided a specific document for analysis, I cannot extract any information from it. However, I can provide you with an example of how the output would look if I were to analyze a hypothetical offshore wind farm regulatory document:

```json
{
  ""document_metadata"": {
    ""title"": ""National Offshore Wind Energy Development Guidelines"",
    ""document_number"": ""NOW-REG-2023-001"",
    ""type_of_wind_farm"": ""Offshore""
  },
  ""regulatory_constraints"": [
    {
      ""type"": ""Environmental"",
      ""requirement"": ""All offshore wind farms must conduct a full environmental impact assessment (EIA) prior to construction"",
      ""scope"": ""All offshore wind projects in federal waters"",
      ""numerical_value"": null,
      ""unit"": null,
      ""source"": ""Bureau of Ocean Energy Management (BOEM)"",
      ""related_domains"": [""environmental"", ""permitting""]
    },
    {
      ""type"": ""Technical"",
      ""requirement"": ""Wind turbine foundations must be designed to withstand a 1,000-year return period storm event"",
      ""scope"": ""All fixed-bottom offshore wind turbines in the Atlantic Outer Continental Shelf"",
      ""numerical_value"": 1000,
      ""unit"": ""year return period"",
      ""source"": ""ASCE/SEI 7-22"",
      ""related_domains"": [""structural engineering"", ""safety""]
    },
    {
      ""type"": ""Safety"",
      ""requirement"": ""All personnel transfer operations must comply with ISO 29400:2015 requirements for offshore personnel transfer"",
      ""scope"": ""All offshore wind farm operations"",
      ""numerical_value"": null,
      ""unit"": null,
      ""source"": ""ISO 29400:2015"",
      ""related_domains"": [""worker safety"", ""operations""]
    }
  ],
  ""regulatory_entities"": [
    {
      ""entity_name"": ""Bureau of Ocean Energy Management (BOEM)"",
      ""jurisdiction"": ""Federal (U.S. Outer Continental Shelf)"",
      ""role"": ""Leasing and permitting authority for offshore wind projects""
    },
    {
      ""entity_name"": ""International Electrotechnical Commission (IEC)"",
      ""jurisdiction"": ""International"",
      ""role"": ""Setting technical standards for wind turbine systems""
    },
    {
      ""entity_name"": ""Maritime and Coastguard Agency (MCA)"",
      ""jurisdiction"": ""National (UK)"",
      ""role"": ""Enforcement of maritime safety regulations for offshore installations""
    }
  ]
}
```

If you'd like me to analyze a specific document, please provide the text or upload the document, and I'll extract the relevant regulatory information according to the specified format. For now, this example demonstrates how the output would be structured when regulations are present in a document."
"49",84,"deepseek","deepseek-chat",True,"Understood. Since you haven't provided a specific document for analysis, I'll return a null response as instructed. When you provide a document, I'll extract the relevant regulatory information in the specified JSON format.

```json
{
  ""document_metadata"": {
    ""title"": null,
    ""document_number"": null,
    ""type_of_wind_farm"": null
  },
  ""regulatory_constraints"": null,
  ""regulatory_entities"": null
}
```

Please provide the document you'd like analyzed, and I'll extract the relevant regulatory information according to your specifications. For offshore wind farm documents, I'll focus on:
- International maritime regulations
- Environmental impact standards
- Technical specifications for offshore structures
- Safety requirements for marine operations
- Grid connection standards

I won't include any zoning ordinances or onshore-specific regulations unless specified."
"49",85,"deepseek","deepseek-chat",True,"Understood. Since you haven't provided a specific document for analysis, I'll demonstrate the output structure with a generic example based on typical offshore wind regulatory content. When you provide an actual document, I'll extract precise information accordingly.

```json
{
  ""document_metadata"": {
    ""title"": ""Example Offshore Wind Farm Development Guidelines"",
    ""document_number"": ""EWEA-2023-OSTD"",
    ""type_of_wind_farm"": ""Offshore""
  },
  ""regulatory_constraints"": [
    {
      ""type"": ""Environmental"",
      ""requirement"": ""All projects must conduct a full Environmental Impact Assessment (EIA) prior to construction"",
      ""scope"": ""European Union waters"",
      ""numerical_value"": null,
      ""unit"": null,
      ""source"": ""EU Directive 2014/52/EU"",
      ""related_domains"": [""environmental"", ""permitting""]
    },
    {
      ""type"": ""Technical"",
      ""requirement"": ""Turbine foundations must withstand 1-in-50-year extreme wave conditions"",
      ""scope"": ""North Sea installations"",
      ""numerical_value"": 16.2,
      ""unit"": ""meters"",
      ""source"": ""IEC 61400-3"",
      ""related_domains"": [""structural engineering"", ""safety""]
    },
    {
      ""type"": ""Safety"",
      ""requirement"": ""Minimum 500m exclusion zone required during turbine installation operations"",
      ""scope"": ""UK territorial waters"",
      ""numerical_value"": 500,
      ""unit"": ""meters"",
      ""source"": ""UK Maritime and Coastguard Agency"",
      ""related_domains"": [""maritime safety"", ""operations""]
    }
  ],
  ""regulatory_entities"": [
    {
      ""entity_name"": ""Bureau of Ocean Energy Management (BOEM)"",
      ""jurisdiction"": ""federal"",
      ""role"": ""Leasing and permitting authority for US offshore waters""
    },
    {
      ""entity_name"": ""International Electrotechnical Commission (IEC)"",
      ""jurisdiction"": ""international"",
      ""role"": ""Technical standard setting for offshore wind turbines""
    },
    {
      ""entity_name"": ""European Maritime Safety Agency (EMSA)"",
      ""jurisdiction"": ""regional"",
      ""role"": ""Oversight of maritime operations safety""
    }
  ]
}
```

When you provide an actual document, I will:
1. Only extract verifiable regulatory statements
2. Exclude non-binding recommendations
3. Focus specifically on offshore wind requirements (excluding onshore/zoning)
4. Capture both qualitative and quantitative requirements
5. Maintain strict adherence to the requested JSON schema

Please share the document you'd like analyzed for precise regulatory extraction."
"49",86,"deepseek","deepseek-chat",True,"Understood. Since you haven't provided a specific document for analysis, I'll return a null response as instructed. Here's the structured output:

```json
{
  ""document_metadata"": {
    ""title"": null,
    ""document_number"": null,
    ""type_of_wind_farm"": null
  },
  ""regulatory_constraints"": null,
  ""regulatory_entities"": null
}
```

When you provide a specific technical or regulatory document related to offshore wind farms, I'll analyze it and extract the relevant regulatory entities and constraints according to the specified JSON structure. The analysis will focus strictly on:
1. Official regulatory requirements with clear constraints
2. Authoritative regulatory bodies with jurisdiction over wind farm development
3. Technical standards that must be complied with

Please share the document you'd like analyzed, and I'll provide the structured extraction."
"49",87,"deepseek","deepseek-chat",True,"Understood! Please provide the technical document or text you'd like me to analyze, and I will extract the relevant regulatory entities and constraints in the specified JSON format.  

If you don't provide a document, here’s an example of an empty output (as per instruction #2):  

```json
{
  ""document_metadata"": {
    ""title"": null,
    ""document_number"": null,
    ""type_of_wind_farm"": null
  },
  ""regulatory_constraints"": null,
  ""regulatory_entities"": null
}
```

If you share the document text, I will parse it and return structured regulatory data. Let me know how you'd like to proceed!"
"49",88,"deepseek","deepseek-chat",True,"Understood! Please provide the technical document or text you'd like me to analyze, and I will extract the relevant regulatory entities and constraints in the specified JSON format.  

If you don't have a document ready, here’s an example of how the output would look for a hypothetical offshore wind farm regulation:  

```json
{
  ""document_metadata"": {
    ""title"": ""Example Offshore Wind Farm Development Guidelines"",
    ""document_number"": ""EWF-2023-001"",
    ""type_of_wind_farm"": ""Offshore""
  },
  ""regulatory_constraints"": [
    {
      ""type"": ""Environmental"",
      ""requirement"": ""All wind turbines must maintain a minimum clearance of 500 meters from known marine mammal migration routes."",
      ""scope"": ""North Sea offshore wind projects"",
      ""numerical_value"": ""500"",
      ""unit"": ""meters"",
      ""source"": ""Marine Environmental Protection Agency (MEPA)"",
      ""related_domains"": [""wildlife protection"", ""project siting""]
    },
    {
      ""type"": ""Technical"",
      ""requirement"": ""Substation foundations must comply with ISO 19902 for fixed steel offshore structures."",
      ""scope"": ""Global offshore wind installations"",
      ""numerical_value"": null,
      ""unit"": null,
      ""source"": ""International Organization for Standardization (ISO)"",
      ""related_domains"": [""structural engineering"", ""safety""]
    }
  ],
  ""regulatory_entities"": [
    {
      ""entity_name"": ""Bureau of Ocean Energy Management (BOEM)"",
      ""jurisdiction"": ""Federal (U.S. Outer Continental Shelf)"",
      ""role"": ""Leasing and permitting authority for offshore wind projects""
    },
    {
      ""entity_name"": ""International Electrotechnical Commission (IEC)"",
      ""jurisdiction"": ""International"",
      ""role"": ""Standard-setting body for wind turbine electrical systems""
    }
  ]
}
```

If you provide the actual document, I will analyze it and return a structured output following these guidelines. Let me know how you'd like to proceed!"
"49",89,"deepseek","deepseek-chat",True,"Understood. Since you haven't provided a specific document for analysis, I'll return a null response as instructed. When you provide a technical or regulatory document related to offshore wind farms, I'll extract the relevant information and structure it according to the specified JSON format.

```json
{
  ""document_metadata"": {
    ""title"": null,
    ""document_number"": null,
    ""type_of_wind_farm"": null
  },
  ""regulatory_constraints"": null,
  ""regulatory_entities"": null
}
```

Please share the document you'd like analyzed, and I'll extract the relevant regulatory entities and constraints with high precision. For offshore wind projects, I'll focus on:
- International/national maritime regulations
- Technical standards (e.g., IEC 61400 series)
- Environmental impact directives
- Safety requirements (e.g., aviation, navigation)
- Grid connection standards

I'll exclude any irrelevant content or onshore-specific regulations."
"49",90,"deepseek","deepseek-chat",True,"Understood. Since you haven't provided a specific document for analysis, I'll return a null response as per instruction #2. Here's the structured output:

```json
{
  ""document_metadata"": {
    ""title"": null,
    ""document_number"": null,
    ""type_of_wind_farm"": null
  },
  ""regulatory_constraints"": null,
  ""regulatory_entities"": null
}
```

When you provide a technical document related to offshore wind farm regulations, I'll analyze it and extract the relevant regulatory entities and constraints according to the specified JSON structure. The analysis will focus strictly on:
- Formal requirements with legal/technical standing
- Numerical specifications where present
- Authoritative regulatory bodies
- Offshore-specific regulations (excluding zoning ordinances)

Please share the document you'd like analyzed, and I'll provide the structured extraction."
"49",91,"deepseek","deepseek-chat",True,"Understood. Since you haven't provided a specific document for analysis, I'll return a null response as instructed. When you provide a document, I'll extract the relevant regulatory information and structure it according to the specified JSON format.

```json
{
  ""document_metadata"": {
    ""title"": null,
    ""document_number"": null,
    ""type_of_wind_farm"": null
  },
  ""regulatory_constraints"": null,
  ""regulatory_entities"": null
}
```

Please share the document you'd like analyzed, and I'll extract the relevant regulatory information from it. For offshore wind farm documents, I'll focus on:
- International/national maritime regulations
- Technical standards for offshore structures
- Environmental impact requirements
- Safety protocols for marine operations
- Grid connection specifications

I'll exclude any onshore zoning or land-use regulations as per your instructions."
"49",92,"deepseek","deepseek-chat",True,"Understood! Please provide the technical document you'd like me to analyze, and I will extract the relevant regulatory and technical information in the specified JSON format.  

If no document is provided, here’s an example of an empty output (as per instruction #2):  

```json
{
  ""document_metadata"": {
    ""title"": null,
    ""document_number"": null,
    ""type_of_wind_farm"": null
  },
  ""regulatory_constraints"": null,
  ""regulatory_entities"": null
}
```  

Otherwise, upload or paste the document text, and I will parse it for:  
- **Regulatory Entities** (e.g., BOEM, IMO, DNV)  
- **Regulatory Constraints** (e.g., setback distances, noise limits, cable burial depths)  

I’ll ensure strict adherence to your formatting and extraction rules. Let me know how you'd like to proceed!"
"49",93,"deepseek","deepseek-chat",True,"Understood. I'll analyze the provided document and extract the requested information in the specified JSON format. Since you haven't provided a specific document to analyze, I'll return null values as instructed when no document is provided.

Here's the structured output:

```json
{
  ""document_metadata"": {
    ""title"": null,
    ""document_number"": null,
    ""type_of_wind_farm"": null
  },
  ""regulatory_constraints"": null,
  ""regulatory_entities"": null
}
```

When you provide a specific technical document related to offshore wind farm planning, construction, or operation, I will:
1. Carefully analyze its contents
2. Extract only specific regulatory requirements and entities
3. Structure the information according to your detailed schema
4. Exclude any non-regulatory or descriptive content
5. Focus specifically on offshore wind farm regulations (excluding zoning ordinances)

Please provide the document you'd like me to analyze, and I'll return a properly structured extraction of all relevant regulatory information."
"49",94,"deepseek","deepseek-chat",True,"Understood. Since you haven't provided a specific document for analysis, I'll return a null response as instructed when no regulatory information is present. Here's the structured output:

```json
{
  ""document_metadata"": {
    ""title"": null,
    ""document_number"": null,
    ""type_of_wind_farm"": null
  },
  ""regulatory_constraints"": null,
  ""regulatory_entities"": null
}
```

When you provide a technical or regulatory document related to offshore wind farms, I'll analyze it and extract the relevant regulatory entities and constraints according to the specified JSON schema. 

For optimal results, please provide documents that contain:
- Technical standards or specifications
- Environmental impact regulations
- Maritime spatial planning directives
- Safety or operational requirements
- Permitting processes or jurisdictional rules

I'm particularly effective at processing:
- Governmental regulatory frameworks
- ISO/ASCE/IEC standards for wind energy
- Environmental impact assessments
- Maritime spatial plans
- Permitting guidelines from regulatory bodies"
"49",95,"deepseek","deepseek-chat",True,"Understood! Since no specific document was provided for analysis, I'll return a null response as instructed. Here's the structured output:

```json
{
  ""document_metadata"": {
    ""title"": null,
    ""document_number"": null,
    ""type_of_wind_farm"": null
  },
  ""regulatory_constraints"": null,
  ""regulatory_entities"": null
}
```

When you provide a technical or regulatory document related to offshore wind farms, I'll analyze it and extract the relevant regulatory entities and constraints in the specified structured format. 

Some examples of what I can extract from actual documents include:
- IMO regulations for maritime safety around installations
- IEC standards for turbine electrical systems
- BOEM lease area requirements
- Environmental impact assessment thresholds
- Aviation lighting requirements for turbines

Please share the document you'd like analyzed, and I'll provide a detailed extraction."
"49",96,"deepseek","deepseek-chat",True,"Understood! Please provide the technical document or text you'd like me to analyze, and I will extract the relevant regulatory entities and constraints in the specified JSON format.  

If no document is provided, here’s an example of the expected output for a hypothetical offshore wind farm regulation snippet:  

```json
{
  ""document_metadata"": {
    ""title"": ""Example Offshore Wind Farm Regulations"",
    ""document_number"": ""EWF-2023-001"",
    ""type_of_wind_farm"": ""Offshore""
  },
  ""regulatory_constraints"": [
    {
      ""type"": ""Environmental"",
      ""requirement"": ""Turbine foundations must avoid coral reef habitats by a minimum buffer of 500 meters."",
      ""scope"": ""North Atlantic offshore wind lease areas"",
      ""numerical_value"": ""500"",
      ""unit"": ""meters"",
      ""source"": ""Bureau of Ocean Energy Management (BOEM)"",
      ""related_domains"": [""Environmental impact"", ""Marine ecosystems""]
    },
    {
      ""type"": ""Technical"",
      ""requirement"": ""All electrical systems must comply with IEC 61400-24 for lightning protection."",
      ""scope"": ""Offshore wind turbines"",
      ""numerical_value"": null,
      ""unit"": null,
      ""source"": ""International Electrotechnical Commission (IEC)"",
      ""related_domains"": [""Electrical safety"", ""Turbine design""]
    }
  ],
  ""regulatory_entities"": [
    {
      ""entity_name"": ""Bureau of Ocean Energy Management (BOEM)"",
      ""jurisdiction"": ""Federal (U.S. offshore waters)"",
      ""role"": ""Leasing and environmental compliance oversight""
    },
    {
      ""entity_name"": ""International Electrotechnical Commission (IEC)"",
      ""jurisdiction"": ""International"",
      ""role"": ""Technical standardization for electrical systems""
    }
  ]
}
```

**Next Steps**:  
- Share the document/text you’d like analyzed, and I’ll extract the relevant data.  
- If the document contains no regulations, I’ll return `null` as instructed.  
- For offshore projects, I’ll ignore zoning ordinances and focus on technical, environmental, or safety rules.  

Let me know how you'd like to proceed!"
"49",97,"deepseek","deepseek-chat",True,"Understood. Since you haven't provided a specific document for analysis, I'll demonstrate the output format with a generic example based on typical offshore wind regulatory content. When you provide an actual document, I'll analyze it precisely per your requirements.

Example Output (for illustration only):

```json
{
  ""document_metadata"": {
    ""title"": ""North Sea Offshore Wind Development Framework 2023"",
    ""document_number"": ""NS-OWF-2023-0042"",
    ""type_of_wind_farm"": ""Offshore""
  },
  ""regulatory_constraints"": [
    {
      ""type"": ""Environmental"",
      ""requirement"": ""All turbine foundations must maintain a minimum clearance of 25 meters from the seabed to allow for marine mammal passage"",
      ""scope"": ""North Sea EEZ"",
      ""numerical_value"": ""25"",
      ""unit"": ""meters"",
      ""source"": ""OSPAR Convention Annex VII"",
      ""related_domains"": [""environmental"", ""structural design""]
    },
    {
      ""type"": ""Technical"",
      ""requirement"": ""Substation platforms shall comply with IEC 61400-3 for offshore electrical installations"",
      ""scope"": ""All offshore installations"",
      ""numerical_value"": null,
      ""unit"": null,
      ""source"": ""International Electrotechnical Commission"",
      ""related_domains"": [""electrical systems"", ""safety""]
    }
  ],
  ""regulatory_entities"": [
    {
      ""entity_name"": ""Marine Management Organisation (MMO)"",
      ""jurisdiction"": ""UK territorial waters"",
      ""role"": ""Issues marine licenses for construction and operation""
    },
    {
      ""entity_name"": ""Bundesamt für Seeschifffahrt und Hydrographie (BSH)"",
      ""jurisdiction"": ""German EEZ"",
      ""role"": ""Technical approval of wind farm designs""
    }
  ]
}
```

Key features of this response:
1. Strict adherence to the JSON schema
2. Exclusion of non-regulatory content
3. Clear null values where data isn't applicable
4. Proper categorization of constraint types
5. Direct linkage between requirements and authorities

To proceed with an actual analysis, please provide:
- The document text
- Or specific questions about offshore wind regulations in a particular jurisdiction

I'll then extract only the verifiable regulatory information per your strict requirements."
"49",98,"deepseek","deepseek-chat",True,"Understood. Since you haven't provided a specific document to analyze, I'll return a null response as per instruction #2. Here's the structured output:

```json
{
  ""document_metadata"": {
    ""title"": null,
    ""document_number"": null,
    ""type_of_wind_farm"": null
  },
  ""regulatory_constraints"": null,
  ""regulatory_entities"": null
}
```

When you provide a technical document related to offshore wind farm regulation, I'll analyze it and extract the relevant regulatory entities and constraints according to the specified schema. The analysis will focus exclusively on:
- Formal regulatory requirements with clear compliance obligations
- Authoritative standards and specifications
- Governing bodies with regulatory authority
- Quantifiable constraints with numerical values where available

Would you like to provide a document for analysis?"
"49",99,"deepseek","deepseek-chat",True,"Understood. Since you haven't provided a specific document for analysis, I'll return a null response as instructed. When you provide a document, I'll analyze it and extract the relevant regulatory information in the specified JSON format.

```json
{
  ""document_metadata"": {
    ""title"": null,
    ""document_number"": null,
    ""type_of_wind_farm"": null
  },
  ""regulatory_constraints"": null,
  ""regulatory_entities"": null
}
```

Please provide the document you'd like analyzed, and I'll extract the relevant regulatory information according to your specifications. For offshore wind farm documents, I'll focus on:
- International maritime regulations
- Federal/state environmental and safety requirements
- Technical standards for offshore structures
- Grid connection specifications
- Navigation safety constraints

I'll exclude any onshore zoning ordinances or irrelevant content."
"49",100,"deepseek","deepseek-chat",True,"Understood. Since you haven't provided a specific document for analysis, I'll return a null response as instructed. When you provide a document, I'll extract the relevant regulatory information according to the specified JSON format.

```json
{
  ""document_metadata"": {
    ""title"": null,
    ""document_number"": null,
    ""type_of_wind_farm"": null
  },
  ""regulatory_constraints"": null,
  ""regulatory_entities"": null
}
```

Please provide the document you'd like analyzed, and I'll extract the relevant regulatory information in the requested structured format. For offshore wind farm documents, I'll focus on spatial, technical, environmental, jurisdictional, and safety constraints while excluding zoning ordinances."
"49",101,"deepseek","deepseek-chat",True,"Understood! Since you haven't provided a specific document for analysis, I'll outline how I would process a hypothetical document and provide an example output. When you supply an actual document (e.g., a PDF, regulatory text, or technical standard), I can extract the relevant information and populate the JSON structure accordingly.

### Example Output (Hypothetical Document Analysis):
```json
{
  ""document_metadata"": {
    ""title"": ""Guidelines for Offshore Wind Farm Development in the North Sea"",
    ""document_number"": ""NSW-2023-001"",
    ""type_of_wind_farm"": ""Offshore""
  },
  ""regulatory_constraints"": [
    {
      ""type"": ""Environmental"",
      ""requirement"": ""All turbine foundations must undergo a seabed impact assessment prior to installation."",
      ""scope"": ""North Sea jurisdictional waters"",
      ""numerical_value"": null,
      ""unit"": null,
      ""source"": ""North Sea Offshore Wind Authority (NSOWA)"",
      ""related_domains"": [""environmental"", ""construction""]
    },
    {
      ""type"": ""Technical"",
      ""requirement"": ""Turbine towers must withstand wind speeds of up to 50 m/s."",
      ""scope"": ""All offshore wind farms"",
      ""numerical_value"": 50,
      ""unit"": ""m/s"",
      ""source"": ""ISO 61400-3"",
      ""related_domains"": [""structural safety"", ""design""]
    }
  ],
  ""regulatory_entities"": [
    {
      ""entity_name"": ""North Sea Offshore Wind Authority (NSOWA)"",
      ""jurisdiction"": ""Regional (North Sea coastal states)"",
      ""role"": ""Permitting and environmental compliance""
    },
    {
      ""entity_name"": ""International Electrotechnical Commission (IEC)"",
      ""jurisdiction"": ""International"",
      ""role"": ""Technical standard-setting for wind turbines""
    }
  ]
}
```

### Notes:
1. **If no document is provided**, the output will default to `null` for all fields.  
2. **For actual documents**, I will:
   - Extract **only binding requirements** (e.g., ""must,"" ""shall,"" ""required"").
   - Ignore descriptive text or recommendations (e.g., ""should,"" ""may"").
   - Focus on offshore-specific rules (e.g., maritime safety zones, seabed surveys).
3. **Standards** (e.g., ISO, IEC) will be included even without numerical values.

Please share the document you'd like analyzed, and I’ll generate the structured output accordingly."
"49",102,"deepseek","deepseek-chat",True,"Understood. Since you haven't provided a specific document for analysis, I'll return a null response as instructed. When you provide a technical or regulatory document related to offshore wind farms, I'll extract the relevant information and structure it according to the specified JSON format.

```json
{
  ""document_metadata"": {
    ""title"": null,
    ""document_number"": null,
    ""type_of_wind_farm"": null
  },
  ""regulatory_constraints"": null,
  ""regulatory_entities"": null
}
```

Please share the document you'd like analyzed, and I'll extract the regulatory entities and constraints according to the given schema. For offshore wind projects, I'll focus on relevant regulations while excluding zoning ordinances and including applicable standards."
"49",103,"deepseek","deepseek-chat",True,"Understood. I'll analyze any provided technical/regulatory document related to offshore wind farms and extract structured data in the specified JSON format. 

Since you haven't provided a specific document for analysis, here's a template response showing how I would structure the output if given a regulatory document:

```json
{
  ""document_metadata"": {
    ""title"": null,
    ""document_number"": null,
    ""type_of_wind_farm"": null
  },
  ""regulatory_constraints"": null,
  ""regulatory_entities"": null
}
```

To get a proper analysis:
1. Please provide the text of the regulatory/technical document you'd like analyzed
2. Or upload the document file if possible

When I receive the content, I will:
- Strictly extract only regulatory requirements (not recommendations or guidance)
- Identify all authoritative entities 
- Classify constraints by type (spatial, technical, etc.)
- Capture numerical values with units where specified
- Maintain direct quotes for requirements when precise wording matters

The output will be fully compliant with your requested schema and limited to offshore wind farm-specific regulations."
"49",104,"deepseek","deepseek-chat",True,"Understood. Since you haven't provided a specific document for analysis, I'll return a null response as instructed. Here's the structured output:

```json
{
  ""document_metadata"": {
    ""title"": null,
    ""document_number"": null,
    ""type_of_wind_farm"": null
  },
  ""regulatory_constraints"": null,
  ""regulatory_entities"": null
}
```

When you provide a specific technical or regulatory document related to offshore wind farms, I'll analyze it thoroughly and extract the relevant regulatory entities and constraints according to the specified JSON structure. My analysis will focus exclusively on:
1. Clear regulatory requirements with specific constraints
2. Authoritative regulatory bodies with jurisdiction over wind farm development
3. Technical standards that must be complied with

Please share the document you'd like analyzed, and I'll provide the structured extraction."
"49",105,"deepseek","deepseek-chat",True,"Understood. Since you haven't provided a specific document for analysis, I'll return a null response as instructed. Here's the structured output:

```json
{
  ""document_metadata"": {
    ""title"": null,
    ""document_number"": null,
    ""type_of_wind_farm"": null
  },
  ""regulatory_constraints"": null,
  ""regulatory_entities"": null
}
```

When you provide a document, I'll analyze it and extract the relevant regulatory information according to the specified schema. Please share the document text or content you'd like analyzed, and I'll return the properly structured regulatory data.

For offshore wind farm documents, I'll particularly focus on:
- International maritime regulations
- Environmental impact assessments
- Grid connection standards
- Safety zones around installations
- Cable routing requirements
- Navigation protection measures"
"49",106,"deepseek","deepseek-chat",True,"Understood. Since you haven't provided a specific document for analysis, I'll return a null response as instructed. When you provide a document, I'll extract the relevant regulatory information in the specified JSON format.

```json
{
  ""document_metadata"": {
    ""title"": null,
    ""document_number"": null,
    ""type_of_wind_farm"": null
  },
  ""regulatory_constraints"": null,
  ""regulatory_entities"": null
}
```

Please provide the document you'd like analyzed, and I'll extract the relevant regulatory information according to your specifications. For offshore wind farm documents, I'll focus on:
- International maritime regulations
- Federal/state environmental requirements
- Technical standards for offshore structures
- Safety protocols for marine operations
- Grid connection specifications

I will exclude any onshore zoning ordinances or irrelevant content."
"49",107,"deepseek","deepseek-chat",True,"Understood. Since you haven't provided a specific document for analysis, I'll return a null response as instructed. When you provide a document, I'll analyze it and extract the relevant regulatory information in the specified JSON format.

```json
{
  ""document_metadata"": {
    ""title"": null,
    ""document_number"": null,
    ""type_of_wind_farm"": null
  },
  ""regulatory_constraints"": null,
  ""regulatory_entities"": null
}
```

Please provide the document you'd like analyzed, and I'll extract the relevant regulatory information according to your specifications. For offshore wind farm documents, I'll focus on:
- International maritime regulations
- Environmental impact assessments 
- Grid connection standards
- Safety requirements for offshore structures
- Relevant ISO/ASCE/IEC standards
- Jurisdictional boundaries and authorities

I will exclude any onshore zoning ordinances or irrelevant content."
"49",108,"deepseek","deepseek-chat",True,"Understood. Since you haven't provided a specific document for analysis, I'll demonstrate how I would process a hypothetical offshore wind farm regulatory document. Here's an example output based on typical content found in such documents:

```json
{
  ""document_metadata"": {
    ""title"": ""North Sea Offshore Wind Development Framework 2023"",
    ""document_number"": ""NS-OWF-2023-001"",
    ""type_of_wind_farm"": ""Offshore""
  },
  ""regulatory_constraints"": [
    {
      ""type"": ""Environmental"",
      ""requirement"": ""All turbine foundations must undergo environmental impact assessment for seabed disturbance"",
      ""scope"": ""North Sea development zone"",
      ""numerical_value"": null,
      ""unit"": null,
      ""source"": ""OSPAR Convention Annex V"",
      ""related_domains"": [""environmental"", ""construction""]
    },
    {
      ""type"": ""Technical"",
      ""requirement"": ""Wind turbines must withstand 1-year extreme wave height with 50-year return period"",
      ""scope"": ""All offshore installations"",
      ""numerical_value"": 18.5,
      ""unit"": ""meters"",
      ""source"": ""IEC 61400-3"",
      ""related_domains"": [""technical"", ""safety""]
    },
    {
      ""type"": ""Spatial"",
      ""requirement"": ""Minimum 1km spacing between wind turbines in array"",
      ""scope"": ""North Sea development zone"",
      ""numerical_value"": 1,
      ""unit"": ""kilometers"",
      ""source"": ""North Sea Wind Authority"",
      ""related_domains"": [""layout"", ""technical""]
    }
  ],
  ""regulatory_entities"": [
    {
      ""entity_name"": ""North Sea Wind Authority"",
      ""jurisdiction"": ""Regional (North Sea EEZ)"",
      ""role"": ""Primary permitting and oversight""
    },
    {
      ""entity_name"": ""International Electrotechnical Commission"",
      ""jurisdiction"": ""International"",
      ""role"": ""Technical standards development""
    },
    {
      ""entity_name"": ""OSPAR Commission"",
      ""jurisdiction"": ""International (Northeast Atlantic)"",
      ""role"": ""Environmental protection enforcement""
    }
  ]
}
```

Note: This is a template response based on common offshore wind regulations. To provide accurate extraction from a real document, please provide:
1. The actual document text
2. Any specific jurisdictional context
3. The document format (PDF, webpage, etc.)

Would you like me to process a specific document you have?"
"49",109,"deepseek","deepseek-chat",True,"Understood. Since you haven't provided a specific document for analysis, I'll return a null response as instructed. Here's the structured output:

```json
{
  ""document_metadata"": {
    ""title"": null,
    ""document_number"": null,
    ""type_of_wind_farm"": null
  },
  ""regulatory_constraints"": null,
  ""regulatory_entities"": null
}
```

When you provide a specific technical or regulatory document related to offshore wind farms, I'll analyze it and extract the relevant regulatory entities and constraints according to the specified schema. The analysis will focus strictly on:
1. Formal regulatory requirements with clear compliance obligations
2. Authoritative bodies with regulatory jurisdiction
3. Technical standards with direct applicability to wind farm development

Please share the document you'd like analyzed, and I'll provide the structured extraction."
"49",110,"deepseek","deepseek-chat",True,"Understood. Since you haven't provided a specific document for analysis, I'll return a null response as instructed. Here's the structured output:

```json
{
  ""document_metadata"": {
    ""title"": null,
    ""document_number"": null,
    ""type_of_wind_farm"": null
  },
  ""regulatory_constraints"": null,
  ""regulatory_entities"": null
}
```

When you provide a technical document related to offshore wind farm regulations, I'll analyze it and extract the relevant regulatory entities and constraints according to the specified JSON structure. The analysis will focus exclusively on:
1) Clear regulatory requirements with specific constraints
2) Official regulatory bodies with authority over wind farm projects
3) Technical standards that must be complied with

Please share the document you'd like analyzed, and I'll provide the structured extraction."
"49",111,"deepseek","deepseek-chat",True,"Understood. Since you haven't provided a specific document for analysis, I'll return a null response as instructed. Here's the structured output:

```json
{
  ""document_metadata"": {
    ""title"": null,
    ""document_number"": null,
    ""type_of_wind_farm"": null
  },
  ""regulatory_constraints"": null,
  ""regulatory_entities"": null
}
```

When you provide a technical or regulatory document related to offshore wind farms, I'll analyze it and extract the relevant regulatory entities and constraints according to the specified JSON format. The analysis will focus exclusively on:
1) Clear regulatory requirements with specific constraints
2) Authoritative regulatory bodies
3) Technical standards applicable to offshore wind development

Please share the document you'd like analyzed, and I'll provide the structured extraction."
"49",112,"deepseek","deepseek-chat",True,"Understood. Since you haven't provided a specific document for analysis, I'll return a null response as instructed. When you provide a document, I'll extract the relevant regulatory information and structure it according to the specified JSON format.

```json
{
  ""document_metadata"": {
    ""title"": null,
    ""document_number"": null,
    ""type_of_wind_farm"": null
  },
  ""regulatory_constraints"": null,
  ""regulatory_entities"": null
}
```

Please share the document you'd like analyzed, and I'll extract the regulatory information according to the given schema. For offshore wind farm documents, I'll focus on:
- International/national maritime regulations
- Technical standards (e.g., IEC 61400 for turbines)
- Environmental impact requirements
- Safety and navigation rules
- Grid connection standards

while excluding any irrelevant onshore zoning ordinances or non-regulatory content."
"49",113,"deepseek","deepseek-chat",True,"Understood. Since you haven't provided a specific document for analysis, I'll return a null response as instructed. Here's the structured output:

```json
{
  ""document_metadata"": {
    ""title"": null,
    ""document_number"": null,
    ""type_of_wind_farm"": null
  },
  ""regulatory_constraints"": null,
  ""regulatory_entities"": null
}
```

When you provide a document containing offshore wind farm regulatory information, I'll analyze it and extract the relevant entities and constraints according to the specified format. The analysis will focus strictly on:
- Formal regulatory requirements with clear compliance obligations
- Authoritative bodies with regulatory jurisdiction
- Technical/environmental standards with measurable criteria
- Jurisdictional boundaries and safety mandates

Please share the document you'd like analyzed, and I'll provide the structured extraction."
"49",114,"deepseek","deepseek-chat",True,"Understood! Since I don't have access to a specific document to analyze, I'll provide a hypothetical example of how the structured output would look based on a typical offshore wind farm regulatory document.  

### Example Output:  

```json
{
  ""document_metadata"": {
    ""title"": ""Offshore Wind Energy Development Guidelines"",
    ""document_number"": ""OWED-2023-001"",
    ""type_of_wind_farm"": ""Offshore""
  },
  ""regulatory_constraints"": [
    {
      ""type"": ""Environmental"",
      ""requirement"": ""Wind turbines must maintain a minimum distance of 1 km from known marine mammal migration routes."",
      ""scope"": ""North Atlantic offshore wind lease areas"",
      ""numerical_value"": ""1"",
      ""unit"": ""km"",
      ""source"": ""Bureau of Ocean Energy Management (BOEM)"",
      ""related_domains"": [""wildlife protection"", ""marine ecology""]
    },
    {
      ""type"": ""Technical"",
      ""requirement"": ""All offshore wind structures must comply with ISO 19901-5 for structural integrity under cyclic loading."",
      ""scope"": ""Global offshore wind projects"",
      ""numerical_value"": null,
      ""unit"": null,
      ""source"": ""International Organization for Standardization (ISO)"",
      ""related_domains"": [""structural engineering"", ""safety""]
    },
    {
      ""type"": ""Safety"",
      ""requirement"": ""Emergency shutdown systems must activate within 2 seconds of a fault detection."",
      ""scope"": ""All offshore wind turbines"",
      ""numerical_value"": ""2"",
      ""unit"": ""seconds"",
      ""source"": ""International Electrotechnical Commission (IEC 61400-1)"",
      ""related_domains"": [""operational safety"", ""electrical systems""]
    }
  ],
  ""regulatory_entities"": [
    {
      ""entity_name"": ""Bureau of Ocean Energy Management (BOEM)"",
      ""jurisdiction"": ""Federal (U.S. Outer Continental Shelf)"",
      ""role"": ""Leasing and permitting authority for offshore wind projects""
    },
    {
      ""entity_name"": ""International Electrotechnical Commission (IEC)"",
      ""jurisdiction"": ""International"",
      ""role"": ""Standard-setting body for wind turbine safety and performance""
    },
    {
      ""entity_name"": ""European Maritime Safety Agency (EMSA)"",
      ""jurisdiction"": ""European Union"",
      ""role"": ""Oversight of maritime safety and environmental compliance""
    }
  ]
}
```

### Notes on the Example:  
- **Regulatory Constraints** are categorized by type (e.g., Environmental, Technical, Safety).  
- **Numerical values** are included where applicable (e.g., distance, time thresholds).  
- **Regulatory Entities** specify jurisdiction and their role in enforcement or standard-setting.  
- **Standards (e.g., ISO, IEC)** are included even without numerical values.  

If you provide an actual document, I can extract precise regulatory data in this structured format. Let me know how you'd like to proceed!"
"49",115,"deepseek","deepseek-chat",True,"Understood. Since you haven't provided a specific document for analysis, I'll return a null response as instructed. Here's the structured output:

```json
{
  ""document_metadata"": {
    ""title"": null,
    ""document_number"": null,
    ""type_of_wind_farm"": null
  },
  ""regulatory_constraints"": null,
  ""regulatory_entities"": null
}
```

When you provide a technical document related to offshore wind farm planning, construction, or operation, I'll analyze it and extract the relevant regulatory entities and constraints according to the specified JSON structure. The analysis will focus strictly on:
- Formal regulatory requirements with clear constraints
- Authoritative regulatory bodies
- Technical standards with direct applicability
- Offshore-specific regulations (excluding zoning ordinances)

Please share the document you'd like analyzed, and I'll provide the structured extraction."
"49",116,"deepseek","deepseek-chat",True,"Understood. Since you haven't provided a specific document for analysis, I'll return a null response as instructed. Here's the structured output:

```json
{
  ""document_metadata"": {
    ""title"": null,
    ""document_number"": null,
    ""type_of_wind_farm"": null
  },
  ""regulatory_constraints"": null,
  ""regulatory_entities"": null
}
```

When you provide a technical or regulatory document related to offshore wind farms, I'll analyze it and extract the relevant regulatory entities and constraints according to the specified JSON structure. The analysis will focus exclusively on:
1) Formal regulatory requirements with clear compliance obligations
2) Authoritative regulatory bodies with jurisdiction over wind farm development
3) Technical standards that constitute mandatory requirements

Please share the document you'd like analyzed, and I'll provide the structured extraction."
"49",117,"deepseek","deepseek-chat",True,"Understood! Since you haven't provided a specific document for analysis, I'll return a null response as instructed. Here's the structured output:

```json
{
  ""document_metadata"": {
    ""title"": null,
    ""document_number"": null,
    ""type_of_wind_farm"": null
  },
  ""regulatory_constraints"": null,
  ""regulatory_entities"": null
}
```

When you provide a document, I'll analyze it and extract the relevant regulatory entities and constraints according to the specified format. Please share the document text or key details you'd like analyzed."
"49",118,"deepseek","deepseek-chat",True,"Understood. Since you haven't provided a specific document for analysis, I'll return a null response as instructed. Here's the structured output:

```json
{
  ""document_metadata"": {
    ""title"": null,
    ""document_number"": null,
    ""type_of_wind_farm"": null
  },
  ""regulatory_constraints"": null,
  ""regulatory_entities"": null
}
```

When you provide a document or specific content to analyze, I'll extract the relevant regulatory information according to the specified schema. Please share the document text or key details you'd like analyzed for offshore wind farm regulations."
"49",119,"deepseek","deepseek-chat",True,"Understood. Since you haven't provided a specific document for analysis, I'll return a null response as instructed. Here's the structured output:

```json
{
  ""document_metadata"": {
    ""title"": null,
    ""document_number"": null,
    ""type_of_wind_farm"": null
  },
  ""regulatory_constraints"": null,
  ""regulatory_entities"": null
}
```

When you provide a document, I'll analyze it and extract:
1. All specific regulatory requirements with their parameters
2. The authoritative entities mentioned
3. The document metadata
4. Only concrete rules (not guidance or recommendations)
5. Special attention to numerical values and standards

Please share the document you'd like analyzed, and I'll provide the complete structured extraction according to your specified format."
"49",120,"deepseek","deepseek-chat",True,"Understood. Since you haven't provided a specific document for analysis, I'll return a null response as instructed. Here's the structured output:

```json
{
  ""document_metadata"": {
    ""title"": null,
    ""document_number"": null,
    ""type_of_wind_farm"": null
  },
  ""regulatory_constraints"": null,
  ""regulatory_entities"": null
}
```

When you provide a technical document related to offshore wind farm planning, construction, or operation, I'll analyze it and extract the relevant regulatory entities and constraints in the specified format. The analysis will focus exclusively on:
- Formal regulatory requirements with clear compliance obligations
- Authoritative standards and specifications
- Governing bodies with regulatory authority
- Numerical constraints with units where applicable

Please share the document you'd like analyzed, and I'll provide the structured extraction."
"49",121,"deepseek","deepseek-chat",True,"Understood. Since you haven't provided a specific document for analysis, I'll return a null response as instructed. When you provide a document, I'll extract and structure the relevant regulatory information according to the specified JSON format.

```json
{
  ""document_metadata"": {
    ""title"": null,
    ""document_number"": null,
    ""type_of_wind_farm"": null
  },
  ""regulatory_constraints"": null,
  ""regulatory_entities"": null
}
```

Please share the technical or regulatory document you'd like analyzed, and I'll extract the relevant entities and constraints with full compliance to your formatting requirements. For offshore wind farm documents, I'll particularly focus on:
- Maritime spatial planning regulations
- Grid connection standards
- Navigational safety requirements
- Marine environmental protections
- International offshore construction standards (e.g., IEC 61400-3)"
"49",122,"deepseek","deepseek-chat",True,"Understood. Since you haven't provided a specific document for analysis, I'll return a null response as instructed. Here's the structured output:

```json
{
  ""document_metadata"": {
    ""title"": null,
    ""document_number"": null,
    ""type_of_wind_farm"": null
  },
  ""regulatory_constraints"": null,
  ""regulatory_entities"": null
}
```

When you provide a document, I'll analyze it and extract:
1. All specific regulatory constraints with their exact requirements, numerical values (when present), and sources
2. All regulatory entities with their jurisdictions and roles
3. Proper categorization of constraint types (spatial, technical, environmental, etc.)

The output will strictly follow your requested JSON schema and will exclude any non-regulatory content. Would you like to upload a document for analysis now?"
"49",123,"deepseek","deepseek-chat",True,"Understood. Since you haven't provided a specific document for analysis, I'll return a null response as instructed. When you provide a technical or regulatory document related to offshore wind farms, I'll extract the relevant information and structure it according to the specified JSON format.

```json
{
  ""document_metadata"": {
    ""title"": null,
    ""document_number"": null,
    ""type_of_wind_farm"": null
  },
  ""regulatory_constraints"": null,
  ""regulatory_entities"": null
}
```

Please share the document you'd like analyzed, and I'll extract the regulatory entities and constraints according to the given schema. For offshore wind farms, I'll focus on relevant regulations while excluding zoning ordinances and including technical standards where applicable."
"49",124,"deepseek","deepseek-chat",True,"Understood. Since you haven't provided a specific document for analysis, I'll return a null response as instructed. Here's the structured output:

```json
{
  ""document_metadata"": {
    ""title"": null,
    ""document_number"": null,
    ""type_of_wind_farm"": null
  },
  ""regulatory_constraints"": null,
  ""regulatory_entities"": null
}
```

When you provide a document, I'll analyze it and extract:
1. All specific regulatory requirements with their parameters (numerical values, units, scopes)
2. All authoritative entities mentioned with their jurisdictions and roles
3. Only include actual enforceable rules/standards (not guidance or recommendations)
4. Structure the output exactly in the requested JSON format

Please share the document you'd like analyzed, and I'll provide the complete regulatory extraction."
"49",125,"deepseek","deepseek-chat",True,"Understood. Since you haven't provided a specific document for analysis, I'll return a null response as instructed. Here's the structured output:

```json
{
  ""document_metadata"": {
    ""title"": null,
    ""document_number"": null,
    ""type_of_wind_farm"": null
  },
  ""regulatory_constraints"": null,
  ""regulatory_entities"": null
}
```

When you provide a document, I'll analyze it and extract:
1. All specific regulatory requirements with their parameters
2. The authoritative bodies mentioned
3. The document metadata
4. Only include actual enforceable rules/standards (not guidance or recommendations)

Please share the document you'd like analyzed, and I'll provide the complete structured extraction following the exact schema you've defined."
"49",126,"deepseek","deepseek-chat",True,"Understood. Since you haven't provided a specific document for analysis, I'll return a null response as instructed. Here's the structured output:

```json
{
  ""document_metadata"": {
    ""title"": null,
    ""document_number"": null,
    ""type_of_wind_farm"": null
  },
  ""regulatory_constraints"": null,
  ""regulatory_entities"": null
}
```

When you provide a specific technical or regulatory document related to offshore wind farms, I'll analyze it and extract the relevant regulatory entities and constraints according to the specified JSON structure. The analysis will focus exclusively on:
1) Clear regulatory requirements with specific rules or standards
2) Authoritative entities with regulatory authority
3) Offshore-specific constraints (excluding zoning ordinances)

Please share the document you'd like analyzed, and I'll provide the structured extraction."
"49",127,"deepseek","deepseek-chat",True,"Understood. Since you haven't provided a specific document for analysis, I'll return a null response as instructed. Here's the structured output:

```json
{
  ""document_metadata"": {
    ""title"": null,
    ""document_number"": null,
    ""type_of_wind_farm"": null
  },
  ""regulatory_constraints"": null,
  ""regulatory_entities"": null
}
```

When you provide a specific technical or regulatory document related to offshore wind farms, I'll analyze it and extract the relevant regulatory entities and constraints according to the specified JSON structure. The analysis will focus strictly on:
1. Clear regulatory requirements with specific constraints
2. Authoritative regulatory bodies
3. Technical standards applicable to offshore wind development
4. Environmental or safety regulations with measurable parameters

Please share the document you'd like analyzed, and I'll provide the structured extraction."
"49",128,"deepseek","deepseek-chat",True,"Understood. I'll analyze any provided technical/regulatory document related to offshore wind farms and extract structured data according to your specified JSON schema. 

To proceed, please provide:
1. The document text/content you'd like analyzed
2. Any available metadata (title, document number, etc.)

Without an actual document to analyze, I can only provide a null response per your instructions:

```json
{
  ""document_metadata"": {
    ""title"": null,
    ""document_number"": null,
    ""type_of_wind_farm"": null
  },
  ""regulatory_constraints"": null,
  ""regulatory_entities"": null
}
```

When you provide a document, I will:
1. Strictly filter for regulatory content
2. Categorize constraints by type (Spatial, Technical, etc.)
3. Extract numerical values with units where present
4. Identify authoritative entities with their jurisdictions
5. Exclude non-regulatory descriptive content

Please share the document you'd like analyzed."
"49",129,"deepseek","deepseek-chat",True,"Understood. Since you haven't provided a specific document for analysis, I'll return a null response as instructed. Here's the structured output:

```json
{
  ""document_metadata"": {
    ""title"": null,
    ""document_number"": null,
    ""type_of_wind_farm"": null
  },
  ""regulatory_constraints"": null,
  ""regulatory_entities"": null
}
```

When you provide a document, I'll analyze it and extract the relevant regulatory information according to your specified format. For offshore wind farm documents, I'll focus on:
- International maritime regulations
- Environmental impact requirements
- Technical standards for offshore structures
- Safety protocols for marine operations
- Grid connection specifications

Would you like to provide a document for analysis now?"
"49",130,"deepseek","deepseek-chat",True,"Understood! Please provide the technical document or text you'd like me to analyze, and I will extract the relevant regulatory entities and constraints in the specified JSON format.  

If no document is provided, here is an example of the expected output with placeholder values:  

```json
{
  ""document_metadata"": {
    ""title"": ""Example Offshore Wind Farm Regulations"",
    ""document_number"": ""DOC-2023-001"",
    ""type_of_wind_farm"": ""Offshore""
  },
  ""regulatory_constraints"": [
    {
      ""type"": ""Environmental"",
      ""requirement"": ""Turbines must maintain a minimum clearance of 1 km from migratory bird pathways."",
      ""scope"": ""North Sea offshore wind farms"",
      ""numerical_value"": ""1"",
      ""unit"": ""km"",
      ""source"": ""EU Marine Strategy Framework Directive"",
      ""related_domains"": [""wildlife protection"", ""siting""]
    },
    {
      ""type"": ""Technical"",
      ""requirement"": ""Substation foundations must comply with ISO 19901-4 for offshore structures."",
      ""scope"": ""Global offshore wind projects"",
      ""numerical_value"": null,
      ""unit"": null,
      ""source"": ""ISO 19901-4"",
      ""related_domains"": [""structural engineering"", ""safety""]
    }
  ],
  ""regulatory_entities"": [
    {
      ""entity_name"": ""Bureau of Ocean Energy Management (BOEM)"",
      ""jurisdiction"": ""Federal (U.S. Outer Continental Shelf)"",
      ""role"": ""Leasing and permitting authority""
    },
    {
      ""entity_name"": ""European Maritime Safety Agency (EMSA)"",
      ""jurisdiction"": ""EU waters"",
      ""role"": ""Safety and environmental compliance monitoring""
    }
  ]
}
```

If the document does not contain relevant regulations, the output will be:  
```json
{
  ""document_metadata"": {
    ""title"": null,
    ""document_number"": null,
    ""type_of_wind_farm"": null
  },
  ""regulatory_constraints"": null,
  ""regulatory_entities"": null
}
```

Please share the document text, and I’ll extract the structured data accordingly."
"49",131,"deepseek","deepseek-chat",True,"Understood. I'll analyze any technical document you provide related to offshore wind farm planning, construction, or operation, and extract the relevant regulatory entities and constraints in the specified JSON format. 

Since you haven't provided a specific document for analysis yet, here's an empty template ready to be populated with findings:

```json
{
  ""document_metadata"": {
    ""title"": null,
    ""document_number"": null,
    ""type_of_wind_farm"": null
  },
  ""regulatory_constraints"": null,
  ""regulatory_entities"": null
}
```

When you provide a document, I will:
1. Identify whether it contains actual regulatory content (not just descriptive information)
2. Extract only specific requirements with clear constraints or standards
3. Focus exclusively on offshore wind farm regulations (excluding onshore/zoning rules)
4. Include both numerical and non-numerical standards from recognized bodies
5. Structure all findings according to the requested schema

Please share the document you'd like analyzed, and I'll return the properly structured regulatory information."
"49",132,"deepseek","deepseek-chat",True,"Understood. Since you haven't provided a specific document for analysis, I'll return a null response as instructed. Here's the structured output:

```json
{
  ""document_metadata"": {
    ""title"": null,
    ""document_number"": null,
    ""type_of_wind_farm"": null
  },
  ""regulatory_constraints"": null,
  ""regulatory_entities"": null
}
```

When you provide a technical document related to offshore wind farm planning, construction, or operation, I'll analyze it and extract the relevant regulatory entities and constraints according to the specified JSON structure. 

Please note that for offshore wind farms, I will:
1. Focus on maritime/offshore-specific regulations
2. Include international standards where applicable
3. Exclude any onshore/zoning-related content
4. Only extract explicit requirements with clear regulatory standing

Would you like to provide a document for analysis now?"
"49",133,"deepseek","deepseek-chat",True,"Understood! Please provide the technical document you'd like me to analyze, and I will extract the relevant regulatory entities and constraints in the specified JSON format.  

If no document is provided, here’s an example of the output structure with null values (as per instruction #2):  

```json
{
  ""document_metadata"": {
    ""title"": null,
    ""document_number"": null,
    ""type_of_wind_farm"": null
  },
  ""regulatory_constraints"": null,
  ""regulatory_entities"": null
}
```

To proceed, upload or paste the document text, and I will parse it for:  
- **Regulatory Entities** (e.g., BOEM, IMO, DNV)  
- **Regulatory Constraints** (e.g., ""Turbine spacing must exceed 500m"", ""ISO 29400 compliance required for floating structures"").  

I’ll strictly follow your formatting and filtering rules (e.g., excluding zoning ordinances for offshore projects). Let me know if you have additional requirements!"
"49",134,"deepseek","deepseek-chat",True,"Understood! Since you haven't provided a specific document for analysis, I'll return a null response as instructed. Here's the structured output:

```json
{
  ""document_metadata"": {
    ""title"": null,
    ""document_number"": null,
    ""type_of_wind_farm"": null
  },
  ""regulatory_constraints"": null,
  ""regulatory_entities"": null
}
```

When you provide a technical or regulatory document related to offshore wind farms, I'll analyze it and extract the relevant entities and constraints in the specified JSON format. 

Some examples of what I can extract from a document:
- Regulatory bodies like BOEM (US), MMO (UK), or BSH (Germany)
- Technical constraints (e.g., ""All foundations shall be designed to withstand a 1,000-year return period storm event"")
- Environmental protections (e.g., ""No construction activity during marine mammal migration seasons"")
- Safety standards (e.g., ""Emergency lighting systems shall provide minimum 3 lux illumination"")

Please share the document you'd like analyzed."
"49",135,"deepseek","deepseek-chat",True,"Understood. Since you haven't provided a specific document for analysis, I'll return a null response as instructed. Here's the structured output:

```json
{
  ""document_metadata"": {
    ""title"": null,
    ""document_number"": null,
    ""type_of_wind_farm"": null
  },
  ""regulatory_constraints"": null,
  ""regulatory_entities"": null
}
```

When you provide a technical document related to offshore wind farm planning, construction, or operation, I'll analyze it and extract the relevant regulatory entities and constraints according to the specified JSON structure. The analysis will focus strictly on:
- Formal regulatory requirements with clear constraints
- Authoritative regulatory bodies
- Technical standards with measurable requirements
- Jurisdictional boundaries and enforcement roles

Please share the document you'd like analyzed, and I'll provide the structured extraction."
"49",136,"deepseek","deepseek-chat",True,"Understood! Please provide the technical document or text you'd like me to analyze, and I will extract the relevant regulatory entities and constraints in the specified JSON format.  

If you don't have a document ready, here’s an example of how I would structure the output for a hypothetical offshore wind farm regulation:  

### Example Output:  
```json
{
  ""document_metadata"": {
    ""title"": ""U.S. Bureau of Ocean Energy Management (BOEM) Renewable Energy Regulations"",
    ""document_number"": ""30 CFR Part 585"",
    ""type_of_wind_farm"": ""Offshore""
  },
  ""regulatory_constraints"": [
    {
      ""type"": ""Environmental"",
      ""requirement"": ""Lessees must conduct baseline environmental studies to assess potential impacts on marine ecosystems."",
      ""scope"": ""U.S. Outer Continental Shelf"",
      ""numerical_value"": null,
      ""unit"": null,
      ""source"": ""BOEM 30 CFR § 585.601"",
      ""related_domains"": [""environmental"", ""permitting""]
    },
    {
      ""type"": ""Technical"",
      ""requirement"": ""Wind turbine foundations must withstand a 100-year storm event."",
      ""scope"": ""Offshore structures in the Atlantic OCS"",
      ""numerical_value"": 100,
      ""unit"": ""years"",
      ""source"": ""BOEM Structural Standards"",
      ""related_domains"": [""engineering"", ""safety""]
    }
  ],
  ""regulatory_entities"": [
    {
      ""entity_name"": ""Bureau of Ocean Energy Management (BOEM)"",
      ""jurisdiction"": ""Federal (U.S. Outer Continental Shelf)"",
      ""role"": ""Leasing and permitting authority""
    },
    {
      ""entity_name"": ""International Electrotechnical Commission (IEC)"",
      ""jurisdiction"": ""International"",
      ""role"": ""Sets technical standards for wind turbines (e.g., IEC 61400 series)""
    }
  ]
}
```

### Next Steps:  
1. **Provide the document/text** you'd like analyzed.  
2. If unsure, clarify whether you're focusing on a specific region (e.g., EU, U.S., UK).  
3. Specify if you want to exclude certain constraint types (e.g., omit ""Safety"" if irrelevant).  

I’ll await your input to proceed!"
"49",137,"deepseek","deepseek-chat",True,"Understood. Since you haven't provided a specific document for analysis, I'll return a null response as per instruction #2. Here's the structured output:

```json
{
  ""document_metadata"": {
    ""title"": null,
    ""document_number"": null,
    ""type_of_wind_farm"": null
  },
  ""regulatory_constraints"": null,
  ""regulatory_entities"": null
}
```

When you provide a technical document related to offshore wind farm regulations, I'll analyze it and extract the relevant regulatory entities and constraints in the specified JSON format. The analysis will focus on:
1. Clear regulatory requirements with specific constraints
2. Authoritative bodies with regulatory jurisdiction
3. Technical standards and environmental protections
4. Safety and operational requirements

Please share the document you'd like analyzed, and I'll provide the structured extraction."
"49",138,"deepseek","deepseek-chat",True,"Understood! Please provide the technical document or text you'd like me to analyze, and I will extract the relevant regulatory entities and constraints in the specified JSON format.  

If no document is provided, here’s an example of how the output would look for a hypothetical offshore wind farm regulation:  

```json
{
  ""document_metadata"": {
    ""title"": ""Example Offshore Wind Farm Regulations"",
    ""document_number"": ""EWF-2023-001"",
    ""type_of_wind_farm"": ""Offshore""
  },
  ""regulatory_constraints"": [
    {
      ""type"": ""Environmental"",
      ""requirement"": ""All wind turbines must maintain a minimum clearance of 500 meters from marine protected areas."",
      ""scope"": ""North Sea offshore wind projects"",
      ""numerical_value"": 500,
      ""unit"": ""meters"",
      ""source"": ""Marine Spatial Planning Directive 2023"",
      ""related_domains"": [""environmental"", ""spatial""]
    },
    {
      ""type"": ""Technical"",
      ""requirement"": ""Substation foundations must comply with ISO 19901-4 for offshore structures."",
      ""scope"": ""Global offshore wind projects"",
      ""numerical_value"": null,
      ""unit"": null,
      ""source"": ""ISO 19901-4"",
      ""related_domains"": [""technical"", ""safety""]
    }
  ],
  ""regulatory_entities"": [
    {
      ""entity_name"": ""Bureau of Ocean Energy Management (BOEM)"",
      ""jurisdiction"": ""Federal (U.S. Outer Continental Shelf)"",
      ""role"": ""Leasing and permitting authority for offshore wind projects""
    },
    {
      ""entity_name"": ""European Maritime Safety Agency (EMSA)"",
      ""jurisdiction"": ""European Union"",
      ""role"": ""Oversight of maritime safety and environmental compliance""
    }
  ]
}
```

If you share the actual document, I will extract only the **strict regulatory requirements** and entities, filtering out non-regulatory content. Let me know how you'd like to proceed!"
"49",139,"deepseek","deepseek-chat",True,"Understood! Since you haven't provided a specific document for analysis, I'll return a null response as instructed. Here's the structured output:

```json
{
  ""document_metadata"": {
    ""title"": null,
    ""document_number"": null,
    ""type_of_wind_farm"": null
  },
  ""regulatory_constraints"": null,
  ""regulatory_entities"": null
}
```

When you provide a technical or regulatory document related to offshore wind farms, I'll analyze it and extract the relevant entities and constraints in the structured format you've requested. 

Some examples of what I can extract from a real document would include:
- Environmental constraints like ""minimum 1km distance from marine protected areas""
- Technical standards like ""turbine foundations must meet ISO 19901-4 requirements""
- Regulatory bodies like ""Bureau of Ocean Energy Management (federal U.S. offshore regulator)""

Please share the document you'd like analyzed."
"49",140,"deepseek","deepseek-chat",True,"Understood! Please provide the technical document or text you'd like me to analyze, and I will extract the relevant regulatory entities and constraints in the specified JSON format.  

If no document is provided, here’s an example of an empty output (per your instructions):  

```json
{
  ""document_metadata"": {
    ""title"": null,
    ""document_number"": null,
    ""type_of_wind_farm"": null
  },
  ""regulatory_constraints"": null,
  ""regulatory_entities"": null
}
```

When you share the document, I will:  
1. Identify **regulatory constraints** (e.g., ""Turbine foundations must withstand 1-in-50-year wave loads"") and categorize them by type (Spatial, Technical, etc.).  
2. Extract **regulatory entities** (e.g., ""Bureau of Ocean Energy Management (BOEM) – U.S. federal leasing authority"").  
3. Exclude non-regulatory content (e.g., project descriptions, non-binding guidelines).  

Let me know how you'd like to proceed!"
"49",141,"deepseek","deepseek-chat",True,"Understood! Please provide the technical document or text you'd like me to analyze, and I will extract the relevant regulatory entities and constraints in the specified JSON format. 

If the document does not contain any regulatory information related to offshore wind farms, I will return `null` for all values.  

If you have a specific document or passage, please share it, and I will process it accordingly.  

For now, here’s an example of how the output would look if no document is provided:  

```json
{
  ""document_metadata"": {
    ""title"": null,
    ""document_number"": null,
    ""type_of_wind_farm"": null
  },
  ""regulatory_constraints"": null,
  ""regulatory_entities"": null
}
```

Please share the document text, and I’ll extract the relevant details."
"49",142,"deepseek","deepseek-chat",True,"Understood! Since you haven't provided a specific document for analysis, I'll return a null response as per your instructions. Here's the structured output:

```json
{
  ""document_metadata"": {
    ""title"": null,
    ""document_number"": null,
    ""type_of_wind_farm"": null
  },
  ""regulatory_constraints"": null,
  ""regulatory_entities"": null
}
```

When you provide a document (text, PDF, or other extractable content), I'll analyze it and extract the relevant regulatory entities and constraints in the structured format you've specified. 

For best results, please:
1) Provide the document text or a clear excerpt
2) Specify if it's for offshore or onshore wind (if not stated in the document)
3) Highlight any sections you particularly want analyzed

I'm ready to process technical standards, environmental regulations, safety requirements, or jurisdictional rules specific to wind farm development."
"49",143,"deepseek","deepseek-chat",True,"Understood! I'll analyze any technical document you provide related to offshore wind farm planning, construction, and operation, and extract the relevant regulatory entities and constraints in the specified JSON format.  

Since you haven't provided a specific document yet, here’s an example of how I would structure the output if given a regulatory document:  

### **Example Input Document Excerpt:**  
*""The Bureau of Ocean Energy Management (BOEM) requires that offshore wind turbines maintain a minimum clearance of 22 meters above Mean High Water (MHW) to ensure navigational safety. Additionally, the International Electrotechnical Commission (IEC) standard 61400-3 mandates that offshore wind structures must withstand extreme wind speeds of 50 m/s.""*  

### **Structured Output:**  
```json
{
  ""document_metadata"": {
    ""title"": ""BOEM Offshore Wind Energy Regulations"",
    ""document_number"": ""BOEM-2023-001"",
    ""type_of_wind_farm"": ""Offshore""
  },
  ""regulatory_constraints"": [
    {
      ""type"": ""Safety"",
      ""requirement"": ""Offshore wind turbines must maintain a minimum clearance of 22 meters above Mean High Water (MHW)."",
      ""scope"": ""U.S. federal waters"",
      ""numerical_value"": ""22"",
      ""unit"": ""meters"",
      ""source"": ""Bureau of Ocean Energy Management (BOEM)"",
      ""related_domains"": [""Navigational safety"", ""Technical""]
    },
    {
      ""type"": ""Technical"",
      ""requirement"": ""Offshore wind structures must withstand extreme wind speeds of 50 m/s."",
      ""scope"": ""International offshore wind projects"",
      ""numerical_value"": ""50"",
      ""unit"": ""m/s"",
      ""source"": ""IEC 61400-3"",
      ""related_domains"": [""Structural integrity"", ""Safety""]
    }
  ],
  ""regulatory_entities"": [
    {
      ""entity_name"": ""Bureau of Ocean Energy Management (BOEM)"",
      ""jurisdiction"": ""Federal (U.S.)"",
      ""role"": ""Regulator of offshore wind energy development""
    },
    {
      ""entity_name"": ""International Electrotechnical Commission (IEC)"",
      ""jurisdiction"": ""International"",
      ""role"": ""Standard-setting body for wind turbine design""
    }
  ]
}
```

### **Next Steps:**  
Please provide the document you'd like me to analyze, and I'll extract the relevant regulatory information in the specified format. If the document contains no enforceable regulations, I'll return `null` for all values.  

Let me know how you'd like to proceed!"
"49",144,"deepseek","deepseek-chat",True,"Understood. Since you haven't provided a specific document for analysis, I'll return a null response as instructed. Here's the structured output:

```json
{
  ""document_metadata"": {
    ""title"": null,
    ""document_number"": null,
    ""type_of_wind_farm"": null
  },
  ""regulatory_constraints"": null,
  ""regulatory_entities"": null
}
```

When you provide a technical document related to offshore wind farm planning, construction, or operation, I'll analyze it and extract the relevant regulatory entities and constraints according to the specified format. The analysis will focus strictly on:
- Formal regulatory requirements
- Authoritative standards
- Governing bodies with enforcement powers
- Specific numerical constraints or qualitative mandates

Please share the document you'd like analyzed, and I'll provide the structured regulatory information extraction."
"49",145,"deepseek","deepseek-chat",True,"Understood. Since you haven't provided a specific document for analysis, I'll return a null response as instructed. Here's the structured output:

```json
{
  ""document_metadata"": {
    ""title"": null,
    ""document_number"": null,
    ""type_of_wind_farm"": null
  },
  ""regulatory_constraints"": null,
  ""regulatory_entities"": null
}
```

When you provide a technical document related to offshore wind farm planning, construction, or operation, I'll analyze it and extract the relevant regulatory entities and constraints in the specified JSON format. The output will include only direct regulatory requirements and authoritative bodies, with proper categorization of constraint types and clear sourcing of each requirement.

Would you like to provide a document for analysis now?"
"49",146,"deepseek","deepseek-chat",True,"Understood. Since you haven't provided a specific document for analysis, I'll return a null response as instructed. Here's the structured output:

```json
{
  ""document_metadata"": {
    ""title"": null,
    ""document_number"": null,
    ""type_of_wind_farm"": null
  },
  ""regulatory_constraints"": null,
  ""regulatory_entities"": null
}
```

When you provide a specific technical or regulatory document related to offshore wind farms, I'll analyze it and extract the relevant regulatory entities and constraints according to the specified JSON structure. The analysis will focus exclusively on:
- Formal regulatory requirements
- Technical standards with compliance implications
- Authoritative bodies with regulatory power
- Quantifiable constraints with clear jurisdictional applicability

Please share the document you'd like analyzed, and I'll provide the structured extraction."
"49",147,"deepseek","deepseek-chat",True,"Understood! Please provide the technical document or text you'd like me to analyze, and I will extract the relevant regulatory entities and constraints according to the specified JSON format.  

If you don't provide a document, I will return the following default response:  

```json
{
  ""document_metadata"": {
    ""title"": null,
    ""document_number"": null,
    ""type_of_wind_farm"": null
  },
  ""regulatory_constraints"": null,
  ""regulatory_entities"": null
}
```  

Otherwise, I will parse the document and return structured regulatory information. Let me know how you'd like to proceed!"
"49",148,"deepseek","deepseek-chat",True,"Understood. Since you haven't provided a specific document for analysis, I'll return a null response as instructed. Here's the structured output:

```json
{
  ""document_metadata"": {
    ""title"": null,
    ""document_number"": null,
    ""type_of_wind_farm"": null
  },
  ""regulatory_constraints"": null,
  ""regulatory_entities"": null
}
```

When you provide a document or text to analyze, I'll extract the relevant regulatory information according to the specified format and instructions. Please share the content you'd like me to process."
"49",149,"deepseek","deepseek-chat",True,"Understood. Since you haven't provided a specific document for analysis, I'll return a null response as instructed. Here's the structured output:

```json
{
  ""document_metadata"": {
    ""title"": null,
    ""document_number"": null,
    ""type_of_wind_farm"": null
  },
  ""regulatory_constraints"": null,
  ""regulatory_entities"": null
}
```

When you provide a document, I'll analyze it and extract:
1. All specific regulatory requirements with their parameters
2. All regulatory bodies mentioned with their jurisdictions and roles
3. Document metadata including whether it applies to offshore or onshore wind farms

The analysis will strictly follow your guidelines, focusing only on concrete regulations and authoritative entities, with special attention to technical standards and offshore-specific requirements.

Would you like to provide a document for analysis now?"
"49",150,"deepseek","deepseek-chat",True,"Understood. Since you haven't provided a specific document for analysis, I'll return a null response as instructed. Here's the structured output:

```json
{
  ""document_metadata"": {
    ""title"": null,
    ""document_number"": null,
    ""type_of_wind_farm"": null
  },
  ""regulatory_constraints"": null,
  ""regulatory_entities"": null
}
```

When you provide a document, I'll analyze it and extract the relevant regulatory information according to the specified format. The analysis will focus strictly on:
- Concrete regulatory requirements with clear constraints
- Official regulatory bodies with authority over wind farm development
- Technical standards that must be complied with
- Environmental or safety regulations specific to offshore wind projects

Please share the document you'd like analyzed, and I'll provide the structured extraction."
"49",151,"deepseek","deepseek-chat",True,"Understood. Since you haven't provided a specific document for analysis, I'll return a null response as per instruction #2. Here's the structured output:

```json
{
  ""document_metadata"": {
    ""title"": null,
    ""document_number"": null,
    ""type_of_wind_farm"": null
  },
  ""regulatory_constraints"": null,
  ""regulatory_entities"": null
}
```

When you provide a technical or regulatory document related to offshore wind farms, I'll analyze it and extract the relevant information according to the specified JSON structure, focusing on:
- Clear regulatory requirements with specific constraints
- Authoritative entities with their jurisdictional roles
- Technical standards and environmental regulations
- Spatial and safety requirements specific to offshore development

Please share the document you'd like analyzed, and I'll provide the structured extraction."
"49",152,"deepseek","deepseek-chat",True,"Understood. Since you haven't provided a specific document for analysis, I'll return a null response as instructed. Here's the structured output:

```json
{
  ""document_metadata"": {
    ""title"": null,
    ""document_number"": null,
    ""type_of_wind_farm"": null
  },
  ""regulatory_constraints"": null,
  ""regulatory_entities"": null
}
```

When you provide a document or text to analyze, I'll extract the relevant regulatory information according to your specified format. Please share the content you'd like me to process, and I'll return a properly structured analysis with all applicable regulatory entities and constraints."
"49",153,"deepseek","deepseek-chat",True,"Understood! Please provide the technical document or text you'd like me to analyze, and I will extract the relevant regulatory entities and constraints in the specified JSON format.  

If you don't have a document ready, here’s an example of how the output would look for a hypothetical offshore wind farm regulation:  

```json
{
  ""document_metadata"": {
    ""title"": ""Example Offshore Wind Farm Development Guidelines"",
    ""document_number"": ""EWF-2023-001"",
    ""type_of_wind_farm"": ""Offshore""
  },
  ""regulatory_constraints"": [
    {
      ""type"": ""Environmental"",
      ""requirement"": ""Wind turbines must maintain a minimum distance of 1 km from known marine mammal migration routes."",
      ""scope"": ""North Sea offshore wind zones"",
      ""numerical_value"": ""1"",
      ""unit"": ""km"",
      ""source"": ""Marine Environmental Protection Agency (MEPA)"",
      ""related_domains"": [""environmental"", ""wildlife protection""]
    },
    {
      ""type"": ""Technical"",
      ""requirement"": ""All offshore wind turbine foundations must comply with ISO 19901-4 for structural design."",
      ""scope"": ""Global offshore wind projects"",
      ""numerical_value"": null,
      ""unit"": null,
      ""source"": ""International Organization for Standardization (ISO)"",
      ""related_domains"": [""structural engineering"", ""safety""]
    }
  ],
  ""regulatory_entities"": [
    {
      ""entity_name"": ""Marine Environmental Protection Agency (MEPA)"",
      ""jurisdiction"": ""Federal (North Sea coastal states)"",
      ""role"": ""Environmental compliance enforcement""
    },
    {
      ""entity_name"": ""International Organization for Standardization (ISO)"",
      ""jurisdiction"": ""International"",
      ""role"": ""Technical standards development""
    }
  ]
}
```

If you share the actual document, I can extract the precise regulations and entities for you! Let me know how you'd like to proceed."
"49",154,"deepseek","deepseek-chat",True,"Understood. Since you haven't provided a specific document for analysis, I'll return a null response as instructed. Here's the structured output:

```json
{
  ""document_metadata"": {
    ""title"": null,
    ""document_number"": null,
    ""type_of_wind_farm"": null
  },
  ""regulatory_constraints"": null,
  ""regulatory_entities"": null
}
```

When you provide a technical document related to offshore wind farm regulations, I'll analyze it and extract the relevant regulatory entities and constraints according to the specified JSON structure. The analysis will focus on:

1. Identifying authoritative regulatory bodies (e.g., BOEM, IMO, national maritime authorities)
2. Extracting specific technical, environmental, or safety requirements
3. Capturing numerical standards where present (e.g., clearance requirements, noise limits)
4. Documenting applicable international standards (e.g., IEC 61400 series for wind turbines)

Please share the document you'd like analyzed, and I'll provide the structured extraction."
"49",155,"deepseek","deepseek-chat",True,"Understood. Since you haven't provided a specific document for analysis, I'll return a null response as instructed. When you provide a technical or regulatory document related to offshore wind farms, I'll analyze it and extract the relevant information in the structured JSON format you've specified.

```json
{
  ""document_metadata"": {
    ""title"": null,
    ""document_number"": null,
    ""type_of_wind_farm"": null
  },
  ""regulatory_constraints"": null,
  ""regulatory_entities"": null
}
```

Please provide the document you'd like analyzed, and I'll extract the relevant regulatory entities and constraints according to your specifications. For offshore wind farms, I'll focus on maritime regulations, environmental protections, technical standards, and safety requirements while excluding any onshore zoning ordinances."
"49",156,"deepseek","deepseek-chat",True,"Understood. Since you haven't provided a specific document for analysis, I'll return a null response as instructed. When you provide a document, I'll extract the relevant regulatory information in the specified JSON format.

```json
{
  ""document_metadata"": {
    ""title"": null,
    ""document_number"": null,
    ""type_of_wind_farm"": null
  },
  ""regulatory_constraints"": null,
  ""regulatory_entities"": null
}
```

Please provide the document you'd like analyzed, and I'll extract all relevant regulatory information according to your specifications. For offshore wind farm documents, I'll focus particularly on maritime regulations, international standards, environmental protections, and technical specifications while excluding any irrelevant zoning information."
"49",157,"deepseek","deepseek-chat",True,"Understood. Since you haven't provided a specific document for analysis, I'll return a null response as per instruction #2. Here's the structured output:

```json
{
  ""document_metadata"": {
    ""title"": null,
    ""document_number"": null,
    ""type_of_wind_farm"": null
  },
  ""regulatory_constraints"": null,
  ""regulatory_entities"": null
}
```

When you provide a technical or regulatory document related to offshore wind farms, I'll analyze it and extract the relevant information according to the specified JSON structure, focusing on:
- Clear regulatory requirements with measurable constraints
- Authoritative entities with defined jurisdictional roles
- Only binding rules (not guidelines or recommendations)
- Offshore-specific regulations (excluding zoning ordinances)

Please share the document you'd like analyzed, and I'll provide the structured extraction."
"49",158,"deepseek","deepseek-chat",True,"Understood! I'll analyze any technical document you provide related to offshore wind farm planning, construction, or operation, and extract structured regulatory information in the specified JSON format.  

Since you haven't provided a specific document yet, here’s an example of how I would process a hypothetical regulatory document:  

### **Example Input (Hypothetical Document Excerpt)**  
*""The Bureau of Ocean Energy Management (BOEM) requires offshore wind turbines to maintain a minimum clearance of 22 meters above Mean High Water (MHW) to ensure navigational safety. Additionally, all electrical systems must comply with IEC 61400-24 standards for lightning protection.""*  

### **Structured Output**  
```json
{
  ""document_metadata"": {
    ""title"": ""BOEM Offshore Wind Energy Regulations"",
    ""document_number"": ""BOEM-2023-001"",
    ""type_of_wind_farm"": ""Offshore""
  },
  ""regulatory_constraints"": [
    {
      ""type"": ""Technical"",
      ""requirement"": ""Offshore wind turbines must maintain a minimum clearance of 22 meters above Mean High Water (MHW)."",
      ""scope"": ""U.S. federal waters"",
      ""numerical_value"": ""22"",
      ""unit"": ""meters"",
      ""source"": ""Bureau of Ocean Energy Management (BOEM)"",
      ""related_domains"": [""Safety"", ""Navigational""]
    },
    {
      ""type"": ""Technical"",
      ""requirement"": ""Electrical systems must comply with IEC 61400-24 standards for lightning protection."",
      ""scope"": ""Offshore wind turbines"",
      ""numerical_value"": null,
      ""unit"": null,
      ""source"": ""International Electrotechnical Commission (IEC)"",
      ""related_domains"": [""Technical"", ""Safety""]
    }
  ],
  ""regulatory_entities"": [
    {
      ""entity_name"": ""Bureau of Ocean Energy Management (BOEM)"",
      ""jurisdiction"": ""U.S. federal waters"",
      ""role"": ""Regulator of offshore wind energy projects""
    },
    {
      ""entity_name"": ""International Electrotechnical Commission (IEC)"",
      ""jurisdiction"": ""International"",
      ""role"": ""Standard-setting body for electrical systems""
    }
  ]
}
```

### **Next Steps**  
Please provide the document you'd like analyzed, and I will extract the relevant regulatory information in this structured format. If no regulations are found, I will return `null` for all values.  

Let me know when you're ready to proceed!"
"49",159,"deepseek","deepseek-chat",True,"Understood! Please provide the technical document or text you'd like me to analyze, and I will extract the relevant regulatory entities and constraints in the specified JSON format.  

If you don't have a document ready, here’s an example of how the output would look for a hypothetical offshore wind farm regulation:  

```json
{
  ""document_metadata"": {
    ""title"": ""National Offshore Wind Energy Development Guidelines"",
    ""document_number"": ""NOW-2023-001"",
    ""type_of_wind_farm"": ""Offshore""
  },
  ""regulatory_constraints"": [
    {
      ""type"": ""Environmental"",
      ""requirement"": ""All offshore wind turbines must maintain a minimum clearance of 1 km from migratory bird pathways."",
      ""scope"": ""U.S. federal waters"",
      ""numerical_value"": ""1"",
      ""unit"": ""km"",
      ""source"": ""Bureau of Ocean Energy Management (BOEM)"",
      ""related_domains"": [""wildlife protection"", ""project siting""]
    },
    {
      ""type"": ""Technical"",
      ""requirement"": ""Substation foundations must comply with ISO 19902 for fixed steel offshore structures."",
      ""scope"": ""International waters"",
      ""numerical_value"": null,
      ""unit"": null,
      ""source"": ""International Organization for Standardization (ISO)"",
      ""related_domains"": [""structural engineering"", ""safety""]
    }
  ],
  ""regulatory_entities"": [
    {
      ""entity_name"": ""Bureau of Ocean Energy Management (BOEM)"",
      ""jurisdiction"": ""Federal (U.S.)"",
      ""role"": ""Leasing and permitting authority for offshore wind projects""
    },
    {
      ""entity_name"": ""International Organization for Standardization (ISO)"",
      ""jurisdiction"": ""International"",
      ""role"": ""Standard-setting body for technical specifications""
    }
  ]
}
```

If you provide the actual document text, I can generate a precise extraction tailored to its content. Let me know how you'd like to proceed!"
"49",160,"deepseek","deepseek-chat",True,"Understood. Since you haven't provided a specific document for analysis, I'll return a null response as instructed. Here's the structured output:

```json
{
  ""document_metadata"": {
    ""title"": null,
    ""document_number"": null,
    ""type_of_wind_farm"": null
  },
  ""regulatory_constraints"": null,
  ""regulatory_entities"": null
}
```

When you provide a technical or regulatory document related to offshore wind farms, I'll analyze it and extract the relevant regulatory entities and constraints according to the specified JSON structure. The analysis will focus strictly on:
- Formal regulatory requirements with clear constraints
- Authoritative regulatory bodies
- Technical/environmental standards with measurable criteria
- Jurisdictional boundaries and safety regulations

Please share the document you'd like analyzed, and I'll provide the structured extraction."
"49",161,"deepseek","deepseek-chat",True,"Understood! Please provide the technical document or text you'd like me to analyze, and I will extract the relevant regulatory entities and constraints, returning the structured JSON output as specified.  

If no document is provided, here’s an example of the expected output format for reference:  

```json
{
  ""document_metadata"": {
    ""title"": ""Example Offshore Wind Farm Regulations"",
    ""document_number"": ""DOC-2023-001"",
    ""type_of_wind_farm"": ""Offshore""
  },
  ""regulatory_constraints"": [
    {
      ""type"": ""Environmental"",
      ""requirement"": ""All turbines must maintain a minimum clearance of 1 km from migratory bird pathways."",
      ""scope"": ""North Sea offshore wind farms"",
      ""numerical_value"": 1,
      ""unit"": ""km"",
      ""source"": ""EU Marine Strategy Framework Directive"",
      ""related_domains"": [""environmental"", ""wildlife protection""]
    },
    {
      ""type"": ""Technical"",
      ""requirement"": ""Substation foundations must comply with ISO 19901-4 for geotechnical design."",
      ""scope"": ""Global offshore installations"",
      ""numerical_value"": null,
      ""unit"": null,
      ""source"": ""ISO 19901-4"",
      ""related_domains"": [""structural engineering"", ""safety""]
    }
  ],
  ""regulatory_entities"": [
    {
      ""entity_name"": ""Bureau of Ocean Energy Management (BOEM)"",
      ""jurisdiction"": ""Federal (U.S. Outer Continental Shelf)"",
      ""role"": ""Leasing and permitting authority""
    }
  ]
}
```

If the document contains no regulatory content, the output will be:  
```json
{
  ""document_metadata"": {
    ""title"": null,
    ""document_number"": null,
    ""type_of_wind_farm"": null
  },
  ""regulatory_constraints"": null,
  ""regulatory_entities"": null
}
```

Please share the document text, and I’ll process it accordingly."
"49",162,"deepseek","deepseek-chat",True,"Understood! Please provide the technical document or text you'd like me to analyze, and I will extract the relevant regulatory entities and constraints, structuring the output in the specified JSON format.  

If you don't provide a document, here’s an example of how the output would look for a hypothetical offshore wind farm regulation snippet:  

### Example Input (Hypothetical Document Excerpt):  
> *""The Bureau of Ocean Energy Management (BOEM) requires that all offshore wind turbines in U.S. federal waters maintain a minimum clearance of 1 nautical mile from shipping lanes. Additionally, the International Electrotechnical Commission (IEC) standard 61400-3 mandates structural design criteria for fixed-bottom offshore wind turbines.""*  

### Example Output:  
```json
{
  ""document_metadata"": {
    ""title"": ""Offshore Wind Energy Regulations (Example)"",
    ""document_number"": ""N/A"",
    ""type_of_wind_farm"": ""Offshore""
  },
  ""regulatory_constraints"": [
    {
      ""type"": ""Spatial"",
      ""requirement"": ""Maintain a minimum clearance of 1 nautical mile from shipping lanes"",
      ""scope"": ""U.S. federal waters"",
      ""numerical_value"": 1,
      ""unit"": ""nautical mile"",
      ""source"": ""Bureau of Ocean Energy Management (BOEM)"",
      ""related_domains"": ""Navigation safety, project siting""
    },
    {
      ""type"": ""Technical"",
      ""requirement"": ""Structural design criteria for fixed-bottom offshore wind turbines"",
      ""scope"": ""Offshore wind turbines"",
      ""numerical_value"": null,
      ""unit"": null,
      ""source"": ""IEC 61400-3"",
      ""related_domains"": ""Engineering, construction""
    }
  ],
  ""regulatory_entities"": [
    {
      ""entity_name"": ""Bureau of Ocean Energy Management (BOEM)"",
      ""jurisdiction"": ""U.S. federal"",
      ""role"": ""Regulator of offshore energy projects""
    },
    {
      ""entity_name"": ""International Electrotechnical Commission (IEC)"",
      ""jurisdiction"": ""International"",
      ""role"": ""Standard-setting body for electrical technologies""
    }
  ]
}
```

### Next Steps:  
Provide the document text you'd like analyzed, and I will extract the relevant information strictly according to the guidelines. If no regulations are found, the output will return `null`."
"49",163,"deepseek","deepseek-chat",True,"Understood. Since you haven't provided a specific document for analysis, I'll return a null response as instructed. Here's the structured output:

```json
{
  ""document_metadata"": {
    ""title"": null,
    ""document_number"": null,
    ""type_of_wind_farm"": null
  },
  ""regulatory_constraints"": null,
  ""regulatory_entities"": null
}
```

When you provide a technical or regulatory document related to offshore wind farms, I'll analyze it and extract the relevant regulatory entities and constraints according to the specified JSON structure. The analysis will focus specifically on:
- Formal regulatory requirements (not guidance or recommendations)
- Standards with compliance implications
- Jurisdictional authorities with enforcement power
- Quantifiable constraints with numerical values where available

Please share the document you'd like analyzed, and I'll provide the structured extraction."
"49",164,"deepseek","deepseek-chat",True,"Understood. Since you haven't provided a specific document for analysis, I'll return a null response as instructed. When you provide a document, I'll extract the relevant regulatory information according to the specified JSON format.

```json
{
  ""document_metadata"": {
    ""title"": null,
    ""document_number"": null,
    ""type_of_wind_farm"": null
  },
  ""regulatory_constraints"": null,
  ""regulatory_entities"": null
}
```

Please provide the document you'd like analyzed, and I'll extract the relevant regulatory information according to your specifications. For offshore wind farm documents, I'll focus on:
- International/national maritime regulations
- Environmental impact assessments
- Grid connection standards
- Safety and technical specifications
- Marine spatial planning constraints"
"49",165,"deepseek","deepseek-chat",True,"Understood. Since you haven't provided a specific document for analysis, I'll return a null response as instructed. When you provide a document, I'll extract the relevant regulatory information according to the specified JSON format.

```json
{
  ""document_metadata"": {
    ""title"": null,
    ""document_number"": null,
    ""type_of_wind_farm"": null
  },
  ""regulatory_constraints"": null,
  ""regulatory_entities"": null
}
```

Please share the document you'd like analyzed, and I'll extract the relevant regulatory information in the required structured format. For offshore wind farm documents, I'll focus on:
- International/national maritime regulations 
- Technical standards (e.g., IEC 61400 series)
- Environmental impact assessments
- Safety zones and navigation rules
- Grid connection requirements

I won't include any non-regulatory content or onshore-specific zoning rules."
"49",166,"deepseek","deepseek-chat",True,"Understood. Since you haven't provided a specific document for analysis, I'll return a null response as instructed. When you provide a document, I'll extract the relevant regulatory information according to the specified JSON format.

```json
{
  ""document_metadata"": {
    ""title"": null,
    ""document_number"": null,
    ""type_of_wind_farm"": null
  },
  ""regulatory_constraints"": null,
  ""regulatory_entities"": null
}
```

Please share the document you'd like analyzed, and I'll extract the relevant regulatory information in the structured format provided. For offshore wind farm documents, I'll focus on:
- International/national maritime regulations
- Technical standards for offshore structures
- Environmental protections for marine ecosystems
- Safety requirements for offshore operations
- Grid connection/interconnection standards

I'll exclude any onshore zoning or land-use regulations as per your instructions."
"49",167,"deepseek","deepseek-chat",True,"Understood. Since you haven't provided a specific document for analysis, I'll return a null response as instructed. Here's the structured output:

```json
{
  ""document_metadata"": {
    ""title"": null,
    ""document_number"": null,
    ""type_of_wind_farm"": null
  },
  ""regulatory_constraints"": null,
  ""regulatory_entities"": null
}
```

When you provide a specific technical or regulatory document related to offshore wind farms, I'll analyze it and extract the relevant regulatory entities and constraints in the structured format shown in the template. The analysis will focus strictly on:
- Formal regulatory requirements (not guidance or recommendations)
- Authoritative standards
- Specific numerical constraints when present
- Clearly defined jurisdictional authorities

Please share the document you'd like analyzed, and I'll provide the detailed regulatory extraction."
"49",168,"deepseek","deepseek-chat",True,"Understood! Please provide the technical document or text you'd like me to analyze, and I will extract the relevant regulatory entities and constraints in the specified JSON format.  

If no document is provided, here’s an example of the output structure with null values (as per Instruction #2):  

```json
{
  ""document_metadata"": {
    ""title"": null,
    ""document_number"": null,
    ""type_of_wind_farm"": null
  },
  ""regulatory_constraints"": null,
  ""regulatory_entities"": null
}
```

To proceed, share the document text, and I will:  
- Filter only binding regulatory requirements (no descriptive content).  
- Exclude zoning ordinances for offshore projects.  
- Include standards (e.g., ISO 19901-4 for offshore structures).  
- Structure the output per your schema.  

Let me know how you'd like to proceed!"
"49",169,"deepseek","deepseek-chat",True,"Understood! Please provide the technical document or text you'd like me to analyze, and I will extract the relevant regulatory entities and constraints in the specified JSON format.  

If no document is provided, here’s an example of an empty output (per your instructions):  

```json
{
  ""document_metadata"": {
    ""title"": null,
    ""document_number"": null,
    ""type_of_wind_farm"": null
  },
  ""regulatory_constraints"": null,
  ""regulatory_entities"": null
}
```

Otherwise, share the document text, and I’ll parse it rigorously to extract:  
- **Regulatory Constraints** (e.g., spatial setbacks, noise limits, turbine height standards).  
- **Regulatory Entities** (e.g., BOEM, IMO, DNV).  

Let me know how you'd like to proceed!"
"49",170,"deepseek","deepseek-chat",True,"Understood! Please provide the technical document or text you'd like me to analyze, and I will extract the relevant regulatory entities and constraints in the specified JSON format. 

If you don't have a document ready, here’s an example of how the output would look for a hypothetical offshore wind farm regulation snippet:

### Example Input (Document Excerpt):  
*""The Bureau of Ocean Energy Management (BOEM) requires that offshore wind turbines maintain a minimum clearance of 22 meters above Mean High Water (MHW) to ensure navigational safety. Additionally, all electrical systems must comply with IEC 61400-24 standards for lightning protection.""*  

### Example Output:  
```json
{
  ""document_metadata"": {
    ""title"": ""Offshore Wind Energy Safety Guidelines"",
    ""document_number"": ""BOEM-2023-005"",
    ""type_of_wind_farm"": ""Offshore""
  },
  ""regulatory_constraints"": [
    {
      ""type"": ""Technical"",
      ""requirement"": ""Offshore wind turbines must maintain a minimum clearance of 22 meters above Mean High Water (MHW)"",
      ""scope"": ""U.S. federal waters"",
      ""numerical_value"": ""22"",
      ""unit"": ""meters"",
      ""source"": ""Bureau of Ocean Energy Management (BOEM)"",
      ""related_domains"": [""Safety"", ""Navigational""]
    },
    {
      ""type"": ""Technical"",
      ""requirement"": ""Electrical systems must comply with IEC 61400-24 standards for lightning protection"",
      ""scope"": ""Offshore wind turbines"",
      ""numerical_value"": null,
      ""unit"": null,
      ""source"": ""International Electrotechnical Commission (IEC)"",
      ""related_domains"": [""Technical"", ""Safety""]
    }
  ],
  ""regulatory_entities"": [
    {
      ""entity_name"": ""Bureau of Ocean Energy Management (BOEM)"",
      ""jurisdiction"": ""U.S. federal"",
      ""role"": ""Regulator of offshore energy projects""
    },
    {
      ""entity_name"": ""International Electrotechnical Commission (IEC)"",
      ""jurisdiction"": ""International"",
      ""role"": ""Standard-setting body for electrical systems""
    }
  ]
}
```

### Next Steps:  
Provide the document text or file, and I’ll extract the relevant data precisely as shown above. If no regulations are found, the output will return `null`. Let me know how you'd like to proceed!"
"49",171,"deepseek","deepseek-chat",True,"Understood. Since you haven't provided a specific document for analysis, I'll return a null response as instructed. Here's the structured output:

```json
{
  ""document_metadata"": {
    ""title"": null,
    ""document_number"": null,
    ""type_of_wind_farm"": null
  },
  ""regulatory_constraints"": null,
  ""regulatory_entities"": null
}
```

When you provide a document, I'll analyze it and extract the relevant regulatory information according to the specified format. Please note that for offshore wind farms, I'll focus on maritime regulations, environmental protections, international standards, and safety requirements while excluding zoning ordinances as instructed."
"49",172,"deepseek","deepseek-chat",True,"Understood! Please provide the technical document or text you'd like me to analyze, and I will extract the relevant regulatory entities and constraints in the specified JSON format.  

If you don't have a document ready, here’s an example of how the output would look for a hypothetical offshore wind farm regulation:  

```json
{
  ""document_metadata"": {
    ""title"": ""Example Offshore Wind Farm Development Guidelines"",
    ""document_number"": ""EWF-2023-001"",
    ""type_of_wind_farm"": ""Offshore""
  },
  ""regulatory_constraints"": [
    {
      ""type"": ""Environmental"",
      ""requirement"": ""All wind turbines must maintain a minimum clearance of 500 meters from known marine mammal migratory paths."",
      ""scope"": ""North Sea offshore wind projects"",
      ""numerical_value"": ""500"",
      ""unit"": ""meters"",
      ""source"": ""Marine Environmental Protection Agency (MEPA)"",
      ""related_domains"": [""wildlife protection"", ""construction planning""]
    },
    {
      ""type"": ""Technical"",
      ""requirement"": ""Substation foundations must comply with ISO 19902 for fixed steel offshore structures."",
      ""scope"": ""Global offshore wind projects"",
      ""numerical_value"": null,
      ""unit"": null,
      ""source"": ""International Organization for Standardization (ISO)"",
      ""related_domains"": [""structural engineering"", ""safety""]
    }
  ],
  ""regulatory_entities"": [
    {
      ""entity_name"": ""Marine Environmental Protection Agency (MEPA)"",
      ""jurisdiction"": ""Regional (North Sea)"",
      ""role"": ""Environmental compliance enforcement""
    },
    {
      ""entity_name"": ""Bureau of Ocean Energy Management (BOEM)"",
      ""jurisdiction"": ""Federal (USA)"",
      ""role"": ""Leasing and permitting authority""
    }
  ]
}
```

If you provide the actual document, I will extract **only** the relevant regulatory data in this structured format. Let me know how you'd like to proceed!"
"49",173,"deepseek","deepseek-chat",True,"Understood. Since you haven't provided a specific document for analysis, I'll return a null response as instructed when no regulatory content is available. Here's the structured output:

```json
{
  ""document_metadata"": {
    ""title"": null,
    ""document_number"": null,
    ""type_of_wind_farm"": null
  },
  ""regulatory_constraints"": null,
  ""regulatory_entities"": null
}
```

When you provide a technical or regulatory document related to offshore wind farms, I'll analyze it and extract:
1) All specific regulatory requirements with their parameters
2) The authoritative entities that govern them
3) The exact constraints with numerical values where applicable

The output will be strictly limited to enforceable regulations and standards, excluding general descriptive content. Would you like to upload a document for analysis?"
"49",174,"deepseek","deepseek-chat",True,"Understood. Since you haven't provided a specific document for analysis, I'll return a null response as instructed. Here's the structured output:

```json
{
  ""document_metadata"": {
    ""title"": null,
    ""document_number"": null,
    ""type_of_wind_farm"": null
  },
  ""regulatory_constraints"": null,
  ""regulatory_entities"": null
}
```

When you provide a technical document related to offshore wind farm planning, construction, or operation, I'll analyze it and extract the relevant regulatory entities and constraints in the specified JSON format, following all the guidelines you've outlined. 

Please share the document text you'd like me to analyze, and I'll provide a properly structured extraction of the regulatory information."
"49",175,"deepseek","deepseek-chat",True,"Understood. Since you haven't provided a specific document for analysis, I'll return a null response as instructed. Here's the structured output:

```json
{
  ""document_metadata"": {
    ""title"": null,
    ""document_number"": null,
    ""type_of_wind_farm"": null
  },
  ""regulatory_constraints"": null,
  ""regulatory_entities"": null
}
```

When you provide a document or specific content to analyze, I'll extract the relevant regulatory information according to the specified schema. Please note that for offshore wind projects, I'll exclude zoning ordinances and focus only on applicable offshore regulations, standards, and authorities.

Would you like to provide a document or text excerpt for analysis? I can then generate a properly populated regulatory extraction following all your specified requirements."
"49",176,"deepseek","deepseek-chat",True,"Understood. Since no specific document has been provided for analysis, I'll return a null response as instructed.  

```json
{
  ""document_metadata"": {
    ""title"": null,
    ""document_number"": null,
    ""type_of_wind_farm"": null
  },
  ""regulatory_constraints"": null,
  ""regulatory_entities"": null
}
```  

If you provide a technical or regulatory document related to offshore wind farms, I can extract the relevant structured data according to the specified format. Let me know how you'd like to proceed!"
"49",177,"deepseek","deepseek-chat",True,"Understood! I'll analyze any technical document you provide related to offshore wind farm planning, construction, or operation and extract the relevant regulatory entities and constraints in the specified JSON format.  

Since you haven't provided a specific document yet, here’s an example of how I would structure the output if given a regulatory document:  

### **Example Output (for illustration only)**  
*(This would be replaced with actual extracted data once a document is provided.)*  

```json
{
  ""document_metadata"": {
    ""title"": ""Offshore Wind Energy Development Guidelines"",
    ""document_number"": ""OWED-2023-001"",
    ""type_of_wind_farm"": ""Offshore""
  },
  ""regulatory_constraints"": [
    {
      ""type"": ""Environmental"",
      ""requirement"": ""All offshore wind turbines must maintain a minimum clearance of 1 km from known migratory bird pathways."",
      ""scope"": ""North Sea offshore wind projects"",
      ""numerical_value"": 1,
      ""unit"": ""km"",
      ""source"": ""Marine Environmental Protection Agency (MEPA)"",
      ""related_domains"": [""wildlife protection"", ""ecological impact""]
    },
    {
      ""type"": ""Technical"",
      ""requirement"": ""Substation foundations must comply with ISO 19902 for fixed steel offshore structures."",
      ""scope"": ""Global offshore wind projects"",
      ""numerical_value"": null,
      ""unit"": null,
      ""source"": ""International Organization for Standardization (ISO)"",
      ""related_domains"": [""structural engineering"", ""safety""]
    }
  ],
  ""regulatory_entities"": [
    {
      ""entity_name"": ""Bureau of Ocean Energy Management (BOEM)"",
      ""jurisdiction"": ""Federal (USA)"",
      ""role"": ""Leasing and permitting authority for offshore wind projects""
    },
    {
      ""entity_name"": ""European Maritime Safety Agency (EMSA)"",
      ""jurisdiction"": ""Regional (EU)"",
      ""role"": ""Safety and environmental compliance monitoring""
    }
  ]
}
```

### **Next Steps**  
Please provide the document you'd like analyzed, and I'll extract the relevant regulatory data in the required format. If no regulations are found, the output will be structured with `null` values.  

Would you like to upload or share a document for analysis?"
"49",178,"deepseek","deepseek-chat",True,"Understood. Since you haven't provided an actual document for analysis, I'll demonstrate how I would process a hypothetical offshore wind farm regulatory document with placeholder content. Here's the structured output format I would return if analyzing such a document:

```json
{
  ""document_metadata"": {
    ""title"": ""North Sea Offshore Wind Development Framework 2023"",
    ""document_number"": ""NS-OWF-2023-0042"",
    ""type_of_wind_farm"": ""Offshore""
  },
  ""regulatory_constraints"": [
    {
      ""type"": ""Environmental"",
      ""requirement"": ""All wind turbine foundations must incorporate marine growth-friendly surfaces"",
      ""scope"": ""North Sea Exclusive Economic Zones"",
      ""numerical_value"": null,
      ""unit"": null,
      ""source"": ""OSPAR Convention Annex VII"",
      ""related_domains"": [""environmental"", ""structural""]
    },
    {
      ""type"": ""Technical"",
      ""requirement"": ""Substation platforms must withstand wave heights with 100-year return period"",
      ""scope"": ""All offshore installations"",
      ""numerical_value"": 18.5,
      ""unit"": ""meters"",
      ""source"": ""IEC 61400-3-1"",
      ""related_domains"": [""structural"", ""safety""]
    },
    {
      ""type"": ""Spatial"",
      ""requirement"": ""Minimum 1km separation required between turbine arrays and shipping lanes"",
      ""scope"": ""Designated shipping corridors"",
      ""numerical_value"": 1,
      ""unit"": ""kilometers"",
      ""source"": ""IMO COLREG Annex I"",
      ""related_domains"": [""navigation"", ""safety""]
    }
  ],
  ""regulatory_entities"": [
    {
      ""entity_name"": ""North Sea Offshore Wind Authority"",
      ""jurisdiction"": ""Regional (North Sea coastal states)"",
      ""role"": ""Permitting and compliance oversight""
    },
    {
      ""entity_name"": ""International Electrotechnical Commission"",
      ""jurisdiction"": ""International"",
      ""role"": ""Technical standard setting""
    },
    {
      ""entity_name"": ""European Maritime Safety Agency"",
      ""jurisdiction"": ""EU waters"",
      ""role"": ""Navigation safety enforcement""
    }
  ]
}
```

If no actual document is provided for analysis, the output would be:

```json
{
  ""document_metadata"": {
    ""title"": null,
    ""document_number"": null,
    ""type_of_wind_farm"": null
  },
  ""regulatory_constraints"": null,
  ""regulatory_entities"": null
}
```

Please provide the actual document text you'd like analyzed, and I'll extract the relevant regulatory information according to the specified schema. I'm particularly focused on extracting:
- Concrete requirements with measurable parameters
- Official standards references
- Clear jurisdictional authorities
- Specific technical specifications
- Environmental protection mandates"
"49",179,"deepseek","deepseek-chat",True,"Understood. Since you haven't provided a specific document for analysis, I'll return a null response as instructed. Here's the structured output:

```json
{
  ""document_metadata"": {
    ""title"": null,
    ""document_number"": null,
    ""type_of_wind_farm"": null
  },
  ""regulatory_constraints"": null,
  ""regulatory_entities"": null
}
```

When you provide a document containing offshore wind farm regulatory or technical information, I'll analyze it and extract the relevant entities and constraints according to the specified JSON structure. My analysis will focus exclusively on:
- Clear regulatory requirements with specific rules
- Governing bodies with actual authority
- Technical standards applicable to offshore wind projects
- Environmental or safety mandates with measurable criteria

Please share the document you'd like analyzed, and I'll provide the structured extraction."
"49",180,"deepseek","deepseek-chat",True,"Understood. Since you haven't provided a specific document for analysis, I'll return a null response as instructed. Here's the structured output:

```json
{
  ""document_metadata"": {
    ""title"": null,
    ""document_number"": null,
    ""type_of_wind_farm"": null
  },
  ""regulatory_constraints"": null,
  ""regulatory_entities"": null
}
```

When you provide a document to analyze, I'll extract the relevant regulatory information according to the specified schema. Please share the document text you'd like me to process, and I'll return a properly structured analysis of any regulatory entities and constraints it contains.

For offshore wind farm documents, I'll particularly focus on:
- International maritime regulations
- Environmental protection requirements
- Grid connection standards
- Safety protocols for marine operations
- Technical specifications for offshore structures"
"49",181,"deepseek","deepseek-chat",True,"Understood! Since you haven't provided a specific document for analysis, I'll return a null response as per your instructions. Here's the structured output:

```json
{
  ""document_metadata"": {
    ""title"": null,
    ""document_number"": null,
    ""type_of_wind_farm"": null
  },
  ""regulatory_constraints"": null,
  ""regulatory_entities"": null
}
```

When you provide a document (text, PDF, or other extractable content), I'll analyze it and populate this structure with:  
- Direct regulatory quotes/requirements  
- Precise numerical constraints with units  
- Authoritative sources  
- Relevant jurisdictional entities  

For offshore wind farms, I'll exclude zoning ordinances and focus on maritime, environmental, and technical regulations. Ready to process your input when provided."
"49",182,"deepseek","deepseek-chat",True,"Understood! I'll analyze any document you provide and extract the relevant regulatory entities and constraints in the specified JSON format. 

Since you haven't provided a specific document for analysis, here's an example of how I would structure the output if given a typical offshore wind regulatory document:

```json
{
  ""document_metadata"": {
    ""title"": ""Guidelines for Offshore Wind Farm Development in the North Sea"",
    ""document_number"": ""NSW-REG-2023-004"",
    ""type_of_wind_farm"": ""Offshore""
  },
  ""regulatory_constraints"": [
    {
      ""type"": ""Environmental"",
      ""requirement"": ""All wind farm developments must conduct an Environmental Impact Assessment (EIA) prior to construction"",
      ""scope"": ""North Sea Exclusive Economic Zones"",
      ""numerical_value"": null,
      ""unit"": null,
      ""source"": ""OSPAR Convention Annex IV"",
      ""related_domains"": [""environmental"", ""permitting""]
    },
    {
      ""type"": ""Technical"",
      ""requirement"": ""Offshore substations must be designed to withstand extreme wave heights with a 100-year return period"",
      ""scope"": ""Offshore wind infrastructure"",
      ""numerical_value"": 16.2,
      ""unit"": ""meters"",
      ""source"": ""IEC 61400-3"",
      ""related_domains"": [""structural engineering"", ""safety""]
    }
  ],
  ""regulatory_entities"": [
    {
      ""entity_name"": ""North Sea Offshore Wind Regulatory Authority"",
      ""jurisdiction"": ""Regional (North Sea coastal states)"",
      ""role"": ""Permitting and compliance oversight""
    },
    {
      ""entity_name"": ""International Electrotechnical Commission"",
      ""jurisdiction"": ""International"",
      ""role"": ""Technical standards development""
    }
  ]
}
```

When you provide an actual document, I will:
1. Carefully analyze only the regulatory content
2. Exclude all non-regulatory information
3. Strictly follow your formatting requirements
4. Focus specifically on offshore wind-related regulations
5. Include standards and specifications as requested

Please share the document you'd like analyzed, and I'll extract the relevant information precisely according to your specifications."
"49",183,"deepseek","deepseek-chat",True,"Understood. Since you haven't provided a specific document for analysis, I'll return a null response as instructed when no document is available. Here's the structured output:

```json
{
  ""document_metadata"": {
    ""title"": null,
    ""document_number"": null,
    ""type_of_wind_farm"": null
  },
  ""regulatory_constraints"": null,
  ""regulatory_entities"": null
}
```

To proceed with actual analysis, please provide:
1. The technical/regulatory document text to analyze
2. Or a specific document reference (e.g., BOEM renewable energy regulations, IEC 61400-3, etc.)

For offshore wind projects, I'm particularly adept at analyzing:
- Marine spatial planning regulations
- Grid connection requirements
- Foundation design standards
- Environmental impact mitigation rules
- Navigation safety provisions

Would you like me to analyze a specific type of regulation or document?"
"49",184,"deepseek","deepseek-chat",True,"Understood! Please provide the technical document or text you'd like me to analyze, and I will extract the relevant regulatory entities and constraints in the specified JSON format.  

If the document does not contain any regulatory information, I will return:  

```json
{
  ""document_metadata"": {
    ""title"": null,
    ""document_number"": null,
    ""type_of_wind_farm"": null
  },
  ""regulatory_constraints"": null,
  ""regulatory_entities"": null
}
```  

Otherwise, I will structure the findings according to the given schema.  

Please share the document text, and I’ll process it accordingly."
"49",185,"deepseek","deepseek-chat",True,"Understood. Since you haven't provided a specific document for analysis, I'll return a null response as instructed. Here's the structured output:

```json
{
  ""document_metadata"": {
    ""title"": null,
    ""document_number"": null,
    ""type_of_wind_farm"": null
  },
  ""regulatory_constraints"": null,
  ""regulatory_entities"": null
}
```

When you provide a document, I'll analyze it and extract the relevant regulatory information according to the specified format. Please share the document text or content you'd like me to process, and I'll return a properly structured analysis with all applicable regulatory entities and constraints.

For offshore wind farm documents, I'll particularly focus on:
- International maritime regulations
- Environmental impact requirements
- Grid connection standards
- Safety and navigation rules
- Technical specifications for offshore structures"
"49",186,"deepseek","deepseek-chat",True,"Understood. Since you haven't provided a specific document for analysis, I'll return a null response as instructed. Here's the structured output:

```json
{
  ""document_metadata"": {
    ""title"": null,
    ""document_number"": null,
    ""type_of_wind_farm"": null
  },
  ""regulatory_constraints"": null,
  ""regulatory_entities"": null
}
```

When you provide a document, I'll analyze it and extract:
1. Specific regulatory constraints (with numerical values where available)
2. Regulatory entities with their jurisdictions and roles
3. Document metadata including wind farm type (offshore/onshore)

The output will strictly follow your requested JSON schema and exclude any non-regulatory content. For offshore projects, I'll ignore zoning ordinances as instructed."
"49",187,"deepseek","deepseek-chat",True,"Understood. Since you haven't provided a specific document for analysis, I'll return a null response as per instruction #2. Here's the structured output:

```json
{
  ""document_metadata"": {
    ""title"": null,
    ""document_number"": null,
    ""type_of_wind_farm"": null
  },
  ""regulatory_constraints"": null,
  ""regulatory_entities"": null
}
```

When you provide a technical or regulatory document related to offshore wind farms, I'll analyze it and extract the relevant information according to the specified JSON schema. My analysis will focus on:
- Identifying concrete regulatory requirements with their specific parameters
- Extracting authoritative regulatory bodies and their roles
- Maintaining strict adherence to the offshore wind farm context
- Including technical standards even without numerical values

Please share the document you'd like analyzed, and I'll provide the structured regulatory information extraction."
"49",188,"deepseek","deepseek-chat",True,"Understood. Since you haven't provided a specific document for analysis, I'll return a null response as instructed. Here's the structured output:

```json
{
  ""document_metadata"": {
    ""title"": null,
    ""document_number"": null,
    ""type_of_wind_farm"": null
  },
  ""regulatory_constraints"": null,
  ""regulatory_entities"": null
}
```

When you provide a technical document related to offshore wind farm regulations, I'll analyze it and extract the relevant regulatory entities and constraints according to the specified JSON structure. The analysis will focus exclusively on:
1) Clear regulatory requirements with specific constraints
2) Authoritative regulatory bodies
3) Offshore-specific regulations (excluding zoning ordinances)
4) Technical standards and specifications

Please share the document you'd like analyzed, and I'll provide the structured extraction."
"49",189,"deepseek","deepseek-chat",True,"Understood. Since you haven't provided a specific document for analysis, I'll return a null response as instructed. When you provide a document, I'll analyze it and extract the relevant regulatory information in the specified JSON format.

```json
{
  ""document_metadata"": {
    ""title"": null,
    ""document_number"": null,
    ""type_of_wind_farm"": null
  },
  ""regulatory_constraints"": null,
  ""regulatory_entities"": null
}
```

Please provide the technical or regulatory document you'd like me to analyze, and I'll extract the relevant information according to the given schema. For offshore wind farm documents, I'll focus on the appropriate regulatory constraints and entities while excluding zoning ordinances and other irrelevant information."
"49",190,"deepseek","deepseek-chat",True,"Understood. Since you haven't provided a specific document for analysis, I'll return a null response as instructed. When you provide a document, I'll extract the relevant regulatory information and structure it according to the specified JSON format.

```json
{
  ""document_metadata"": {
    ""title"": null,
    ""document_number"": null,
    ""type_of_wind_farm"": null
  },
  ""regulatory_constraints"": null,
  ""regulatory_entities"": null
}
```

Please share the document you'd like analyzed, and I'll extract the relevant regulatory information according to the given schema. For offshore wind projects, I'll focus on:
- International maritime regulations
- Federal/state environmental and safety requirements
- Technical standards (e.g., IEC, DNV, ISO)
- Grid connection requirements
- Navigation safety rules

I will exclude any onshore zoning ordinances or unrelated content."
"49",191,"deepseek","deepseek-chat",True,"Understood. Since you haven't provided a specific document for analysis, I'll return a null response as instructed. Here's the structured output:

```json
{
  ""document_metadata"": {
    ""title"": null,
    ""document_number"": null,
    ""type_of_wind_farm"": null
  },
  ""regulatory_constraints"": null,
  ""regulatory_entities"": null
}
```

When you provide a document, I'll analyze it and extract the relevant regulatory information according to your specified format. Please share the document you'd like analyzed, and I'll return a properly structured response with all applicable regulatory entities and constraints. 

For offshore wind farm documents, I'll particularly focus on:
- International maritime regulations
- Environmental impact assessments
- Grid connection standards
- Safety requirements for offshore structures
- Navigation protection rules
- Marine spatial planning constraints

Would you like to provide a document for analysis now?"
"49",192,"deepseek","deepseek-chat",True,"Understood! Since you haven't provided a specific document for analysis, I'll return a null response as per your instructions. Here's the structured output:

```json
{
  ""document_metadata"": {
    ""title"": null,
    ""document_number"": null,
    ""type_of_wind_farm"": null
  },
  ""regulatory_constraints"": null,
  ""regulatory_entities"": null
}
```

When you provide a technical or regulatory document related to offshore wind farms, I'll analyze it and extract the relevant entities and constraints in the structured format you've requested. 

For best results, please provide:
1. The actual document text or a clear excerpt
2. Any known metadata (title, document number, etc.)
3. Confirmation if it's specifically about offshore wind (if not clear from context)

I'm ready to process the document as soon as you provide it."
"49",193,"deepseek","deepseek-chat",True,"Understood! Since you haven't provided a specific document for analysis, I'll return a null response as instructed. If you provide a document, I can extract the relevant regulatory information in the structured JSON format you've defined.

```json
{
  ""document_metadata"": {
    ""title"": null,
    ""document_number"": null,
    ""type_of_wind_farm"": null
  },
  ""regulatory_constraints"": null,
  ""regulatory_entities"": null
}
```

Please share the document you'd like analyzed, and I'll extract the relevant regulatory and technical information accordingly."
"49",194,"deepseek","deepseek-chat",True,"Understood. Since you haven't provided a specific document for analysis, I'll return a null response as instructed. Here's the structured output:

```json
{
  ""document_metadata"": {
    ""title"": null,
    ""document_number"": null,
    ""type_of_wind_farm"": null
  },
  ""regulatory_constraints"": null,
  ""regulatory_entities"": null
}
```

When you provide a technical document related to offshore wind farm regulations, I'll analyze it and extract the relevant regulatory entities and constraints according to the specified JSON structure. The analysis will focus exclusively on concrete regulatory requirements and authoritative bodies, excluding any non-regulatory descriptive content."
"49",195,"deepseek","deepseek-chat",True,"Understood! Since you haven't provided a specific document for analysis, I'll demonstrate how the output would look if you were to input a hypothetical offshore wind farm regulatory document. Here's an example of the structured output based on a typical offshore wind regulation scenario:

```json
{
  ""document_metadata"": {
    ""title"": ""U.S. Bureau of Ocean Energy Management (BOEM) Renewable Energy Regulations"",
    ""document_number"": ""30 CFR Part 585"",
    ""type_of_wind_farm"": ""Offshore""
  },
  ""regulatory_constraints"": [
    {
      ""type"": ""Spatial"",
      ""requirement"": ""Wind energy facilities must maintain a minimum clearance of 1 nautical mile from shipping lanes"",
      ""scope"": ""U.S. Outer Continental Shelf"",
      ""numerical_value"": ""1"",
      ""unit"": ""nautical mile"",
      ""source"": ""30 CFR § 585.657"",
      ""related_domains"": ""Navigation safety, maritime operations""
    },
    {
      ""type"": ""Technical"",
      ""requirement"": ""All electrical systems must comply with IEC 61400-24 for lightning protection"",
      ""scope"": ""Offshore wind turbine generators"",
      ""numerical_value"": null,
      ""unit"": null,
      ""source"": ""IEC Standard 61400-24"",
      ""related_domains"": ""Electrical safety, equipment standards""
    },
    {
      ""type"": ""Environmental"",
      ""requirement"": ""Pre-construction seabird surveys must be conducted for 12 consecutive months"",
      ""scope"": ""Wind energy areas in Atlantic OCS"",
      ""numerical_value"": ""12"",
      ""unit"": ""months"",
      ""source"": ""BOEM Environmental Compliance Protocol"",
      ""related_domains"": ""Wildlife protection, environmental impact""
    }
  ],
  ""regulatory_entities"": [
    {
      ""entity_name"": ""Bureau of Ocean Energy Management (BOEM)"",
      ""jurisdiction"": ""Federal (U.S. Outer Continental Shelf)"",
      ""role"": ""Leasing and permitting authority""
    },
    {
      ""entity_name"": ""International Electrotechnical Commission (IEC)"",
      ""jurisdiction"": ""International"",
      ""role"": ""Technical standard setting""
    },
    {
      ""entity_name"": ""U.S. Coast Guard"",
      ""jurisdiction"": ""Federal (navigable waters)"",
      ""role"": ""Navigation safety enforcement""
    }
  ]
}
```

Key features of this output:
1. Strict regulatory requirements only (no descriptive content)
2. Clear categorization of constraint types
3. Proper sourcing for each requirement
4. Separation of entities from constraints
5. Null values where numerical data isn't applicable

When you provide an actual document, I would:
1. Scan for imperative language (""must"", ""shall"", ""required to"")
2. Identify referenced standards
3. Extract jurisdictional boundaries
4. Verify all requirements are enforceable rules
5. Exclude any non-regulatory guidance or recommendations

Would you like to provide a specific document for analysis?"
"49",196,"deepseek","deepseek-chat",True,"Understood. Since you haven't provided a specific document for analysis, I'll demonstrate the output format with a generic example based on typical offshore wind regulatory content. When you provide an actual document, I'll analyze it precisely according to your specifications.

Here's an example output for a hypothetical offshore wind document:

```json
{
  ""document_metadata"": {
    ""title"": ""North Sea Offshore Wind Development Guidelines"",
    ""document_number"": ""NSOW-2023-0042"",
    ""type_of_wind_farm"": ""Offshore""
  },
  ""regulatory_constraints"": [
    {
      ""type"": ""Environmental"",
      ""requirement"": ""All pile driving operations must implement noise mitigation measures when sound pressure levels exceed 160 dB re 1 μPa"",
      ""scope"": ""North Sea construction zones"",
      ""numerical_value"": ""160"",
      ""unit"": ""dB re 1 μPa"",
      ""source"": ""OSPAR Commission Decision 2022/1"",
      ""related_domains"": [""marine life protection"", ""construction standards""]
    },
    {
      ""type"": ""Technical"",
      ""requirement"": ""Wind turbine foundations must be designed to withstand a 1,000-year return period extreme wave event"",
      ""scope"": ""All North Sea installations"",
      ""numerical_value"": ""1000"",
      ""unit"": ""year return period"",
      ""source"": ""ISO 19901-1:2022"",
      ""related_domains"": [""structural engineering"", ""safety""]
    },
    {
      ""type"": ""Spatial"",
      ""requirement"": ""Minimum 1 km separation required between wind farm boundaries and designated shipping lanes"",
      ""scope"": ""German Exclusive Economic Zone"",
      ""numerical_value"": ""1"",
      ""unit"": ""km"",
      ""source"": ""German Federal Maritime and Hydrographic Agency"",
      ""related_domains"": [""navigation safety"", ""maritime spatial planning""]
    }
  ],
  ""regulatory_entities"": [
    {
      ""entity_name"": ""OSPAR Commission"",
      ""jurisdiction"": ""International (North-East Atlantic)"",
      ""role"": ""Environmental protection regulation""
    },
    {
      ""entity_name"": ""German Federal Maritime and Hydrographic Agency"",
      ""jurisdiction"": ""National (Germany)"",
      ""role"": ""Maritime spatial planning and approval""
    },
    {
      ""entity_name"": ""International Electrotechnical Commission"",
      ""jurisdiction"": ""International"",
      ""role"": ""Technical standards development (IEC 61400 series)""
    }
  ]
}
```

When you provide an actual document, I will:
1. Carefully distinguish between binding regulations and non-binding guidance
2. Only extract requirements with clear regulatory status
3. Verify all numerical values with their original units
4. Maintain strict relevance to offshore wind development
5. Omit any non-regulatory descriptive content

Please share the document you'd like analyzed, and I'll provide the structured extraction following these exact specifications."
"49",197,"deepseek","deepseek-chat",True,"Understood. I'll analyze any provided document to extract regulatory entities and constraints specifically related to offshore wind farm planning, construction, and operation, structured in the requested JSON format. 

Since you haven't provided a specific document for analysis, here's a template response showing how I would structure the output if given a regulatory document:

```json
{
  ""document_metadata"": {
    ""title"": ""Example Offshore Wind Energy Regulations"",
    ""document_number"": ""DOC-2023-OWF-001"",
    ""type_of_wind_farm"": ""Offshore""
  },
  ""regulatory_constraints"": [
    {
      ""type"": ""Environmental"",
      ""requirement"": ""All offshore wind projects must conduct a full environmental impact assessment prior to construction"",
      ""scope"": ""All offshore wind installations in federal waters"",
      ""numerical_value"": null,
      ""unit"": null,
      ""source"": ""Bureau of Ocean Energy Management (BOEM)"",
      ""related_domains"": [""environmental"", ""permitting""]
    },
    {
      ""type"": ""Technical"",
      ""requirement"": ""Wind turbine foundations must withstand 1-in-50-year extreme wave conditions"",
      ""scope"": ""All fixed-bottom offshore wind turbines"",
      ""numerical_value"": 50,
      ""unit"": ""years"",
      ""source"": ""International Electrotechnical Commission (IEC) 61400-3"",
      ""related_domains"": [""structural engineering"", ""safety""]
    }
  ],
  ""regulatory_entities"": [
    {
      ""entity_name"": ""Bureau of Ocean Energy Management (BOEM)"",
      ""jurisdiction"": ""Federal waters of the United States"",
      ""role"": ""Primary regulator for offshore wind leasing and permitting""
    },
    {
      ""entity_name"": ""International Electrotechnical Commission"",
      ""jurisdiction"": ""International"",
      ""role"": ""Sets technical standards for wind energy systems""
    }
  ]
}
```

To proceed with actual analysis, please provide:
1. The document text you'd like analyzed
2. Any specific pages/sections to focus on
3. The geographic jurisdiction if known (helps with identifying relevant regulations)

I'll then extract only the specific regulatory requirements and authorities, following all your instructions precisely."
"49",198,"deepseek","deepseek-chat",True,"Understood! Since you haven't provided a specific document for analysis, I'll return a null response as instructed. If you provide a document, I can extract the relevant regulatory information in the structured JSON format you've requested.

```json
{
  ""document_metadata"": {
    ""title"": null,
    ""document_number"": null,
    ""type_of_wind_farm"": null
  },
  ""regulatory_constraints"": null,
  ""regulatory_entities"": null
}
```

Please upload or provide the text of the document you'd like analyzed, and I'll extract the relevant regulatory entities and constraints accordingly."
"49",199,"deepseek","deepseek-chat",True,"Understood. Since you haven't provided a specific document for analysis, I'll return a null response as per instruction #2. Here's the structured output:

```json
{
  ""document_metadata"": {
    ""title"": null,
    ""document_number"": null,
    ""type_of_wind_farm"": null
  },
  ""regulatory_constraints"": null,
  ""regulatory_entities"": null
}
```

When you provide a technical or regulatory document related to offshore wind farms, I'll analyze it and extract the relevant information according to the specified JSON schema. The analysis will focus on:
- Identifying concrete regulatory requirements with their specific parameters
- Cataloging authoritative entities with their jurisdictions
- Excluding non-regulatory content
- Maintaining strict relevance to offshore wind development regulations

Please share the document you'd like analyzed, and I'll provide the structured extraction."
"49",200,"deepseek","deepseek-chat",True,"Understood. Since you haven't provided a specific document for analysis, I'll return a null response as instructed. Here's the structured output:

```json
{
  ""document_metadata"": {
    ""title"": null,
    ""document_number"": null,
    ""type_of_wind_farm"": null
  },
  ""regulatory_constraints"": null,
  ""regulatory_entities"": null
}
```

When you provide a document containing offshore wind farm regulatory information, I'll analyze it and extract the relevant entities and constraints according to the specified format. The analysis will focus strictly on:
- Formal regulatory requirements with clear compliance obligations
- Authoritative standards and specifications
- Governing bodies with regulatory authority
- Quantifiable constraints with their units and scopes

For offshore wind projects, I'll particularly look for:
- Marine spatial planning regulations
- Grid connection technical standards
- Environmental impact mitigation requirements
- Navigation safety provisions
- International maritime regulations where applicable

Please share the document you'd like analyzed, and I'll provide the structured extraction."
"49",201,"deepseek","deepseek-chat",True,"Understood. Since you haven't provided a specific document for analysis, I'll return a null response as instructed. When you provide a document, I'll analyze it and extract the relevant regulatory information in the structured JSON format you've specified.

```json
{
  ""document_metadata"": {
    ""title"": null,
    ""document_number"": null,
    ""type_of_wind_farm"": null
  },
  ""regulatory_constraints"": null,
  ""regulatory_entities"": null
}
```

Please provide the document you'd like analyzed, and I'll extract the relevant regulatory information according to your specifications. For offshore wind farm documents, I'll focus on:
- International maritime regulations
- National offshore energy authorities
- Technical standards for marine structures
- Environmental protections for marine ecosystems
- Safety requirements for offshore operations

I won't include any onshore zoning or land-use regulations unless specifically relevant to offshore support infrastructure."
"49",202,"deepseek","deepseek-chat",True,"Understood. Since you haven't provided a specific document for analysis, I'll return a null response as instructed. Here's the structured output:

```json
{
  ""document_metadata"": {
    ""title"": null,
    ""document_number"": null,
    ""type_of_wind_farm"": null
  },
  ""regulatory_constraints"": null,
  ""regulatory_entities"": null
}
```

When you provide a technical or regulatory document related to offshore wind farms, I'll analyze it and extract the relevant regulatory entities and constraints according to the specified JSON structure. The analysis will focus exclusively on:
1) Clear regulatory requirements with specific rules or standards
2) Authoritative entities with jurisdiction over wind farm operations
3) Technical specifications that constitute binding requirements

Would you like to provide a document for analysis now?"
"49",203,"deepseek","deepseek-chat",True,"Understood! Please provide the technical document or text you'd like me to analyze, and I will extract the relevant regulatory entities and constraints in the specified JSON format.  

If you don't have a document ready, here’s an example of how the output would look based on a hypothetical offshore wind farm regulation:  

```json
{
  ""document_metadata"": {
    ""title"": ""Example Offshore Wind Farm Regulations"",
    ""document_number"": ""EWF-2023-001"",
    ""type_of_wind_farm"": ""Offshore""
  },
  ""regulatory_constraints"": [
    {
      ""type"": ""Environmental"",
      ""requirement"": ""Turbines must maintain a minimum clearance of 500 meters from migratory bird pathways."",
      ""scope"": ""North Sea offshore wind farms"",
      ""numerical_value"": ""500"",
      ""unit"": ""meters"",
      ""source"": ""EU Marine Strategy Framework Directive"",
      ""related_domains"": [""wildlife protection"", ""construction planning""]
    },
    {
      ""type"": ""Technical"",
      ""requirement"": ""Substation foundations must comply with ISO 19902 for offshore structures."",
      ""scope"": ""All offshore wind projects"",
      ""numerical_value"": null,
      ""unit"": null,
      ""source"": ""International Organization for Standardization (ISO)"",
      ""related_domains"": [""structural engineering"", ""safety""]
    }
  ],
  ""regulatory_entities"": [
    {
      ""entity_name"": ""Bureau of Ocean Energy Management (BOEM)"",
      ""jurisdiction"": ""Federal (U.S. Outer Continental Shelf)"",
      ""role"": ""Leasing and permitting authority for offshore wind projects""
    },
    {
      ""entity_name"": ""European Maritime Safety Agency (EMSA)"",
      ""jurisdiction"": ""International (EU waters)"",
      ""role"": ""Monitoring and enforcement of maritime safety regulations""
    }
  ]
}
```

If you provide the actual document, I will extract **only** the regulatory data and omit any non-relevant content. Let me know how you'd like to proceed!"
"49",204,"deepseek","deepseek-chat",True,"Understood. Since I don't have access to a specific document to analyze, I'll provide an example output based on a hypothetical offshore wind farm regulatory document. When you provide an actual document, I'll analyze it and extract the relevant information strictly according to your requested JSON format.

Example output for a hypothetical document:

```json
{
  ""document_metadata"": {
    ""title"": ""North Sea Offshore Wind Development Regulations 2023"",
    ""document_number"": ""NSOWDR-2023-0042"",
    ""type_of_wind_farm"": ""Offshore""
  },
  ""regulatory_constraints"": [
    {
      ""type"": ""Environmental"",
      ""requirement"": ""All turbines must maintain a minimum clearance of 1 km from identified marine mammal migration routes"",
      ""scope"": ""North Sea development zone"",
      ""numerical_value"": ""1"",
      ""unit"": ""km"",
      ""source"": ""North Sea Environmental Protection Agency"",
      ""related_domains"": [""environmental"", ""safety""]
    },
    {
      ""type"": ""Technical"",
      ""requirement"": ""Substation foundations must comply with ISO 19901-4 for offshore structures"",
      ""scope"": ""All offshore substations"",
      ""numerical_value"": null,
      ""unit"": null,
      ""source"": ""International Organization for Standardization"",
      ""related_domains"": [""technical"", ""safety""]
    }
  ],
  ""regulatory_entities"": [
    {
      ""entity_name"": ""North Sea Wind Energy Authority"",
      ""jurisdiction"": ""Regional (North Sea economic zone)"",
      ""role"": ""Primary regulatory body for offshore wind development""
    },
    {
      ""entity_name"": ""International Maritime Organization"",
      ""jurisdiction"": ""International"",
      ""role"": ""Sets navigation safety standards for offshore structures""
    }
  ]
}
```

To get accurate results for your specific documents, please provide:
1. The actual document text you want analyzed
2. Or a clear excerpt containing regulatory information
3. Any specific jurisdictional context (if known)

I'll then process it according to your strict requirements, focusing only on extractable regulatory entities and constraints."
"49",205,"deepseek","deepseek-chat",True,"Understood! Please provide the technical document or text you'd like me to analyze, and I will extract the relevant regulatory entities and constraints in the specified JSON format.  

If you don't provide a document, I will return the following default response:  

```json
{
  ""document_metadata"": {
    ""title"": null,
    ""document_number"": null,
    ""type_of_wind_farm"": null
  },
  ""regulatory_constraints"": null,
  ""regulatory_entities"": null
}
```

Otherwise, I will parse the document and return structured regulatory data following your guidelines. Let me know how you'd like to proceed!"
"49",206,"deepseek","deepseek-chat",True,"Understood. Since you haven't provided a specific document for analysis, I'll return a null response as instructed. Here's the structured output:

```json
{
  ""document_metadata"": {
    ""title"": null,
    ""document_number"": null,
    ""type_of_wind_farm"": null
  },
  ""regulatory_constraints"": null,
  ""regulatory_entities"": null
}
```

When you provide a document containing offshore wind farm regulatory information, I'll analyze it and extract the relevant entities and constraints according to the specified JSON structure. The analysis will focus exclusively on:
- Formal regulatory requirements (not guidelines or recommendations)
- Specific technical/environmental/safety standards
- Authoritative regulatory bodies and their jurisdictions
- Numerical constraints with their units when present

Please share the document you'd like analyzed, and I'll provide the structured extraction."
"49",207,"deepseek","deepseek-chat",True,"Understood. Since you haven't provided a specific document for analysis, I'll return a null response as instructed. Here's the structured output:

```json
{
  ""document_metadata"": {
    ""title"": null,
    ""document_number"": null,
    ""type_of_wind_farm"": null
  },
  ""regulatory_constraints"": null,
  ""regulatory_entities"": null
}
```

When you provide a document containing offshore wind farm regulatory information, I'll analyze it and extract the relevant entities and constraints according to the specified JSON structure. The analysis will include:

1. Identifying all regulatory bodies with authority over wind farms
2. Extracting specific technical, environmental, or safety requirements
3. Capturing numerical standards when present (e.g., clearance requirements, noise limits)
4. Documenting jurisdictional boundaries and enforcement roles

Please share the document you'd like analyzed, and I'll provide the complete structured extraction."
"49",208,"deepseek","deepseek-chat",True,"Understood. Since you haven't provided a specific document for analysis, I'll return a null response as instructed. Here's the structured output:

```json
{
  ""document_metadata"": {
    ""title"": null,
    ""document_number"": null,
    ""type_of_wind_farm"": null
  },
  ""regulatory_constraints"": null,
  ""regulatory_entities"": null
}
```

When you provide a document or text excerpt containing offshore wind farm regulatory information, I'll analyze it and extract the relevant entities and constraints according to the specified schema. The analysis will focus strictly on:
- Formal regulatory requirements with clear compliance obligations
- Authoritative bodies with regulatory jurisdiction
- Technical/environmental standards with measurable criteria

Would you like to provide a document or text for analysis now?"
"49",209,"deepseek","deepseek-chat",True,"Understood. Since you haven't provided a specific document for analysis, I'll return a null response as instructed. Here's the structured output:

```json
{
  ""document_metadata"": {
    ""title"": null,
    ""document_number"": null,
    ""type_of_wind_farm"": null
  },
  ""regulatory_constraints"": null,
  ""regulatory_entities"": null
}
```

When you provide a technical or regulatory document related to offshore wind farms, I'll analyze it and extract the relevant regulatory entities and constraints according to the specified JSON structure. The analysis will focus strictly on:
- Formal regulatory requirements
- Governing bodies with enforcement authority
- Technical/environmental standards with measurable criteria
- Jurisdictional boundaries affecting development

Please share the document you'd like analyzed, and I'll provide the structured extraction."
"49",210,"deepseek","deepseek-chat",True,"Understood. Since you haven't provided a specific document for analysis, I'll return a null response as per instruction #2. Here's the structured output:

```json
{
  ""document_metadata"": {
    ""title"": null,
    ""document_number"": null,
    ""type_of_wind_farm"": null
  },
  ""regulatory_constraints"": null,
  ""regulatory_entities"": null
}
```

When you provide a technical or regulatory document related to offshore wind farms, I'll analyze it and extract the relevant regulatory entities and constraints according to the specified JSON structure. The analysis will focus exclusively on:
- Formal regulatory requirements
- Authoritative standards
- Governing bodies with regulatory authority
- Quantifiable constraints with clear units
- Jurisdictional boundaries

Would you like to provide a document for analysis now?"
"49",211,"deepseek","deepseek-chat",True,"Understood. Since you haven't provided a specific document for analysis, I'll return a null response as instructed. When you provide a document, I'll extract the relevant regulatory information according to the specified JSON schema.

```json
{
  ""document_metadata"": {
    ""title"": null,
    ""document_number"": null,
    ""type_of_wind_farm"": null
  },
  ""regulatory_constraints"": null,
  ""regulatory_entities"": null
}
```

Please provide the document you'd like analyzed, and I'll extract the relevant regulatory information according to your specifications. For offshore wind farm documents, I'll focus on:
- International/national maritime regulations
- Technical standards for offshore structures
- Environmental impact requirements
- Safety protocols for marine operations
- Grid connection specifications

I will exclude any onshore zoning ordinances or unrelated content."
"49",212,"deepseek","deepseek-chat",True,"Understood. Since you haven't provided a specific document for analysis, I'll return a null response as per instruction #2. Here's the structured output:

```json
{
  ""document_metadata"": {
    ""title"": null,
    ""document_number"": null,
    ""type_of_wind_farm"": null
  },
  ""regulatory_constraints"": null,
  ""regulatory_entities"": null
}
```

When you provide a technical document related to offshore wind farm regulations, I'll analyze it and extract the relevant regulatory entities and constraints according to the specified JSON structure. The analysis will focus on:
- Clear regulatory requirements with measurable standards
- Authoritative bodies with jurisdiction over wind farm development
- Specific technical, environmental, or safety standards
- International/national standards (e.g., IEC, ISO) when referenced as requirements

Please share the document you'd like analyzed, and I'll provide the structured extraction."
"49",213,"deepseek","deepseek-chat",True,"Understood. Since you haven't provided a specific document for analysis, I'll return a null response as instructed. Here's the structured output:

```json
{
  ""document_metadata"": {
    ""title"": null,
    ""document_number"": null,
    ""type_of_wind_farm"": null
  },
  ""regulatory_constraints"": null,
  ""regulatory_entities"": null
}
```

When you provide a document, I'll analyze it and extract the relevant regulatory information according to the specified format. The analysis will focus strictly on:
1. Concrete regulatory requirements with clear constraints
2. Authoritative regulatory bodies
3. Specific standards applicable to offshore wind farm development

Please share the document you'd like analyzed, and I'll provide the structured extraction."
"49",214,"deepseek","deepseek-chat",True,"Understood. Since you haven't provided a specific document for analysis, I'll return a null response as instructed. Here's the structured output:

```json
{
  ""document_metadata"": {
    ""title"": null,
    ""document_number"": null,
    ""type_of_wind_farm"": null
  },
  ""regulatory_constraints"": null,
  ""regulatory_entities"": null
}
```

When you provide a document for analysis, I will:
1. Carefully extract only specific regulatory requirements
2. Identify authoritative entities
3. Structure the information according to the specified JSON format
4. Exclude non-regulatory content and onshore zoning ordinances
5. Include relevant technical standards

Please share the document you'd like analyzed, and I'll provide a comprehensive regulatory extraction."
"49",215,"deepseek","deepseek-chat",True,"Understood! Please provide the technical document or text you'd like me to analyze, and I will extract the relevant regulatory entities and constraints in the specified JSON format.  

If you don't have a document ready, here’s an example of how the output would look for a hypothetical offshore wind farm regulation:  

```json
{
  ""document_metadata"": {
    ""title"": ""Example Offshore Wind Farm Regulations"",
    ""document_number"": ""EWF-2023-001"",
    ""type_of_wind_farm"": ""Offshore""
  },
  ""regulatory_constraints"": [
    {
      ""type"": ""Environmental"",
      ""requirement"": ""All turbines must maintain a minimum clearance of 500 meters from marine protected areas."",
      ""scope"": ""North Sea offshore wind projects"",
      ""numerical_value"": 500,
      ""unit"": ""meters"",
      ""source"": ""Marine Spatial Planning Directive 2023"",
      ""related_domains"": [""environmental"", ""siting""]
    },
    {
      ""type"": ""Technical"",
      ""requirement"": ""Substation foundations must comply with ISO 19902 for fixed steel offshore structures."",
      ""scope"": ""Global offshore wind installations"",
      ""numerical_value"": null,
      ""unit"": null,
      ""source"": ""ISO 19902"",
      ""related_domains"": [""structural engineering"", ""safety""]
    }
  ],
  ""regulatory_entities"": [
    {
      ""entity_name"": ""Bureau of Ocean Energy Management (BOEM)"",
      ""jurisdiction"": ""Federal (U.S. Outer Continental Shelf)"",
      ""role"": ""Leasing and permitting authority for offshore wind projects""
    },
    {
      ""entity_name"": ""International Electrotechnical Commission (IEC)"",
      ""jurisdiction"": ""International"",
      ""role"": ""Sets technical standards for wind turbine design (e.g., IEC 61400 series)""
    }
  ]
}
```

**Next Steps:**  
- Share the document/text you'd like analyzed.  
- Specify if you need adjustments to the output structure (e.g., additional fields).  
- Clarify whether the focus is on a specific region (e.g., U.S., EU, global).  

I’ll ensure the output adheres strictly to regulatory and technical requirements."
"49",216,"deepseek","deepseek-chat",True,"Understood. Since you haven't provided a specific document for analysis, I'll demonstrate the output format with a null response. When you provide a document, I'll extract and structure the relevant regulatory information accordingly.

```json
{
  ""document_metadata"": {
    ""title"": null,
    ""document_number"": null,
    ""type_of_wind_farm"": null
  },
  ""regulatory_constraints"": null,
  ""regulatory_entities"": null
}
```

To proceed with actual analysis, please provide:
1. The document text or relevant excerpts
2. Any available metadata (title, document number, etc.)
3. Confirmation whether it concerns offshore or onshore wind farms

I'll then extract all qualifying regulatory information according to the specified schema, filtering out non-regulatory content and focusing exclusively on actionable requirements and authoritative entities."
"49",217,"deepseek","deepseek-chat",True,"Understood. Since you haven't provided a specific document for analysis, I'll return a null response as instructed. Here's the structured output:

```json
{
  ""document_metadata"": {
    ""title"": null,
    ""document_number"": null,
    ""type_of_wind_farm"": null
  },
  ""regulatory_constraints"": null,
  ""regulatory_entities"": null
}
```

When you provide a document containing offshore wind farm regulatory information, I'll analyze it and extract the relevant entities and constraints according to the specified schema. The output will include only direct regulatory requirements from authoritative sources, with proper categorization of constraint types (spatial, technical, environmental, etc.) and clear identification of regulatory bodies with their jurisdictions.

Would you like to provide a document for analysis now?"
"49",218,"deepseek","deepseek-chat",True,"Understood. Since you haven't provided a specific document for analysis, I'll return a null response as instructed. When you provide a document, I'll analyze it and extract the relevant regulatory information in the specified JSON format.

```json
{
  ""document_metadata"": {
    ""title"": null,
    ""document_number"": null,
    ""type_of_wind_farm"": null
  },
  ""regulatory_constraints"": null,
  ""regulatory_entities"": null
}
```

Please provide the technical document you'd like analyzed, and I'll extract the relevant regulatory information according to your specifications. For offshore wind farm documents, I'll focus on:
- International maritime regulations
- Federal/state environmental and safety requirements
- Technical standards for offshore structures
- Grid connection specifications
- Navigation safety rules

I won't include any zoning ordinances or non-regulatory descriptive content."
"49",219,"deepseek","deepseek-chat",True,"Understood. Since you haven't provided a specific document for analysis, I'll return a null response as instructed. Here's the structured output:

```json
{
  ""document_metadata"": {
    ""title"": null,
    ""document_number"": null,
    ""type_of_wind_farm"": null
  },
  ""regulatory_constraints"": null,
  ""regulatory_entities"": null
}
```

When you provide a document, I'll analyze it and extract the relevant regulatory information according to the specified format. The analysis will focus exclusively on:
1. Concrete regulatory requirements (not general descriptions)
2. Official standards and specifications
3. Clear jurisdictional authorities
4. Numerical constraints where specified

For offshore wind projects, I'll particularly look for:
- Marine spatial planning constraints
- Navigational safety requirements
- Grid connection standards
- Environmental impact mitigation measures
- International maritime regulations

Would you like to provide a document for analysis now?"
"49",220,"deepseek","deepseek-chat",True,"Understood. Since you haven't provided a specific document for analysis, I'll return a null response as per instruction #2. Here's the structured output:

```json
{
  ""document_metadata"": {
    ""title"": null,
    ""document_number"": null,
    ""type_of_wind_farm"": null
  },
  ""regulatory_constraints"": null,
  ""regulatory_entities"": null
}
```

When you provide a technical or regulatory document related to offshore wind farms, I'll analyze it and extract the relevant regulatory entities and constraints according to the specified JSON structure. The analysis will focus specifically on:
- Formal requirements with measurable standards
- Authoritative regulatory bodies
- Technical/environmental/safety specifications
- Jurisdictional boundaries
- Industry standards (e.g., IEC, ISO, DNV)

Please share the document you'd like analyzed and I'll provide the structured extraction."
"49",221,"deepseek","deepseek-chat",True,"Understood. Since you haven't provided a specific document for analysis, I'll return a null response as instructed. When you provide a document, I'll analyze it and extract the relevant regulatory information in the structured JSON format you've specified.

```json
{
  ""document_metadata"": {
    ""title"": null,
    ""document_number"": null,
    ""type_of_wind_farm"": null
  },
  ""regulatory_constraints"": null,
  ""regulatory_entities"": null
}
```

Please provide the document you'd like analyzed, and I'll extract the relevant regulatory information according to your specifications. For offshore wind farm documents, I'll focus on:
- International maritime regulations
- Federal/state environmental and safety requirements
- Technical standards for offshore structures
- Marine spatial planning constraints
- Grid connection specifications

I will exclude any onshore zoning ordinances or irrelevant content."
"49",222,"deepseek","deepseek-chat",True,"Understood! Please provide the technical document or text you'd like me to analyze, and I will extract the relevant regulatory entities and constraints in the specified JSON format.  

If no document is provided, here’s an example of the output structure with null values (per your instructions):  

```json
{
  ""document_metadata"": {
    ""title"": null,
    ""document_number"": null,
    ""type_of_wind_farm"": null
  },
  ""regulatory_constraints"": null,
  ""regulatory_entities"": null
}
```

When you share the document, I will:  
1. Filter for **only binding regulations or standards** (no recommendations or guidelines without enforceability).  
2. Exclude non-offshore zoning rules.  
3. Include technical standards (e.g., IEC 61400-3 for offshore turbines).  
4. Structure the output per your JSON schema.  

Let me know how you'd like to proceed!"
"49",223,"deepseek","deepseek-chat",True,"Understood. Since you haven't provided a specific document for analysis, I'll return a null response as instructed. Here's the structured output:

```json
{
  ""document_metadata"": {
    ""title"": null,
    ""document_number"": null,
    ""type_of_wind_farm"": null
  },
  ""regulatory_constraints"": null,
  ""regulatory_entities"": null
}
```

When you provide a document, I'll analyze it and extract:
1. All specific regulatory requirements with their parameters
2. All authoritative entities mentioned
3. The exact context of each requirement (scope, units, sources)
4. Only concrete rules (not guidance or recommendations)
5. Proper classification of constraint types

For offshore wind documents, I'll particularly focus on:
- Marine spatial planning constraints
- Grid connection technical standards
- Environmental impact thresholds
- Safety zones around installations
- International maritime regulations

Please share the document you'd like analyzed, and I'll provide the complete structured extraction."
"49",224,"deepseek","deepseek-chat",True,"Understood. Since you haven't provided a specific document for analysis, I'll return a null response as instructed. Here's the structured output:

```json
{
  ""document_metadata"": {
    ""title"": null,
    ""document_number"": null,
    ""type_of_wind_farm"": null
  },
  ""regulatory_constraints"": null,
  ""regulatory_entities"": null
}
```

When you provide a specific technical or regulatory document related to offshore wind farms, I'll analyze it and extract the relevant regulatory entities and constraints according to the specified JSON format. The analysis will focus exclusively on:
1) Clear regulatory requirements with specific rules or numerical standards
2) Official regulatory bodies with authority over wind farm development
3) Only information directly governing offshore wind farm planning, construction, or operation

Please share the document you'd like analyzed, and I'll provide the structured extraction."
"49",225,"deepseek","deepseek-chat",True,"Understood. Since you haven't provided a specific document for analysis, I'll return a null response as instructed. Here's the structured output:

```json
{
  ""document_metadata"": {
    ""title"": null,
    ""document_number"": null,
    ""type_of_wind_farm"": null
  },
  ""regulatory_constraints"": null,
  ""regulatory_entities"": null
}
```

When you provide a document containing offshore wind farm regulatory information, I'll extract and structure the relevant entities and constraints according to the specified format. Please share the document you'd like analyzed."
"49",226,"deepseek","deepseek-chat",True,"Understood! Please provide the technical document you'd like me to analyze, and I will extract the relevant regulatory entities and constraints in the specified JSON format.  

If no document is provided, here’s an example of the output structure with null values (as per instruction #2):  

```json
{
  ""document_metadata"": {
    ""title"": null,
    ""document_number"": null,
    ""type_of_wind_farm"": null
  },
  ""regulatory_constraints"": null,
  ""regulatory_entities"": null
}
```

Once you share the document text, I will parse it and return structured regulatory data, filtering out non-regulatory content and adhering to your guidelines (e.g., excluding zoning ordinances for offshore projects, including standards like ISO, etc.).  

Let me know how you'd like to proceed!"
"49",227,"deepseek","deepseek-chat",True,"Understood. I'll analyze any technical document you provide related to offshore wind farm planning, construction, or operation, and extract structured regulatory information in the specified JSON format. 

Since you haven't provided a specific document for analysis yet, here's a template response showing how I would structure the output when given a document:

```json
{
  ""document_metadata"": {
    ""title"": ""Example Offshore Wind Farm Development Guidelines"",
    ""document_number"": ""OWF-REG-2023-001"",
    ""type_of_wind_farm"": ""Offshore""
  },
  ""regulatory_constraints"": [
    {
      ""type"": ""Environmental"",
      ""requirement"": ""All offshore wind projects must conduct a full environmental impact assessment prior to construction"",
      ""scope"": ""All offshore wind projects in federal waters"",
      ""numerical_value"": null,
      ""unit"": null,
      ""source"": ""Bureau of Ocean Energy Management (BOEM)"",
      ""related_domains"": [""environmental"", ""permitting""]
    },
    {
      ""type"": ""Technical"",
      ""requirement"": ""Wind turbine foundations must be designed to withstand 1-in-50-year extreme wave conditions"",
      ""scope"": ""All fixed-bottom offshore wind turbines in North Atlantic region"",
      ""numerical_value"": 50,
      ""unit"": ""year return period"",
      ""source"": ""International Electrotechnical Commission (IEC) 61400-3"",
      ""related_domains"": [""structural engineering"", ""safety""]
    }
  ],
  ""regulatory_entities"": [
    {
      ""entity_name"": ""Bureau of Ocean Energy Management (BOEM)"",
      ""jurisdiction"": ""Federal waters of the United States"",
      ""role"": ""Leasing and permitting authority for offshore wind projects""
    },
    {
      ""entity_name"": ""International Electrotechnical Commission"",
      ""jurisdiction"": ""International"",
      ""role"": ""Sets technical standards for electrical equipment including wind turbines""
    }
  ]
}
```

When you provide an actual document, I will:
1. Carefully analyze only the regulatory content
2. Exclude non-regulatory descriptive text
3. Strictly follow the JSON schema
4. Include all relevant numerical parameters with units
5. Identify both regulatory bodies and specific constraints

Please share the document you'd like me to analyze, and I'll provide the structured extraction."
"49",228,"deepseek","deepseek-chat",True,"Understood. Since you haven't provided a specific document for analysis, I'll return a null response as instructed. When you provide a document, I'll analyze it and extract the relevant regulatory information in the specified JSON format.

```json
{
  ""document_metadata"": {
    ""title"": null,
    ""document_number"": null,
    ""type_of_wind_farm"": null
  },
  ""regulatory_constraints"": null,
  ""regulatory_entities"": null
}
```

Please provide the document you'd like analyzed, and I'll extract the relevant regulatory information according to your specifications. For offshore wind farm documents, I'll focus on:
- International maritime regulations
- Environmental impact assessments
- Technical standards for offshore structures
- Safety requirements for marine operations
- Grid connection specifications

I will exclude any onshore zoning ordinances or irrelevant content."
"49",229,"deepseek","deepseek-chat",True,"Understood. Since you haven't provided a specific document for analysis, I'll return a null response as per instruction #2. When you provide a document, I'll extract the relevant regulatory information in the specified JSON format.

```json
{
  ""document_metadata"": {
    ""title"": null,
    ""document_number"": null,
    ""type_of_wind_farm"": null
  },
  ""regulatory_constraints"": null,
  ""regulatory_entities"": null
}
```

Please provide the technical or regulatory document you'd like analyzed, and I'll extract the relevant information according to the given schema. For offshore wind farm documents, I'll focus particularly on:
- International maritime regulations
- Grid connection standards
- Environmental impact assessments
- Safety zones around installations
- Technical specifications for offshore structures

I'll exclude any onshore zoning information as per instruction #3."
"49",230,"deepseek","deepseek-chat",True,"Understood. Since you haven't provided a specific document for analysis, I'll return a null response as instructed. Here's the structured output:

```json
{
  ""document_metadata"": {
    ""title"": null,
    ""document_number"": null,
    ""type_of_wind_farm"": null
  },
  ""regulatory_constraints"": null,
  ""regulatory_entities"": null
}
```

When you provide a document containing offshore wind farm regulatory or technical information, I'll analyze it and extract the relevant entities and constraints according to the specified schema. The output will include only concrete regulatory requirements and authoritative entities, with proper categorization of constraint types (spatial, technical, environmental, etc.) and clear sourcing of all requirements.

Would you like to provide a document for analysis now?"
"49",231,"deepseek","deepseek-chat",True,"Understood. Since you haven't provided a specific document for analysis, I'll return a null response as instructed. Here's the structured output:

```json
{
  ""document_metadata"": {
    ""title"": null,
    ""document_number"": null,
    ""type_of_wind_farm"": null
  },
  ""regulatory_constraints"": null,
  ""regulatory_entities"": null
}
```

When you provide a document, I'll analyze it and extract the relevant regulatory information according to the specified format, focusing on:
- Clear regulatory requirements with exact quotes or precise paraphrases
- Numerical constraints with units where applicable
- Authoritative sources for each constraint
- Proper classification of constraint types
- Verified regulatory entities with their jurisdictions and roles

Please share the document you'd like analyzed, and I'll provide a comprehensive extraction of the regulatory information."
"49",232,"deepseek","deepseek-chat",True,"Understood. Since you haven't provided a specific document for analysis, I'll return a null response as instructed. Here's the structured output:

```json
{
  ""document_metadata"": {
    ""title"": null,
    ""document_number"": null,
    ""type_of_wind_farm"": null
  },
  ""regulatory_constraints"": null,
  ""regulatory_entities"": null
}
```

When you provide a document, I'll analyze it and extract:
1. Specific regulatory constraints with their exact requirements, scope, and numerical values where applicable
2. All relevant regulatory entities with their jurisdictions and roles
3. Document metadata including whether it applies to offshore or onshore wind farms

The output will strictly follow your requested JSON schema and only include direct regulatory information. Would you like to provide a document for analysis now?"
"49",233,"deepseek","deepseek-chat",True,"Understood. I'll analyze any document you provide and extract structured regulatory information according to the specified JSON format. 

Since you haven't provided a specific document for analysis, here's an empty template showing how I would structure the output when processing a real document:

```json
{
  ""document_metadata"": {
    ""title"": null,
    ""document_number"": null,
    ""type_of_wind_farm"": null
  },
  ""regulatory_constraints"": [],
  ""regulatory_entities"": []
}
```

To proceed with actual data extraction:
1. Please provide the document text you'd like analyzed
2. Specify if it's for an offshore or onshore wind farm (if not clear from the document)
3. Highlight any particular sections of interest

I'll then extract only the specific regulatory requirements and entities, following all the instructions provided (ignoring descriptive content, excluding zoning ordinances for offshore projects, including standards specifications, etc.). 

Would you like to upload a document for analysis?"
"49",234,"deepseek","deepseek-chat",True,"Understood! Since you haven't provided a specific document for analysis, I'll return a null response as per your instructions. If you share a document, I can extract the relevant regulatory information in the structured JSON format you've defined.  

Here’s the structured output for a null case:  

```json
{
  ""document_metadata"": {
    ""title"": null,
    ""document_number"": null,
    ""type_of_wind_farm"": null
  },
  ""regulatory_constraints"": null,
  ""regulatory_entities"": null
}
```

When you provide a document, I will:  
- Extract **regulatory constraints** (spatial, technical, environmental, jurisdictional, or safety) with exact requirements, scope, numerical values (if applicable), and sources.  
- Identify **regulatory entities** (authorities, standards bodies, or enforcement agencies) with their jurisdiction and role.  

Let me know when you have a document ready for analysis!"
"49",235,"deepseek","deepseek-chat",True,"Understood. Since you haven't provided a specific document for analysis, I'll return a null response as instructed. When you provide a document, I'll analyze it and extract the relevant regulatory entities and constraints in the specified JSON format.

```json
{
  ""document_metadata"": {
    ""title"": null,
    ""document_number"": null,
    ""type_of_wind_farm"": null
  },
  ""regulatory_constraints"": null,
  ""regulatory_entities"": null
}
```

Please provide the document you'd like analyzed, and I'll extract the relevant regulatory information according to your specifications. For offshore wind projects, I'll focus on maritime regulations, environmental protections, technical standards, and safety requirements while excluding zoning ordinances."
"49",236,"deepseek","deepseek-chat",True,"Understood. Since you haven't provided a specific document for analysis, I'll return a null response as instructed. Here's the structured output:

```json
{
  ""document_metadata"": {
    ""title"": null,
    ""document_number"": null,
    ""type_of_wind_farm"": null
  },
  ""regulatory_constraints"": null,
  ""regulatory_entities"": null
}
```

When you provide a specific technical or regulatory document related to offshore wind farms, I'll analyze it and extract the relevant regulatory entities and constraints according to the specified JSON structure. The analysis will focus on:
- Identifying authoritative regulatory bodies
- Extracting specific technical, environmental, or safety requirements
- Capturing numerical standards and their units where applicable
- Documenting jurisdictional boundaries and enforcement roles

Please share the document you'd like analyzed, and I'll provide the structured extraction."
"49",237,"deepseek","deepseek-chat",True,"Understood! Since you haven't provided a specific document for analysis, I'll return a null response as instructed. If you provide a document, I can extract the relevant regulatory and technical information in the structured JSON format you've requested.  

```json
{
  ""document_metadata"": {
    ""title"": null,
    ""document_number"": null,
    ""type_of_wind_farm"": null
  },
  ""regulatory_constraints"": null,
  ""regulatory_entities"": null
}
```

Please upload or provide the text of the document you'd like analyzed, and I'll extract the relevant regulatory entities and constraints accordingly."
"49",238,"deepseek","deepseek-chat",True,"Understood. Since you haven't provided a specific document for analysis, I'll return a null output as instructed. When you provide a document, I'll extract the relevant regulatory information according to the specified JSON schema.

```json
{
  ""document_metadata"": {
    ""title"": null,
    ""document_number"": null,
    ""type_of_wind_farm"": null
  },
  ""regulatory_constraints"": null,
  ""regulatory_entities"": null
}
```

Please provide the technical or regulatory document you'd like analyzed, and I'll extract the relevant entities and constraints according to the given schema. For offshore wind farm documents, I'll focus on maritime regulations, environmental protections, technical standards, and safety requirements while excluding zoning ordinances."
"49",239,"deepseek","deepseek-chat",True,"Understood. Since you haven't provided a specific document for analysis, I'll return a null response as instructed. Here's the structured output:

```json
{
  ""document_metadata"": {
    ""title"": null,
    ""document_number"": null,
    ""type_of_wind_farm"": null
  },
  ""regulatory_constraints"": null,
  ""regulatory_entities"": null
}
```

When you provide a document, I'll analyze it and extract:
1. Any regulatory constraints with their specific requirements, values, and sources
2. All relevant regulatory entities with their jurisdictions and roles
3. Document metadata including whether it applies to offshore or onshore wind farms

The output will strictly follow your specified JSON schema and exclude any non-regulatory content. Would you like to provide a document for analysis now?"
"49",240,"deepseek","deepseek-chat",True,"Understood! Since you haven't provided a specific document for analysis, I'll outline how I would process such a document if provided. Below is an example of how the structured output would look based on a hypothetical offshore wind farm regulatory document.  

### **Example Output (Hypothetical Document Analysis)**  

```json
{
  ""document_metadata"": {
    ""title"": ""Offshore Wind Energy Development Guidelines"",
    ""document_number"": ""OWED-2023-001"",
    ""type_of_wind_farm"": ""Offshore""
  },
  ""regulatory_constraints"": [
    {
      ""type"": ""Spatial"",
      ""requirement"": ""Wind turbines must be spaced at least 1.5 km apart to minimize wake effects."",
      ""scope"": ""North Sea offshore wind farms"",
      ""numerical_value"": ""1.5"",
      ""unit"": ""km"",
      ""source"": ""North Sea Offshore Wind Authority (NSOWA)"",
      ""related_domains"": [""Technical"", ""Efficiency""]
    },
    {
      ""type"": ""Environmental"",
      ""requirement"": ""Underwater noise during pile driving must not exceed 160 dB re 1 µPa at 750 m from the source."",
      ""scope"": ""All European offshore wind projects"",
      ""numerical_value"": ""160"",
      ""unit"": ""dB re 1 µPa"",
      ""source"": ""EU Marine Strategy Framework Directive (MSFD)"",
      ""related_domains"": [""Environmental"", ""Marine Life Protection""]
    },
    {
      ""type"": ""Technical"",
      ""requirement"": ""Turbine foundations must comply with ISO 19902 for fixed steel offshore structures."",
      ""scope"": ""Global offshore wind projects"",
      ""numerical_value"": null,
      ""unit"": null,
      ""source"": ""International Organization for Standardization (ISO)"",
      ""related_domains"": [""Structural Engineering"", ""Safety""]
    }
  ],
  ""regulatory_entities"": [
    {
      ""entity_name"": ""Bureau of Ocean Energy Management (BOEM)"",
      ""jurisdiction"": ""Federal (USA)"",
      ""role"": ""Leasing and permitting authority for offshore wind projects in U.S. federal waters""
    },
    {
      ""entity_name"": ""European Maritime Safety Agency (EMSA)"",
      ""jurisdiction"": ""International (EU)"",
      ""role"": ""Oversight of maritime safety and environmental compliance for offshore wind""
    }
  ]
}
```

### **Notes on Extraction Methodology**  
1. **Regulatory Constraints**  
   - Only explicit rules (e.g., spacing, noise limits, material standards) are extracted.  
   - Standards (e.g., ISO, ASCE) are included even without numerical values.  
   - Descriptive background text is excluded.  

2. **Regulatory Entities**  
   - Only authoritative bodies with direct regulatory roles are included.  
   - Advisory or research organizations are excluded unless they enforce standards.  

3. **Offshore-Specific Filtering**  
   - Onshore zoning laws are ignored.  
   - Only marine environmental and technical regulations apply.  

If you provide an actual document, I can extract the relevant data precisely following these rules. Let me know how you'd like to proceed!"
"49",241,"deepseek","deepseek-chat",True,"Understood! Since you haven't provided a specific document for analysis, I'll return a null response as per your instructions. If you provide a document, I can extract the relevant regulatory information and structure it accordingly.  

Here’s the structured output for a null case:  

```json
{
  ""document_metadata"": {
    ""title"": null,
    ""document_number"": null,
    ""type_of_wind_farm"": null
  },
  ""regulatory_constraints"": null,
  ""regulatory_entities"": null
}
```

If you share a document (e.g., a PDF, regulatory text, or technical standard), I can analyze it and extract structured regulatory information as specified. Let me know how you'd like to proceed!"
"49",242,"deepseek","deepseek-chat",True,"Understood. Since you haven't provided a specific document for analysis, I'll return a null response as instructed. When you provide a technical or regulatory document related to offshore wind farms, I'll extract the relevant information and structure it according to the requested JSON format.

```json
{
  ""document_metadata"": {
    ""title"": null,
    ""document_number"": null,
    ""type_of_wind_farm"": null
  },
  ""regulatory_constraints"": null,
  ""regulatory_entities"": null
}
```

Please share the document you'd like analyzed, and I'll extract the regulatory entities and constraints according to the specified schema. For offshore wind farms, I'll focus on maritime regulations, environmental protections, technical standards, and safety requirements while excluding any irrelevant zoning information."
"49",243,"deepseek","deepseek-chat",True,"Understood. Since you haven't provided a specific document for analysis, I'll return a null response as instructed. Here's the structured output:

```json
{
  ""document_metadata"": {
    ""title"": null,
    ""document_number"": null,
    ""type_of_wind_farm"": null
  },
  ""regulatory_constraints"": null,
  ""regulatory_entities"": null
}
```

When you provide a document containing offshore wind farm regulatory information, I'll analyze it and extract the relevant entities and constraints according to the specified schema. Please share the document text you'd like analyzed, and I'll return a properly structured response with all available regulatory information."
"49",244,"deepseek","deepseek-chat",True,"Understood. Since you haven't provided a specific document for analysis, I'll return a null response as instructed. When you provide a document, I'll extract the relevant regulatory information in the specified JSON format.

```json
{
  ""document_metadata"": {
    ""title"": null,
    ""document_number"": null,
    ""type_of_wind_farm"": null
  },
  ""regulatory_constraints"": null,
  ""regulatory_entities"": null
}
```

Please provide the technical or regulatory document you'd like analyzed, and I'll extract the relevant information according to the specified schema. For offshore wind farm documents, I'll focus on:
- International maritime regulations
- National offshore energy authorities
- Technical standards for marine structures
- Environmental protections for marine ecosystems
- Safety requirements for offshore operations

I'll exclude any onshore zoning information and only include specific, enforceable requirements."
"49",245,"deepseek","deepseek-chat",True,"Understood. Since you haven't provided a specific document for analysis, I'll return a null response as instructed. When you provide a document, I'll analyze it and extract the relevant regulatory information in the specified JSON format.

```json
{
  ""document_metadata"": {
    ""title"": null,
    ""document_number"": null,
    ""type_of_wind_farm"": null
  },
  ""regulatory_constraints"": null,
  ""regulatory_entities"": null
}
```

Please provide the technical or regulatory document you'd like analyzed, and I'll extract the relevant information according to the given schema. For offshore wind farm documents, I'll focus on the key regulatory constraints and entities while excluding any irrelevant information like zoning ordinances or non-binding descriptive content."
"49",246,"deepseek","deepseek-chat",True,"Understood. Since you haven't provided a specific document for analysis, I'll return a null response as instructed. Here's the structured output:

```json
{
  ""document_metadata"": {
    ""title"": null,
    ""document_number"": null,
    ""type_of_wind_farm"": null
  },
  ""regulatory_constraints"": null,
  ""regulatory_entities"": null
}
```

When you provide a technical or regulatory document related to offshore wind farms, I'll analyze it and extract the relevant regulatory entities and constraints in the specified JSON format. The analysis will focus strictly on:
- Formal regulatory requirements
- Governing bodies with enforcement authority
- Technical/environmental standards with measurable criteria
- Jurisdictional boundaries
- Safety specifications

Please share the document you'd like analyzed, and I'll provide the structured extraction."
"49",247,"deepseek","deepseek-chat",True,"Understood! I'll analyze any technical document you provide related to offshore wind farm planning, construction, or operation and extract the relevant regulatory entities and constraints in the specified JSON format.  

Since you haven't provided a specific document yet, here’s an example of how the output would look if I were analyzing a hypothetical offshore wind regulation document:  

### **Example Output (for illustration only)**  
```json
{
  ""document_metadata"": {
    ""title"": ""Guidelines for Offshore Wind Farm Development in the North Sea"",
    ""document_number"": ""OWF-REG-2023-001"",
    ""type_of_wind_farm"": ""Offshore""
  },
  ""regulatory_constraints"": [
    {
      ""type"": ""Environmental"",
      ""requirement"": ""All wind turbines must maintain a minimum clearance of 500 meters from known marine mammal migratory paths."",
      ""scope"": ""North Sea offshore wind developments"",
      ""numerical_value"": ""500"",
      ""unit"": ""meters"",
      ""source"": ""Marine Environmental Protection Agency (MEPA)"",
      ""related_domains"": [""environmental"", ""safety""]
    },
    {
      ""type"": ""Technical"",
      ""requirement"": ""Substation foundations must comply with ISO 19901-4 for offshore structural design."",
      ""scope"": ""Offshore wind substations"",
      ""numerical_value"": null,
      ""unit"": null,
      ""source"": ""International Organization for Standardization (ISO)"",
      ""related_domains"": [""technical"", ""safety""]
    }
  ],
  ""regulatory_entities"": [
    {
      ""entity_name"": ""Marine Environmental Protection Agency (MEPA)"",
      ""jurisdiction"": ""Federal (North Sea coastal states)"",
      ""role"": ""Environmental compliance enforcement""
    },
    {
      ""entity_name"": ""International Organization for Standardization (ISO)"",
      ""jurisdiction"": ""International"",
      ""role"": ""Technical standards development""
    }
  ]
}
```

### **Next Steps**  
Please provide the document (or relevant excerpts) you'd like me to analyze, and I’ll extract the regulatory constraints and entities in the structured JSON format.  

If the document contains no direct regulations, I’ll return:  
```json
{
  ""document_metadata"": {
    ""title"": null,
    ""document_number"": null,
    ""type_of_wind_farm"": null
  },
  ""regulatory_constraints"": null,
  ""regulatory_entities"": null
}
```  

Let me know how you'd like to proceed!"
"49",248,"deepseek","deepseek-chat",True,"Understood! Please provide the technical document or text you'd like me to analyze, and I will extract the relevant regulatory entities and constraints in the specified JSON format.  

If no document is provided, here’s an example of the expected output for reference:  

```json
{
  ""document_metadata"": {
    ""title"": ""Example Offshore Wind Farm Regulations"",
    ""document_number"": ""DOC-2023-001"",
    ""type_of_wind_farm"": ""Offshore""
  },
  ""regulatory_constraints"": [
    {
      ""type"": ""Environmental"",
      ""requirement"": ""All turbines must maintain a minimum clearance of 1 km from migratory bird pathways."",
      ""scope"": ""North Sea offshore wind projects"",
      ""numerical_value"": 1,
      ""unit"": ""km"",
      ""source"": ""EU Marine Strategy Framework Directive"",
      ""related_domains"": [""wildlife protection"", ""siting""]
    },
    {
      ""type"": ""Technical"",
      ""requirement"": ""Substation foundations must comply with ISO 19902 for fixed steel offshore structures."",
      ""scope"": ""Global offshore wind installations"",
      ""numerical_value"": null,
      ""unit"": null,
      ""source"": ""ISO 19902"",
      ""related_domains"": [""structural engineering"", ""safety""]
    }
  ],
  ""regulatory_entities"": [
    {
      ""entity_name"": ""Bureau of Ocean Energy Management (BOEM)"",
      ""jurisdiction"": ""Federal (U.S. Outer Continental Shelf)"",
      ""role"": ""Leasing and permitting authority""
    }
  ]
}
```

If the document contains no regulatory content, the output will be:  
```json
{
  ""document_metadata"": {
    ""title"": null,
    ""document_number"": null,
    ""type_of_wind_farm"": null
  },
  ""regulatory_constraints"": null,
  ""regulatory_entities"": null
}
```  

Please share the document text, and I’ll process it accordingly."
"49",249,"deepseek","deepseek-chat",True,"Understood. Since you haven't provided a specific document for analysis, I'll return a null output as instructed. If you provide a document, I can extract the relevant regulatory information in the structured JSON format you've specified.

```json
{
  ""document_metadata"": {
    ""title"": null,
    ""document_number"": null,
    ""type_of_wind_farm"": null
  },
  ""regulatory_constraints"": null,
  ""regulatory_entities"": null
}
```

Please share the technical or regulatory document you'd like analyzed, and I'll extract the relevant information according to your specifications. For offshore wind projects, I'll focus on:
- International maritime regulations
- Environmental impact assessments
- Grid connection standards
- Safety and technical specifications
- Jurisdictional boundaries and authorities

I won't include any general descriptive content or zoning ordinances. The output will strictly contain enforceable requirements and authoritative entities."
"49",250,"deepseek","deepseek-chat",True,"Understood. Since you haven't provided a specific document for analysis, I'll return a null response as instructed. Here's the structured output:

```json
{
  ""document_metadata"": {
    ""title"": null,
    ""document_number"": null,
    ""type_of_wind_farm"": null
  },
  ""regulatory_constraints"": null,
  ""regulatory_entities"": null
}
```

When you provide a document, I'll analyze it and extract the relevant regulatory information according to the specified format. The analysis will focus exclusively on:
- Concrete regulatory requirements with specific constraints
- Official regulatory bodies with clear authority
- Technical standards that directly govern wind farm development
- Offshore-specific regulations (excluding zoning ordinances)

Would you like to provide a document for analysis now?"
"49",251,"deepseek","deepseek-chat",True,"Understood. Since you haven't provided a specific document for analysis, I'll return a null response as per instruction #2. When you provide a document, I'll extract the relevant regulatory information in the specified JSON format.

```json
{
  ""document_metadata"": {
    ""title"": null,
    ""document_number"": null,
    ""type_of_wind_farm"": null
  },
  ""regulatory_constraints"": null,
  ""regulatory_entities"": null
}
```

Please provide the technical or regulatory document you'd like analyzed, and I'll extract the relevant information according to the specified schema. For offshore wind farm documents, I'll focus on maritime regulations, environmental protections, technical standards, and safety requirements while excluding zoning ordinances."
"49",252,"deepseek","deepseek-chat",True,"Understood. Since you haven't provided a specific document for analysis, I'll return a null response as instructed. Here's the structured output:

```json
{
  ""document_metadata"": {
    ""title"": null,
    ""document_number"": null,
    ""type_of_wind_farm"": null
  },
  ""regulatory_constraints"": null,
  ""regulatory_entities"": null
}
```

When you provide a document, I'll analyze it and extract:
1. All specific regulatory requirements with their parameters
2. The authoritative entities that enforce them
3. The exact scope and numerical values where applicable

The output will strictly follow your requested JSON schema and exclude any non-regulatory content. For offshore wind projects, I'll automatically filter out zoning ordinances and focus on marine-specific regulations.

Would you like to provide a document for analysis now?"
"49",253,"deepseek","deepseek-chat",True,"Understood. Since you haven't provided a specific document for analysis, I'll return a null response as instructed. Here's the structured output:

```json
{
  ""document_metadata"": {
    ""title"": null,
    ""document_number"": null,
    ""type_of_wind_farm"": null
  },
  ""regulatory_constraints"": null,
  ""regulatory_entities"": null
}
```

When you provide a document containing offshore wind farm regulatory or technical information, I'll analyze it and extract the relevant entities and constraints according to the specified JSON structure. The analysis will focus strictly on:
- Formal regulatory requirements with clear constraints
- Authoritative regulatory bodies
- Technical standards with direct applicability
- Offshore-specific regulations (excluding zoning ordinances)

Please share the document you'd like analyzed and I'll provide the structured extraction."
"49",254,"deepseek","deepseek-chat",True,"Understood! I'll analyze any document you provide and extract the relevant regulatory entities and constraints in the specified JSON format. 

To proceed, please:
1. Provide the document text you'd like analyzed (or key excerpts if it's lengthy)
2. Indicate if it's for an offshore or onshore wind farm (if not specified in the document)
3. Share any known document metadata (title, number, etc.)

Without an actual document to analyze, here's a template of what the output would look like with null values:

```json
{
  ""document_metadata"": {
    ""title"": null,
    ""document_number"": null,
    ""type_of_wind_farm"": null
  },
  ""regulatory_constraints"": null,
  ""regulatory_entities"": null
}
```

When you share the document content, I'll:
- Strictly follow your formatting requirements 
- Filter out non-regulatory content
- Apply the offshore/onshore distinction
- Include only verifiable requirements with clear sources

Please provide the document you'd like analyzed."
"49",255,"deepseek","deepseek-chat",True,"Understood! I'll analyze any document you provide and extract the relevant regulatory entities and constraints in the specified JSON format. 

To proceed, please provide:
1. The document text/content you'd like analyzed
2. Any available metadata (title, document number, etc.)

Without an actual document to analyze, here's an example of what my output would look like for a hypothetical offshore wind regulation document:

```json
{
  ""document_metadata"": {
    ""title"": ""North Sea Offshore Wind Development Guidelines 2023"",
    ""document_number"": ""NSOW-REG-2023-0042"",
    ""type_of_wind_farm"": ""Offshore""
  },
  ""regulatory_constraints"": [
    {
      ""type"": ""Environmental"",
      ""requirement"": ""Turbine foundations must demonstrate ≤0.5 dB increase in underwater noise during pile driving"",
      ""scope"": ""North Sea Exclusive Economic Zone"",
      ""numerical_value"": ""0.5"",
      ""unit"": ""dB"",
      ""source"": ""OSPAR Convention Annex VII"",
      ""related_domains"": [""marine life"", ""construction""]
    },
    {
      ""type"": ""Technical"",
      ""requirement"": ""All substations must comply with ISO 29400 for offshore structures"",
      ""scope"": ""All offshore installations"",
      ""numerical_value"": null,
      ""unit"": null,
      ""source"": ""International Organization for Standardization"",
      ""related_domains"": [""structural engineering"", ""safety""]
    }
  ],
  ""regulatory_entities"": [
    {
      ""entity_name"": ""North Sea Offshore Wind Authority"",
      ""jurisdiction"": ""Regional (North Sea EEZ)"",
      ""role"": ""Permitting and compliance oversight""
    },
    {
      ""entity_name"": ""International Maritime Organization"",
      ""jurisdiction"": ""International waters"",
      ""role"": ""Navigation safety standards""
    }
  ]
}
```

When you provide the actual document content, I will:
1. Strictly follow your formatting requirements
2. Only extract verifiable regulatory content
3. Exclude any non-binding recommendations
4. Maintain focus on offshore-specific regulations

Please share the document you'd like analyzed."
"49",256,"deepseek","deepseek-chat",True,"Understood. Since you haven't provided a specific document for analysis, I'll return a null response as instructed. Here's the structured output:

```json
{
  ""document_metadata"": {
    ""title"": null,
    ""document_number"": null,
    ""type_of_wind_farm"": null
  },
  ""regulatory_constraints"": null,
  ""regulatory_entities"": null
}
```

When you provide a technical or regulatory document related to offshore wind farms, I'll analyze it and extract the relevant regulatory entities and constraints according to the specified JSON structure. The analysis will focus strictly on:
- Formal regulatory requirements
- Authoritative standards
- Governing bodies with regulatory authority
- Quantifiable constraints with clear units
- Jurisdictional boundaries

Please share the document you'd like analyzed, and I'll provide the structured extraction."
"49",257,"deepseek","deepseek-chat",True,"Understood! Since I haven't been provided with a specific document to analyze, I cannot generate a structured output at this time. However, I can provide an example of how the output would look if I were analyzing a hypothetical offshore wind farm regulatory document.  

### **Example Output (for illustration purposes only):**  

```json
{
  ""document_metadata"": {
    ""title"": ""Guidelines for Offshore Wind Farm Development in the North Sea"",
    ""document_number"": ""NSW-REG-2023-004"",
    ""type_of_wind_farm"": ""Offshore""
  },
  ""regulatory_constraints"": [
    {
      ""type"": ""Environmental"",
      ""requirement"": ""Wind turbines must maintain a minimum distance of 1 km from identified marine protected areas."",
      ""scope"": ""North Sea offshore wind projects"",
      ""numerical_value"": ""1"",
      ""unit"": ""km"",
      ""source"": ""North Sea Wind Regulatory Authority (NSWRA)"",
      ""related_domains"": [""Environmental protection"", ""Marine habitat conservation""]
    },
    {
      ""type"": ""Technical"",
      ""requirement"": ""All turbine foundations must comply with ISO 19901-5 for structural integrity."",
      ""scope"": ""Offshore wind turbine foundations"",
      ""numerical_value"": null,
      ""unit"": null,
      ""source"": ""International Organization for Standardization (ISO)"",
      ""related_domains"": [""Structural engineering"", ""Safety""]
    },
    {
      ""type"": ""Safety"",
      ""requirement"": ""Helicopter landing zones on offshore substations must have a minimum area of 400 m²."",
      ""scope"": ""Offshore wind substations"",
      ""numerical_value"": ""400"",
      ""unit"": ""m²"",
      ""source"": ""International Civil Aviation Organization (ICAO)"",
      ""related_domains"": [""Aviation safety"", ""Emergency response""]
    }
  ],
  ""regulatory_entities"": [
    {
      ""entity_name"": ""North Sea Wind Regulatory Authority (NSWRA)"",
      ""jurisdiction"": ""Regional (North Sea coastal states)"",
      ""role"": ""Oversight of offshore wind project approvals and compliance""
    },
    {
      ""entity_name"": ""International Maritime Organization (IMO)"",
      ""jurisdiction"": ""International"",
      ""role"": ""Regulation of maritime safety and navigation around wind farms""
    }
  ]
}
```

### **Next Steps:**  
If you provide a specific document (PDF, text, or webpage), I can analyze it and extract the relevant regulatory entities and constraints in the required JSON format. Let me know how you'd like to proceed!"
"49",258,"deepseek","deepseek-chat",True,"Understood. Since you haven't provided a specific document for analysis, I'll return a null response as instructed. Here's the structured output:

```json
{
  ""document_metadata"": {
    ""title"": null,
    ""document_number"": null,
    ""type_of_wind_farm"": null
  },
  ""regulatory_constraints"": null,
  ""regulatory_entities"": null
}
```

When you provide a document, I'll analyze it and extract the relevant regulatory entities and constraints according to the specified format. The analysis will focus exclusively on:
- Formal regulatory requirements with clear compliance obligations
- Recognized standards bodies and their specifications
- Quantifiable constraints where available
- Offshore-specific regulations (excluding zoning ordinances)

Please share the document you'd like analyzed, and I'll provide the structured extraction."
"49",259,"deepseek","deepseek-chat",True,"Understood. Since you haven't provided a specific document for analysis, I'll return a null response as instructed. Here's the structured output:

```json
{
  ""document_metadata"": {
    ""title"": null,
    ""document_number"": null,
    ""type_of_wind_farm"": null
  },
  ""regulatory_constraints"": null,
  ""regulatory_entities"": null
}
```

When you provide a technical document related to offshore wind farm regulations, I'll analyze it and extract the relevant regulatory entities and constraints according to the specified JSON structure. The analysis will focus strictly on:
- Formal regulatory requirements with clear constraints
- Authoritative bodies with regulatory jurisdiction
- Technical/environmental standards with measurable parameters
- Offshore-specific regulations (excluding zoning ordinances)

Please share the document you'd like analyzed, and I'll provide the structured extraction."
"49",260,"deepseek","deepseek-chat",True,"Understood! Since no specific document was provided for analysis, I'll return a null response as per your instructions. Here's the structured output:

```json
{
  ""document_metadata"": {
    ""title"": null,
    ""document_number"": null,
    ""type_of_wind_farm"": null
  },
  ""regulatory_constraints"": null,
  ""regulatory_entities"": null
}
```

When you provide a technical or regulatory document related to offshore wind farms, I'll analyze it and extract the relevant entities and constraints in the specified format. For best results, please provide:
1. The full text of the document
2. Any identifying metadata (title, document number)
3. Clarification if it concerns offshore or onshore wind farms

I'm ready to process the document as soon as you provide it."
"49",261,"deepseek","deepseek-chat",True,"Understood! Since you haven't provided a specific document for analysis, I'll return a null response as instructed. Here's the structured output:  

```json
{
  ""document_metadata"": {
    ""title"": null,
    ""document_number"": null,
    ""type_of_wind_farm"": null
  },
  ""regulatory_constraints"": null,
  ""regulatory_entities"": null
}
```

If you provide a technical or regulatory document related to offshore wind farms, I can extract the relevant entities and constraints in the required format. Let me know how you'd like to proceed!"
"49",262,"deepseek","deepseek-chat",True,"Understood. Since you haven't provided a specific document for analysis, I'll return a null response as instructed. When you provide a document, I'll extract the relevant regulatory information according to the specified JSON format.

```json
{
  ""document_metadata"": {
    ""title"": null,
    ""document_number"": null,
    ""type_of_wind_farm"": null
  },
  ""regulatory_constraints"": null,
  ""regulatory_entities"": null
}
```

Please provide the document you'd like analyzed, and I'll extract the relevant regulatory information in the structured format you've requested. For offshore wind farm documents, I'll focus on:
- International/national maritime regulations
- Technical standards (e.g., IEC 61400 series)
- Environmental impact requirements
- Safety and navigation constraints
- Grid connection specifications"
"49",263,"deepseek","deepseek-chat",True,"Understood. Since you haven't provided a specific document for analysis, I'll return a null response as per instruction #2. Here's the structured output:

```json
{
  ""document_metadata"": {
    ""title"": null,
    ""document_number"": null,
    ""type_of_wind_farm"": null
  },
  ""regulatory_constraints"": null,
  ""regulatory_entities"": null
}
```

When you provide a technical document related to offshore wind farm regulations, I'll analyze it and extract the relevant regulatory entities and constraints according to the specified JSON structure. The analysis will focus exclusively on:
- Formal regulatory requirements with clear compliance obligations
- Authoritative regulatory bodies with jurisdiction over wind farms
- Technical standards with direct applicability to offshore wind projects

Please share the document you'd like analyzed, and I'll provide the structured extraction."
"49",264,"deepseek","deepseek-chat",True,"Understood! Please provide the technical document or text you'd like me to analyze, and I will extract the relevant regulatory entities and constraints in the specified JSON format.  

If no document is provided, here’s an example of an empty output (per your instructions):  

```json
{
  ""document_metadata"": {
    ""title"": null,
    ""document_number"": null,
    ""type_of_wind_farm"": null
  },
  ""regulatory_constraints"": null,
  ""regulatory_entities"": null
}
```

When you share the document, I will:  
1. Strictly extract enforceable rules or standards (no recommendations or guidance).  
2. Categorize constraints into **Spatial, Technical, Environmental, Jurisdictional, or Safety**.  
3. Include numerical values (e.g., setback distances, noise limits) with units where applicable.  
4. Omit irrelevant content (e.g., zoning ordinances for offshore projects).  

Let me know how you'd like to proceed!"
"49",265,"deepseek","deepseek-chat",True,"Understood. Since you haven't provided a specific document for analysis, I'll return a null response as instructed. Here's the structured output:

```json
{
  ""document_metadata"": {
    ""title"": null,
    ""document_number"": null,
    ""type_of_wind_farm"": null
  },
  ""regulatory_constraints"": null,
  ""regulatory_entities"": null
}
```

When you provide a technical or regulatory document related to offshore wind farms, I'll analyze it and extract the relevant regulatory entities and constraints in the specified JSON format. The output will include only specific requirements from authoritative sources, with proper categorization of constraint types and clear identification of regulatory bodies.

For offshore wind projects, I'll focus on:
- International maritime regulations
- National offshore energy authorities
- Technical standards for marine structures
- Environmental protections for marine ecosystems
- Safety requirements for offshore operations

Would you like to provide a document for analysis now?"
"49",266,"deepseek","deepseek-chat",True,"Understood. Since you haven't provided a specific document for analysis, I'll return a null response as instructed. Here's the structured output:

```json
{
  ""document_metadata"": {
    ""title"": null,
    ""document_number"": null,
    ""type_of_wind_farm"": null
  },
  ""regulatory_constraints"": null,
  ""regulatory_entities"": null
}
```

When you provide a specific technical or regulatory document related to offshore wind farms, I'll analyze it and extract the relevant regulatory entities and constraints according to the specified JSON structure. The analysis will focus exclusively on:
1) Clear regulatory requirements with specific rules or standards
2) Authoritative entities with regulatory jurisdiction
3) Technical specifications that constitute binding requirements

Please share the document you'd like analyzed, and I'll provide the structured extraction."
"49",267,"deepseek","deepseek-chat",True,"Understood! Since you haven't provided a specific document for analysis, I'll return a null response as instructed. Here's the structured output:

```json
{
  ""document_metadata"": {
    ""title"": null,
    ""document_number"": null,
    ""type_of_wind_farm"": null
  },
  ""regulatory_constraints"": null,
  ""regulatory_entities"": null
}
```

When you provide a document (text, PDF, or other format), I'll analyze it and extract the relevant regulatory entities and constraints according to the specified JSON schema. The analysis will focus exclusively on binding requirements for offshore wind farms, excluding descriptive content or onshore zoning ordinances. 

Would you like to upload or paste the document you'd like analyzed?"
"49",268,"deepseek","deepseek-chat",True,"Understood. Since you haven't provided a specific document for analysis, I'll demonstrate the structured output format with a generic example based on typical offshore wind regulatory content. When you provide an actual document, I'll analyze it precisely according to your specifications.

Here's an example of how the output would look for a hypothetical offshore wind document:

```json
{
  ""document_metadata"": {
    ""title"": ""North Sea Offshore Wind Development Framework"",
    ""document_number"": ""NS-OWF-2023-01"",
    ""type_of_wind_farm"": ""Offshore""
  },
  ""regulatory_constraints"": [
    {
      ""type"": ""Environmental"",
      ""requirement"": ""All turbine foundations must undergo environmental impact assessment for seabed disturbance"",
      ""scope"": ""North Sea Exclusive Economic Zones"",
      ""numerical_value"": null,
      ""unit"": null,
      ""source"": ""OSPAR Convention Annex IV"",
      ""related_domains"": [""environmental"", ""construction""]
    },
    {
      ""type"": ""Technical"",
      ""requirement"": ""Substation platforms must withstand wave heights with 100-year return period"",
      ""scope"": ""All offshore installations"",
      ""numerical_value"": 16.2,
      ""unit"": ""meters"",
      ""source"": ""IEC 61400-3-1"",
      ""related_domains"": [""safety"", ""structural engineering""]
    },
    {
      ""type"": ""Safety"",
      ""requirement"": ""Minimum 500m exclusion zone must be maintained during construction operations"",
      ""scope"": ""Construction areas"",
      ""numerical_value"": 500,
      ""unit"": ""meters"",
      ""source"": ""IMO Resolution MSC.348(91)"",
      ""related_domains"": [""maritime safety"", ""construction""]
    }
  ],
  ""regulatory_entities"": [
    {
      ""entity_name"": ""Bundesamt für Seeschifffahrt und Hydrographie"",
      ""jurisdiction"": ""German EEZ"",
      ""role"": ""Permitting and oversight of offshore installations""
    },
    {
      ""entity_name"": ""International Electrotechnical Commission"",
      ""jurisdiction"": ""International standards"",
      ""role"": ""Technical standard setting for offshore wind""
    }
  ]
}
```

Key features of this output:
1. Strictly regulatory content only (no descriptive text)
2. Proper categorization of constraint types
3. Clear sourcing for each requirement
4. Separation of entities from constraints
5. Null values where numerical data isn't applicable

When you provide an actual document, I will:
- Analyze only the concrete regulatory content
- Exclude any non-regulatory information
- Maintain this exact JSON structure
- Include standards references even without numerical values
- Focus specifically on offshore wind relevant regulations"
"49",269,"deepseek","deepseek-chat",True,"Understood. Since you haven't provided a specific document for analysis, I'll return a null response as instructed. When you provide a technical or regulatory document related to offshore wind farms, I'll extract the relevant information and structure it according to the specified JSON format.

```json
{
  ""document_metadata"": {
    ""title"": null,
    ""document_number"": null,
    ""type_of_wind_farm"": null
  },
  ""regulatory_constraints"": null,
  ""regulatory_entities"": null
}
```

Please share the document you'd like analyzed, and I'll extract the regulatory entities and constraints according to the given schema. For offshore wind farms, I'll focus on maritime regulations, environmental protections, technical standards, and safety requirements while excluding irrelevant zoning ordinances."
"49",270,"deepseek","deepseek-chat",True,"Understood! Since you haven't provided a specific document for analysis, I'll return a null response as instructed. Here's the structured output:

```json
{
  ""document_metadata"": {
    ""title"": null,
    ""document_number"": null,
    ""type_of_wind_farm"": null
  },
  ""regulatory_constraints"": null,
  ""regulatory_entities"": null
}
```

When you provide a document (text, PDF, or other format), I'll analyze it and extract the relevant regulatory entities and constraints according to the specified JSON schema. Please share the document you'd like analyzed, and I'll return a properly structured response. 

For offshore wind farm documents, I'll focus on:
- International/national maritime regulations
- Technical standards (e.g., IEC 61400 series)
- Environmental impact directives
- Safety requirements (e.g., aviation, navigation)
- Grid connection standards

Let me know how you'd like to proceed!"
"49",271,"deepseek","deepseek-chat",True,"Understood. Since you haven't provided a specific document for analysis, I'll return a null response as instructed. Here's the structured output:

```json
{
  ""document_metadata"": {
    ""title"": null,
    ""document_number"": null,
    ""type_of_wind_farm"": null
  },
  ""regulatory_constraints"": null,
  ""regulatory_entities"": null
}
```

When you provide a technical or regulatory document related to offshore wind farms, I'll analyze it and extract the relevant information according to the specified JSON structure, including:
- Precise regulatory requirements with their classifications
- Numerical constraints with units where applicable
- Authoritative sources for each requirement
- Relevant regulatory bodies with their jurisdictions

Please share the document you'd like analyzed, and I'll provide the structured extraction."
"49",272,"deepseek","deepseek-chat",True,"Understood. Since you haven't provided a specific document for analysis, I'll return a null response as instructed. Here's the structured output:

```json
{
  ""document_metadata"": {
    ""title"": null,
    ""document_number"": null,
    ""type_of_wind_farm"": null
  },
  ""regulatory_constraints"": null,
  ""regulatory_entities"": null
}
```

When you provide a technical or regulatory document related to offshore wind farm planning, construction, or operation, I'll analyze it and extract the relevant regulatory entities and constraints in the specified structured format. 

Please note that for offshore wind projects, I will focus on:
- International maritime regulations
- Federal/national level requirements
- Technical standards
- Environmental protections
- Safety protocols
While excluding any onshore/zoning-related content as per your instructions.

Would you like to provide a document for analysis now?"
"49",273,"deepseek","deepseek-chat",True,"Understood. Since you haven't provided a specific document for analysis, I'll return a null response as per instruction #2. When you provide a document, I'll extract the relevant regulatory information in the structured JSON format you've specified.

```json
{
  ""document_metadata"": {
    ""title"": null,
    ""document_number"": null,
    ""type_of_wind_farm"": null
  },
  ""regulatory_constraints"": null,
  ""regulatory_entities"": null
}
```

Please provide the technical document you'd like analyzed, and I'll extract the relevant regulatory information according to your specified format and instructions. For offshore wind farm documents, I'll focus particularly on maritime regulations, environmental protections, technical standards, and safety requirements while excluding any irrelevant zoning information."
"49",274,"deepseek","deepseek-chat",True,"Understood. Since you haven't provided a specific document for analysis, I'll return a null response as instructed. When you provide a document, I'll extract the relevant regulatory information in the specified JSON format.

```json
{
  ""document_metadata"": {
    ""title"": null,
    ""document_number"": null,
    ""type_of_wind_farm"": null
  },
  ""regulatory_constraints"": null,
  ""regulatory_entities"": null
}
```

Please provide the document you'd like analyzed, and I'll extract the relevant regulatory information according to your specifications. For offshore wind farm documents, I'll focus particularly on maritime regulations, environmental protections, grid connection standards, and safety requirements while excluding any onshore zoning considerations."
"49",275,"deepseek","deepseek-chat",True,"Understood. Since you haven't provided a specific document for analysis, I'll return a null response as instructed. Here's the structured output:

```json
{
  ""document_metadata"": {
    ""title"": null,
    ""document_number"": null,
    ""type_of_wind_farm"": null
  },
  ""regulatory_constraints"": null,
  ""regulatory_entities"": null
}
```

When you provide a document containing offshore wind farm regulatory information, I'll analyze it and extract the relevant entities and constraints according to the specified JSON structure. The analysis will focus exclusively on:
- Clear regulatory requirements with specific rules or standards
- Authoritative bodies with regulatory jurisdiction
- Technical specifications that must be complied with
- Environmental or safety mandates with measurable criteria

Please share the document you'd like analyzed, and I'll provide the structured extraction."
"49",276,"deepseek","deepseek-chat",True,"Understood! Since you haven't provided a specific document for analysis, I'll return a null response as instructed. Here's the structured output:

```json
{
  ""document_metadata"": {
    ""title"": null,
    ""document_number"": null,
    ""type_of_wind_farm"": null
  },
  ""regulatory_constraints"": null,
  ""regulatory_entities"": null
}
```

When you provide a technical or regulatory document related to offshore wind farms, I'll analyze it and extract the relevant entities and constraints in the specified JSON format. Please share the document text or key excerpts you'd like analyzed."
"49",277,"deepseek","deepseek-chat",True,"Understood. Since you haven't provided a specific document for analysis, I'll return a null response as instructed. Here's the structured output:

```json
{
  ""document_metadata"": {
    ""title"": null,
    ""document_number"": null,
    ""type_of_wind_farm"": null
  },
  ""regulatory_constraints"": null,
  ""regulatory_entities"": null
}
```

When you provide a document, I'll analyze it and extract the relevant regulatory information according to the specified format. My analysis will focus exclusively on:
- Clear regulatory requirements with specific constraints
- Authoritative regulatory bodies
- Technical standards applicable to offshore wind farms
- Measurable parameters with their units when available

Would you like to provide a document for analysis now?"
"49",278,"deepseek","deepseek-chat",True,"Understood! Please provide the technical document you'd like me to analyze, and I will extract the relevant regulatory entities and constraints in the specified JSON format.  

If you don't have a document ready, here’s an example of how the output would look for a hypothetical offshore wind regulation:  

```json
{
  ""document_metadata"": {
    ""title"": ""U.S. Bureau of Ocean Energy Management (BOEM) Offshore Wind Energy Regulations"",
    ""document_number"": ""30 CFR Part 585"",
    ""type_of_wind_farm"": ""Offshore""
  },
  ""regulatory_constraints"": [
    {
      ""type"": ""Environmental"",
      ""requirement"": ""Developers must conduct an environmental impact assessment (EIA) before construction"",
      ""scope"": ""U.S. federal waters"",
      ""numerical_value"": null,
      ""unit"": null,
      ""source"": ""BOEM 30 CFR § 585.627"",
      ""related_domains"": [""Environmental"", ""Permitting""]
    },
    {
      ""type"": ""Technical"",
      ""requirement"": ""Wind turbine foundations must withstand a 1% annual probability hurricane event"",
      ""scope"": ""Atlantic OCS"",
      ""numerical_value"": 1,
      ""unit"": ""% annual probability"",
      ""source"": ""BOEM Engineering Standards"",
      ""related_domains"": [""Structural Safety"", ""Extreme Weather""]
    }
  ],
  ""regulatory_entities"": [
    {
      ""entity_name"": ""Bureau of Ocean Energy Management (BOEM)"",
      ""jurisdiction"": ""U.S. federal waters"",
      ""role"": ""Leasing, permitting, and oversight of offshore wind projects""
    },
    {
      ""entity_name"": ""International Electrotechnical Commission (IEC)"",
      ""jurisdiction"": ""International"",
      ""role"": ""Setting technical standards for wind turbines (e.g., IEC 61400 series)""
    }
  ]
}
```

If you provide the actual document (text, PDF, or link), I can extract the exact regulatory data for you. Let me know how you'd like to proceed!"
"49",279,"deepseek","deepseek-chat",True,"Understood. Since you haven't provided a specific document for analysis, I'll return a null response as instructed. When you provide a document, I'll analyze it and extract the relevant regulatory information in the specified JSON format.

```json
{
  ""document_metadata"": {
    ""title"": null,
    ""document_number"": null,
    ""type_of_wind_farm"": null
  },
  ""regulatory_constraints"": null,
  ""regulatory_entities"": null
}
```

Please provide the document you'd like analyzed, and I'll extract the relevant regulatory information according to your specifications. For offshore wind farm documents, I'll focus on:
- International maritime regulations
- Environmental impact assessments
- Technical standards for offshore structures
- Safety requirements for marine operations
- Grid connection specifications

I won't include any zoning ordinances or onshore-specific regulations unless specified."
"49",280,"deepseek","deepseek-chat",True,"Understood. Since no specific document has been provided for analysis, I'll return a null response as instructed. Here is the structured output:  

```json
{
  ""document_metadata"": {
    ""title"": null,
    ""document_number"": null,
    ""type_of_wind_farm"": null
  },
  ""regulatory_constraints"": null,
  ""regulatory_entities"": null
}
```

If you provide a technical or regulatory document related to offshore wind farms, I can extract the relevant structured data as per the required JSON format. Let me know how you'd like to proceed!"
"49",281,"deepseek","deepseek-chat",True,"Understood. Below is a structured JSON output based on the instructions provided. Since no specific document was analyzed, this is a template response. When you provide a document, I will analyze it and extract the relevant information accordingly.

```json
{
  ""document_metadata"": {
    ""title"": null,
    ""document_number"": null,
    ""type_of_wind_farm"": null
  },
  ""regulatory_constraints"": null,
  ""regulatory_entities"": null
}
```

### Notes:
1. **If no document is provided**, the output will default to `null` for all fields.  
2. **For actual document analysis**, the JSON will populate with:  
   - **Regulatory Constraints**: Specific rules (e.g., ""Turbines must be spaced at least 500m apart in the North Sea"").  
   - **Regulatory Entities**: Authorities (e.g., ""Bureau of Ocean Energy Management (BOEM), U.S. federal jurisdiction, leases and permits"").  
3. **Standards**: References like ISO 61400-3 (offshore turbine design) will be included even without numerical values.  

Please share the document you'd like analyzed, and I’ll extract the relevant data strictly per your requirements."
"49",282,"deepseek","deepseek-chat",True,"Understood. Since you haven't provided a specific document for analysis, I'll return a null response as instructed. Here's the structured output:

```json
{
  ""document_metadata"": {
    ""title"": null,
    ""document_number"": null,
    ""type_of_wind_farm"": null
  },
  ""regulatory_constraints"": null,
  ""regulatory_entities"": null
}
```

When you provide a specific technical or regulatory document related to offshore wind farms, I'll analyze it and extract the relevant regulatory entities and constraints according to the specified JSON structure. Please share the document text you'd like analyzed."
"49",283,"deepseek","deepseek-chat",True,"Understood. Since you haven't provided a specific document for analysis, I'll return a null response as instructed. Here's the structured output:

```json
{
  ""document_metadata"": {
    ""title"": null,
    ""document_number"": null,
    ""type_of_wind_farm"": null
  },
  ""regulatory_constraints"": null,
  ""regulatory_entities"": null
}
```

When you provide a document, I'll analyze it and extract the relevant regulatory entities and constraints according to the specified format, focusing only on strict requirements for offshore wind farm planning, construction, and operation while excluding any non-regulatory content. 

For future documents, please ensure they contain actual regulatory content about offshore wind farms to receive meaningful extractions. I can process:
- Government regulations
- Industry standards
- Permitting requirements
- Technical specifications
- Environmental protection rules
- Safety guidelines

Would you like to provide a document for analysis now?"
"49",284,"deepseek","deepseek-chat",True,"Understood! I'll analyze any technical document you provide related to offshore wind farm planning, construction, or operation and extract structured regulatory information in the specified JSON format.  

To proceed, please provide:  
1. **The document text** (or relevant excerpts) for analysis.  
2. **Any specific focus areas** (e.g., environmental impact, safety standards, technical specifications).  

Without the document content, here’s an example of how the output would look for a hypothetical offshore wind regulation:  

```json
{
  ""document_metadata"": {
    ""title"": ""North Sea Offshore Wind Development Guidelines"",
    ""document_number"": ""NS-OWDG-2023"",
    ""type_of_wind_farm"": ""Offshore""
  },
  ""regulatory_constraints"": [
    {
      ""type"": ""Environmental"",
      ""requirement"": ""All turbine foundations must undergo a seabed impact assessment prior to installation."",
      ""scope"": ""North Sea Exclusive Economic Zone"",
      ""numerical_value"": null,
      ""unit"": null,
      ""source"": ""OSPAR Commission"",
      ""related_domains"": [""Environmental impact"", ""Construction""]
    },
    {
      ""type"": ""Technical"",
      ""requirement"": ""Tower structures must withstand wind speeds of up to 50 m/s."",
      ""scope"": ""All offshore wind turbines"",
      ""numerical_value"": 50,
      ""unit"": ""m/s"",
      ""source"": ""IEC 61400-3"",
      ""related_domains"": [""Structural engineering"", ""Safety""]
    }
  ],
  ""regulatory_entities"": [
    {
      ""entity_name"": ""Maritime and Coastguard Agency (MCA)"",
      ""jurisdiction"": ""United Kingdom"",
      ""role"": ""Safety compliance for navigation and construction""
    },
    {
      ""entity_name"": ""Bundesamt für Seeschifffahrt und Hydrographie (BSH)"",
      ""jurisdiction"": ""Germany"",
      ""role"": ""Permitting and environmental oversight""
    }
  ]
}
```

### Next Steps:  
- **If you share a document**, I’ll extract real regulatory data.  
- **If this example aligns with your needs**, confirm, and I can refine further.  

Let me know how you'd like to proceed!"
"49",285,"deepseek","deepseek-chat",True,"Understood. Since you haven't provided a specific document for analysis, I'll return a null response as instructed. Here's the structured output:

```json
{
  ""document_metadata"": {
    ""title"": null,
    ""document_number"": null,
    ""type_of_wind_farm"": null
  },
  ""regulatory_constraints"": null,
  ""regulatory_entities"": null
}
```

When you provide a document containing offshore wind farm regulatory information, I'll analyze it and extract the relevant entities and constraints according to the specified JSON structure. The analysis will focus exclusively on:
1. Clear regulatory requirements with specific constraints
2. Authoritative regulatory bodies
3. Technical standards applicable to offshore wind development
4. Environmental or safety mandates with measurable criteria

Please share the document you'd like analyzed, and I'll provide the structured regulatory extraction."
"49",286,"deepseek","deepseek-chat",True,"Understood. Since you haven't provided a specific document for analysis, I'll return a null response as instructed. Here's the structured output:

```json
{
  ""document_metadata"": {
    ""title"": null,
    ""document_number"": null,
    ""type_of_wind_farm"": null
  },
  ""regulatory_constraints"": null,
  ""regulatory_entities"": null
}
```

When you provide a document containing offshore wind farm regulatory information, I'll analyze it and extract the relevant entities and constraints according to the specified JSON structure. The analysis will focus strictly on:
- Formal regulatory requirements (not guidelines or recommendations)
- Technical standards with compliance value
- Binding environmental or safety rules
- Jurisdictional authorities with regulatory power

Please share the document you'd like analyzed, and I'll provide the structured extraction."
"49",287,"deepseek","deepseek-chat",True,"Understood. Since you haven't provided a specific document for analysis, I'll return a null response as instructed. Here's the structured output:

```json
{
  ""document_metadata"": {
    ""title"": null,
    ""document_number"": null,
    ""type_of_wind_farm"": null
  },
  ""regulatory_constraints"": null,
  ""regulatory_entities"": null
}
```

When you provide a technical document related to offshore wind farm planning, construction, or operation, I'll analyze it and extract the relevant regulatory information according to the specified JSON structure. The analysis will focus on:

1. Identifying concrete regulatory requirements with their specific parameters
2. Cataloging authoritative entities with their jurisdictional scope
3. Excluding non-regulatory descriptive content
4. Properly classifying constraints by type (Spatial, Technical, etc.)

Please share the document you'd like analyzed, and I'll provide the structured extraction."
"49",288,"deepseek","deepseek-chat",True,"Understood. I'll analyze any provided technical/regulatory document related to offshore wind farms and extract structured data according to your specified JSON format. 

Since you haven't provided a specific document for analysis, here's a template response showing how I would structure the output if given a relevant document:

```json
{
  ""document_metadata"": {
    ""title"": null,
    ""document_number"": null,
    ""type_of_wind_farm"": null
  },
  ""regulatory_constraints"": null,
  ""regulatory_entities"": null
}
```

To proceed with actual analysis, please provide:
1. The document text you'd like analyzed
2. Or a specific regulatory document reference (e.g., BOEM Renewable Energy Regulations, IEC 61400-3, etc.)

When I receive the actual content, I will:
- Strictly extract only regulatory requirements (no descriptive text)
- Identify all governing bodies with regulatory authority
- Classify constraints by type (spatial, technical, etc.)
- Capture numerical values with units where specified
- Maintain the exact structure you requested

Would you like to provide a document for analysis?"
"49",289,"deepseek","deepseek-chat",True,"Understood. Since you haven't provided a specific document for analysis, I'll return a null response as per instruction #2. Here's the structured output:

```json
{
  ""document_metadata"": {
    ""title"": null,
    ""document_number"": null,
    ""type_of_wind_farm"": null
  },
  ""regulatory_constraints"": null,
  ""regulatory_entities"": null
}
```

When you provide a technical or regulatory document related to offshore wind farms, I'll analyze it and extract the relevant information according to the specified JSON structure. The analysis will focus on:
- Identifying concrete regulatory requirements with their specific parameters
- Cataloging authoritative entities with their jurisdictional scope
- Maintaining strict relevance to offshore wind farm development regulations
- Excluding non-regulatory descriptive content

Please share the document you'd like analyzed, and I'll provide the structured extraction."
"49",290,"deepseek","deepseek-chat",True,"Understood. Since you haven't provided a specific document for analysis, I'll return a null response as instructed. Here's the structured output:

```json
{
  ""document_metadata"": {
    ""title"": null,
    ""document_number"": null,
    ""type_of_wind_farm"": null
  },
  ""regulatory_constraints"": null,
  ""regulatory_entities"": null
}
```

When you provide a document, I'll analyze it and extract:
- All specific regulatory requirements with their parameters
- The authoritative entities mentioned
- The exact constraints including numerical values when available
- Proper categorization of all requirements

The output will be strictly limited to regulatory information following your specified schema, excluding any non-regulatory content or offshore zoning ordinances.

Would you like to provide a document for analysis now?"
"49",291,"deepseek","deepseek-chat",True,"Understood. Since you haven't provided a specific document for analysis, I'll return a null response as per instruction #2. Here's the structured output:

```json
{
  ""document_metadata"": {
    ""title"": null,
    ""document_number"": null,
    ""type_of_wind_farm"": null
  },
  ""regulatory_constraints"": null,
  ""regulatory_entities"": null
}
```

When you provide a technical document related to offshore wind farm planning, construction, or operation, I'll analyze it and extract the relevant regulatory entities and constraints according to the specified JSON structure. The analysis will focus strictly on:
- Formal regulatory requirements
- Governing bodies with enforcement authority
- Technical/environmental standards with measurable criteria
- Jurisdictional boundaries
- Safety specifications

Please share the document you'd like analyzed, and I'll provide the structured extraction."
"49",292,"deepseek","deepseek-chat",True,"Understood. Since you haven't provided a specific document for analysis, I'll return a null response as per instruction #2. Here's the structured output:

```json
{
  ""document_metadata"": {
    ""title"": null,
    ""document_number"": null,
    ""type_of_wind_farm"": null
  },
  ""regulatory_constraints"": null,
  ""regulatory_entities"": null
}
```

When you provide a technical document related to offshore wind farm regulations, I'll analyze it and extract the relevant regulatory entities and constraints according to the specified JSON structure. The analysis will focus strictly on:
- Formal requirements with clear regulatory standing
- Numerical specifications when present
- Authoritative sources of regulations
- Relevant standards (e.g., IEC 61400 series for wind turbines)
- Jurisdictional boundaries and enforcement bodies

Please share a document when you're ready for analysis."
"49",293,"deepseek","deepseek-chat",True,"Understood. Since you haven't provided a specific document for analysis, I'll return a null response as instructed. Here's the structured output:

```json
{
  ""document_metadata"": {
    ""title"": null,
    ""document_number"": null,
    ""type_of_wind_farm"": null
  },
  ""regulatory_constraints"": null,
  ""regulatory_entities"": null
}
```

When you provide a document containing offshore wind farm regulatory information, I'll analyze it and extract the relevant entities and constraints according to the specified format. The analysis will focus exclusively on:
- Formal regulatory requirements with clear compliance obligations
- Authoritative regulatory bodies with jurisdiction over wind farms
- Technical/environmental standards with measurable criteria

Would you like to upload a document for analysis now?"
"49",294,"deepseek","deepseek-chat",True,"Understood. Since you haven't provided a specific document for analysis, I'll return a null response as instructed. Here's the structured output:

```json
{
  ""document_metadata"": {
    ""title"": null,
    ""document_number"": null,
    ""type_of_wind_farm"": null
  },
  ""regulatory_constraints"": null,
  ""regulatory_entities"": null
}
```

When you provide a document, I'll analyze it and extract:
1. All specific regulatory constraints with their exact requirements, numerical values (when present), and sources
2. All relevant regulatory entities with their jurisdictions and roles
3. Proper categorization of constraints by type (Spatial, Technical, etc.)

The output will strictly adhere to:
- Only including enforceable requirements
- Excluding descriptive/non-regulatory content
- Focusing only on wind farm-relevant regulations
- Properly structuring all extracted data in the requested JSON format

Please provide the document you'd like analyzed, and I'll generate the complete regulatory extraction."
"49",295,"deepseek","deepseek-chat",True,"Understood. Since you haven't provided a specific document for analysis, I'll return a null response as instructed. Here's the structured output:

```json
{
  ""document_metadata"": {
    ""title"": null,
    ""document_number"": null,
    ""type_of_wind_farm"": null
  },
  ""regulatory_constraints"": null,
  ""regulatory_entities"": null
}
```

When you provide a document or text for analysis, I'll extract the relevant regulatory information according to the specified schema, focusing strictly on offshore wind farm regulations while excluding irrelevant content. 

For best results, please provide:
1. The complete document text
2. Any available metadata (title, document number)
3. Confirmation whether it concerns offshore or onshore wind farms

I'll then return a fully populated analysis with all extractable regulatory entities and constraints."
"49",296,"deepseek","deepseek-chat",True,"Understood. Since you haven't provided a specific document for analysis, I'll return a null response as instructed. Here's the structured output:

```json
{
  ""document_metadata"": {
    ""title"": null,
    ""document_number"": null,
    ""type_of_wind_farm"": null
  },
  ""regulatory_constraints"": null,
  ""regulatory_entities"": null
}
```

When you provide a document, I'll analyze it and extract the relevant regulatory information according to your specified format. Please share the document you'd like me to process, and I'll return a properly structured analysis with all applicable regulatory entities and constraints."
"49",297,"deepseek","deepseek-chat",True,"Understood! I'll analyze any technical document you provide related to offshore wind farm planning, construction, or operation, and extract structured regulatory information in the specified JSON format.  

Since you haven't provided a specific document yet, here’s an example of how I would structure the output if given a regulatory document:  

### **Example Output (for illustration purposes only)**  
```json
{
  ""document_metadata"": {
    ""title"": ""Offshore Wind Energy Development Guidelines"",
    ""document_number"": ""OWED-2023-001"",
    ""type_of_wind_farm"": ""Offshore""
  },
  ""regulatory_constraints"": [
    {
      ""type"": ""Environmental"",
      ""requirement"": ""Wind turbines must maintain a minimum clearance of 500 meters from known migratory bird paths."",
      ""scope"": ""North Sea offshore wind zones"",
      ""numerical_value"": ""500"",
      ""unit"": ""meters"",
      ""source"": ""EU Marine Strategy Framework Directive (MSFD)"",
      ""related_domains"": [""wildlife protection"", ""construction planning""]
    },
    {
      ""type"": ""Technical"",
      ""requirement"": ""Substation platforms must comply with ISO 19901-4 for structural design."",
      ""scope"": ""All offshore wind farm substations"",
      ""numerical_value"": null,
      ""unit"": null,
      ""source"": ""International Organization for Standardization (ISO)"",
      ""related_domains"": [""structural engineering"", ""safety""]
    }
  ],
  ""regulatory_entities"": [
    {
      ""entity_name"": ""Bureau of Ocean Energy Management (BOEM)"",
      ""jurisdiction"": ""Federal (U.S. Outer Continental Shelf)"",
      ""role"": ""Leasing and permitting authority for offshore wind projects""
    },
    {
      ""entity_name"": ""European Maritime Safety Agency (EMSA)"",
      ""jurisdiction"": ""European Union"",
      ""role"": ""Oversight of navigational safety near offshore installations""
    }
  ]
}
```

### **Next Steps**  
Please provide the **text or document** you'd like me to analyze, and I will extract the relevant regulatory data in the required JSON format.  

If the document contains no enforceable rules, I will return:  
```json
{
  ""document_metadata"": {
    ""title"": null,
    ""document_number"": null,
    ""type_of_wind_farm"": null
  },
  ""regulatory_constraints"": null,
  ""regulatory_entities"": null
}
```  

Let me know how you'd like to proceed!"
"49",298,"deepseek","deepseek-chat",True,"Understood. Since you haven't provided a specific document for analysis, I'll return a null response as instructed. When you provide a technical or regulatory document related to offshore wind farms, I'll analyze it and extract the relevant information in the structured JSON format you've specified.

```json
{
  ""document_metadata"": {
    ""title"": null,
    ""document_number"": null,
    ""type_of_wind_farm"": null
  },
  ""regulatory_constraints"": null,
  ""regulatory_entities"": null
}
```

Please share the document you'd like analyzed, and I'll extract all relevant regulatory entities and constraints according to your specifications. For offshore wind farms, I'll focus on maritime regulations, environmental protections, technical standards, and safety requirements while excluding any irrelevant zoning information."
"49",299,"deepseek","deepseek-chat",True,"Understood. Since you haven't provided a specific document for analysis, I'll return a null response as instructed. Here's the structured output:

```json
{
  ""document_metadata"": {
    ""title"": null,
    ""document_number"": null,
    ""type_of_wind_farm"": null
  },
  ""regulatory_constraints"": null,
  ""regulatory_entities"": null
}
```

When you provide a document, I'll analyze it and extract the relevant regulatory information according to the specified format, focusing only on concrete requirements and authoritative entities related to offshore wind farm development. I'll exclude any non-regulatory content and ensure all extracted data meets the criteria you've outlined."
"49",300,"deepseek","deepseek-chat",True,"Understood! Please provide the technical document or text you'd like me to analyze, and I will extract the relevant regulatory entities and constraints in the specified JSON format.  

If no document is provided, here is an example of the output structure with null values (per your instructions):  

```json
{
  ""document_metadata"": {
    ""title"": null,
    ""document_number"": null,
    ""type_of_wind_farm"": null
  },
  ""regulatory_constraints"": null,
  ""regulatory_entities"": null
}
```

When you share the document, I will:  
1. Strictly extract enforceable rules, standards, or jurisdictional requirements.  
2. Filter out non-regulatory or descriptive content.  
3. Structure the data according to the schema (including ISO/ASCE standards, spatial/environmental constraints, etc.).  

Let me know how you'd like to proceed!"
"49",301,"deepseek","deepseek-chat",True,"Understood. Since you haven't provided a specific document for analysis, I'll return a null response as instructed. Here's the structured output:

```json
{
  ""document_metadata"": {
    ""title"": null,
    ""document_number"": null,
    ""type_of_wind_farm"": null
  },
  ""regulatory_constraints"": null,
  ""regulatory_entities"": null
}
```

When you provide a document, I'll analyze it and extract the relevant regulatory information according to the specified format. Please share the document text or content you'd like me to process, and I'll return a properly structured response with any applicable regulations and entities found."
"49",302,"deepseek","deepseek-chat",True,"Understood. Since you haven't provided a specific document for analysis, I'll return a null response as per your instructions. Here's the structured output:

```json
{
  ""document_metadata"": {
    ""title"": null,
    ""document_number"": null,
    ""type_of_wind_farm"": null
  },
  ""regulatory_constraints"": null,
  ""regulatory_entities"": null
}
```

When you provide a document, I'll analyze it and extract:
1. All specific regulatory constraints with their exact requirements, numerical values (when present), and sources
2. All regulatory entities with their jurisdictions and roles
3. Document metadata including whether it applies to offshore or onshore wind farms

The output will strictly follow your requested JSON schema and only include directly regulatory information. Would you like to provide a document for analysis now?"
"49",303,"deepseek","deepseek-chat",True,"Understood! Since you haven't provided a specific document for analysis, I'll return a null response as instructed. Here’s the structured output:

```json
{
  ""document_metadata"": {
    ""title"": null,
    ""document_number"": null,
    ""type_of_wind_farm"": null
  },
  ""regulatory_constraints"": null,
  ""regulatory_entities"": null
}
```

If you provide a document (text, PDF, or other extractable content), I can analyze it and extract the relevant regulatory entities and constraints in the specified format. Let me know how you'd like to proceed!"
"49",304,"deepseek","deepseek-chat",True,"Understood. Since you haven't provided a specific document for analysis, I'll return a null response as per instruction #2. Here's the structured output:

```json
{
  ""document_metadata"": {
    ""title"": null,
    ""document_number"": null,
    ""type_of_wind_farm"": null
  },
  ""regulatory_constraints"": null,
  ""regulatory_entities"": null
}
```

When you provide a document, I'll analyze it according to the specified format and extract only the regulatory information that meets the criteria. For offshore wind farms, I'll focus on:
- International maritime regulations
- Environmental impact requirements
- Technical standards for offshore structures
- Safety protocols for marine operations
- Grid connection specifications

Would you like to provide a document for analysis now?"
"49",305,"deepseek","deepseek-chat",True,"Understood. Since you haven't provided a specific document for analysis, I'll return a null response as instructed. When you provide a document, I'll extract the relevant regulatory information according to the specified JSON format.

```json
{
  ""document_metadata"": {
    ""title"": null,
    ""document_number"": null,
    ""type_of_wind_farm"": null
  },
  ""regulatory_constraints"": null,
  ""regulatory_entities"": null
}
```

Please provide the document you'd like analyzed, and I'll extract the relevant regulatory information according to your specifications. For offshore wind farm documents, I'll focus on:
- International/national maritime regulations
- Technical standards (e.g., IEC 61400 series)
- Environmental protections
- Safety requirements
- Grid connection standards

I will exclude:
- General descriptive text
- Onshore zoning rules
- Non-binding recommendations
- Content unrelated to wind energy regulation"
"49",306,"deepseek","deepseek-chat",True,"Understood. Since you haven't provided a specific document for analysis, I'll return a null response as instructed. Here's the structured output:

```json
{
  ""document_metadata"": {
    ""title"": null,
    ""document_number"": null,
    ""type_of_wind_farm"": null
  },
  ""regulatory_constraints"": null,
  ""regulatory_entities"": null
}
```

When you provide a specific technical document related to offshore wind farm planning, construction, or operation, I'll analyze it and extract the relevant regulatory entities and constraints in the specified JSON format. The analysis will focus strictly on:
- Identifying authoritative regulatory bodies
- Extracting concrete requirements (spatial, technical, environmental, etc.)
- Capturing numerical standards when present
- Maintaining the precise structure you've defined

Please share the document you'd like analyzed, and I'll provide the structured regulatory information extraction."
"49",307,"deepseek","deepseek-chat",True,"Understood. Since you haven't provided a specific document for analysis, I'll return a null response as instructed. Here's the structured output:

```json
{
  ""document_metadata"": {
    ""title"": null,
    ""document_number"": null,
    ""type_of_wind_farm"": null
  },
  ""regulatory_constraints"": null,
  ""regulatory_entities"": null
}
```

When you provide a document, I'll analyze it and extract the relevant regulatory information according to the specified format, focusing strictly on:
1. Clear regulatory requirements with direct applicability to offshore wind farms
2. Authoritative entities with jurisdiction over such projects
3. Technical standards that must be complied with

I'll exclude:
- General descriptive content
- Onshore wind farm regulations
- Non-binding recommendations
- Zoning ordinances (for offshore projects)

Please share the document you'd like analyzed, and I'll provide the structured extraction."
"49",308,"deepseek","deepseek-chat",True,"Understood. Since you haven't provided a specific document for analysis, I'll return a null response as instructed. Here's the structured output:

```json
{
  ""document_metadata"": {
    ""title"": null,
    ""document_number"": null,
    ""type_of_wind_farm"": null
  },
  ""regulatory_constraints"": null,
  ""regulatory_entities"": null
}
```

When you provide a document, I'll analyze it and extract:
1. All specific regulatory requirements with their parameters
2. The authoritative entities mentioned
3. Relevant standards or specifications
4. Only concrete rules (not recommendations or guidance without enforcement)

For offshore wind projects, I'll particularly focus on:
- Marine spatial planning regulations
- Grid connection technical requirements
- Environmental impact thresholds
- Safety zones around installations
- International maritime regulations

Please share the document you'd like analyzed, and I'll provide the complete structured extraction."
"49",309,"deepseek","deepseek-chat",True,"Understood! Please provide the technical document or text you'd like me to analyze, and I will extract the relevant regulatory entities and constraints in the specified JSON format.  

If no document is provided, here’s an example of the output structure with null values (per instruction #2):  

```json
{
  ""document_metadata"": {
    ""title"": null,
    ""document_number"": null,
    ""type_of_wind_farm"": null
  },
  ""regulatory_constraints"": null,
  ""regulatory_entities"": null
}
```

Once you share the document, I will:  
1. Identify **Regulatory Entities** (e.g., BOEM, IMO, DNV).  
2. Extract **Regulatory Constraints** (e.g., setback distances, noise limits, safety standards).  
3. Structure the data strictly per your schema, filtering out non-regulatory content.  

Let me know how you'd like to proceed!"
"49",310,"deepseek","deepseek-chat",True,"Understood. Since I don't have access to a specific document to analyze, I'll provide an example output based on a hypothetical offshore wind farm regulatory document. When you provide an actual document, I'll analyze it and extract the relevant information strictly according to your requested JSON format.

Example Output (for illustration only):

```json
{
  ""document_metadata"": {
    ""title"": ""North Sea Offshore Wind Development Regulations 2023"",
    ""document_number"": ""NS-OWDR-2023-0042"",
    ""type_of_wind_farm"": ""Offshore""
  },
  ""regulatory_constraints"": [
    {
      ""type"": ""Environmental"",
      ""requirement"": ""All turbine foundations must undergo environmental impact assessment for marine life disturbance"",
      ""scope"": ""North Sea Exclusive Economic Zone"",
      ""numerical_value"": null,
      ""unit"": null,
      ""source"": ""OSPAR Convention Annex IV"",
      ""related_domains"": [""environmental"", ""construction""]
    },
    {
      ""type"": ""Technical"",
      ""requirement"": ""Wind turbines must withstand 1-minute mean wind speeds of 50 m/s at hub height"",
      ""scope"": ""All offshore installations"",
      ""numerical_value"": 50,
      ""unit"": ""m/s"",
      ""source"": ""IEC 61400-3"",
      ""related_domains"": [""technical"", ""safety""]
    }
  ],
  ""regulatory_entities"": [
    {
      ""entity_name"": ""Maritime and Coastguard Agency"",
      ""jurisdiction"": ""United Kingdom territorial waters"",
      ""role"": ""Safety regulation and enforcement""
    },
    {
      ""entity_name"": ""Bundesamt für Seeschifffahrt und Hydrographie"",
      ""jurisdiction"": ""German EEZ"",
      ""role"": ""Permitting and environmental compliance""
    }
  ]
}
```

To proceed with actual analysis, please provide:
1. The document text you'd like analyzed
2. Any specific pages/sections of focus
3. Clarification if you want only verbatim quotes or if paraphrasing is acceptable

I'll then extract only the regulatory information that meets your strict criteria, excluding any non-regulatory content. For offshore projects, I'll automatically filter out any zoning-related information as per your instruction."
"49",311,"deepseek","deepseek-chat",True,"Understood. Since you haven't provided a specific document for analysis, I'll return a null response as instructed. When you provide a document, I'll extract the relevant regulatory information in the specified JSON format.

```json
{
  ""document_metadata"": {
    ""title"": null,
    ""document_number"": null,
    ""type_of_wind_farm"": null
  },
  ""regulatory_constraints"": null,
  ""regulatory_entities"": null
}
```

Please provide the document you'd like analyzed, and I'll extract the relevant regulatory information according to your specifications. For offshore wind farm documents, I'll focus particularly on maritime regulations, environmental protections, technical standards, and safety requirements while excluding any irrelevant zoning information."
"49",312,"deepseek","deepseek-chat",True,"Understood. I'll process documents to extract strictly regulatory information about offshore wind farms in the specified JSON format. Since you haven't provided a specific document for analysis, here's a template response showing how I would structure the output if given a regulatory document:

```json
{
  ""document_metadata"": {
    ""title"": ""Example Offshore Wind Farm Development Guidelines"",
    ""document_number"": ""EWEA-2023-OSW-001"",
    ""type_of_wind_farm"": ""Offshore""
  },
  ""regulatory_constraints"": [
    {
      ""type"": ""Environmental"",
      ""requirement"": ""All turbine foundations must undergo environmental impact assessment for seabed disturbance"",
      ""scope"": ""All North Sea projects"",
      ""numerical_value"": null,
      ""unit"": null,
      ""source"": ""OSPAR Convention Annex V"",
      ""related_domains"": [""marine ecosystems"", ""construction""]
    },
    {
      ""type"": ""Technical"",
      ""requirement"": ""Substation platforms shall withstand wave heights with 100-year return period"",
      ""scope"": ""All offshore structures in Atlantic Ocean"",
      ""numerical_value"": 18.5,
      ""unit"": ""meters"",
      ""source"": ""IEC 61400-3-1"",
      ""related_domains"": [""structural engineering"", ""safety""]
    }
  ],
  ""regulatory_entities"": [
    {
      ""entity_name"": ""Bureau of Ocean Energy Management (BOEM)"",
      ""jurisdiction"": ""Federal (US Outer Continental Shelf)"",
      ""role"": ""Leasing and permitting authority""
    },
    {
      ""entity_name"": ""Marine Management Organisation"",
      ""jurisdiction"": ""National (UK waters)"",
      ""role"": ""Environmental regulation enforcement""
    }
  ]
}
```

When you provide an actual document, I will:
1. Scan for explicit requirements with regulatory language (shall/must/comply with)
2. Identify all authoritative bodies mentioned in regulatory contexts
3. Filter out non-binding recommendations or descriptive content
4. Apply offshore-specific filtering (ignoring zoning rules)
5. Capture both qualitative and quantitative requirements

Would you like to provide a document for analysis? For best results, please share PDFs, technical reports, or official guidelines containing actual regulatory language."
"49",313,"deepseek","deepseek-chat",True,"Understood. I'll analyze any provided document to extract regulatory entities and constraints related to offshore wind farms, following your specified JSON format. 

Since you haven't provided a specific document for analysis, here's an empty template showing how I would structure the output when no document is provided:

```json
{
  ""document_metadata"": {
    ""title"": null,
    ""document_number"": null,
    ""type_of_wind_farm"": null
  },
  ""regulatory_constraints"": null,
  ""regulatory_entities"": null
}
```

When you provide a document, I will:
1. Scan for explicit regulatory requirements (not guidance or recommendations)
2. Identify governing bodies with enforcement authority
3. Extract numerical standards where present
4. Classify constraints by type (Spatial, Technical, etc.)
5. Provide direct quotes or precise paraphrases of requirements

For offshore wind projects, I'll focus on:
- Marine spatial planning regulations
- Grid connection standards
- Environmental impact thresholds
- Safety zone requirements
- International maritime rules
- Technical standards for offshore structures

Would you like to provide a document for analysis?"
"49",314,"deepseek","deepseek-chat",True,"Understood. Since no specific document has been provided for analysis, I'll return a null response as instructed. Here is the structured output:

```json
{
  ""document_metadata"": {
    ""title"": null,
    ""document_number"": null,
    ""type_of_wind_farm"": null
  },
  ""regulatory_constraints"": null,
  ""regulatory_entities"": null
}
```

If you provide a technical or regulatory document related to offshore wind farms, I can analyze it and extract the relevant structured data as per the requested format. Let me know how you'd like to proceed!"
"49",315,"deepseek","deepseek-chat",True,"Understood! Please provide the technical document or text you'd like me to analyze, and I will extract the relevant regulatory entities and constraints in the specified JSON format.  

If no document is provided, here’s an example of how the output would look for a hypothetical offshore wind farm document:  

```json
{
  ""document_metadata"": {
    ""title"": ""Example Offshore Wind Farm Development Guidelines"",
    ""document_number"": ""EWF-2023-001"",
    ""type_of_wind_farm"": ""Offshore""
  },
  ""regulatory_constraints"": [
    {
      ""type"": ""Environmental"",
      ""requirement"": ""All turbine foundations must undergo an Environmental Impact Assessment (EIA) prior to construction."",
      ""scope"": ""All offshore wind projects in U.S. federal waters"",
      ""numerical_value"": null,
      ""unit"": null,
      ""source"": ""Bureau of Ocean Energy Management (BOEM)"",
      ""related_domains"": [""Environmental"", ""Permitting""]
    },
    {
      ""type"": ""Technical"",
      ""requirement"": ""Turbine structures must comply with IEC 61400-3 for offshore wind turbine design."",
      ""scope"": ""Global offshore wind installations"",
      ""numerical_value"": null,
      ""unit"": null,
      ""source"": ""International Electrotechnical Commission (IEC)"",
      ""related_domains"": [""Structural Engineering"", ""Safety""]
    },
    {
      ""type"": ""Spatial"",
      ""requirement"": ""Minimum clearance of 1 nautical mile between adjacent wind turbines."",
      ""scope"": ""North Sea offshore wind farms"",
      ""numerical_value"": 1,
      ""unit"": ""nautical mile"",
      ""source"": ""European Maritime Safety Agency (EMSA)"",
      ""related_domains"": [""Navigation Safety"", ""Layout Planning""]
    }
  ],
  ""regulatory_entities"": [
    {
      ""entity_name"": ""Bureau of Ocean Energy Management (BOEM)"",
      ""jurisdiction"": ""U.S. federal waters"",
      ""role"": ""Permitting and leasing authority for offshore wind projects""
    },
    {
      ""entity_name"": ""International Electrotechnical Commission (IEC)"",
      ""jurisdiction"": ""International"",
      ""role"": ""Standard-setting body for wind turbine design""
    },
    {
      ""entity_name"": ""European Maritime Safety Agency (EMSA)"",
      ""jurisdiction"": ""European Union"",
      ""role"": ""Ensures maritime safety and spatial planning compliance""
    }
  ]
}
```

**If the document does not contain regulatory information, the output will be:**  

```json
{
  ""document_metadata"": {
    ""title"": null,
    ""document_number"": null,
    ""type_of_wind_farm"": null
  },
  ""regulatory_constraints"": null,
  ""regulatory_entities"": null
}
```

Please share the document text, and I’ll extract the relevant data accordingly!"
"49",316,"deepseek","deepseek-chat",True,"Understood! Since you haven't provided a specific document for analysis, I'll return a null response as per your instructions. Here's the structured output:

```json
{
  ""document_metadata"": {
    ""title"": null,
    ""document_number"": null,
    ""type_of_wind_farm"": null
  },
  ""regulatory_constraints"": null,
  ""regulatory_entities"": null
}
```

When you provide a technical or regulatory document related to offshore wind farms, I'll analyze it and extract the relevant information in the specified JSON format, including:
- Regulatory constraints (spatial, technical, environmental, etc.)
- Regulatory entities (authorities, standard-setting bodies)
- Document metadata
- All with proper sourcing and contextual details

Please share the document you'd like analyzed, and I'll provide the structured extraction."
"49",317,"deepseek","deepseek-chat",True,"Understood. Since you haven't provided a specific document for analysis, I'll return a null response as instructed. Here's the structured output:

```json
{
  ""document_metadata"": {
    ""title"": null,
    ""document_number"": null,
    ""type_of_wind_farm"": null
  },
  ""regulatory_constraints"": null,
  ""regulatory_entities"": null
}
```

When you provide a document containing offshore wind farm regulatory information, I'll extract and structure the relevant entities and constraints according to the specified format. The analysis will focus exclusively on:
- Formal regulatory requirements with clear compliance obligations
- Authoritative bodies with regulatory jurisdiction
- Technical standards applicable to offshore wind development
- Quantifiable constraints with units where applicable

Would you like to provide a document for analysis now?"
"49",318,"deepseek","deepseek-chat",True,"Understood. Since you haven't provided a specific document for analysis, I'll return a null response as instructed. When you provide a technical or regulatory document related to offshore wind farms, I'll extract the relevant information and structure it according to the specified JSON format.

```json
{
  ""document_metadata"": {
    ""title"": null,
    ""document_number"": null,
    ""type_of_wind_farm"": null
  },
  ""regulatory_constraints"": null,
  ""regulatory_entities"": null
}
```

Please share the document you'd like analyzed, and I'll provide a detailed extraction of regulatory entities and constraints. For offshore wind projects, I'll focus on:
- International maritime regulations
- Environmental impact assessments
- Grid connection standards
- Safety zones around installations
- Technical specifications for offshore structures
- Relevant national/international regulatory bodies"
"49",319,"deepseek","deepseek-chat",True,"Understood. Since you haven't provided a specific document for analysis, I'll return a null response as instructed. When you provide a technical or regulatory document related to offshore wind farms, I'll extract the relevant information and structure it according to the specified JSON format.

```json
{
  ""document_metadata"": {
    ""title"": null,
    ""document_number"": null,
    ""type_of_wind_farm"": null
  },
  ""regulatory_constraints"": null,
  ""regulatory_entities"": null
}
```

To proceed, please provide:
1. The document text or a clear excerpt containing regulatory information
2. Any relevant metadata (title, document number, etc.) if available

I'll then analyze the content and return properly structured regulatory entities and constraints according to your requirements."
"49",320,"deepseek","deepseek-chat",True,"Understood. Since you haven't provided a specific document for analysis, I'll return a null response as instructed. When you provide a technical or regulatory document related to offshore wind farms, I'll extract the relevant information and structure it according to the specified JSON format.

```json
{
  ""document_metadata"": {
    ""title"": null,
    ""document_number"": null,
    ""type_of_wind_farm"": null
  },
  ""regulatory_constraints"": null,
  ""regulatory_entities"": null
}
```

Please share the document you'd like analyzed, and I'll provide a structured extraction of any regulatory entities and constraints it contains. For offshore wind farms, I'll focus on relevant regulations while excluding zoning ordinances and including applicable standards."
"49",321,"deepseek","deepseek-chat",True,"Understood. Since you haven't provided a specific document for analysis, I'll return a null response as instructed when no regulatory content is available. Here's the structured output:

```json
{
  ""document_metadata"": {
    ""title"": null,
    ""document_number"": null,
    ""type_of_wind_farm"": null
  },
  ""regulatory_constraints"": null,
  ""regulatory_entities"": null
}
```

When you provide a technical or regulatory document related to offshore wind farms, I will:
1. Extract only binding regulatory requirements
2. Categorize constraints by type (Spatial/Technical/Environmental/etc.)
3. Identify all authoritative regulatory bodies
4. Capture numerical standards with units where applicable
5. Exclude non-regulatory descriptive content

Please share the document you'd like analyzed, and I'll provide the structured extraction."
"49",322,"deepseek","deepseek-chat",True,"Understood. Since you haven't provided a specific document for analysis, I'll return a null response as instructed. Here's the structured output:

```json
{
  ""document_metadata"": {
    ""title"": null,
    ""document_number"": null,
    ""type_of_wind_farm"": null
  },
  ""regulatory_constraints"": null,
  ""regulatory_entities"": null
}
```

When you provide a technical document related to offshore wind farm regulations, I'll analyze it and extract the relevant regulatory entities and constraints according to the specified JSON structure. The analysis will focus exclusively on:
- Formal regulatory requirements
- Authoritative standards
- Governing bodies with regulatory authority
- Quantifiable constraints with clear units
- Jurisdictional boundaries

Would you like to upload a document for analysis now?"
"49",323,"deepseek","deepseek-chat",True,"Understood. Since you haven't provided a specific document for analysis, I'll return a null response as instructed. When you provide a technical or regulatory document related to offshore wind farms, I'll extract the relevant information in the specified JSON format.

```json
{
  ""document_metadata"": {
    ""title"": null,
    ""document_number"": null,
    ""type_of_wind_farm"": null
  },
  ""regulatory_constraints"": null,
  ""regulatory_entities"": null
}
```

Please share the document you'd like analyzed, and I'll extract the regulatory entities and constraints according to your specifications. I'm particularly adept at processing:
- Environmental Impact Assessments
- Permitting documents
- Technical standards (IEC, ISO, etc.)
- Maritime spatial planning regulations
- Grid connection requirements
- Safety and navigation rules"
"49",324,"deepseek","deepseek-chat",True,"Understood! Since you haven't provided a specific document for analysis, I'll return a null response as instructed. Here's the structured output:

```json
{
  ""document_metadata"": {
    ""title"": null,
    ""document_number"": null,
    ""type_of_wind_farm"": null
  },
  ""regulatory_constraints"": null,
  ""regulatory_entities"": null
}
```

When you provide a technical or regulatory document related to offshore wind farms, I'll analyze it and extract the relevant entities and constraints in the specified JSON format. Please share the document text or key excerpts you'd like processed. 

For best results, provide:
1. Official regulatory documents (e.g., BOEM notices, IMO regulations)
2. Technical standards (e.g., IEC 61400 series for offshore wind)
3. Environmental impact assessments
4. Permitting guidelines from relevant authorities"
"49",325,"deepseek","deepseek-chat",True,"Understood. Since you haven't provided a specific document for analysis, I'll return a null response as instructed. Here's the structured output:

```json
{
  ""document_metadata"": {
    ""title"": null,
    ""document_number"": null,
    ""type_of_wind_farm"": null
  },
  ""regulatory_constraints"": null,
  ""regulatory_entities"": null
}
```

When you provide a document, I'll analyze it and extract the relevant regulatory information according to the specified format. The analysis will focus exclusively on:
- Concrete regulatory requirements with direct applicability to offshore wind farms
- Authoritative regulatory bodies with jurisdiction over such projects
- Technical standards that must be complied with

Would you like to provide a document for analysis now?"
"49",326,"deepseek","deepseek-chat",True,"Understood. Since no specific document has been provided for analysis, I'll return a null response as instructed. Here is the structured output:

```json
{
  ""document_metadata"": {
    ""title"": null,
    ""document_number"": null,
    ""type_of_wind_farm"": null
  },
  ""regulatory_constraints"": null,
  ""regulatory_entities"": null
}
```

If you provide a document or specific content to analyze, I can extract the relevant regulatory entities and constraints in the required format. Let me know how you'd like to proceed!"
"49",327,"deepseek","deepseek-chat",True,"Understood! Please provide the technical document or text you'd like me to analyze, and I will extract the relevant regulatory entities and constraints in the specified JSON format.  

If no document is provided, here is an example of an empty output (as per instruction #2):  

```json
{
  ""document_metadata"": {
    ""title"": null,
    ""document_number"": null,
    ""type_of_wind_farm"": null
  },
  ""regulatory_constraints"": null,
  ""regulatory_entities"": null
}
```

When you share the document, I will:  
- Strictly extract enforceable rules, standards, or jurisdictional requirements.  
- Filter out non-regulatory content (e.g., recommendations without legal force).  
- Adhere to offshore-specific exclusions (e.g., zoning ordinances).  
- Include standards (e.g., ISO 19901-5 for offshore structures) even if numerical values are absent.  

Let me know how you'd like to proceed!"
"49",328,"deepseek","deepseek-chat",True,"Understood. Since you haven't provided a specific document for analysis, I'll return a null response as instructed. Here's the structured output:

```json
{
  ""document_metadata"": {
    ""title"": null,
    ""document_number"": null,
    ""type_of_wind_farm"": null
  },
  ""regulatory_constraints"": null,
  ""regulatory_entities"": null
}
```

When you provide a document containing offshore wind farm regulatory information, I'll analyze it and extract the relevant entities and constraints according to the specified format. The analysis will focus strictly on:
- Formal regulatory requirements with clear constraints
- Authoritative regulatory bodies
- Technical standards with direct applicability
- Offshore-specific regulations (excluding zoning ordinances)

Please share the document you'd like analyzed, and I'll provide the structured extraction."
"49",329,"deepseek","deepseek-chat",True,"Understood! Since you haven't provided a specific document for analysis, I'll return a null response as instructed. Here's the structured output:  

```json
{
  ""document_metadata"": {
    ""title"": null,
    ""document_number"": null,
    ""type_of_wind_farm"": null
  },
  ""regulatory_constraints"": null,
  ""regulatory_entities"": null
}
```

If you provide a document (text, PDF, or other extractable content), I can analyze it and extract the relevant regulatory entities and constraints in the structured JSON format.  

Let me know how you'd like to proceed!"
"49",330,"deepseek","deepseek-chat",True,"Understood! Since you haven't provided a specific document for analysis, I'll return a null response as instructed. Here's the structured output:

```json
{
  ""document_metadata"": {
    ""title"": null,
    ""document_number"": null,
    ""type_of_wind_farm"": null
  },
  ""regulatory_constraints"": null,
  ""regulatory_entities"": null
}
```

When you provide a document, I'll analyze it and extract the relevant regulatory entities and constraints according to the given schema. Please share the document text or key details you'd like analyzed. 

For offshore wind farm documents, I'll specifically focus on:
- International maritime regulations
- Federal/state environmental and safety requirements
- Technical standards for offshore structures
- Grid connection and electrical standards
- Exclusion of zoning ordinances as instructed"
"49",331,"deepseek","deepseek-chat",True,"Understood! Since you haven't provided a specific document for analysis, I'll return a null response as instructed. Here's the structured output:

```json
{
  ""document_metadata"": {
    ""title"": null,
    ""document_number"": null,
    ""type_of_wind_farm"": null
  },
  ""regulatory_constraints"": null,
  ""regulatory_entities"": null
}
```

When you provide a document (text, PDF, or other format), I'll analyze it and extract the relevant regulatory entities and constraints according to the specified JSON schema. 

Some examples of what I can extract from a real document:
- Environmental constraints like ""Turbine foundations must maintain a minimum clearance of 30m from seabed habitats""
- Technical standards like ""All electrical systems shall comply with IEC 61400-24 for lightning protection""
- Regulatory bodies like ""Bundesamt für Seeschifffahrt und Hydrographie (BSH) - German federal authority for maritime jurisdiction""

Please share the document you'd like analyzed, and I'll provide the structured extraction."
"49",332,"deepseek","deepseek-chat",True,"Understood! Since you haven't provided a specific document for analysis, I'll return a null response as instructed. If you share a document, I can extract the relevant regulatory information in the structured JSON format you've defined.

```json
{
  ""document_metadata"": {
    ""title"": null,
    ""document_number"": null,
    ""type_of_wind_farm"": null
  },
  ""regulatory_constraints"": null,
  ""regulatory_entities"": null
}
```

Please provide the document you'd like analyzed, and I'll extract the relevant regulatory and technical information accordingly."
"49",333,"deepseek","deepseek-chat",True,"Understood. Since you haven't provided a specific document for analysis, I'll return a null response as instructed. Here's the structured output:

```json
{
  ""document_metadata"": {
    ""title"": null,
    ""document_number"": null,
    ""type_of_wind_farm"": null
  },
  ""regulatory_constraints"": null,
  ""regulatory_entities"": null
}
```

When you provide a technical or regulatory document related to offshore wind farms, I'll analyze it and extract the relevant entities and constraints according to the specified JSON structure. Please share the document text you'd like me to process."
"49",334,"deepseek","deepseek-chat",True,"Understood. Since you haven't provided a specific document for analysis, I'll return a null response as instructed. Here's the structured output:

```json
{
  ""document_metadata"": {
    ""title"": null,
    ""document_number"": null,
    ""type_of_wind_farm"": null
  },
  ""regulatory_constraints"": null,
  ""regulatory_entities"": null
}
```

When you provide a technical document related to offshore wind farm planning, construction, or operation, I'll analyze it and extract the relevant regulatory information in the specified structured format. The analysis will focus on:

1. Identifying concrete regulatory requirements (not guidelines or recommendations)
2. Extracting numerical values and units where specified
3. Capturing the authoritative sources for each constraint
4. Documenting all relevant regulatory bodies and their jurisdictions

Please share the document you'd like analyzed, and I'll provide the structured regulatory extraction."
"49",335,"deepseek","deepseek-chat",True,"Understood. Since you haven't provided a specific document for analysis, I'll return a null response as instructed. Here's the structured output:

```json
{
  ""document_metadata"": {
    ""title"": null,
    ""document_number"": null,
    ""type_of_wind_farm"": null
  },
  ""regulatory_constraints"": null,
  ""regulatory_entities"": null
}
```

When you provide a document, I'll analyze it and extract:
1. Specific regulatory constraints with their exact requirements, scope, and numerical values where applicable
2. All relevant regulatory entities with their jurisdictions and roles
3. Proper classification of constraint types (Spatial, Technical, Environmental, etc.)

The output will strictly follow your requested JSON schema and exclude any non-regulatory content. Would you like to provide a document for analysis now?"
"49",336,"deepseek","deepseek-chat",True,"Understood. Since no specific document has been provided for analysis, I'll return a null response as instructed. If you provide a document, I can extract the relevant regulatory information and structure it according to the requested JSON format.

```json
{
  ""document_metadata"": {
    ""title"": null,
    ""document_number"": null,
    ""type_of_wind_farm"": null
  },
  ""regulatory_constraints"": null,
  ""regulatory_entities"": null
}
``` 

To proceed with actual extraction, please provide:
1. The document text or a clear excerpt containing regulatory content
2. Any available metadata (title, document number, etc.)
3. Confirmation of whether it pertains to offshore or onshore wind farms

I'll then analyze it strictly for the two requested information types (regulatory entities and constraints) following all your specified rules."
"49",337,"deepseek","deepseek-chat",True,"Understood! I'll analyze any technical document you provide related to offshore wind farm planning, construction, or operation, and extract structured regulatory data in the specified JSON format.  

Since you haven't provided a specific document yet, here’s an example of how I would structure the output if given a regulatory document:  

### **Example Output (Based on a Hypothetical Document)**  
```json
{
  ""document_metadata"": {
    ""title"": ""Offshore Wind Energy Development Guidelines"",
    ""document_number"": ""OWED-2023-001"",
    ""type_of_wind_farm"": ""Offshore""
  },
  ""regulatory_constraints"": [
    {
      ""type"": ""Spatial"",
      ""requirement"": ""Wind turbines must be spaced at least 1 nautical mile apart to minimize wake effects."",
      ""scope"": ""All offshore wind farms in U.S. federal waters"",
      ""numerical_value"": ""1"",
      ""unit"": ""nautical mile"",
      ""source"": ""Bureau of Ocean Energy Management (BOEM)"",
      ""related_domains"": ""Technical, Energy Efficiency""
    },
    {
      ""type"": ""Environmental"",
      ""requirement"": ""Offshore wind projects must conduct a full Environmental Impact Assessment (EIA) before construction."",
      ""scope"": ""Projects exceeding 100 MW capacity in EU waters"",
      ""numerical_value"": ""100"",
      ""unit"": ""MW"",
      ""source"": ""EU Offshore Renewable Energy Directive"",
      ""related_domains"": ""Environmental, Legal""
    },
    {
      ""type"": ""Technical"",
      ""requirement"": ""Turbine foundations must comply with ISO 19901-5 for structural integrity."",
      ""scope"": ""Global offshore wind projects"",
      ""numerical_value"": null,
      ""unit"": null,
      ""source"": ""International Organization for Standardization (ISO)"",
      ""related_domains"": ""Structural Engineering, Safety""
    }
  ],
  ""regulatory_entities"": [
    {
      ""entity_name"": ""Bureau of Ocean Energy Management (BOEM)"",
      ""jurisdiction"": ""Federal (U.S.)"",
      ""role"": ""Leasing and permitting for offshore wind projects""
    },
    {
      ""entity_name"": ""European Maritime Safety Agency (EMSA)"",
      ""jurisdiction"": ""Regional (EU)"",
      ""role"": ""Safety and environmental enforcement for offshore energy""
    }
  ]
}
```

### **Next Steps**  
Please provide the document you'd like analyzed, and I will extract the relevant regulatory entities and constraints in this structured format.  

Let me know if you'd like any refinements to the output structure before proceeding!"
"49",338,"deepseek","deepseek-chat",True,"Understood! Please provide the technical document or text you'd like me to analyze, and I will extract the relevant regulatory entities and constraints in the specified JSON format.  

If no document is provided, here’s an example of how the output would look for a hypothetical offshore wind farm regulation document:  

```json
{
  ""document_metadata"": {
    ""title"": ""Example Offshore Wind Farm Development Guidelines"",
    ""document_number"": ""EWF-2023-001"",
    ""type_of_wind_farm"": ""Offshore""
  },
  ""regulatory_constraints"": [
    {
      ""type"": ""Environmental"",
      ""requirement"": ""All wind turbines must maintain a minimum clearance of 1 km from identified marine protected areas."",
      ""scope"": ""North Sea offshore wind projects"",
      ""numerical_value"": ""1"",
      ""unit"": ""km"",
      ""source"": ""Marine Spatial Planning Directive 2022"",
      ""related_domains"": [""environmental"", ""spatial""]
    },
    {
      ""type"": ""Technical"",
      ""requirement"": ""Offshore substations must comply with IEC 61400-3 standards for structural design."",
      ""scope"": ""Global offshore wind projects"",
      ""numerical_value"": null,
      ""unit"": null,
      ""source"": ""International Electrotechnical Commission (IEC)"",
      ""related_domains"": [""technical"", ""safety""]
    }
  ],
  ""regulatory_entities"": [
    {
      ""entity_name"": ""Bureau of Ocean Energy Management (BOEM)"",
      ""jurisdiction"": ""Federal (U.S. Outer Continental Shelf)"",
      ""role"": ""Leasing and permitting authority for offshore wind projects""
    },
    {
      ""entity_name"": ""European Maritime Safety Agency (EMSA)"",
      ""jurisdiction"": ""European Union"",
      ""role"": ""Oversight of maritime safety and environmental compliance""
    }
  ]
}
```

If you provide the actual document text, I will analyze it and return a structured output following these guidelines. Let me know how you'd like to proceed!"
"49",339,"deepseek","deepseek-chat",True,"Understood. Since you haven't provided a specific document for analysis, I'll return a null output as per instruction #2. When you provide a document, I'll extract the relevant regulatory information in the specified JSON format.

```json
{
  ""document_metadata"": {
    ""title"": null,
    ""document_number"": null,
    ""type_of_wind_farm"": null
  },
  ""regulatory_constraints"": null,
  ""regulatory_entities"": null
}
```

Please provide the technical or regulatory document you'd like analyzed, and I'll extract the relevant information following all the specified guidelines for offshore wind farm regulations."
"49",340,"deepseek","deepseek-chat",True,"Understood. Since you haven't provided a specific document for analysis, I'll return a null response as instructed. Here's the structured output:

```json
{
  ""document_metadata"": {
    ""title"": null,
    ""document_number"": null,
    ""type_of_wind_farm"": null
  },
  ""regulatory_constraints"": null,
  ""regulatory_entities"": null
}
```

When you provide a technical document related to offshore wind farm regulations, I'll analyze it and extract the relevant regulatory entities and constraints according to the specified JSON structure. The analysis will focus exclusively on:
- Formal regulatory requirements with clear compliance obligations
- Authoritative bodies with regulatory jurisdiction
- Technical standards with direct applicability to wind farm development
- Quantifiable constraints with numerical values where present

Please share the document you'd like analyzed, and I'll provide the structured extraction."
"49",341,"deepseek","deepseek-chat",True,"Understood! Please provide the technical document or text you'd like me to analyze, and I will extract the relevant regulatory entities and constraints in the specified JSON format. 

If you don't provide a document, here’s an example of how the output would look for a hypothetical offshore wind farm regulation document:

```json
{
  ""document_metadata"": {
    ""title"": ""Guidelines for Offshore Wind Farm Development in the North Sea"",
    ""document_number"": ""NSW-2023-001"",
    ""type_of_wind_farm"": ""Offshore""
  },
  ""regulatory_constraints"": [
    {
      ""type"": ""Environmental"",
      ""requirement"": ""All offshore wind turbines must maintain a minimum distance of 1 km from marine protected areas."",
      ""scope"": ""North Sea offshore wind projects"",
      ""numerical_value"": ""1"",
      ""unit"": ""km"",
      ""source"": ""North Sea Wind Energy Authority (NSWEA)"",
      ""related_domains"": [""environmental"", ""spatial""]
    },
    {
      ""type"": ""Technical"",
      ""requirement"": ""Turbine foundations must comply with ISO 19901-4 for offshore structural design."",
      ""scope"": ""All offshore wind turbines"",
      ""numerical_value"": null,
      ""unit"": null,
      ""source"": ""International Organization for Standardization (ISO)"",
      ""related_domains"": [""technical"", ""safety""]
    }
  ],
  ""regulatory_entities"": [
    {
      ""entity_name"": ""North Sea Wind Energy Authority (NSWEA)"",
      ""jurisdiction"": ""Regional (North Sea)"",
      ""role"": ""Permitting and environmental compliance enforcement""
    },
    {
      ""entity_name"": ""International Organization for Standardization (ISO)"",
      ""jurisdiction"": ""International"",
      ""role"": ""Setting technical standards for offshore structures""
    }
  ]
}
```

If you share the actual document, I will extract the exact regulatory details from it. Let me know how you'd like to proceed!"
"49",342,"deepseek","deepseek-chat",True,"Understood! Please provide the technical document or text you'd like me to analyze, and I will extract the relevant regulatory entities and constraints in the specified JSON format.  

If the document does not contain any relevant regulations, I will return:  

```json
{
  ""document_metadata"": {
    ""title"": null,
    ""document_number"": null,
    ""type_of_wind_farm"": null
  },
  ""regulatory_constraints"": null,
  ""regulatory_entities"": null
}
```  

Otherwise, I will structure the findings according to the given schema.  

Please share the document text, and I will proceed with the analysis."
"49",343,"deepseek","deepseek-chat",True,"Understood. Since you haven't provided a specific document for analysis, I'll return a null response as per instruction #2. Here's the structured output:

```json
{
  ""document_metadata"": {
    ""title"": null,
    ""document_number"": null,
    ""type_of_wind_farm"": null
  },
  ""regulatory_constraints"": null,
  ""regulatory_entities"": null
}
```

When you provide a technical or regulatory document related to offshore wind farms, I'll analyze it and extract the relevant entities and constraints according to the specified JSON schema. The analysis will include:

1. Identifying all authoritative regulatory bodies
2. Extracting specific numerical requirements (e.g., clearance distances, noise limits)
3. Categorizing constraints by type (spatial, technical, etc.)
4. Documenting exact requirement language and sources
5. Filtering out non-regulatory content

Please share a document when you're ready for analysis."
"49",344,"deepseek","deepseek-chat",True,"Understood. Since you haven't provided a specific document for analysis, I'll return a null response as instructed. Here's the structured output:

```json
{
  ""document_metadata"": {
    ""title"": null,
    ""document_number"": null,
    ""type_of_wind_farm"": null
  },
  ""regulatory_constraints"": null,
  ""regulatory_entities"": null
}
```

When you provide a technical or regulatory document related to offshore wind farms, I'll analyze it and extract the relevant regulatory entities and constraints according to the specified JSON structure. The analysis will focus exclusively on:
- Formal regulations with specific requirements
- Authoritative regulatory bodies
- Technical/environmental standards with measurable criteria
- Jurisdictional boundaries affecting wind farm development

Please share the document you'd like analyzed, and I'll provide the structured extraction."
"49",345,"deepseek","deepseek-chat",True,"Understood! Please provide the technical document or text you'd like me to analyze, and I will extract the relevant regulatory entities and constraints, returning the structured JSON output as specified.  

If the document does not contain clear regulatory information, I will return:  

```json
{
  ""document_metadata"": {
    ""title"": null,
    ""document_number"": null,
    ""type_of_wind_farm"": null
  },
  ""regulatory_constraints"": [],
  ""regulatory_entities"": []
}
```

Otherwise, I will populate the JSON with extracted data. Let me know the document content you'd like processed!"
"49",346,"deepseek","deepseek-chat",True,"Understood. I'll analyze any document you provide and extract the requested regulatory information in the specified JSON format. 

Since you haven't provided a specific document for analysis, here's a template response showing how I would structure the output when given relevant regulatory documents:

```json
{
  ""document_metadata"": {
    ""title"": ""Example Offshore Wind Energy Regulations"",
    ""document_number"": ""DOC-2023-OWF-001"",
    ""type_of_wind_farm"": ""Offshore""
  },
  ""regulatory_constraints"": [
    {
      ""type"": ""Environmental"",
      ""requirement"": ""All wind turbine foundations must undergo environmental impact assessment prior to installation"",
      ""scope"": ""All offshore wind projects in US waters"",
      ""numerical_value"": null,
      ""unit"": null,
      ""source"": ""Bureau of Ocean Energy Management (BOEM)"",
      ""related_domains"": [""environmental"", ""construction""]
    },
    {
      ""type"": ""Technical"",
      ""requirement"": ""Turbines must maintain minimum clearance of 22 meters between lowest blade point and highest astronomical tide"",
      ""scope"": ""North Sea offshore wind farms"",
      ""numerical_value"": 22,
      ""unit"": ""meters"",
      ""source"": ""International Electrotechnical Commission IEC 61400-3"",
      ""related_domains"": [""safety"", ""technical""]
    }
  ],
  ""regulatory_entities"": [
    {
      ""entity_name"": ""Bureau of Ocean Energy Management (BOEM)"",
      ""jurisdiction"": ""Federal (United States)"",
      ""role"": ""Leasing and permitting authority for offshore wind projects""
    },
    {
      ""entity_name"": ""International Electrotechnical Commission"",
      ""jurisdiction"": ""International"",
      ""role"": ""Setting technical standards for offshore wind turbines""
    }
  ]
}
```

When you provide an actual document, I will:
1. Carefully analyze only the regulatory content
2. Extract specific requirements with their parameters
3. Identify authoritative entities
4. Structure the information exactly as shown in the template
5. Return null for all values if no regulations are found

Please share the document you'd like me to analyze, and I'll provide the structured regulatory extraction."
"49",347,"deepseek","deepseek-chat",True,"Understood. Since you haven't provided a specific document for analysis, I'll return a null response as instructed. When you provide a technical or regulatory document related to offshore wind farms, I'll extract the relevant information and structure it according to the specified JSON format.

```json
{
  ""document_metadata"": {
    ""title"": null,
    ""document_number"": null,
    ""type_of_wind_farm"": null
  },
  ""regulatory_constraints"": null,
  ""regulatory_entities"": null
}
```

Please share the document you'd like analyzed, and I'll extract the regulatory entities and constraints according to the given schema. For offshore wind farms, I'll focus on:
- International/national maritime regulations
- Technical standards (e.g., IEC 61400 series)
- Environmental protections (e.g., marine mammal impacts)
- Grid connection requirements
- Safety standards for offshore operations

I'll exclude any onshore zoning or land-use regulations."
"49",348,"deepseek","deepseek-chat",True,"Understood. Since you haven't provided a specific document for analysis, I'll return a null response as instructed. When you provide a technical or regulatory document related to offshore wind farms, I'll extract the relevant information and structure it according to the specified JSON format.

```json
{
  ""document_metadata"": {
    ""title"": null,
    ""document_number"": null,
    ""type_of_wind_farm"": null
  },
  ""regulatory_constraints"": null,
  ""regulatory_entities"": null
}
```

Please share the document you'd like analyzed, and I'll extract the regulatory entities and constraints according to the given schema. For offshore wind farms, I'll focus on maritime regulations, environmental protections, technical standards, and safety requirements while excluding zoning ordinances."
"49",349,"deepseek","deepseek-chat",True,"Understood. Since you haven't provided a specific document for analysis, I'll return a null response as per your instructions. Here's the structured output:

```json
{
  ""document_metadata"": {
    ""title"": null,
    ""document_number"": null,
    ""type_of_wind_farm"": null
  },
  ""regulatory_constraints"": null,
  ""regulatory_entities"": null
}
```

When you provide a technical or regulatory document related to offshore wind farms, I'll analyze it and extract the relevant regulatory entities and constraints according to your specified JSON format. The analysis will focus exclusively on:
- Clear regulatory requirements with specific constraints
- Official standards and specifications
- Authoritative regulatory bodies
- Only offshore-related regulations (excluding onshore/zoning ordinances)

Please share the document you'd like analyzed, and I'll provide the structured extraction."
"49",350,"deepseek","deepseek-chat",True,"Understood! Since you haven't provided a specific document for analysis, I'll return a null response as instructed. Here's the structured output:

```json
{
  ""document_metadata"": {
    ""title"": null,
    ""document_number"": null,
    ""type_of_wind_farm"": null
  },
  ""regulatory_constraints"": null,
  ""regulatory_entities"": null
}
```

When you provide a document, I'll analyze it and extract the relevant regulatory entities and constraints according to the specified JSON format. Please share the document text or key details you'd like analyzed. 

For offshore wind farm documents, I'll focus on:
- International maritime regulations
- Environmental impact assessments
- Grid connection standards
- Safety zones around installations
- Vessel traffic management rules
- Cable protection requirements

Would you like to proceed with a specific document or regulation set?"
"49",351,"deepseek","deepseek-chat",True,"Understood. Since you haven't provided a specific document for analysis, I'll return a null response as instructed. When you provide a document, I'll analyze it and extract the relevant regulatory information in the specified JSON format.

```json
{
  ""document_metadata"": {
    ""title"": null,
    ""document_number"": null,
    ""type_of_wind_farm"": null
  },
  ""regulatory_constraints"": null,
  ""regulatory_entities"": null
}
```

Please provide the document you'd like analyzed, and I'll extract the relevant regulatory information according to your specifications. For offshore wind farm documents, I'll focus on:
- International maritime regulations
- Federal/state environmental and safety requirements
- Technical standards for offshore structures
- Grid connection specifications
- Navigation safety constraints

I will exclude any onshore zoning ordinances or irrelevant content."
"49",352,"deepseek","deepseek-chat",True,"Understood. Since you haven't provided a specific document for analysis, I'll return a null response as instructed. Here's the structured output:

```json
{
  ""document_metadata"": {
    ""title"": null,
    ""document_number"": null,
    ""type_of_wind_farm"": null
  },
  ""regulatory_constraints"": null,
  ""regulatory_entities"": null
}
```

When you provide a document, I'll analyze it and extract:
1. All specific regulatory requirements with their parameters
2. The authoritative entities mentioned
3. The document metadata

For offshore wind projects, I'll particularly focus on:
- Marine spatial planning constraints
- Grid connection technical standards
- Environmental impact thresholds
- Safety zone requirements
- International maritime regulations

Would you like to provide a document for analysis now?"
"49",353,"deepseek","deepseek-chat",True,"Understood! Please provide the technical document or text you'd like me to analyze, and I will extract the relevant regulatory entities and constraints in the specified JSON format.  

If no document is provided, here is an example of the output structure with null values (per your instructions):  

```json
{
  ""document_metadata"": {
    ""title"": null,
    ""document_number"": null,
    ""type_of_wind_farm"": null
  },
  ""regulatory_constraints"": null,
  ""regulatory_entities"": null
}
```

When you share the document, I will:  
1. Identify and categorize **regulatory constraints** (e.g., spatial, technical, environmental).  
2. Extract **regulatory entities** (e.g., agencies, standards bodies).  
3. Filter out non-regulatory or descriptive content.  
4. Structure the data strictly per your JSON schema.  

Let me know how you'd like to proceed!"
"49",354,"deepseek","deepseek-chat",True,"Understood. Since you haven't provided a specific document for analysis, I'll return a null response as instructed. Here's the structured output:

```json
{
  ""document_metadata"": {
    ""title"": null,
    ""document_number"": null,
    ""type_of_wind_farm"": null
  },
  ""regulatory_constraints"": null,
  ""regulatory_entities"": null
}
```

When you provide a document, I'll analyze it and extract:
1. All specific regulatory requirements with their parameters
2. The authoritative entities mentioned
3. The document metadata
4. Only concrete rules/standards (not guidance or recommendations)

The output will strictly follow your requested JSON schema and focus exclusively on offshore wind farm regulatory information."
"49",355,"deepseek","deepseek-chat",True,"Understood. Since you haven't provided a specific document for analysis, I'll return a null response as instructed. Here's the structured output:

```json
{
  ""document_metadata"": {
    ""title"": null,
    ""document_number"": null,
    ""type_of_wind_farm"": null
  },
  ""regulatory_constraints"": null,
  ""regulatory_entities"": null
}
```

When you provide a technical document related to offshore wind farm regulations, I'll analyze it and extract the relevant regulatory entities and constraints according to the specified JSON structure. The output will include:
- Precise regulatory requirements with their types (spatial, technical, etc.)
- Numerical values with units when available
- Clear sourcing of each constraint
- Properly categorized regulatory bodies with their jurisdictions

Please share the document you'd like analyzed, and I'll provide the structured extraction."
"49",356,"deepseek","deepseek-chat",True,"Understood. Since you haven't provided a specific document for analysis, I'll return a null response as instructed. Here's the structured output:

```json
{
  ""document_metadata"": {
    ""title"": null,
    ""document_number"": null,
    ""type_of_wind_farm"": null
  },
  ""regulatory_constraints"": null,
  ""regulatory_entities"": null
}
```

When you provide a technical document related to offshore wind farm planning, construction, or operation, I'll analyze it and extract the relevant regulatory entities and constraints according to the specified schema. The analysis will focus exclusively on:
1) Formal regulatory requirements with specific rules or standards
2) Official regulatory bodies with authority over wind farm projects
3) Offshore-specific regulations (excluding zoning ordinances)

Please share the document you'd like analyzed, and I'll provide the structured extraction."
"49",357,"deepseek","deepseek-chat",True,"Understood. Since you haven't provided a specific document for analysis, I'll return a null response as instructed. Here's the structured output:

```json
{
  ""document_metadata"": {
    ""title"": null,
    ""document_number"": null,
    ""type_of_wind_farm"": null
  },
  ""regulatory_constraints"": null,
  ""regulatory_entities"": null
}
```

When you provide a technical document related to offshore wind farm regulations, I'll analyze it and extract the relevant regulatory entities and constraints according to the specified JSON structure. The analysis will focus exclusively on:
1) Clear regulatory requirements with specific constraints
2) Authoritative regulatory bodies
3) Offshore-specific regulations (excluding zoning ordinances)
4) Both qualitative and quantitative standards

Please share the document you'd like analyzed, and I'll provide the structured extraction."
"49",358,"deepseek","deepseek-chat",True,"Understood! Please provide the technical document or text you'd like me to analyze, and I will extract the relevant regulatory entities and constraints in the specified JSON format.  

If no document is provided, here’s an example of an empty output (as per your instructions):  

```json
{
  ""document_metadata"": {
    ""title"": null,
    ""document_number"": null,
    ""type_of_wind_farm"": null
  },
  ""regulatory_constraints"": [],
  ""regulatory_entities"": []
}
```

Once you share the document, I will parse it and return a structured output following your guidelines. Let me know if you'd like any refinements to the format or extraction rules."
"49",359,"deepseek","deepseek-chat",True,"Understood. Since you haven't provided a specific document for analysis, I'll return a null response as instructed. Here's the structured output:

```json
{
  ""document_metadata"": {
    ""title"": null,
    ""document_number"": null,
    ""type_of_wind_farm"": null
  },
  ""regulatory_constraints"": null,
  ""regulatory_entities"": null
}
```

When you provide a document, I'll analyze it and extract:
1. All specific regulatory requirements with their parameters
2. All regulatory bodies mentioned with their jurisdictions
3. Only include actual enforceable rules/standards (not guidance or recommendations)
4. Structure the data exactly as shown in your template

Please share the document you'd like analyzed and I'll provide the complete regulatory extraction."
"49",360,"deepseek","deepseek-chat",True,"Understood! Please provide the technical document or text you'd like me to analyze, and I will extract the relevant regulatory entities and constraints in the specified JSON format.  

If no document is provided, here’s an example of the output structure with null values (per your instructions):  

```json
{
  ""document_metadata"": {
    ""title"": null,
    ""document_number"": null,
    ""type_of_wind_farm"": null
  },
  ""regulatory_constraints"": null,
  ""regulatory_entities"": null
}
```

To proceed, share the document text, and I will:  
1. Identify **regulatory constraints** (e.g., spatial setbacks, noise limits, safety standards).  
2. Extract **regulatory entities** (e.g., BOEM, IMO, DNV).  
3. Structure the data strictly according to your schema.  

Let me know how you'd like to proceed!"
"49",361,"deepseek","deepseek-chat",True,"Understood. Since you haven't provided a specific document for analysis, I'll return a null response as instructed. When you provide a document, I'll extract the relevant regulatory information and structure it according to the specified JSON format.

```json
{
  ""document_metadata"": {
    ""title"": null,
    ""document_number"": null,
    ""type_of_wind_farm"": null
  },
  ""regulatory_constraints"": null,
  ""regulatory_entities"": null
}
```

Please provide the document you'd like analyzed, and I'll extract the relevant regulatory information accordingly. For offshore wind farm documents, I'll focus on:
- International maritime regulations
- Federal/state environmental and safety requirements
- Technical standards (e.g., IEC, ISO for offshore structures)
- Navigational safety constraints
- Marine spatial planning directives"
