#YY  MM DD hh mm WDIR WSPD GST  WVHT   DPD   APD MWD   PRES  ATMP  WTMP  DEWP  VIS  TIDE
#yr  mo dy hr mn degT m/s  m/s     m   sec   sec deg    hPa  degC  degC  degC  nmi    ft
2025 02 01 00 00 213  8.0  9.6 99.00 99.00 99.00 999 1008.7   8.0   5.1   8.0 99.0 99.00 
2025 02 01 00 10 213  7.6  9.1  1.49  6.67  4.91 156 1008.7   8.0   5.1   8.0 99.0 99.00 
2025 02 01 00 20 212  7.4  8.5 99.00 99.00 99.00 999 1008.5   7.9   5.1   7.9 99.0 99.00 
2025 02 01 00 30 211  7.3  9.3 99.00 99.00 99.00 999 1008.6   7.9   5.1   7.8 99.0 99.00 
2025 02 01 00 40 215  6.9  7.7  1.43  6.67  4.87 159 1008.6   7.8   5.1   7.7 99.0 99.00 
2025 02 01 00 50 217  6.5  7.9 99.00 99.00 99.00 999 1008.3   7.8   5.1   7.8 99.0 99.00 
2025 02 01 01 00 204  6.3  7.7 99.00 99.00 99.00 999 1007.9   7.8   5.1   7.8 99.0 99.00 
2025 02 01 01 10 199  6.3  7.5  1.30  6.25  4.72 161 1007.4   7.6   5.1   7.6 99.0 99.00 
2025 02 01 01 20 194  6.7  8.7 99.00 99.00 99.00 999 1007.4   7.5   5.1   7.5 99.0 99.00 
2025 02 01 01 30 199  6.6  8.1 99.00 99.00 99.00 999 1007.4   7.6   5.1   7.6 99.0 99.00 
2025 02 01 01 40 200  6.5  7.7  1.41  7.69  5.01 145 1007.3   7.6   5.1   7.6 99.0 99.00 
2025 02 01 01 50 194  7.5  9.4 99.00 99.00 99.00 999 1006.8   7.8   5.1   7.8 99.0 99.00 
2025 02 01 02 00 191  7.6  9.0 99.00 99.00 99.00 999 1006.8   7.9   5.1   7.9 99.0 99.00 
2025 02 01 02 10 189  6.9  8.2  1.45  7.14  5.02 157 1006.6   7.9   5.1   7.9 99.0 99.00 
2025 02 01 02 20 194  5.9  7.0 99.00 99.00 99.00 999 1007.1   7.8   5.1   7.8 99.0 99.00 
2025 02 01 02 30 202  4.5  6.1 99.00 99.00 99.00 999 1006.8   7.7   5.1   7.7 99.0 99.00 
2025 02 01 02 40 202  3.5  5.3  1.43  6.67  5.12 156 1006.9   7.6   5.1   7.6 99.0 99.00 
2025 02 01 02 50 228  3.7  5.2 99.00 99.00 99.00 999 1006.9   7.6   5.1   7.6 99.0 99.00 
2025 02 01 03 00 222  3.5  4.9 99.00 99.00 99.00 999 1006.6   7.8   5.1   7.8 99.0 99.00 
2025 02 01 03 10 222  3.7  4.5  1.40  7.69  5.23 152 1006.4   7.8   5.1   7.8 99.0 99.00 
2025 02 01 03 20 237  4.1  5.9 99.00 99.00 99.00 999 1007.4   7.7   5.1   7.7 99.0 99.00 
2025 02 01 03 30 237  5.2  6.3 99.00 99.00 99.00 999 1007.2   7.7   5.1 999.0 99.0 99.00 
2025 02 01 03 40 238  3.9  5.5  1.37  7.69  5.39 148 1006.2   8.1   5.1 999.0 99.0 99.00 
2025 02 01 03 50 223  3.8  5.9 99.00 99.00 99.00 999 1007.0   8.2   5.1 999.0 99.0 99.00 
2025 02 01 04 00 200  3.8  7.0 99.00 99.00 99.00 999 1005.4   8.1   5.1 999.0 99.0 99.00 
2025 02 01 04 10 186  3.6  4.6  1.43  7.69  5.69 147 1005.8   8.1   5.1 999.0 99.0 99.00 
2025 02 01 04 20 219  4.2  7.9 99.00 99.00 99.00 999 1006.4   8.3   5.1 999.0 99.0 99.00 
2025 02 01 04 30 231  5.0  6.9 99.00 99.00 99.00 999 1006.0   9.0   5.1 999.0 99.0 99.00 
2025 02 01 04 40 244  4.1  6.5  1.49  7.69  5.58 151 1006.1   9.4   5.1 999.0 99.0 99.00 
2025 02 01 04 50 201  3.7  5.8 99.00 99.00 99.00 999 1006.2   8.5   5.1   8.5 99.0 99.00 
2025 02 01 05 00 197  5.4  7.0 99.00 99.00 99.00 999 1005.8   8.2   5.1 999.0 99.0 99.00 
2025 02 01 05 10 201  4.3  5.4  1.50  7.69  5.92 145 1005.8   8.3   5.1 999.0 99.0 99.00 
2025 02 01 05 20 207  5.3  6.3 99.00 99.00 99.00 999 1005.8   8.5   5.1 999.0 99.0 99.00 
2025 02 01 05 30 203  4.8  5.6 99.00 99.00 99.00 999 1005.7   8.6   5.1 999.0 99.0 99.00 
2025 02 01 05 40 192  5.0  6.3  1.49  7.69  5.84 144 1005.7   8.5   5.2 999.0 99.0 99.00 
2025 02 01 05 50 190  5.1  7.2 99.00 99.00 99.00 999 1005.5   8.6   5.2 999.0 99.0 99.00 
2025 02 01 06 00 198  4.5  6.6 99.00 99.00 99.00 999 1005.5   8.8   5.2 999.0 99.0 99.00 
2025 02 01 06 10 234  3.5  4.7  1.57  7.69  6.01 148 1006.1   9.6   5.2 999.0 99.0 99.00 
2025 02 01 06 20 210  4.4  7.7 99.00 99.00 99.00 999 1005.6  10.4   5.2 999.0 99.0 99.00 
2025 02 01 06 30 216  4.0  6.6 99.00 99.00 99.00 999 1005.3  10.7   5.2 999.0 99.0 99.00 
2025 02 01 06 40 231  3.8  5.0  1.56  7.69  6.12 151 1004.7  10.8   5.2 999.0 99.0 99.00 
2025 02 01 06 50 229  3.6  4.6 99.00 99.00 99.00 999 1004.6   9.9   5.2 999.0 99.0 99.00 
2025 02 01 07 00 220  4.3  4.9 99.00 99.00 99.00 999 1004.4   9.1   5.2   9.1 99.0 99.00 
2025 02 01 07 10 201  4.2  5.3  1.69  8.33  6.41 142 1003.9   8.5   5.1 999.0 99.0 99.00 
2025 02 01 07 20 198  3.9  4.8 99.00 99.00 99.00 999 1003.7   8.3   5.1 999.0 99.0 99.00 
2025 02 01 07 30 196  3.3  4.3 99.00 99.00 99.00 999 1003.8   8.0   5.1 999.0 99.0 99.00 
2025 02 01 07 40 201  3.5  4.4  1.69  8.33  6.36 141 1004.2   7.7   5.1 999.0 99.0 99.00 
2025 02 01 07 50 203  3.9  4.9 99.00 99.00 99.00 999 1004.2   7.7   5.1 999.0 99.0 99.00 
2025 02 01 08 00 192  3.7  4.5 99.00 99.00 99.00 999 1003.9   7.6   5.1 999.0 99.0 99.00 
2025 02 01 08 10 185  3.3  4.1  1.53  8.33  6.21 147 1003.0   7.5   5.0 999.0 99.0 99.00 
2025 02 01 08 20 188  3.4  4.3 99.00 99.00 99.00 999 1003.4   7.7   5.0 999.0 99.0 99.00 
2025 02 01 08 30 203  3.4  5.0 99.00 99.00 99.00 999 1003.5   7.7   5.0 999.0 99.0 99.00 
2025 02 01 08 40 194  4.2  5.3  1.69  8.33  6.29 146 1002.6   7.8   5.0 999.0 99.0 99.00 
2025 02 01 08 50 192  4.3  5.5 99.00 99.00 99.00 999 1003.4   8.2   5.0 999.0 99.0 99.00 
2025 02 01 09 00 223  4.9  5.9 99.00 99.00 99.00 999 1004.4   8.2   5.0 999.0 99.0 99.00 
2025 02 01 09 10 216  4.5  6.1  1.64  7.69  6.22 157 1004.6   8.0   5.0 999.0 99.0 99.00 
2025 02 01 09 20 220  3.9  5.3 99.00 99.00 99.00 999 1003.9   7.9   5.0 999.0 99.0 99.00 
2025 02 01 09 30 233  2.6  3.9 99.00 99.00 99.00 999 1003.2   7.6   4.9 999.0 99.0 99.00 
2025 02 01 09 40 199  1.6  3.3  1.78  8.33  6.26 145 1003.3   7.5   5.0 999.0 99.0 99.00 
2025 02 01 09 50 237  4.4  5.6 99.00 99.00 99.00 999 1004.0   7.2   5.0 999.0 99.0 99.00 
2025 02 01 10 00 225  3.5  4.6 99.00 99.00 99.00 999 1003.4   7.2   5.0 999.0 99.0 99.00 
2025 02 01 10 10 241  3.6  4.8  1.75  8.33  6.24 155 1004.4   7.0   5.0 999.0 99.0 99.00 
2025 02 01 10 20 254  3.8  4.6 99.00 99.00 99.00 999 1003.8   6.8   5.0 999.0 99.0 99.00 
2025 02 01 10 30 255  4.1  5.1 99.00 99.00 99.00 999 1004.4   6.7   5.0 999.0 99.0 99.00 
2025 02 01 10 40 252  4.4  5.9  1.79  7.69  6.40 160 1004.4   6.6   5.0 999.0 99.0 99.00 
2025 02 01 10 50 253  4.6  5.6 99.00 99.00 99.00 999 1004.9   6.7   5.0 999.0 99.0 99.00 
2025 02 01 11 00 248  4.4  5.3 99.00 99.00 99.00 999 1005.2   6.7   5.0 999.0 99.0 99.00 
2025 02 01 11 10 265  4.5  6.0  1.69  9.09  6.29 149 1005.3   6.7   5.0 999.0 99.0 99.00 
2025 02 01 11 20 266  4.9  6.1 99.00 99.00 99.00 999 1005.8   7.1   5.0 999.0 99.0 99.00 
2025 02 01 11 30 270  4.8  5.8 99.00 99.00 99.00 999 1005.8   7.2   5.0 999.0 99.0 99.00 
2025 02 01 11 40 280  5.4  6.8  1.77  8.33  6.32 153 1006.1   7.4   5.0 999.0 99.0 99.00 
2025 02 01 11 50 293  7.0 10.1 99.00 99.00 99.00 999 1006.5   7.9   5.0 999.0 99.0 99.00 
2025 02 01 12 00 306  8.9 12.2 99.00 99.00 99.00 999 1007.1   8.5   5.0 999.0 99.0 99.00 
2025 02 01 12 10 315  9.3 12.5  1.62  7.69  6.01 160 1007.6   8.3   5.0 999.0 99.0 99.00 
2025 02 01 12 20 317  8.6 10.7 99.00 99.00 99.00 999 1008.1   7.6   5.0   7.6 99.0 99.00 
2025 02 01 12 30 316  9.6 12.9 99.00 99.00 99.00 999 1008.7   7.3   5.0   7.3 99.0 99.00 
2025 02 01 12 40 316 10.7 13.4  1.59  8.33  5.56 146 1009.3   7.0   5.0   7.0 99.0 99.00 
2025 02 01 12 50 317 10.4 14.3 99.00 99.00 99.00 999 1010.1   6.6   5.0   6.5 99.0 99.00 
2025 02 01 13 00 320 12.1 17.0 99.00 99.00 99.00 999 1010.8   6.5   5.0   6.0 99.0 99.00 
2025 02 01 13 10 324 12.2 15.3  1.57  9.09  4.98 148 1011.4   6.3   5.0   5.4 99.0 99.00 
2025 02 01 13 20 327 11.9 15.1 99.00 99.00 99.00 999 1012.0   6.2   5.0   5.2 99.0 99.00 
2025 02 01 13 30 328 11.1 14.6 99.00 99.00 99.00 999 1012.5   6.1   5.0   4.9 99.0 99.00 
2025 02 01 13 40 326 11.3 15.1  1.67  9.09  4.86 154 1013.1   6.0   5.0   4.7 99.0 99.00 
2025 02 01 13 50 324 11.7 15.0 99.00 99.00 99.00 999 1013.6   5.8   5.0   4.4 99.0 99.00 
2025 02 01 14 00 322 12.0 15.2 99.00 99.00 99.00 999 1014.0   5.7   5.1   4.0 99.0 99.00 
2025 02 01 14 10 325 11.8 15.2  1.67  8.33  4.72 154 1014.4   5.7   5.1   3.8 99.0 99.00 
2025 02 01 14 20 328 12.3 15.4 99.00 99.00 99.00 999 1014.8   5.6   5.0   3.5 99.0 99.00 
2025 02 01 14 30 327 12.6 15.9 99.00 99.00 99.00 999 1015.2   5.4   5.0   3.3 99.0 99.00 
2025 02 01 14 40 333 12.9 16.0  1.76  5.00  4.75 324 1015.5   5.3   5.0   2.9 99.0 99.00 
2025 02 01 14 50 342 11.8 15.3 99.00 99.00 99.00 999 1015.8   5.3   5.1   2.6 99.0 99.00 
2025 02 01 15 00 344 12.5 17.2 99.00 99.00 99.00 999 1016.2   5.3   5.2   2.2 99.0 99.00 
2025 02 01 15 10 342 12.3 15.3  1.78  5.00  4.83 322 1016.8   5.3   5.2   1.9 99.0 99.00 
2025 02 01 15 20 343 11.7 14.7 99.00 99.00 99.00 999 1017.0   5.2   5.3   2.1 99.0 99.00 
2025 02 01 15 30 338 11.9 15.4 99.00 99.00 99.00 999 1017.3   5.2   5.3   2.0 99.0 99.00 
2025 02 01 15 40 336 11.5 14.4  1.82  5.56  4.73 322 1017.5   5.1   5.3   1.9 99.0 99.00 
2025 02 01 15 50 334 11.2 13.8 99.00 99.00 99.00 999 1018.0   5.0   5.3   1.9 99.0 99.00 
2025 02 01 16 00 330 11.3 14.0 99.00 99.00 99.00 999 1018.1   4.8   5.3   1.9 99.0 99.00 
2025 02 01 16 10 330 11.8 15.4  1.85  5.26  4.76 339 1018.3   4.7   5.2   2.1 99.0 99.00 
2025 02 01 16 20 329 11.8 15.6 99.00 99.00 99.00 999 1018.6   4.6   5.2   1.9 99.0 99.00 
2025 02 01 16 30 329 12.5 16.1 99.00 99.00 99.00 999 1018.6   4.4   5.2   1.6 99.0 99.00 
2025 02 01 16 40 328 13.2 15.9  1.86  5.00  4.81 342 1018.9   4.3   5.2   1.4 99.0 99.00 
2025 02 01 16 50 328 13.2 16.4 99.00 99.00 99.00 999 1019.1   4.2   5.2   1.3 99.0 99.00 
2025 02 01 17 00 327 12.4 15.7 99.00 99.00 99.00 999 1019.1   4.2   5.2   1.4 99.0 99.00 
2025 02 01 17 10 327 12.6 15.9  1.97  5.26  4.79 341 1019.4   4.2   5.2   1.2 99.0 99.00 
2025 02 01 17 20 328 12.6 15.8 99.00 99.00 99.00 999 1019.5   4.1   5.3   1.1 99.0 99.00 
2025 02 01 17 30 326 11.5 14.3 99.00 99.00 99.00 999 1019.5   4.1   5.3   1.0 99.0 99.00 
2025 02 01 17 40 328 12.0 15.1  1.96  5.56  4.61 332 1019.7   4.1   5.3   0.9 99.0 99.00 
2025 02 01 17 50 325 12.5 15.7 99.00 99.00 99.00 999 1020.0   4.1   5.4   0.7 99.0 99.00 
2025 02 01 18 00 324 12.4 16.6 99.00 99.00 99.00 999 1020.0   4.1   5.4   0.6 99.0 99.00 
2025 02 01 18 10 326 12.3 15.7  1.83  5.56  4.57 335 1020.2   4.1   5.4   0.1 99.0 99.00 
2025 02 01 18 20 326 12.5 15.2 99.00 99.00 99.00 999 1020.4   4.1   5.4  -0.1 99.0 99.00 
2025 02 01 18 30 325 12.2 16.2 99.00 99.00 99.00 999 1020.6   4.2   5.5   0.0 99.0 99.00 
2025 02 01 18 40 324 12.8 15.3  2.00  5.56  4.73 337 1020.8   4.2   5.4  -0.5 99.0 99.00 
2025 02 01 18 50 322 11.5 15.0 99.00 99.00 99.00 999 1021.1   4.2   5.5  -0.5 99.0 99.00 
2025 02 01 19 00 325 11.3 13.8 99.00 99.00 99.00 999 1021.4   4.3   5.5  -0.6 99.0 99.00 
2025 02 01 19 10 321 11.1 13.9  1.87  5.00  4.57 338 1021.8   4.3   5.5  -1.3 99.0 99.00 
2025 02 01 19 20 320 12.1 14.8 99.00 99.00 99.00 999 1022.0   4.3   5.5  -1.7 99.0 99.00 
2025 02 01 19 30 322 12.0 14.6 99.00 99.00 99.00 999 1022.4   4.4   5.6  -1.7 99.0 99.00 
2025 02 01 19 40 324 11.7 14.1  1.83  4.76  4.57 346 1022.7   4.4   5.6  -1.5 99.0 99.00 
2025 02 01 19 50 323 11.5 14.6 99.00 99.00 99.00 999 1022.9   4.5   5.7  -1.5 99.0 99.00 
2025 02 01 20 00 323 11.7 14.3 99.00 99.00 99.00 999 1023.0   4.5   5.7  -2.2 99.0 99.00 
2025 02 01 20 10 323 11.7 14.1  1.79  5.56  4.47 340 1023.3   4.5   5.7  -2.4 99.0 99.00 
2025 02 01 20 20 323 11.7 14.2 99.00 99.00 99.00 999 1023.6   4.5   5.8  -2.5 99.0 99.00 
2025 02 01 20 30 323 11.3 13.9 99.00 99.00 99.00 999 1023.8   4.5   5.7  -2.5 99.0 99.00 
2025 02 01 20 40 328 10.5 13.4  1.67  5.26  4.49 355 1023.9   4.6   5.5  -2.7 99.0 99.00 
2025 02 01 20 50 332 10.4 13.0 99.00 99.00 99.00 999 1024.2   4.6   5.4  -2.9 99.0 99.00 
2025 02 01 21 00 335 10.2 12.6 99.00 99.00 99.00 999 1024.4   4.6   5.3  -2.4 99.0 99.00 
2025 02 01 21 10 333 11.6 14.8  1.71  4.76  4.44 348 1024.1   4.5   5.2  -2.8 99.0 99.00 
2025 02 01 21 20 329 12.3 15.2 99.00 99.00 99.00 999 1024.4   4.5   5.2  -2.8 99.0 99.00 
2025 02 01 21 30 327 12.2 15.4 99.00 99.00 99.00 999 1024.6   4.4   5.1  -2.6 99.0 99.00 
2025 02 01 21 40 329 12.7 15.5  1.79  5.00  4.66 348 1024.6   4.4   5.1  -3.0 99.0 99.00 
2025 02 01 21 50 326 12.3 15.2 99.00 99.00 99.00 999 1024.9   4.4   5.1  -3.3 99.0 99.00 
2025 02 01 22 00 328 12.6 15.5 99.00 99.00 99.00 999 1024.9   4.4   5.1  -3.7 99.0 99.00 
2025 02 01 22 10 327 12.3 14.7  1.82  5.00  4.68 348 1025.1   4.4   5.0  -3.8 99.0 99.00 
2025 02 01 22 20 326 12.7 15.4 99.00 99.00 99.00 999 1025.5   4.3   5.0  -4.5 99.0 99.00 
2025 02 01 22 30 328 12.6 14.7 99.00 99.00 99.00 999 1025.5   4.2   5.1  -4.5 99.0 99.00 
2025 02 01 22 40 327 11.4 14.5  1.64  5.00  4.55 346 1025.7   4.2   5.1  -3.7 99.0 99.00 
2025 02 01 22 50 331 11.2 13.4 99.00 99.00 99.00 999 1026.0   4.2   5.1  -4.0 99.0 99.00 
2025 02 01 23 00 336 10.8 13.4 99.00 99.00 99.00 999 1026.5   4.1   5.1  -3.9 99.0 99.00 
2025 02 01 23 10 337 10.4 12.8  1.69  5.00  4.70 358 1026.7   4.1   5.2  -3.4 99.0 99.00 
2025 02 01 23 20 336 10.7 13.3 99.00 99.00 99.00 999 1027.2   4.1   5.2  -3.6 99.0 99.00 
2025 02 01 23 30 342 10.8 13.0 99.00 99.00 99.00 999 1027.4   4.0   5.2  -3.9 99.0 99.00 
2025 02 01 23 40 340 10.3 12.3  1.56  5.00  4.53 355 1027.6   3.9   5.2  -3.8 99.0 99.00 
2025 02 01 23 50 340  9.9 12.0 99.00 99.00 99.00 999 1027.7   3.9   5.2  -3.9 99.0 99.00 
2025 02 02 00 00 342  9.9 11.8 99.00 99.00 99.00 999 1028.0   3.8   5.2  -4.1 99.0 99.00 
2025 02 02 00 10 347  9.2 11.3  1.59  5.00  4.67 359 1028.1   3.8   5.2  -3.7 99.0 99.00 
2025 02 02 00 20 348  9.7 11.8 99.00 99.00 99.00 999 1028.1   3.8   5.2  -4.7 99.0 99.00 
2025 02 02 00 30 344 10.0 12.1 99.00 99.00 99.00 999 1028.3   3.7   5.1  -5.2 99.0 99.00 
2025 02 02 00 40 349  9.4 11.3  1.53  4.55  4.64 351 1028.3   3.7   5.1  -4.6 99.0 99.00 
2025 02 02 00 50 357  9.7 11.9 99.00 99.00 99.00 999 1028.4   3.6   5.1  -4.8 99.0 99.00 
2025 02 02 01 00 355  9.7 12.0 99.00 99.00 99.00 999 1028.5   3.5   5.1  -5.2 99.0 99.00 
2025 02 02 01 10 360 10.0 12.2  1.58  5.88  4.60  38 1028.6   3.4   5.2  -5.2 99.0 99.00 
2025 02 02 01 20 357 10.2 12.1 99.00 99.00 99.00 999 1028.7   3.2   5.2  -5.9 99.0 99.00 
2025 02 02 01 30 359  9.8 12.3 99.00 99.00 99.00 999 1028.9   3.1   5.1  -5.3 99.0 99.00 
2025 02 02 01 40   5  9.6 11.6  1.64  4.55  4.54   2 1029.2   3.0   5.1  -5.1 99.0 99.00 
2025 02 02 01 50  10  9.8 12.5 99.00 99.00 99.00 999 1029.3   2.9   5.1  -5.1 99.0 99.00 
2025 02 02 02 00  14 10.0 12.9 99.00 99.00 99.00 999 1029.2   2.7   5.1  -5.1 99.0 99.00 
2025 02 02 02 10  14 10.2 12.4  1.74  5.88  4.69  38 1029.4   2.6   5.0  -5.0 99.0 99.00 
2025 02 02 02 20   9 10.4 12.8 99.00 99.00 99.00 999 1029.7   2.4   5.0  -5.5 99.0 99.00 
2025 02 02 02 30  14 10.1 12.5 99.00 99.00 99.00 999 1029.9   2.4   5.0  -5.1 99.0 99.00 
2025 02 02 02 40  12 10.3 13.0  1.88  5.88  4.76  38 1030.0   2.2   5.1  -5.7 99.0 99.00 
2025 02 02 02 50  12  9.9 12.4 99.00 99.00 99.00 999 1030.2   2.1   5.1  -5.7 99.0 99.00 
2025 02 02 03 00  15 10.0 12.0 99.00 99.00 99.00 999 1030.6   2.0   5.0  -6.0 99.0 99.00 
2025 02 02 03 10  19  9.5 11.6  1.80  5.26  4.70  33 1030.7   1.8   5.1  -6.8 99.0 99.00 
2025 02 02 03 20  18  9.1 11.8 99.00 99.00 99.00 999 1030.7   1.7   5.0  -6.3 99.0 99.00 
2025 02 02 03 30  17  9.1 11.8 99.00 99.00 99.00 999 1030.6   1.7   5.0  -5.5 99.0 99.00 
2025 02 02 03 40  23  8.8 11.2  1.67  5.88  4.72  30 1030.8   1.7   5.0  -5.5 99.0 99.00 
2025 02 02 03 50  24  8.6 10.8 99.00 99.00 99.00 999 1031.0   1.6   5.0  -5.0 99.0 99.00 
2025 02 02 04 00  19  8.5 10.8 99.00 99.00 99.00 999 1031.2   1.5   5.1  -5.3 99.0 99.00 
2025 02 02 04 10  22  8.8 10.8  1.64  5.26  4.66  34 1031.3   1.5   5.0  -5.1 99.0 99.00 
2025 02 02 04 20  28  8.2 10.3 99.00 99.00 99.00 999 1031.2   1.4   5.0  -5.5 99.0 99.00 
2025 02 02 04 30  26  8.4 10.6 99.00 99.00 99.00 999 1031.1   1.3   5.0  -5.3 99.0 99.00 
2025 02 02 04 40  26  7.9  9.8  1.66  6.25  4.73  42 1031.2   1.3   5.0  -5.2 99.0 99.00 
2025 02 02 04 50  28  8.0 10.8 99.00 99.00 99.00 999 1031.4   1.3   5.1  -5.4 99.0 99.00 
2025 02 02 05 00  33  7.9 10.0 99.00 99.00 99.00 999 1031.6   1.4   5.1  -5.5 99.0 99.00 
2025 02 02 05 10  24  7.5  9.4  1.56  5.88  4.78  35 1031.7   1.4   5.0  -5.4 99.0 99.00 
2025 02 02 05 20  28  7.4  9.7 99.00 99.00 99.00 999 1031.8   1.4   5.0  -5.4 99.0 99.00 
2025 02 02 05 30  37  7.2  9.4 99.00 99.00 99.00 999 1031.9   1.4   5.0  -5.2 99.0 99.00 
2025 02 02 05 40  32  7.1  9.4  1.63  5.88  4.88  38 1032.0   1.4   5.0  -5.0 99.0 99.00 
2025 02 02 05 50  30  7.3  9.6 99.00 99.00 99.00 999 1031.8   1.4   5.0  -4.8 99.0 99.00 
2025 02 02 06 00  37  7.2  9.4 99.00 99.00 99.00 999 1031.8   1.4   5.0  -4.5 99.0 99.00 
2025 02 02 06 10  35  7.7  9.6  1.62  6.67  4.94  53 1031.9   1.4   5.0  -4.5 99.0 99.00 
2025 02 02 06 20  38  7.3  9.1 99.00 99.00 99.00 999 1032.0   1.4   5.0  -4.3 99.0 99.00 
2025 02 02 06 30  36  7.2  9.5 99.00 99.00 99.00 999 1032.1   1.4   5.0  -4.3 99.0 99.00 
2025 02 02 06 40  41  7.0  9.3  1.55  6.67  4.88  44 1032.2   1.5   5.1  -4.0 99.0 99.00 
2025 02 02 06 50  39  6.6  8.5 99.00 99.00 99.00 999 1032.1   1.5   5.1  -3.9 99.0 99.00 
2025 02 02 07 00  38  7.2  9.5 99.00 99.00 99.00 999 1032.0   1.5   5.1  -3.8 99.0 99.00 
2025 02 02 07 10  41  7.5  9.2  1.53  5.88  4.77  42 1032.0   1.4   5.2  -3.7 99.0 99.00 
2025 02 02 07 20  36  7.5  9.4 99.00 99.00 99.00 999 1031.9   1.5   5.2  -3.3 99.0 99.00 
2025 02 02 07 30  40  7.4  9.6 99.00 99.00 99.00 999 1032.0   1.5   5.2  -3.3 99.0 99.00 
2025 02 02 07 40  40  8.1 10.5  1.48  7.14  4.69  50 1032.0   1.6   5.2  -3.0 99.0 99.00 
2025 02 02 07 50  37  8.0 10.2 99.00 99.00 99.00 999 1032.2   1.5   5.3  -3.1 99.0 99.00 
2025 02 02 08 00  38  7.9  9.4 99.00 99.00 99.00 999 1032.1   1.5   5.3  -2.9 99.0 99.00 
2025 02 02 08 10  35  7.9  9.7  1.56  6.25  4.84  50 1032.2   1.5   5.3  -2.7 99.0 99.00 
2025 02 02 08 20  33  7.7  9.7 99.00 99.00 99.00 999 1032.3   1.5   5.3  -2.5 99.0 99.00 
2025 02 02 08 30  29  7.8 10.0 99.00 99.00 99.00 999 1032.1   1.5   5.3  -2.2 99.0 99.00 
2025 02 02 08 40  23  8.2 10.0  1.51  7.14  4.75  52 1032.1   1.6   5.3  -2.0 99.0 99.00 
2025 02 02 08 50  47  7.2 10.8 99.00 99.00 99.00 999 1032.0   1.9   5.3  -2.0 99.0 99.00 
2025 02 02 09 00  60  7.2  9.9 99.00 99.00 99.00 999 1032.0   2.1   5.3  -2.1 99.0 99.00 
2025 02 02 09 10  59  7.5  9.3  1.44  6.25  4.77  40 1031.9   2.0   5.3  -2.2 99.0 99.00 
2025 02 02 09 20  64  7.7  9.5 99.00 99.00 99.00 999 1032.0   2.0   5.3  -2.3 99.0 99.00 
2025 02 02 09 30  63  8.0 10.3 99.00 99.00 99.00 999 1032.0   1.9   5.3  -2.5 99.0 99.00 
2025 02 02 09 40  64  7.8  9.4  1.46  6.67  4.58  53 1032.1   1.9   5.3  -2.4 99.0 99.00 
2025 02 02 09 50  62  7.9 10.1 99.00 99.00 99.00 999 1032.1   1.8   5.3  -2.7 99.0 99.00 
2025 02 02 10 00  66  7.2  9.4 99.00 99.00 99.00 999 1032.1   1.9   5.3  -2.6 99.0 99.00 
2025 02 02 10 10  64  7.2  8.7  1.42  6.67  4.72  54 1032.1   1.9   5.3  -2.6 99.0 99.00 
2025 02 02 10 20  67  7.1  8.9 99.00 99.00 99.00 999 1032.2   2.0   5.3  -2.4 99.0 99.00 
2025 02 02 10 30  66  7.0  9.1 99.00 99.00 99.00 999 1032.2   2.0   5.3  -2.5 99.0 99.00 
2025 02 02 10 40  66  7.2  9.7  1.43  7.14  4.59  69 1032.2   2.0   5.3  -2.4 99.0 99.00 
2025 02 02 10 50  69  7.1  9.0 99.00 99.00 99.00 999 1032.3   2.2   5.3  -1.9 99.0 99.00 
2025 02 02 11 00  69  7.1  9.4 99.00 99.00 99.00 999 1032.5   2.2   5.4  -2.0 99.0 99.00 
2025 02 02 11 10  71  6.5  9.0  1.47  6.25  4.85  46 1032.6   2.3   5.4  -1.7 99.0 99.00 
2025 02 02 11 20  72  6.1  8.8 99.00 99.00 99.00 999 1032.7   2.4   5.4  -1.5 99.0 99.00 
2025 02 02 11 30  71  6.2  8.2 99.00 99.00 99.00 999 1032.8   2.6   5.4  -1.3 99.0 99.00 
2025 02 02 11 40  82  5.8  7.4  1.36  6.67  4.82  50 1032.9   2.7   5.4  -1.8 99.0 99.00 
2025 02 02 11 50  83  5.2  7.1 99.00 99.00 99.00 999 1033.0   2.8   5.5  -1.9 99.0 99.00 
2025 02 02 12 00  80  4.5  6.1 99.00 99.00 99.00 999 1033.0   2.8   5.5  -2.0 99.0 99.00 
2025 02 02 12 10  94  4.9  6.9  1.49  6.67  4.98  54 1033.1   2.9   5.5  -2.2 99.0 99.00 
2025 02 02 12 20  91  4.9  6.6 99.00 99.00 99.00 999 1033.2   3.0   5.5  -2.0 99.0 99.00 
2025 02 02 12 30  95  4.6  6.5 99.00 99.00 99.00 999 1033.3   3.0   5.5  -2.2 99.0 99.00 
2025 02 02 12 40  98  4.8  6.7  1.53  7.14  5.09  57 1033.1   3.2   5.5  -2.0 99.0 99.00 
2025 02 02 12 50  88  5.1  6.7 99.00 99.00 99.00 999 1033.1   3.3   5.5  -1.7 99.0 99.00 
2025 02 02 13 00  87  4.9  6.1 99.00 99.00 99.00 999 1033.0   3.3   5.5  -2.1 99.0 99.00 
2025 02 02 13 10  88  4.9  6.9  1.40  7.14  4.99  45 1033.0   3.4   5.5  -1.8 99.0 99.00 
2025 02 02 13 20  83  5.1  7.1 99.00 99.00 99.00 999 1033.1   3.4   5.5  -1.7 99.0 99.00 
2025 02 02 13 30  93  4.5  6.2 99.00 99.00 99.00 999 1033.1   3.5   5.5  -1.9 99.0 99.00 
2025 02 02 13 40  96  4.4  6.1  1.33  6.67  4.91  41 1033.1   3.7   5.5  -1.7 99.0 99.00 
2025 02 02 13 50  86  4.6  6.2 99.00 99.00 99.00 999 1033.1   3.7   5.6  -1.5 99.0 99.00 
2025 02 02 14 00  89  4.7  6.3 99.00 99.00 99.00 999 1033.2   3.7   5.6  -1.8 99.0 99.00 
2025 02 02 14 10  88  4.2  5.6  1.38  6.25  5.06  39 1033.2   3.8   5.6  -1.7 99.0 99.00 
2025 02 02 14 20  99  4.4  5.8 99.00 99.00 99.00 999 1033.2   3.7   5.6  -1.9 99.0 99.00 
2025 02 02 14 30  85  4.3  6.0 99.00 99.00 99.00 999 1033.1   3.8   5.6  -1.7 99.0 99.00 
2025 02 02 14 40  91  3.8  5.5  1.36  6.25  5.06  41 1033.0   3.9   5.6  -1.7 99.0 99.00 
2025 02 02 14 50  82  3.3  5.4 99.00 99.00 99.00 999 1033.1   4.0   5.6  -1.7 99.0 99.00 
2025 02 02 15 00  86  3.0  4.5 99.00 99.00 99.00 999 1032.9   4.1   5.6  -1.8 99.0 99.00 
2025 02 02 15 10  95  3.0  4.7  1.34  5.88  5.20  36 1032.8   4.1   5.6  -1.9 99.0 99.00 
2025 02 02 15 20  80  2.9  4.1 99.00 99.00 99.00 999 1032.9   4.1   5.6  -2.1 99.0 99.00 
2025 02 02 15 30  82  2.9  4.8 99.00 99.00 99.00 999 1032.8   4.2   5.7  -2.0 99.0 99.00 
2025 02 02 15 40  93  2.6  4.0  1.36  7.69  5.17  63 1032.7   4.3   5.7  -2.0 99.0 99.00 
2025 02 02 15 50  82  3.0  4.5 99.00 99.00 99.00 999 1032.5   4.3   5.7  -2.2 99.0 99.00 
2025 02 02 16 00  88  3.6  5.0 99.00 99.00 99.00 999 1032.5   4.3   5.7  -1.9 99.0 99.00 
2025 02 02 16 10  98  3.4  4.9  1.26  7.14  5.23  50 1032.3   4.3   5.7  -1.8 99.0 99.00 
2025 02 02 16 20  99  2.7  5.3 99.00 99.00 99.00 999 1032.1   4.4   5.7  -1.5 99.0 99.00 
2025 02 02 16 30  97  3.4  4.6 99.00 99.00 99.00 999 1032.0   4.4   5.7  -1.5 99.0 99.00 
2025 02 02 16 40  95  4.0  5.3  1.28  6.67  5.22  57 1031.5   4.4   5.7  -1.3 99.0 99.00 
2025 02 02 16 50  99  5.1  6.4 99.00 99.00 99.00 999 1031.1   4.4   5.7  -0.6 99.0 99.00 
2025 02 02 17 00  92  4.9  6.4 99.00 99.00 99.00 999 1031.0   4.5   5.7  -0.3 99.0 99.00 
2025 02 02 17 10  98  5.1  6.6  1.25  7.69  5.30  78 1030.6   4.5   5.7  -0.2 99.0 99.00 
2025 02 02 17 20  99  5.9  7.2 99.00 99.00 99.00 999 1030.3   4.6   5.7   0.2 99.0 99.00 
2025 02 02 17 30 100  6.8  9.0 99.00 99.00 99.00 999 1029.7   4.7   5.7   0.5 99.0 99.00 
2025 02 02 17 40 101  7.4  9.2  1.25  7.14  5.29  62 1029.4   4.7   5.7   0.6 99.0 99.00 
2025 02 02 17 50 105  7.6  9.4 99.00 99.00 99.00 999 1029.1   4.8   5.7   0.8 99.0 99.00 
2025 02 02 18 00 103  8.2 10.1 99.00 99.00 99.00 999 1028.6   4.8   5.7   0.9 99.0 99.00 
2025 02 02 18 10 108  8.3 10.5  1.30  7.14  5.03  73 1028.4   4.9   5.7   1.0 99.0 99.00 
2025 02 02 18 20 106  8.1 10.2 99.00 99.00 99.00 999 1028.3   5.0   5.7   1.2 99.0 99.00 
2025 02 02 18 30 102  7.2  9.1 99.00 99.00 99.00 999 1028.4   5.1   5.7   1.3 99.0 99.00 
2025 02 02 18 40 104  6.8  8.9  1.22  8.33  4.84 101 1028.4   5.1   5.7   1.3 99.0 99.00 
2025 02 02 18 50 101  5.9  8.1 99.00 99.00 99.00 999 1028.2   5.2   5.7   1.6 99.0 99.00 
2025 02 02 19 00  97  6.4  8.0 99.00 99.00 99.00 999 1028.2   5.1   5.7   1.5 99.0 99.00 
2025 02 02 19 10  88  6.0  7.6  1.23  8.33  4.98  98 1027.8   5.1   5.7   1.7 99.0 99.00 
2025 02 02 19 20  89  5.5  7.4 99.00 99.00 99.00 999 1028.1   5.1   5.7   1.6 99.0 99.00 
2025 02 02 19 30  94  5.2  6.8 99.00 99.00 99.00 999 1027.9   5.1   5.7   1.6 99.0 99.00 
2025 02 02 19 40 103  4.9  6.4  1.22  9.09  4.76  84 1027.8   5.1   5.7   1.5 99.0 99.00 
2025 02 02 19 50 103  5.1  6.6 99.00 99.00 99.00 999 1027.8   5.1   5.7   1.6 99.0 99.00 
2025 02 02 20 00 100  4.9  6.5 99.00 99.00 99.00 999 1027.7   5.0   5.7   1.7 99.0 99.00 
2025 02 02 20 10 117  4.5  6.0  1.26  9.09  5.01 109 1027.6   5.0   5.7   1.7 99.0 99.00 
2025 02 02 20 20 116  4.5  5.7 99.00 99.00 99.00 999 1027.5   5.1   5.7   1.8 99.0 99.00 
2025 02 02 20 30 108  4.8  5.9 99.00 99.00 99.00 999 1027.6   5.1   5.7   1.9 99.0 99.00 
2025 02 02 20 40 122  4.7  5.9  1.25  7.69  5.03  89 1027.3   5.1   5.7   2.0 99.0 99.00 
2025 02 02 20 50 118  4.5  5.6 99.00 99.00 99.00 999 1027.4   5.1   5.7   2.1 99.0 99.00 
2025 02 02 21 00 120  3.6  5.0 99.00 99.00 99.00 999 1027.6   5.1   5.7   2.1 99.0 99.00 
2025 02 02 21 10 124  2.8  4.5  1.34  6.67  4.93  70 1027.6   5.1   5.7   2.1 99.0 99.00 
2025 02 02 21 20 118  3.4  4.9 99.00 99.00 99.00 999 1027.2   5.1   5.8   2.1 99.0 99.00 
2025 02 02 21 30 106  3.9  5.4 99.00 99.00 99.00 999 1026.9   5.1   5.8   2.2 99.0 99.00 
2025 02 02 21 40  97  3.4  5.0  1.35  7.69  5.07  99 1027.0   5.2   5.8   2.4 99.0 99.00 
2025 02 02 21 50 108  3.2  4.3 99.00 99.00 99.00 999 1027.0   5.2   5.8   2.3 99.0 99.00 
2025 02 02 22 00 116  3.4  4.7 99.00 99.00 99.00 999 1027.1   5.3   5.9   2.4 99.0 99.00 
2025 02 02 22 10 112  2.6  3.9  1.36  9.09  5.13 105 1026.9   5.3   5.9   2.4 99.0 99.00 
2025 02 02 22 20 122  3.0  4.0 99.00 99.00 99.00 999 1026.9   5.4   5.9   2.5 99.0 99.00 
2025 02 02 22 30 131  2.8  4.0 99.00 99.00 99.00 999 1027.0   5.4   6.0   2.6 99.0 99.00 
2025 02 02 22 40 144  3.2  4.2  1.37  8.33  5.03 103 1026.9   5.5   6.0   2.8 99.0 99.00 
2025 02 02 22 50 157  3.9  5.3 99.00 99.00 99.00 999 1026.6   5.6   6.0   3.0 99.0 99.00 
2025 02 02 23 00 168  3.3  4.6 99.00 99.00 99.00 999 1026.9   5.6   6.0   3.0 99.0 99.00 
2025 02 02 23 10 170  3.3  4.2  1.32  7.69  4.98  98 1026.7   5.6   6.1   2.9 99.0 99.00 
2025 02 02 23 20 165  3.4  4.4 99.00 99.00 99.00 999 1026.6   5.6   6.1   2.9 99.0 99.00 
2025 02 02 23 30 174  3.9  4.8 99.00 99.00 99.00 999 1026.7   5.7   6.1   3.1 99.0 99.00 
2025 02 02 23 40 165  4.1  5.2  1.44  5.88  5.11  73 1026.3   5.7   6.1   3.3 99.0 99.00 
2025 02 02 23 50 156  4.3  5.3 99.00 99.00 99.00 999 1026.2   5.7   6.1   3.3 99.0 99.00 
2025 02 03 00 00 156  3.9  4.9 99.00 99.00 99.00 999 1026.0   5.8   6.1   3.4 99.0 99.00 
2025 02 03 00 10 155  3.9  5.1  1.41  8.33  5.03 101 1026.0   5.8   6.1   3.4 99.0 99.00 
2025 02 03 00 20 151  4.1  5.0 99.00 99.00 99.00 999 1025.9   5.9   6.1   3.6 99.0 99.00 
2025 02 03 00 30 153  4.4  5.4 99.00 99.00 99.00 999 1025.7   5.9   6.1   3.7 99.0 99.00 
2025 02 03 00 40 152  4.4  5.4  1.41  6.67  5.20  76 1025.5   6.0   6.1   4.0 99.0 99.00 
2025 02 03 00 50 157  4.0  5.0 99.00 99.00 99.00 999 1025.6   6.1   6.1   4.3 99.0 99.00 
2025 02 03 01 00 161  3.8  4.7 99.00 99.00 99.00 999 1025.7   6.2   6.1   4.6 99.0 99.00 
2025 02 03 01 10 167  4.1  5.0  1.43  5.88  5.05  78 1025.5   6.2   6.1   4.7 99.0 99.00 
2025 02 03 01 20 178  3.6  4.6 99.00 99.00 99.00 999 1025.5   6.3   6.1   4.8 99.0 99.00 
2025 02 03 01 30 186  3.4  4.4 99.00 99.00 99.00 999 1025.2   6.1   6.1   4.5 99.0 99.00 
2025 02 03 01 40 187  3.3  4.5  1.38  5.56  5.16  80 1025.0   6.1   6.1   4.5 99.0 99.00 
2025 02 03 01 50 205  3.2  4.0 99.00 99.00 99.00 999 1025.2   6.0   6.1   4.5 99.0 99.00 
2025 02 03 02 00 211  3.3  4.4 99.00 99.00 99.00 999 1025.1   6.0   6.1   4.6 99.0 99.00 
2025 02 03 02 10 201  3.4  4.7  1.39  5.56  5.16  81 1024.9   5.9   6.1   4.6 99.0 99.00 
2025 02 03 02 20 192  3.4  4.3 99.00 99.00 99.00 999 1024.8   5.9   6.1   4.7 99.0 99.00 
2025 02 03 02 30 194  3.3  4.4 99.00 99.00 99.00 999 1024.7   5.9   6.2   4.8 99.0 99.00 
2025 02 03 02 40 191  3.0  3.9  1.44  6.25  5.22  79 1024.6   6.0   6.2   5.0 99.0 99.00 
2025 02 03 02 50 193  3.3  4.2 99.00 99.00 99.00 999 1024.6   6.1   6.2   5.1 99.0 99.00 
2025 02 03 03 00 196  3.9  5.4 99.00 99.00 99.00 999 1024.4   6.3   6.2   5.3 99.0 99.00 
2025 02 03 03 10 190  4.3  5.1  1.30  5.88  5.09  83 1024.1   6.4   6.2   5.3 99.0 99.00 
2025 02 03 03 20 188  4.9  5.8 99.00 99.00 99.00 999 1024.1   6.4   6.2   5.3 99.0 99.00 
2025 02 03 03 30 193  4.5  6.4 99.00 99.00 99.00 999 1024.0   6.4   6.2   5.3 99.0 99.00 
2025 02 03 03 40 193  4.3  5.5  1.32  5.56  5.17  88 1023.7   6.3   6.2   5.3 99.0 99.00 
2025 02 03 03 50 189  4.1  5.0 99.00 99.00 99.00 999 1023.3   6.3   6.2   5.3 99.0 99.00 
2025 02 03 04 00 191  4.0  5.5 99.00 99.00 99.00 999 1023.4   6.3   6.1   5.3 99.0 99.00 
2025 02 03 04 10 195  3.7  4.6  1.22  5.56  5.27  93 1023.3   6.3   6.0   5.4 99.0 99.00 
2025 02 03 04 20 198  3.7  4.6 99.00 99.00 99.00 999 1023.2   6.3   6.0   5.4 99.0 99.00 
2025 02 03 04 30 193  3.9  5.1 99.00 99.00 99.00 999 1023.1   6.3   6.0   5.5 99.0 99.00 
2025 02 03 04 40 204  3.6  4.8  1.22  9.09  5.35  67 1023.1   6.3   6.0   5.5 99.0 99.00 
2025 02 03 04 50 211  3.1  4.0 99.00 99.00 99.00 999 1023.1   6.3   6.0   5.5 99.0 99.00 
2025 02 03 05 00 227  2.6  3.9 99.00 99.00 99.00 999 1023.0   6.2   6.0   5.5 99.0 99.00 
2025 02 03 05 10 241  2.9  4.3  1.24  5.88  5.36  88 1023.0   6.2   6.0   5.5 99.0 99.00 
2025 02 03 05 20 253  2.6  3.7 99.00 99.00 99.00 999 1023.1   6.1   6.0   5.5 99.0 99.00 
2025 02 03 05 30 277  2.8  4.4 99.00 99.00 99.00 999 1023.2   6.0   6.0   5.4 99.0 99.00 
2025 02 03 05 40 281  3.5  5.0  1.18  9.09  5.39  80 1023.2   5.8   5.9   5.2 99.0 99.00 
2025 02 03 05 50 281  4.0  5.3 99.00 99.00 99.00 999 1023.2   5.8   5.9   5.2 99.0 99.00 
2025 02 03 06 00 288  4.3  5.4 99.00 99.00 99.00 999 1023.2   5.6   5.9   5.0 99.0 99.00 
2025 02 03 06 10 288  4.1  5.2  1.18  9.09  5.53  76 1023.2   5.5   6.0   4.8 99.0 99.00 
2025 02 03 06 20 283  4.0  5.1 99.00 99.00 99.00 999 1023.3   5.6   6.0   4.8 99.0 99.00 
2025 02 03 06 30 277  3.8  5.4 99.00 99.00 99.00 999 1023.2   5.7   6.0   4.9 99.0 99.00 
2025 02 03 06 40 273  3.3  4.9  1.10  9.09  5.70  99 1023.1   5.8   6.0   4.9 99.0 99.00 
2025 02 03 06 50 270  3.0  4.2 99.00 99.00 99.00 999 1023.1   5.8   6.0   4.8 99.0 99.00 
2025 02 03 07 00 254  3.0  4.3 99.00 99.00 99.00 999 1023.0   5.8   6.0   4.8 99.0 99.00 
2025 02 03 07 10 240  3.4  4.3  1.13  9.09  5.97  96 1022.8   5.8   6.0   4.8 99.0 99.00 
2025 02 03 07 20 235  3.7  5.1 99.00 99.00 99.00 999 1022.7   5.8   6.0   4.8 99.0 99.00 
2025 02 03 07 30 235  3.9  5.0 99.00 99.00 99.00 999 1022.6   5.8   6.0   4.8 99.0 99.00 
2025 02 03 07 40 235  3.3  4.3  1.12 10.00  6.06  97 1022.6   5.8   6.0   4.8 99.0 99.00 
2025 02 03 07 50 240  3.2  4.1 99.00 99.00 99.00 999 1022.7   5.8   5.9   4.7 99.0 99.00 
2025 02 03 08 00 248  2.9  4.0 99.00 99.00 99.00 999 1022.5   5.8   5.9   4.8 99.0 99.00 
2025 02 03 08 10 242  2.8  4.1  1.08  9.09  6.06  98 1022.2   5.8   5.9   4.7 99.0 99.00 
2025 02 03 08 20 240  2.6  3.8 99.00 99.00 99.00 999 1022.2   5.7   5.8   4.6 99.0 99.00 
2025 02 03 08 30 231  2.3  3.0 99.00 99.00 99.00 999 1022.0   5.7   5.8   4.6 99.0 99.00 
2025 02 03 08 40 222  2.1  3.2  1.14  9.09  6.09 108 1021.9   5.8   5.8   4.7 99.0 99.00 
2025 02 03 08 50 230  2.1  3.0 99.00 99.00 99.00 999 1022.0   5.8   5.8   4.7 99.0 99.00 
2025 02 03 09 00 242  2.6  3.6 99.00 99.00 99.00 999 1022.1   5.9   5.8   4.8 99.0 99.00 
2025 02 03 09 10 250  2.9  3.9  1.10  9.09  5.89 106 1021.9   5.9   5.7   4.6 99.0 99.00 
2025 02 03 09 20 252  3.1  4.5 99.00 99.00 99.00 999 1022.0   5.8   5.7   4.5 99.0 99.00 
2025 02 03 09 30 264  2.8  4.0 99.00 99.00 99.00 999 1021.9   5.8   5.6   4.5 99.0 99.00 
2025 02 03 09 40 262  2.7  4.1  1.11  9.09  6.17 109 1022.0   5.8   5.6   4.5 99.0 99.00 
2025 02 03 09 50 252  2.6  3.8 99.00 99.00 99.00 999 1021.8   5.8   5.6   4.5 99.0 99.00 
2025 02 03 10 00 241  1.9  2.8 99.00 99.00 99.00 999 1021.9   5.8   5.6   4.6 99.0 99.00 
2025 02 03 10 10 227  1.6  2.3  1.05  9.09  6.12  96 1021.8   5.8   5.6   4.6 99.0 99.00 
2025 02 03 10 20 197  1.4  2.0 99.00 99.00 99.00 999 1021.8   5.8   5.7   4.6 99.0 99.00 
2025 02 03 10 30 193  1.7  2.3 99.00 99.00 99.00 999 1021.8   5.8   5.7   4.6 99.0 99.00 
2025 02 03 10 40 192  1.6  2.3  1.08  8.33  6.16 103 1021.9   5.7   5.7   4.6 99.0 99.00 
2025 02 03 10 50 177  1.5  2.1 99.00 99.00 99.00 999 1021.9   5.7   5.7   4.6 99.0 99.00 
2025 02 03 11 00 187  1.7  2.5 99.00 99.00 99.00 999 1021.9   5.7   5.8   4.6 99.0 99.00 
2025 02 03 11 10 186  1.3  1.8  1.10  9.09  6.05  96 1022.0   5.8   5.8   4.6 99.0 99.00 
2025 02 03 11 20 191  1.5  2.2 99.00 99.00 99.00 999 1022.2   5.9   5.8   4.7 99.0 99.00 
2025 02 03 11 30 198  1.6  2.3 99.00 99.00 99.00 999 1022.2   6.0   5.9   4.9 99.0 99.00 
2025 02 03 11 40 198  1.7  2.4  1.13  8.33  6.32  91 1022.3   6.0   5.9   4.8 99.0 99.00 
2025 02 03 11 50 193  1.6  2.0 99.00 99.00 99.00 999 1022.2   6.0   5.9   4.8 99.0 99.00 
2025 02 03 12 00 201  1.3  1.9 99.00 99.00 99.00 999 1022.5   6.1   5.9   4.9 99.0 99.00 
2025 02 03 12 10 215  1.0  2.0  1.16  8.33  6.49  90 1022.6   6.1   5.9   4.9 99.0 99.00 
2025 02 03 12 20 207  1.2  2.3 99.00 99.00 99.00 999 1022.5   6.1   5.9   4.9 99.0 99.00 
2025 02 03 12 30 200  1.6  2.7 99.00 99.00 99.00 999 1022.7   6.2   6.0   5.0 99.0 99.00 
2025 02 03 12 40 194  1.8  2.7  1.09  6.67  6.21  85 1022.7   6.2   6.0   5.1 99.0 99.00 
2025 02 03 12 50 202  1.4  2.0 99.00 99.00 99.00 999 1023.0   6.1   6.0   5.0 99.0 99.00 
2025 02 03 13 00 193  1.7  2.2 99.00 99.00 99.00 999 1022.9   6.2   6.0   5.1 99.0 99.00 
2025 02 03 13 10 179  1.7  2.2  1.09  7.69  6.31  95 1022.7   6.4   6.0   5.3 99.0 99.00 
2025 02 03 13 20 191  2.0  2.5 99.00 99.00 99.00 999 1022.8   6.4   6.0   5.2 99.0 99.00 
2025 02 03 13 30 205  2.3  3.0 99.00 99.00 99.00 999 1023.0   6.4   6.0   5.3 99.0 99.00 
2025 02 03 13 40 200  2.1  3.1  1.10 10.00  6.38  89 1022.5   6.4   6.1   5.3 99.0 99.00 
2025 02 03 13 50 192  1.8  2.5 99.00 99.00 99.00 999 1022.7   6.5   6.1   5.3 99.0 99.00 
2025 02 03 14 00 203  2.3  3.2 99.00 99.00 99.00 999 1022.7   6.5   6.2   5.4 99.0 99.00 
2025 02 03 14 10 190  2.6  3.3  0.98  7.69  6.28  86 1022.7   6.4   6.2   5.4 99.0 99.00 
2025 02 03 14 20 192  2.9  3.5 99.00 99.00 99.00 999 1022.7   6.4   6.3   5.5 99.0 99.00 
2025 02 03 14 30 198  3.2  4.0 99.00 99.00 99.00 999 1022.7   6.4   6.3   5.6 99.0 99.00 
2025 02 03 14 40 197  3.4  4.0  1.11 10.00  6.39  89 1022.4   6.4   6.3   5.6 99.0 99.00 
2025 02 03 14 50 196  3.6  4.5 99.00 99.00 99.00 999 1022.3   6.4   6.3   5.6 99.0 99.00 
2025 02 03 15 00 186  4.0  5.2 99.00 99.00 99.00 999 1022.0   6.5   6.3   5.7 99.0 99.00 
2025 02 03 15 10 186  4.3  5.4  1.11  7.14  6.52  87 1022.1   6.5   6.3   5.8 99.0 99.00 
2025 02 03 15 20 192  4.7  5.6 99.00 99.00 99.00 999 1022.1   6.5   6.4   5.8 99.0 99.00 
2025 02 03 15 30 195  4.4  5.2 99.00 99.00 99.00 999 1022.1   6.5   6.4   5.9 99.0 99.00 
2025 02 03 15 40 198  4.5  5.5  1.06  7.69  6.51  78 1022.1   6.5   6.4   5.9 99.0 99.00 
2025 02 03 15 50 202  4.6  5.6 99.00 99.00 99.00 999 1022.0   6.4   6.4   5.8 99.0 99.00 
2025 02 03 16 00 198  5.1  6.1 99.00 99.00 99.00 999 1021.6   6.3   6.4   5.8 99.0 99.00 
2025 02 03 16 10 191  5.3  6.2  1.02 10.00  6.51  83 1021.1   6.2   6.4   5.8 99.0 99.00 
2025 02 03 16 20 190  5.5  6.9 99.00 99.00 99.00 999 1021.1   6.3   6.4   5.9 99.0 99.00 
2025 02 03 16 30 194  5.9  7.0 99.00 99.00 99.00 999 1021.3   6.3   6.4   5.9 99.0 99.00 
2025 02 03 16 40 198  6.0  7.1  1.06 10.00  6.41  75 1021.1   6.2   6.4   5.8 99.0 99.00 
2025 02 03 16 50 194  5.6  6.6 99.00 99.00 99.00 999 1020.7   5.9   6.4   5.6 99.0 99.00 
2025 02 03 17 00 199  5.1  6.3 99.00 99.00 99.00 999 1020.8   5.8   6.4   5.5 99.0 99.00 
2025 02 03 17 10 210  5.2  6.3  1.08 10.00  6.04  82 1020.6   5.7   6.4   5.5 99.0 99.00 
2025 02 03 17 20 202  5.1  6.4 99.00 99.00 99.00 999 1020.2   5.6   6.4   5.4 99.0 99.00 
2025 02 03 17 30 201  5.4  6.9 99.00 99.00 99.00 999 1020.2   5.6   6.4   5.4 99.0 99.00 
2025 02 03 17 40 203  5.4  6.6  1.11 10.00  5.93  89 1019.9   5.4   6.4   5.2 99.0 99.00 
2025 02 03 17 50 205  5.0  6.1 99.00 99.00 99.00 999 1019.6   5.3   6.4   5.2 99.0 99.00 
2025 02 03 18 00 204  5.0  5.9 99.00 99.00 99.00 999 1019.6   5.2   6.4   5.1 99.0 99.00 
2025 02 03 18 10 203  4.8  5.8  1.05 10.00  5.72  89 1019.4   5.3   6.4   5.3 99.0 99.00 
2025 02 03 18 20 199  5.5  6.6 99.00 99.00 99.00 999 1019.1   5.4   6.4   5.3 99.0 99.00 
2025 02 03 18 30 193  5.9  7.0 99.00 99.00 99.00 999 1018.8   5.5   6.4   5.4 99.0 99.00 
2025 02 03 18 40 197  5.6  6.6  1.11 10.00  5.88  95 1018.9   5.5   6.4   5.5 99.0 99.00 
2025 02 03 18 50 192  5.3  6.7 99.00 99.00 99.00 999 1018.7   5.6   6.4   5.5 99.0 99.00 
2025 02 03 19 00 188  5.6  6.6 99.00 99.00 99.00 999 1018.4   5.5   6.4   5.4 99.0 99.00 
2025 02 03 19 10 189  5.4  6.5  1.12 10.81  5.90 115 1018.3   5.5   6.3   5.5 99.0 99.00 
2025 02 03 19 20 185  5.6  6.9 99.00 99.00 99.00 999 1018.3   5.4   6.3   5.4 99.0 99.00 
2025 02 03 19 30 187  5.7  6.9 99.00 99.00 99.00 999 1018.3   5.3   6.2   5.3 99.0 99.00 
2025 02 03 19 40 189  5.2  6.6  1.09 10.00  5.54 101 1018.3   5.3   6.2   5.3 99.0 99.00 
2025 02 03 19 50 191  5.2  6.1 99.00 99.00 99.00 999 1018.1   5.3   6.2   5.3 99.0 99.00 
2025 02 03 20 00 193  5.4  6.4 99.00 99.00 99.00 999 1018.2   5.2   6.2   5.2 99.0 99.00 
2025 02 03 20 10 189  5.7  7.0  1.09  9.09  5.35  96 1017.9   5.2   6.2   5.2 99.0 99.00 
2025 02 03 20 20 189  6.3  7.4 99.00 99.00 99.00 999 1017.8   5.1   6.2   5.1 99.0 99.00 
2025 02 03 20 30 188  6.3  7.5 99.00 99.00 99.00 999 1017.5   5.1   6.1   5.1 99.0 99.00 
2025 02 03 20 40 188  6.7  8.2  1.05 10.00  5.22  99 1017.1   5.1   6.1   5.1 99.0 99.00 
2025 02 03 20 50 184  6.9  8.2 99.00 99.00 99.00 999 1017.0   5.1   6.1   5.1 99.0 99.00 
2025 02 03 21 00 185  7.0  8.6 99.00 99.00 99.00 999 1016.9   5.1   6.1 999.0 99.0 99.00 
2025 02 03 21 10 184  6.6  8.5  1.05  9.09  4.93  98 1017.0   5.2   6.1 999.0 99.0 99.00 
2025 02 03 21 20 187  6.9  8.3 99.00 99.00 99.00 999 1017.1   5.2   6.1 999.0 99.0 99.00 
2025 02 03 21 30 188  6.6  8.2 99.00 99.00 99.00 999 1017.0   5.1   6.1 999.0 99.0 99.00 
2025 02 03 21 40 186  7.2  8.4  1.10  7.69  4.85  97 1016.5   5.2   6.1 999.0 99.0 99.00 
2025 02 03 21 50 183  7.4  8.9 99.00 99.00 99.00 999 1016.3   5.1   6.1 999.0 99.0 99.00 
2025 02 03 22 00 185  7.8  9.4 99.00 99.00 99.00 999 1016.5   5.1   6.1 999.0 99.0 99.00 
2025 02 03 22 10 184  8.0  9.4  1.18  8.33  4.86 109 1016.4   5.2   6.1 999.0 99.0 99.00 
2025 02 03 22 20 184  7.9  9.5 99.00 99.00 99.00 999 1016.3   5.2   6.1 999.0 99.0 99.00 
2025 02 03 22 30 180  8.1  9.6 99.00 99.00 99.00 999 1016.3   5.2   6.1 999.0 99.0 99.00 
2025 02 03 22 40 185  8.3  9.8  1.17 10.00  4.65 104 1015.9   5.2   6.1 999.0 99.0 99.00 
2025 02 03 22 50 180  7.9 10.0 99.00 99.00 99.00 999 1016.0   5.3   6.1 999.0 99.0 99.00 
2025 02 03 23 00 179  7.9  9.2 99.00 99.00 99.00 999 1016.0   5.3   6.1 999.0 99.0 99.00 
2025 02 03 23 10 176  7.3  8.9  1.24 10.00  4.74  94 1015.6   5.4   6.1 999.0 99.0 99.00 
2025 02 03 23 20 174  7.7  9.1 99.00 99.00 99.00 999 1015.6   5.4   6.1 999.0 99.0 99.00 
2025 02 03 23 30 171  7.5  9.1 99.00 99.00 99.00 999 1015.3   5.5   6.1 999.0 99.0 99.00 
2025 02 03 23 40 175  7.9  9.8  1.17  7.14  4.69  81 1015.5   5.5   6.1 999.0 99.0 99.00 
2025 02 03 23 50 181  8.5 10.6 99.00 99.00 99.00 999 1015.5   5.6   6.1 999.0 99.0 99.00 
2025 02 04 00 00 184  8.3 10.3 99.00 99.00 99.00 999 1015.2   5.6   6.1 999.0 99.0 99.00 
2025 02 04 00 10 186  8.4 10.4  1.26  9.09  4.71  99 1015.2   5.7   6.1 999.0 99.0 99.00 
2025 02 04 00 20 185  8.3 10.1 99.00 99.00 99.00 999 1014.9   5.7   6.1 999.0 99.0 99.00 
2025 02 04 00 30 184  8.1 10.1 99.00 99.00 99.00 999 1014.7   5.8   6.1 999.0 99.0 99.00 
2025 02 04 00 40 185  7.7  9.8  1.33 10.00  4.64  81 1014.6   5.9   6.1 999.0 99.0 99.00 
2025 02 04 00 50 187  8.0  9.9 99.00 99.00 99.00 999 1014.7   6.1   6.0 999.0 99.0 99.00 
2025 02 04 01 00 188  8.2 10.0 99.00 99.00 99.00 999 1014.6   6.2   6.0 999.0 99.0 99.00 
2025 02 04 01 10 188  8.3 10.7  1.31 10.00  4.45  61 1014.4   6.3   6.0 999.0 99.0 99.00 
2025 02 04 01 20 189  7.9  9.6 99.00 99.00 99.00 999 1014.4   6.2   6.0 999.0 99.0 99.00 
2025 02 04 01 30 192  8.2 10.0 99.00 99.00 99.00 999 1014.3   6.2   6.0 999.0 99.0 99.00 
2025 02 04 01 40 193  7.8  9.8  1.27  9.09  4.47  85 1014.2   6.3   6.0 999.0 99.0 99.00 
2025 02 04 01 50 195  7.9 10.2 99.00 99.00 99.00 999 1014.0   6.5   6.0 999.0 99.0 99.00 
2025 02 04 02 00 194  6.9  8.7 99.00 99.00 99.00 999 1013.9   6.5   6.0 999.0 99.0 99.00 
2025 02 04 02 10 193  6.8  8.3  1.19  4.00  4.28 173 1013.8   6.5   6.0 999.0 99.0 99.00 
2025 02 04 02 20 197  6.6  7.9 99.00 99.00 99.00 999 1013.8   6.6   6.0 999.0 99.0 99.00 
2025 02 04 02 30 202  7.2  9.0 99.00 99.00 99.00 999 1013.5   6.7   6.1 999.0 99.0 99.00 
2025 02 04 02 40 206  7.5  9.2  1.17  9.09  4.40  97 1013.4   6.7   6.0 999.0 99.0 99.00 
2025 02 04 02 50 208  7.7 10.0 99.00 99.00 99.00 999 1013.2   6.8   6.1   6.8 99.0 99.00 
2025 02 04 03 00 211  8.5 10.6 99.00 99.00 99.00 999 1012.9   6.9   6.1   6.9 99.0 99.00 
2025 02 04 03 10 210  9.0 11.7  1.19 10.00  4.28 109 1012.8   7.1   6.1   7.0 99.0 99.00 
2025 02 04 03 20 210  9.1 10.8 99.00 99.00 99.00 999 1012.7   7.2   6.1   6.9 99.0 99.00 
2025 02 04 03 30 209  9.1 11.1 99.00 99.00 99.00 999 1012.5   7.3   6.2   7.0 99.0 99.00 
2025 02 04 03 40 208  8.9 11.0  1.25  4.17  4.38 177 1012.3   7.4   6.2   7.0 99.0 99.00 
2025 02 04 03 50 206  9.1 10.8 99.00 99.00 99.00 999 1012.2   7.5   6.1   7.1 99.0 99.00 
2025 02 04 04 00 207  8.9 10.7 99.00 99.00 99.00 999 1012.2   7.5   6.2   7.1 99.0 99.00 
2025 02 04 04 10 208  8.9 10.6  1.28  4.17  4.35 192 1012.1   7.5   6.2   7.1 99.0 99.00 
2025 02 04 04 20 209  9.1 10.7 99.00 99.00 99.00 999 1012.1   7.5   6.2   7.1 99.0 99.00 
2025 02 04 04 30 213  9.1 10.7 99.00 99.00 99.00 999 1012.1   7.6   6.3   7.2 99.0 99.00 
2025 02 04 04 40 215  8.8 10.5  1.30  4.55  4.29 181 1012.1   7.5   6.2   7.1 99.0 99.00 
2025 02 04 04 50 216  8.6 10.7 99.00 99.00 99.00 999 1012.1   7.5   6.2   7.1 99.0 99.00 
2025 02 04 05 00 215  8.7 10.2 99.00 99.00 99.00 999 1011.9   7.4   6.2   7.0 99.0 99.00 
2025 02 04 05 10 215  8.7 10.3  1.36  4.55  4.35 188 1011.7   7.3   6.2   6.9 99.0 99.00 
2025 02 04 05 20 213  8.5 10.2 99.00 99.00 99.00 999 1011.4   7.3   5.9   6.9 99.0 99.00 
2025 02 04 05 30 212  8.6 10.3 99.00 99.00 99.00 999 1011.2   7.2   5.9   6.8 99.0 99.00 
2025 02 04 05 40 211  8.9 10.6  1.30  9.09  4.44 106 1011.0   7.3   5.7   6.9 99.0 99.00 
2025 02 04 05 50 213  8.7 10.5 99.00 99.00 99.00 999 1011.0   7.4   5.7   7.0 99.0 99.00 
2025 02 04 06 00 213  8.8 10.3 99.00 99.00 99.00 999 1010.8   7.5   5.7   7.0 99.0 99.00 
2025 02 04 06 10 213  8.8 10.8  1.38  5.00  4.48 175 1010.7   7.5   5.7   7.0 99.0 99.00 
2025 02 04 06 20 214  8.9 11.1 99.00 99.00 99.00 999 1010.7   7.5   5.7   7.0 99.0 99.00 
2025 02 04 06 30 214  9.0 10.7 99.00 99.00 99.00 999 1010.5   7.4   5.7   6.9 99.0 99.00 
2025 02 04 06 40 214  9.0 11.1  1.40  5.00  4.45 190 1010.4   7.4   5.6   6.9 99.0 99.00 
2025 02 04 06 50 214  8.7 10.3 99.00 99.00 99.00 999 1010.4   7.3   5.6   6.8 99.0 99.00 
2025 02 04 07 00 215  8.8 10.5 99.00 99.00 99.00 999 1010.3   7.3   5.6   6.8 99.0 99.00 
2025 02 04 07 10 216  8.9 10.3  1.38  5.26  4.51 182 1010.2   7.3   5.6   6.9 99.0 99.00 
2025 02 04 07 20 218  8.8 10.2 99.00 99.00 99.00 999 1010.1   7.2   5.7   6.7 99.0 99.00 
2025 02 04 07 30 218  8.6 10.2 99.00 99.00 99.00 999 1010.0   7.2   5.7   6.7 99.0 99.00 
2025 02 04 07 40 219  8.3 10.4  1.37  5.26  4.59 177 1009.9   7.1   5.7   6.6 99.0 99.00 
2025 02 04 07 50 220  8.2  9.9 99.00 99.00 99.00 999 1009.8   7.1   5.7   6.6 99.0 99.00 
2025 02 04 08 00 222  8.0  9.9 99.00 99.00 99.00 999 1009.8   7.1   5.6   6.6 99.0 99.00 
2025 02 04 08 10 221  7.8  8.9  1.42  5.56  4.58 186 1009.7   7.0   5.5   6.5 99.0 99.00 
2025 02 04 08 20 222  7.5  9.2 99.00 99.00 99.00 999 1009.6   7.0   5.5   6.5 99.0 99.00 
2025 02 04 08 30 221  7.6  9.4 99.00 99.00 99.00 999 1009.4   7.2   5.6   6.7 99.0 99.00 
2025 02 04 08 40 221  7.4  8.8  1.37  5.56  4.72 184 1009.3   7.1   5.6   6.6 99.0 99.00 
2025 02 04 08 50 220  7.4  8.7 99.00 99.00 99.00 999 1009.3   7.2   5.5   6.6 99.0 99.00 
2025 02 04 09 00 220  7.3  8.8 99.00 99.00 99.00 999 1009.2   7.2   5.5   6.6 99.0 99.00 
2025 02 04 09 10 219  7.2  8.6  1.37  5.56  4.76 183 1009.2   7.2   5.5   6.6 99.0 99.00 
2025 02 04 09 20 220  6.8  8.1 99.00 99.00 99.00 999 1009.3   7.1   5.5   6.5 99.0 99.00 
2025 02 04 09 30 221  6.7  8.0 99.00 99.00 99.00 999 1009.3   7.1   5.5   6.5 99.0 99.00 
2025 02 04 09 40 221  6.6  7.5  1.35  5.88  4.78 172 1009.2   7.1   5.4   6.5 99.0 99.00 
2025 02 04 09 50 221  6.5  7.7 99.00 99.00 99.00 999 1009.2   7.1   5.4   6.5 99.0 99.00 
2025 02 04 10 00 221  6.6  7.8 99.00 99.00 99.00 999 1009.1   7.1   5.4   6.5 99.0 99.00 
2025 02 04 10 10 223  6.5  7.8  1.28  5.88  4.73 168 1009.1   7.2   5.4   6.6 99.0 99.00 
2025 02 04 10 20 225  6.6  7.8 99.00 99.00 99.00 999 1009.1   7.3   5.4   6.6 99.0 99.00 
2025 02 04 10 30 227  6.4  7.4 99.00 99.00 99.00 999 1009.1   7.4   5.4   6.7 99.0 99.00 
2025 02 04 10 40 229  6.2  7.4  1.29  6.25  4.85 168 1009.1   7.5   5.4   6.8 99.0 99.00 
2025 02 04 10 50 230  6.3  7.5 99.00 99.00 99.00 999 1009.3   7.7   5.4   6.9 99.0 99.00 
2025 02 04 11 00 233  5.5  6.5 99.00 99.00 99.00 999 1009.3   7.8   5.4   7.0 99.0 99.00 
2025 02 04 11 10 234  5.4  6.3  1.29  5.88  4.92 171 1009.3   7.7   5.4   6.9 99.0 99.00 
2025 02 04 11 20 230  5.7  6.6 99.00 99.00 99.00 999 1009.4   7.7   5.4   6.9 99.0 99.00 
2025 02 04 11 30 228  5.8  6.8 99.00 99.00 99.00 999 1009.6   7.6   5.4   6.8 99.0 99.00 
2025 02 04 11 40 227  5.7  7.1  1.26  5.88  4.90 171 1009.8   7.5   5.4   6.8 99.0 99.00 
2025 02 04 11 50 229  5.8  6.7 99.00 99.00 99.00 999 1009.8   7.5   5.4   6.8 99.0 99.00 
2025 02 04 12 00 236  5.6  6.6 99.00 99.00 99.00 999 1009.7   7.6   5.4   6.9 99.0 99.00 
2025 02 04 12 10 238  5.8  6.9  1.26  5.56  5.04 172 1009.9   7.8   5.4   7.0 99.0 99.00 
2025 02 04 12 20 243  5.8  6.8 99.00 99.00 99.00 999 1010.0   8.0   5.3   7.1 99.0 99.00 
2025 02 04 12 30 244  5.3  6.1 99.00 99.00 99.00 999 1010.0   7.7   5.3   6.7 99.0 99.00 
2025 02 04 12 40 241  5.2  6.2  1.30  5.88  5.03 172 1010.1   7.6   5.3   6.7 99.0 99.00 
2025 02 04 12 50 242  5.2  5.9 99.00 99.00 99.00 999 1010.2   7.6   5.3   6.7 99.0 99.00 
2025 02 04 13 00 244  5.2  6.3 99.00 99.00 99.00 999 1010.3   7.9   5.3   6.9 99.0 99.00 
2025 02 04 13 10 238  5.3  6.2  1.26  6.67  5.10 156 1010.5   8.0   5.3   6.9 99.0 99.00 
2025 02 04 13 20 287  4.6  6.4 99.00 99.00 99.00 999 1011.7   7.7   5.3   6.6 99.0 99.00 
2025 02 04 13 30 307  4.3  6.0 99.00 99.00 99.00 999 1011.8   7.5   5.3   6.6 99.0 99.00 
2025 02 04 13 40 312  3.5  4.8  1.28  6.67  5.21 156 1011.9   7.7   5.4   6.7 99.0 99.00 
2025 02 04 13 50 316  2.8  3.8 99.00 99.00 99.00 999 1011.8   7.8   5.4   6.7 99.0 99.00 
2025 02 04 14 00 318  2.8  3.8 99.00 99.00 99.00 999 1011.8   8.1   5.4   6.9 99.0 99.00 
2025 02 04 14 10 286  2.3  3.4  1.17  5.56  5.21 170 1011.8   8.2   5.4   6.9 99.0 99.00 
2025 02 04 14 20 302  2.4  3.2 99.00 99.00 99.00 999 1011.8   8.1   5.4   6.7 99.0 99.00 
2025 02 04 14 30 295  2.1  2.9 99.00 99.00 99.00 999 1012.1   7.9   5.4   6.6 99.0 99.00 
2025 02 04 14 40 288  2.2  3.2  1.23  6.25  5.24 167 1011.9   7.8   5.4   6.5 99.0 99.00 
2025 02 04 14 50 296  2.6  3.7 99.00 99.00 99.00 999 1012.1   7.7   5.4   6.4 99.0 99.00 
2025 02 04 15 00 309  3.4  4.6 99.00 99.00 99.00 999 1012.3   7.7   5.4   6.5 99.0 99.00 
2025 02 04 15 10 314  3.5  4.4  1.25  6.25  5.26 169 1012.5   7.7   5.4   6.4 99.0 99.00 
2025 02 04 15 20 315  3.3  4.2 99.00 99.00 99.00 999 1012.7   7.8   5.5   6.5 99.0 99.00 
2025 02 04 15 30 317  3.3  4.5 99.00 99.00 99.00 999 1013.1   7.7   5.5   6.5 99.0 99.00 
2025 02 04 15 40 322  4.4  6.1  1.18  6.67  5.26 166 1013.3   8.0   5.5   6.7 99.0 99.00 
2025 02 04 15 50 324  5.4  6.5 99.00 99.00 99.00 999 1013.3   8.6   5.5   6.9 99.0 99.00 
2025 02 04 16 00 328  5.1  6.6 99.00 99.00 99.00 999 1013.4   8.5   5.5   6.6 99.0 99.00 
2025 02 04 16 10 328  5.3  7.0  1.18  6.25  5.33 167 1013.6   8.2   5.5   6.4 99.0 99.00 
2025 02 04 16 20 329  4.8  6.5 99.00 99.00 99.00 999 1013.6   8.0   5.5   6.3 99.0 99.00 
2025 02 04 16 30 331  5.3  7.0 99.00 99.00 99.00 999 1013.7   7.8   5.5   6.1 99.0 99.00 
2025 02 04 16 40 328  6.4  8.2  1.09  6.25  5.05 160 1013.7   7.8   5.5   6.1 99.0 99.00 
2025 02 04 16 50 331  6.2  8.0 99.00 99.00 99.00 999 1013.6   7.7   5.5   6.0 99.0 99.00 
2025 02 04 17 00 329  6.1  7.7 99.00 99.00 99.00 999 1013.7   7.8   5.6   6.1 99.0 99.00 
2025 02 04 17 10 336  6.5  9.2  1.07  6.67  4.99 164 1014.0   7.9   5.6   6.1 99.0 99.00 
2025 02 04 17 20 337  7.8  9.8 99.00 99.00 99.00 999 1014.1   8.3   5.6   6.0 99.0 99.00 
2025 02 04 17 30 338  7.9  9.7 99.00 99.00 99.00 999 1014.5   8.4   5.7   5.8 99.0 99.00 
2025 02 04 17 40 338  8.3 10.3  1.05  6.25  4.61 165 1014.5   8.4   5.7   5.7 99.0 99.00 
2025 02 04 17 50 340  7.3  8.7 99.00 99.00 99.00 999 1014.5   8.3   5.7   5.7 99.0 99.00 
2025 02 04 18 00 342  7.2  9.0 99.00 99.00 99.00 999 1014.5   8.3   5.7   5.7 99.0 99.00 
2025 02 04 18 10 342  8.0  9.9  1.01  6.25  4.27 173 1014.7   8.3   5.7   5.6 99.0 99.00 
2025 02 04 18 20 340  7.5  9.5 99.00 99.00 99.00 999 1014.9   8.2   5.7   5.6 99.0 99.00 
2025 02 04 18 30 339  7.8  9.4 99.00 99.00 99.00 999 1015.3   8.4   5.7   5.7 99.0 99.00 
2025 02 04 18 40 335  8.7 10.5  1.07  6.25  4.44 173 1015.5   8.3   5.7   5.3 99.0 99.00 
2025 02 04 18 50 334  8.8 10.8 99.00 99.00 99.00 999 1015.6   8.0   5.7   4.9 99.0 99.00 
2025 02 04 19 00 339  8.9 11.2 99.00 99.00 99.00 999 1015.9   7.9   5.7   4.6 99.0 99.00 
2025 02 04 19 10 338  9.9 12.9  1.04  6.25  4.35 168 1016.1   7.8   5.7   4.4 99.0 99.00 
2025 02 04 19 20 336 10.2 12.7 99.00 99.00 99.00 999 1016.3   7.7   5.7   4.2 99.0 99.00 
2025 02 04 19 30 338  9.6 12.3 99.00 99.00 99.00 999 1016.4   7.6   5.7   4.3 99.0 99.00 
2025 02 04 19 40 335 10.9 13.5  1.15  5.88  4.12 172 1016.7   7.6   5.7   4.0 99.0 99.00 
2025 02 04 19 50 337 10.0 12.7 99.00 99.00 99.00 999 1016.9   7.6   5.7   3.9 99.0 99.00 
2025 02 04 20 00 336  9.4 11.5 99.00 99.00 99.00 999 1017.3   7.5   5.7   3.8 99.0 99.00 
2025 02 04 20 10 337  8.4 10.7  1.13  3.57  4.03 330 1017.5   7.5   5.7   3.7 99.0 99.00 
2025 02 04 20 20 341  7.9 10.3 99.00 99.00 99.00 999 1017.7   7.6   5.7   3.5 99.0 99.00 
2025 02 04 20 30 344  8.4 11.0 99.00 99.00 99.00 999 1017.7   7.6   5.8   3.4 99.0 99.00 
2025 02 04 20 40 346 10.8 15.3  1.19  4.17  4.12 318 1017.6   7.6   5.8   3.1 99.0 99.00 
2025 02 04 20 50 346 11.0 13.9 99.00 99.00 99.00 999 1018.0   7.6   5.8   3.1 99.0 99.00 
2025 02 04 21 00 345 11.0 13.8 99.00 99.00 99.00 999 1018.2   7.6   5.8   3.0 99.0 99.00 
2025 02 04 21 10 345 11.0 13.7  1.29  4.55  4.23 327 1018.4   7.7   5.8   2.8 99.0 99.00 
2025 02 04 21 20 347 10.5 13.4 99.00 99.00 99.00 999 1018.9   7.7   5.9   2.6 99.0 99.00 
2025 02 04 21 30 347  9.7 12.3 99.00 99.00 99.00 999 1019.2   7.7   5.9   2.8 99.0 99.00 
2025 02 04 21 40 347  9.7 11.8  1.39  4.76  4.27 328 1019.2   7.6   5.9   2.7 99.0 99.00 
2025 02 04 21 50 349  8.9 10.8 99.00 99.00 99.00 999 1019.3   7.5   5.9   2.9 99.0 99.00 
2025 02 04 22 00 347  8.0  9.8 99.00 99.00 99.00 999 1019.7   7.5   5.9   3.0 99.0 99.00 
2025 02 04 22 10 346  6.9  8.4  1.26  5.26  4.31 325 1020.0   7.4   5.9   3.2 99.0 99.00 
2025 02 04 22 20 348  6.2  7.5 99.00 99.00 99.00 999 1020.3   7.3 999.0   3.5 99.0 99.00 
2025 02 04 22 30 355  6.2  7.5 99.00 99.00 99.00 999 1020.4   7.1   5.9   3.5 99.0 99.00 
2025 02 04 22 40 356  6.1  7.5  1.16  4.76  4.29 328 1020.6   7.1   5.9   3.5 99.0 99.00 
2025 02 04 22 50 356  5.7  7.0 99.00 99.00 99.00 999 1020.8   7.1   5.9   3.6 99.0 99.00 
2025 02 04 23 00 351  5.2  6.1 99.00 99.00 99.00 999 1021.1   7.1   6.0   3.5 99.0 99.00 
2025 02 04 23 10 349  5.0  6.0  1.03  4.76  4.26 327 1021.3   7.2   6.0   3.3 99.0 99.00 
2025 02 04 23 20 350  5.3  6.6 99.00 99.00 99.00 999 1021.7   7.2   6.0   3.1 99.0 99.00 
2025 02 04 23 30 348  5.5  7.0 99.00 99.00 99.00 999 1021.9   7.2   6.0   3.0 99.0 99.00 
2025 02 04 23 40 340  5.5  7.0  1.02  4.55  4.27 332 1022.2   7.1   6.0   3.1 99.0 99.00 
2025 02 04 23 50 342  5.8  7.1 99.00 99.00 99.00 999 1022.3   7.1   6.0   3.3 99.0 99.00 
2025 02 05 00 00 343  6.2  7.2 99.00 99.00 99.00 999 1022.6   7.0   6.0   3.3 99.0 99.00 
2025 02 05 00 10 342  6.1  7.7  0.95  4.17  4.11 343 1022.6   7.0   6.0   3.3 99.0 99.00 
2025 02 05 00 20 336  6.4  8.0 99.00 99.00 99.00 999 1022.8   7.1   6.0   2.7 99.0 99.00 
2025 02 05 00 30 343  5.9  7.2 99.00 99.00 99.00 999 1023.0   7.1   6.0   2.7 99.0 99.00 
2025 02 05 00 40 340  5.5  7.0  0.93  4.35  4.20 349 1023.2   7.0   6.0   2.9 99.0 99.00 
2025 02 05 00 50 340  5.5  6.5 99.00 99.00 99.00 999 1023.3   6.9   6.1   2.9 99.0 99.00 
2025 02 05 01 00 338  5.5  6.9 99.00 99.00 99.00 999 1023.2   6.8   6.1   3.1 99.0 99.00 
2025 02 05 01 10 339  5.0  6.4  0.90 10.00  4.15 118 1023.3   6.8   6.1   3.1 99.0 99.00 
2025 02 05 01 20 343  5.0  6.5 99.00 99.00 99.00 999 1023.4   6.7   6.1   3.4 99.0 99.00 
2025 02 05 01 30 343  5.8  7.2 99.00 99.00 99.00 999 1023.5   6.6   6.1   3.1 99.0 99.00 
2025 02 05 01 40 342  4.7  5.9  0.85 10.00  4.27 116 1023.5   6.6   6.1   3.1 99.0 99.00 
2025 02 05 01 50 342  5.4  7.0 99.00 99.00 99.00 999 1023.6   6.6   6.2   3.0 99.0 99.00 
2025 02 05 02 00   1  6.0  7.5 99.00 99.00 99.00 999 1023.8   6.6   6.2   2.8 99.0 99.00 
2025 02 05 02 10   6  5.3  6.8  0.81 10.00  4.34 120 1023.8   6.6   6.2   3.3 99.0 99.00 
2025 02 05 02 20  23  7.0  8.7 99.00 99.00 99.00 999 1023.8   6.4   6.2   2.4 99.0 99.00 
2025 02 05 02 30  30  7.9  9.2 99.00 99.00 99.00 999 1023.9   6.2   6.2   0.9 99.0 99.00 
2025 02 05 02 40  27  7.5  9.2  0.78  6.67  4.13 149 1024.1   6.1   6.3   0.4 99.0 99.00 
2025 02 05 02 50  21  7.4  8.7 99.00 99.00 99.00 999 1024.2   5.9   6.3  -0.4 99.0 99.00 
2025 02 05 03 00  21  7.4  8.8 99.00 99.00 99.00 999 1024.2   5.9   6.3  -0.1 99.0 99.00 
2025 02 05 03 10  21  7.3  8.9  0.89  7.14  4.11 144 1024.2   5.8   6.3  -0.1 99.0 99.00 
2025 02 05 03 20  21  7.5  8.7 99.00 99.00 99.00 999 1024.3   5.8   6.4  -0.5 99.0 99.00 
2025 02 05 03 30  20  8.2  9.4 99.00 99.00 99.00 999 1024.2   5.7   6.4  -1.0 99.0 99.00 
2025 02 05 03 40  19  8.3 10.1  0.99  5.26  4.11  50 1024.2   5.7   6.4  -0.5 99.0 99.00 
2025 02 05 03 50  21  7.6  9.3 99.00 99.00 99.00 999 1024.3   5.6   6.4  -0.8 99.0 99.00 
2025 02 05 04 00  19  8.3  9.8 99.00 99.00 99.00 999 1024.3   5.5   6.4  -1.2 99.0 99.00 
2025 02 05 04 10  15  7.2  8.9  1.13  5.26  4.21  54 1024.8   5.5   6.4  -1.3 99.0 99.00 
2025 02 05 04 20  17  6.8  8.6 99.00 99.00 99.00 999 1024.8   5.4   6.4  -1.3 99.0 99.00 
2025 02 05 04 30  18  7.1  8.7 99.00 99.00 99.00 999 1024.9   5.4   6.4  -1.6 99.0 99.00 
2025 02 05 04 40  17  7.7  9.8  1.22  5.26  4.30  56 1024.9   5.3   6.4  -1.8 99.0 99.00 
2025 02 05 04 50  15  7.5  8.9 99.00 99.00 99.00 999 1024.9   5.3   6.4  -1.6 99.0 99.00 
2025 02 05 05 00  17  6.9  8.7 99.00 99.00 99.00 999 1025.1   5.2   6.4  -1.9 99.0 99.00 
2025 02 05 05 10  20  6.5  8.2  1.19  5.56  4.44  50 1025.4   5.2   6.4  -2.0 99.0 99.00 
2025 02 05 05 20  15  5.7  7.2 99.00 99.00 99.00 999 1025.4   5.2   6.4  -2.2 99.0 99.00 
2025 02 05 05 30  19  5.6  7.6 99.00 99.00 99.00 999 1025.5   5.2   6.4  -2.2 99.0 99.00 
2025 02 05 05 40  23  5.8  7.2  1.17  5.56  4.35  40 1025.7   5.1   6.4  -2.5 99.0 99.00 
2025 02 05 05 50  20  5.7  7.3 99.00 99.00 99.00 999 1025.7   5.0   6.4  -2.4 99.0 99.00 
2025 02 05 06 00  19  4.8  6.3 99.00 99.00 99.00 999 1025.9   5.0   6.4  -2.3 99.0 99.00 
2025 02 05 06 10  14  4.9  6.0  1.13  6.25  4.41  56 1025.9   4.9   6.4  -2.4 99.0 99.00 
2025 02 05 06 20   4  4.5  6.4 99.00 99.00 99.00 999 1026.0   4.9   6.4  -2.7 99.0 99.00 
2025 02 05 06 30   7  4.9  6.3 99.00 99.00 99.00 999 1026.0   4.8   6.4  -2.7 99.0 99.00 
2025 02 05 06 40 360  4.5  6.0  1.13  5.88  4.50  36 1025.8   4.8   6.4  -3.1 99.0 99.00 
2025 02 05 06 50 358  4.0  5.3 99.00 99.00 99.00 999 1025.8   4.7   6.4  -2.8 99.0 99.00 
2025 02 05 07 00   6  3.8  5.3 99.00 99.00 99.00 999 1025.7   4.6   6.4  -3.0 99.0 99.00 
2025 02 05 07 10  10  3.4  4.7  1.13  6.25  4.54  48 1026.0   4.6   6.4  -3.0 99.0 99.00 
2025 02 05 07 20   4  3.4  5.0 99.00 99.00 99.00 999 1026.0   4.5   6.4  -2.8 99.0 99.00 
2025 02 05 07 30  24  4.3  6.4 99.00 99.00 99.00 999 1026.3   4.5   6.4  -1.7 99.0 99.00 
2025 02 05 07 40  23  4.5  5.6  1.06  6.25  4.35  43 1026.0   4.3   6.4  -2.2 99.0 99.00 
2025 02 05 07 50  15  4.2  5.3 99.00 99.00 99.00 999 1026.2   4.2   6.4  -2.4 99.0 99.00 
2025 02 05 08 00  12  4.4  5.7 99.00 99.00 99.00 999 1026.1   4.1   6.4  -2.4 99.0 99.00 
2025 02 05 08 10  12  4.2  5.9  1.11  5.88  4.58  49 1026.3   4.1   6.4  -2.3 99.0 99.00 
2025 02 05 08 20   8  4.3  5.6 99.00 99.00 99.00 999 1026.3   4.0   6.4  -2.5 99.0 99.00 
2025 02 05 08 30  11  4.3  5.4 99.00 99.00 99.00 999 1026.4   3.9   6.4  -2.7 99.0 99.00 
2025 02 05 08 40  14  4.2  5.5  1.09  5.88  4.48  43 1026.1   3.9   6.4  -2.8 99.0 99.00 
2025 02 05 08 50  18  4.7  6.3 99.00 99.00 99.00 999 1026.2   3.8   6.4  -2.6 99.0 99.00 
2025 02 05 09 00  23  4.5  5.9 99.00 99.00 99.00 999 1026.2   3.8   6.4  -2.3 99.0 99.00 
2025 02 05 09 10  13  4.4  5.9  1.05  5.56  4.60  49 1026.3   3.7 999.0  -2.4 99.0 99.00 
2025 02 05 09 20  22  4.3  5.9 99.00 99.00 99.00 999 1026.2   3.7   6.4  -2.3 99.0 99.00 
2025 02 05 09 30  14  4.0  5.3 99.00 99.00 99.00 999 1026.4   3.7   6.4  -2.6 99.0 99.00 
2025 02 05 09 40  11  3.6  4.8  1.02  5.88  4.49  50 1026.4   3.7   6.4  -2.7 99.0 99.00 
2025 02 05 09 50  17  3.2  4.5 99.00 99.00 99.00 999 1026.6   3.7   6.4  -2.7 99.0 99.00 
2025 02 05 10 00  18  3.3  4.5 99.00 99.00 99.00 999 1026.8   3.7   6.4  -2.1 99.0 99.00 
2025 02 05 10 10  12  3.5  5.1  0.97  5.56  4.57  54 1026.9   3.7   6.4  -2.1 99.0 99.00 
2025 02 05 10 20   8  3.3  4.3 99.00 99.00 99.00 999 1027.0   3.6   6.4  -2.6 99.0 99.00 
2025 02 05 10 30   9  3.3  4.5 99.00 99.00 99.00 999 1027.1   3.6   6.4  -2.4 99.0 99.00 
2025 02 05 10 40  11  3.1  4.3  0.89  5.88  4.39  46 1027.2   3.5   6.3  -2.5 99.0 99.00 
2025 02 05 10 50   9  3.4  4.6 99.00 99.00 99.00 999 1027.4   3.5   6.3  -2.3 99.0 99.00 
2025 02 05 11 00  12  3.3  4.4 99.00 99.00 99.00 999 1027.3   3.4   6.3  -2.5 99.0 99.00 
2025 02 05 11 10  20  3.3  4.8  0.96  5.56  4.42  58 1027.5   3.4   6.3  -2.5 99.0 99.00 
2025 02 05 11 20  14  3.9  5.3 99.00 99.00 99.00 999 1027.7   3.3   6.3  -2.6 99.0 99.00 
2025 02 05 11 30  23  3.5  5.7 99.00 99.00 99.00 999 1027.7   3.3   6.3  -2.3 99.0 99.00 
2025 02 05 11 40   8  3.8  5.0  0.95  5.26  4.53  42 1027.9   3.2   6.3  -2.5 99.0 99.00 
2025 02 05 11 50  13  4.0  5.5 99.00 99.00 99.00 999 1028.0   3.3   6.3  -2.3 99.0 99.00 
2025 02 05 12 00   7  3.9  5.3 99.00 99.00 99.00 999 1028.3   3.3   6.3  -2.2 99.0 99.00 
2025 02 05 12 10   5  4.6  6.1  0.93  5.56  4.36  44 1028.4   3.2   6.3  -2.5 99.0 99.00 
2025 02 05 12 20  10  4.5  6.4 99.00 99.00 99.00 999 1028.5   3.2   6.3  -2.7 99.0 99.00 
2025 02 05 12 30   3  4.7  5.8 99.00 99.00 99.00 999 1028.7   3.2   6.3  -2.9 99.0 99.00 
2025 02 05 12 40   5  4.7  6.0  0.83  5.88  4.28  45 1028.8   3.2   6.3  -3.0 99.0 99.00 
2025 02 05 12 50   2  5.0  6.5 99.00 99.00 99.00 999 1028.8   3.2   6.3  -3.0 99.0 99.00 
2025 02 05 13 00   6  5.0  6.3 99.00 99.00 99.00 999 1028.7   3.1   6.3  -3.3 99.0 99.00 
2025 02 05 13 10  12  5.0  6.2  0.89  5.26  4.37  38 1029.0   3.0   6.3  -3.3 99.0 99.00 
2025 02 05 13 20  10  4.9  6.3 99.00 99.00 99.00 999 1029.2   3.0   6.3  -3.4 99.0 99.00 
2025 02 05 13 30   8  4.9  6.4 99.00 99.00 99.00 999 1029.5   3.1   6.3  -3.4 99.0 99.00 
2025 02 05 13 40  11  5.0  6.4  0.87  4.76  4.32  42 1029.3   3.1   6.3  -3.6 99.0 99.00 
2025 02 05 13 50  25  4.8  6.5 99.00 99.00 99.00 999 1029.4   3.0   6.3  -3.3 99.0 99.00 
2025 02 05 14 00  13  4.4  6.2 99.00 99.00 99.00 999 1029.6   3.0   6.3  -3.5 99.0 99.00 
2025 02 05 14 10  23  4.3  5.4  0.83  5.56  4.28  49 1029.8   3.0   6.3  -3.6 99.0 99.00 
2025 02 05 14 20  17  4.0  6.0 99.00 99.00 99.00 999 1029.7   3.1   6.3  -3.0 99.0 99.00 
2025 02 05 14 30  23  4.2  5.8 99.00 99.00 99.00 999 1029.7   3.1   6.3  -2.9 99.0 99.00 
2025 02 05 14 40  18  4.2  5.4  0.83  5.88  4.34  43 1029.7   3.0   6.3  -3.2 99.0 99.00 
2025 02 05 14 50  18  4.3  5.8 99.00 99.00 99.00 999 1029.7   3.0   6.3  -2.8 99.0 99.00 
2025 02 05 15 00  23  3.8  5.2 99.00 99.00 99.00 999 1029.8   2.9   6.3  -3.1 99.0 99.00 
2025 02 05 15 10  17  3.4  5.1  0.82  5.26  4.33  47 1029.9   3.0   6.4  -2.9 99.0 99.00 
2025 02 05 15 20  16  3.7  5.3 99.00 99.00 99.00 999 1030.0   3.0   6.4  -3.0 99.0 99.00 
2025 02 05 15 30  18  3.7  5.1 99.00 99.00 99.00 999 1030.1   2.9   6.4  -3.1 99.0 99.00 
2025 02 05 15 40  19  3.8  5.6  0.75  5.00  4.31  49 1030.0   3.0   6.4  -2.8 99.0 99.00 
2025 02 05 15 50  16  4.1  5.2 99.00 99.00 99.00 999 1030.0   2.9   6.4  -3.1 99.0 99.00 
2025 02 05 16 00  25  4.3  5.9 99.00 99.00 99.00 999 1029.9   2.9   6.4  -2.8 99.0 99.00 
2025 02 05 16 10  14  4.0  5.3  0.72  4.76  4.35  42 1029.9   2.9   6.4  -2.9 99.0 99.00 
2025 02 05 16 20  15  4.0  5.4 99.00 99.00 99.00 999 1029.8   2.8   6.4  -3.0 99.0 99.00 
2025 02 05 16 30  23  3.4  4.4 99.00 99.00 99.00 999 1029.6   2.8   6.4  -3.2 99.0 99.00 
2025 02 05 16 40  17  3.7  4.8  0.76  5.56  4.46  57 1029.9   2.9   6.4  -2.4 99.0 99.00 
2025 02 05 16 50  15  4.3  5.9 99.00 99.00 99.00 999 1029.6   2.8   6.4  -2.1 99.0 99.00 
2025 02 05 17 00  18  3.6  5.3 99.00 99.00 99.00 999 1029.4   2.7   6.4  -2.4 99.0 99.00 
2025 02 05 17 10  25  3.1  4.4  0.75  5.00  4.46  45 1029.3   2.7   6.4  -2.6 99.0 99.00 
2025 02 05 17 20  21  3.3  4.6 99.00 99.00 99.00 999 1029.3   2.7   6.4  -2.5 99.0 99.00 
2025 02 05 17 30  12  3.7  5.0 99.00 99.00 99.00 999 1029.3   2.6   6.4  -2.6 99.0 99.00 
2025 02 05 17 40  23  4.0  5.7  0.69  4.35  4.44  42 1028.9   2.6   6.4  -2.5 99.0 99.00 
2025 02 05 17 50  12  3.9  5.3 99.00 99.00 99.00 999 1029.0   2.6   6.4  -2.4 99.0 99.00 
2025 02 05 18 00  18  4.2  5.9 99.00 99.00 99.00 999 1028.9   2.6   6.4  -2.4 99.0 99.00 
2025 02 05 18 10  13  4.4  5.9  0.69  4.76  4.41  54 1028.5   2.5   6.4  -2.6 99.0 99.00 
2025 02 05 18 20  30  5.6  7.0 99.00 99.00 99.00 999 1028.5   2.4   6.4  -1.2 99.0 99.00 
2025 02 05 18 30  29  5.8  7.0 99.00 99.00 99.00 999 1028.5   2.2   6.4  -1.0 99.0 99.00 
2025 02 05 18 40  31  5.5  6.8  0.78  5.26  4.35  44 1028.5   2.2   6.4  -1.0 99.0 99.00 
2025 02 05 18 50  23  5.4  6.8 99.00 99.00 99.00 999 1028.5   2.1   6.4  -1.2 99.0 99.00 
2025 02 05 19 00  22  5.3  6.5 99.00 99.00 99.00 999 1028.4   2.1   6.4  -1.3 99.0 99.00 
2025 02 05 19 10  26  5.2  6.6  0.75  5.56  4.07  51 1028.2   2.0   6.4  -1.6 99.0 99.00 
2025 02 05 19 20  22  5.6  6.9 99.00 99.00 99.00 999 1028.2   2.0   6.4  -1.7 99.0 99.00 
2025 02 05 19 30  16  5.2  6.7 99.00 99.00 99.00 999 1028.5   2.1   6.4  -1.8 99.0 99.00 
2025 02 05 19 40  22  5.2  6.9  0.73  5.56  4.00  39 1028.4   2.1   6.4  -1.7 99.0 99.00 
2025 02 05 19 50  20  4.5  6.3 99.00 99.00 99.00 999 1028.4   2.1   6.4  -2.0 99.0 99.00 
2025 02 05 20 00  22  4.7  6.4 99.00 99.00 99.00 999 1028.2   2.1   6.4  -2.0 99.0 99.00 
2025 02 05 20 10  25  3.9  5.4  0.73  5.26  4.04  40 1028.4   2.1   6.4  -2.4 99.0 99.00 
2025 02 05 20 20  17  3.9  5.0 99.00 99.00 99.00 999 1028.0   2.0   6.4  -2.7 99.0 99.00 
2025 02 05 20 30  28  4.1  5.8 99.00 99.00 99.00 999 1028.0   2.1   6.4  -2.7 99.0 99.00 
2025 02 05 20 40  30  3.6  4.8  0.74  5.00  4.16  40 1028.2   2.1   6.4  -3.0 99.0 99.00 
2025 02 05 20 50  24  3.1  4.8 99.00 99.00 99.00 999 1028.2   2.1   6.4  -3.0 99.0 99.00 
2025 02 05 21 00  29  3.3  5.0 99.00 99.00 99.00 999 1028.2   2.1   6.4  -3.1 99.0 99.00 
2025 02 05 21 10  38  3.8  5.1  0.78  5.26  4.17  33 1028.2   2.1   6.4  -2.9 99.0 99.00 
2025 02 05 21 20  29  3.4  5.0 99.00 99.00 99.00 999 1028.2   2.1   6.4  -3.2 99.0 99.00 
2025 02 05 21 30  27  3.2  5.0 99.00 99.00 99.00 999 1028.5   2.2   6.4  -3.3 99.0 99.00 
2025 02 05 21 40  29  3.1  4.9  0.74  5.26  4.17  38 1028.6   2.2   6.4  -3.2 99.0 99.00 
2025 02 05 21 50  34  2.8  4.3 99.00 99.00 99.00 999 1028.5   2.3   6.4  -3.3 99.0 99.00 
2025 02 05 22 00  53  2.6  3.8 99.00 99.00 99.00 999 1028.6   2.3   6.4  -3.1 99.0 99.00 
2025 02 05 22 10  51  3.0  4.4  0.73  5.00  4.11  36 1028.6   2.4   6.4  -3.0 99.0 99.00 
2025 02 05 22 20  73  3.0  4.1 99.00 99.00 99.00 999 1028.2   2.4   6.4  -3.1 99.0 99.00 
2025 02 05 22 30  71  2.8  4.3 99.00 99.00 99.00 999 1028.2   2.4   6.4  -3.1 99.0 99.00 
2025 02 05 22 40  71  3.4  5.9  0.72  5.56  4.23  50 1028.3   2.4   6.4  -3.2 99.0 99.00 
2025 02 05 22 50  67  2.8  4.1 99.00 99.00 99.00 999 1028.7   2.5   6.4  -3.2 99.0 99.00 
2025 02 05 23 00  64  2.9  3.9 99.00 99.00 99.00 999 1028.6   2.6   6.3  -2.8 99.0 99.00 
2025 02 05 23 10  85  3.3  4.6  0.68  5.56  4.35  53 1028.5   2.6   6.3  -3.3 99.0 99.00 
2025 02 05 23 20  82  3.3  4.6 99.00 99.00 99.00 999 1028.4   2.6   6.3  -3.1 99.0 99.00 
2025 02 05 23 30  80  3.3  4.5 99.00 99.00 99.00 999 1028.4   2.6   6.3  -3.2 99.0 99.00 
2025 02 05 23 40  74  3.3  4.7  0.70  4.55  4.41  48 1028.5   2.6   6.3  -3.4 99.0 99.00 
2025 02 05 23 50  83  3.6  5.2 99.00 99.00 99.00 999 1028.1   2.7   6.4  -3.1 99.0 99.00 
2025 02 06 00 00  88  3.9  5.5 99.00 99.00 99.00 999 1028.0   2.7   6.3  -2.8 99.0 99.00 
2025 02 06 00 10  93  3.7  5.7  0.67  5.56  4.41  40 1028.3   2.8   6.4  -2.8 99.0 99.00 
2025 02 06 00 20 105  3.9  5.1 99.00 99.00 99.00 999 1028.2   2.9   6.3  -2.4 99.0 99.00 
2025 02 06 00 30  93  3.8  5.3 99.00 99.00 99.00 999 1028.3   2.9   6.3  -2.4 99.0 99.00 
2025 02 06 00 40  89  4.2  5.7  0.67 10.00  4.51 148 1028.2   2.9   6.3  -2.1 99.0 99.00 
2025 02 06 00 50  87  4.1  5.8 99.00 99.00 99.00 999 1028.2   2.9   6.3  -2.1 99.0 99.00 
2025 02 06 01 00  87  4.4  6.0 99.00 99.00 99.00 999 1028.2   2.9   6.3  -2.3 99.0 99.00 
2025 02 06 01 10  87  4.8  6.0  0.64  8.33  4.44 140 1028.1   3.0   6.3  -2.2 99.0 99.00 
2025 02 06 01 20  85  4.8  5.9 99.00 99.00 99.00 999 1028.0   2.9   6.3  -2.4 99.0 99.00 
2025 02 06 01 30  88  5.0  6.4 99.00 99.00 99.00 999 1027.9   2.8   6.3  -2.3 99.0 99.00 
2025 02 06 01 40  88  5.4  7.1  0.67 10.00  4.23 141 1027.9   2.8   6.3  -2.0 99.0 99.00 
2025 02 06 01 50  95  5.7  7.6 99.00 99.00 99.00 999 1027.6   2.8   6.3  -1.5 99.0 99.00 
2025 02 06 02 00  95  6.0  7.4 99.00 99.00 99.00 999 1027.6   2.7   6.3  -1.4 99.0 99.00 
2025 02 06 02 10  95  6.2  7.9  0.69 10.00  4.05 158 1027.7   2.7   6.3  -1.0 99.0 99.00 
2025 02 06 02 20  96  6.0  7.7 99.00 99.00 99.00 999 1027.5   2.7   6.4  -1.1 99.0 99.00 
2025 02 06 02 30  96  6.3  7.7 99.00 99.00 99.00 999 1027.6   2.6   6.4  -1.2 99.0 99.00 
2025 02 06 02 40  95  6.0  7.6  0.68 10.00  3.75 137 1027.7   2.6   6.4  -1.3 99.0 99.00 
2025 02 06 02 50  89  5.9  7.7 99.00 99.00 99.00 999 1027.9   2.7   6.4  -1.2 99.0 99.00 
2025 02 06 03 00  88  5.2  6.8 99.00 99.00 99.00 999 1027.8   2.8   6.4  -1.1 99.0 99.00 
2025 02 06 03 10  87  5.7  7.6  0.72 10.81  3.88 121 1027.8   2.7   6.4  -0.8 99.0 99.00 
2025 02 06 03 20  95  5.6  7.5 99.00 99.00 99.00 999 1027.6   2.5   6.4  -0.6 99.0 99.00 
2025 02 06 03 30 100  6.1  7.7 99.00 99.00 99.00 999 1027.3   2.3   6.4  -0.5 99.0 99.00 
2025 02 06 03 40  96  6.2  7.6  0.71 10.00  3.90 129 1027.2   2.2   6.4  -0.5 99.0 99.00 
2025 02 06 03 50  93  6.0  7.6 99.00 99.00 99.00 999 1027.1   2.2   6.4  -0.3 99.0 99.00 
2025 02 06 04 00  87  6.0  7.6 99.00 99.00 99.00 999 1027.2   2.3   6.4  -0.3 99.0 99.00 
2025 02 06 04 10  90  5.7  7.2  0.74 10.00  3.83 114 1027.3   2.2   6.4  -0.3 99.0 99.00 
2025 02 06 04 20  80  5.6  7.5 99.00 99.00 99.00 999 1027.1   2.2   6.5  -0.3 99.0 99.00 
2025 02 06 04 30  74  5.5  6.8 99.00 99.00 99.00 999 1027.1   2.3   6.5  -0.3 99.0 99.00 
2025 02 06 04 40  74  5.4  7.4  0.71 10.81  3.90 107 1027.1   2.3   6.5  -0.3 99.0 99.00 
2025 02 06 04 50  81  5.9  7.2 99.00 99.00 99.00 999 1026.7   2.4   6.5   0.0 99.0 99.00 
2025 02 06 05 00  81  6.0  7.6 99.00 99.00 99.00 999 1026.7   2.4   6.5   0.1 99.0 99.00 
2025 02 06 05 10  76  6.6  8.1  0.71  9.09  4.05 132 1026.7   2.2   6.5   0.1 99.0 99.00 
2025 02 06 05 20  74  6.1  7.3 99.00 99.00 99.00 999 1026.6   2.3   6.5   0.4 99.0 99.00 
2025 02 06 05 30  74  7.0  9.4 99.00 99.00 99.00 999 1026.3   2.4   6.5   0.7 99.0 99.00 
2025 02 06 05 40  79  7.1  9.0  0.73 10.00  3.79 117 1026.0   2.4   6.5   0.7 99.0 99.00 
2025 02 06 05 50  81  7.3  9.5 99.00 99.00 99.00 999 1025.8   2.4   6.5   0.8 99.0 99.00 
2025 02 06 06 00  78  7.9 10.7 99.00 99.00 99.00 999 1025.5   2.4   6.5   1.0 99.0 99.00 
2025 02 06 06 10  81  7.8  9.7  0.80  3.33  3.66  78 1025.2   2.4   6.5   1.1 99.0 99.00 
2025 02 06 06 20  78  8.3 10.0 99.00 99.00 99.00 999 1025.1   2.5   6.6   1.5 99.0 99.00 
2025 02 06 06 30  79  8.2 10.1 99.00 99.00 99.00 999 1025.1   2.4   6.6   1.3 99.0 99.00 
2025 02 06 06 40  82  7.8  9.8  0.86  3.70  3.61  76 1025.0   2.6   6.6   1.5 99.0 99.00 
2025 02 06 06 50  79  8.2 10.1 99.00 99.00 99.00 999 1024.9   2.6   6.6   1.6 99.0 99.00 
2025 02 06 07 00  79  8.5 10.2 99.00 99.00 99.00 999 1024.8   2.7   6.6   1.6 99.0 99.00 
2025 02 06 07 10  81  8.5 10.6  0.93  3.57  3.75  82 1024.7   2.6   6.6   1.6 99.0 99.00 
2025 02 06 07 20  81  8.7 10.6 99.00 99.00 99.00 999 1024.5   2.7   6.6   1.9 99.0 99.00 
2025 02 06 07 30  79  9.1 11.1 99.00 99.00 99.00 999 1024.3   2.6   6.6   1.9 99.0 99.00 
2025 02 06 07 40  79  8.8 11.0  1.02  3.70  3.79  78 1024.1   2.6   6.6   2.0 99.0 99.00 
2025 02 06 07 50  83  8.5 10.5 99.00 99.00 99.00 999 1024.0   2.8   6.6   2.3 99.0 99.00 
2025 02 06 08 00  81  8.5 10.6 99.00 99.00 99.00 999 1023.6   2.9   6.6   2.3 99.0 99.00 
2025 02 06 08 10  83  8.5 10.2  1.05  4.35  3.89  76 1023.1   2.8   6.6   2.2 99.0 99.00 
2025 02 06 08 20  78  8.0 10.3 99.00 99.00 99.00 999 1022.7   2.9   6.6   2.4 99.0 99.00 
2025 02 06 08 30  75  7.7  9.4 99.00 99.00 99.00 999 1022.6   3.1   6.6   2.7 99.0 99.00 
2025 02 06 08 40  80  8.2  9.7  1.08  4.35  3.94  79 1022.3   3.3   6.6   2.9 99.0 99.00 
2025 02 06 08 50  82  8.5 10.0 99.00 99.00 99.00 999 1022.1   3.5   6.6   3.1 99.0 99.00 
2025 02 06 09 00  85  8.9 10.5 99.00 99.00 99.00 999 1021.6   3.7   6.5   3.3 99.0 99.00 
2025 02 06 09 10  85  9.1 11.0  1.17  4.76  3.98  82 1021.5   3.9   6.5   3.5 99.0 99.00 
2025 02 06 09 20  87  9.0 11.0 99.00 99.00 99.00 999 1021.3   3.9   6.5   3.5 99.0 99.00 
2025 02 06 09 30  89  9.2 11.7 99.00 99.00 99.00 999 1020.9   4.1   6.5   3.7 99.0 99.00 
2025 02 06 09 40  88  9.2 11.8  1.29  4.55  4.03  93 1020.7   4.2   6.5   3.8 99.0 99.00 
2025 02 06 09 50  88  9.7 11.7 99.00 99.00 99.00 999 1020.4   4.3   6.5   3.9 99.0 99.00 
2025 02 06 10 00  89  9.1 11.7 99.00 99.00 99.00 999 1020.6   4.5   6.5   4.1 99.0 99.00 
2025 02 06 10 10  88  9.0 11.2  1.29  4.55  4.12  70 1020.7   4.6   6.5   4.2 99.0 99.00 
2025 02 06 10 20  87  9.1 11.1 99.00 99.00 99.00 999 1020.2   4.6   6.5   4.2 99.0 99.00 
2025 02 06 10 30  91  9.2 12.0 99.00 99.00 99.00 999 1020.1   4.7   6.5   4.3 99.0 99.00 
2025 02 06 10 40  89  9.1 11.1  1.34  4.55  4.28  89 1019.7   4.8   6.5   4.5 99.0 99.00 
2025 02 06 10 50  89  9.0 10.8 99.00 99.00 99.00 999 1019.6   4.9   6.5   4.6 99.0 99.00 
2025 02 06 11 00  90  8.4 11.0 99.00 99.00 99.00 999 1019.7   5.0   6.4   4.7 99.0 99.00 
2025 02 06 11 10  92  8.8 10.7  1.42  5.00  4.38  86 1019.5   5.0   6.4   4.7 99.0 99.00 
2025 02 06 11 20  95  9.5 11.9 99.00 99.00 99.00 999 1019.0   5.1   6.4   4.8 99.0 99.00 
2025 02 06 11 30  95  9.7 11.8 99.00 99.00 99.00 999 1018.8   5.2   6.4   4.9 99.0 99.00 
2025 02 06 11 40  89  9.4 11.8  1.51  5.26  4.55  85 1018.7   5.2   6.4   4.9 99.0 99.00 
2025 02 06 11 50  88  8.9 10.7 99.00 99.00 99.00 999 1018.6   5.3   6.4   5.0 99.0 99.00 
2025 02 06 12 00  84  8.7 10.9 99.00 99.00 99.00 999 1018.3   5.3   6.4   5.0 99.0 99.00 
2025 02 06 12 10  87  9.0 10.8  1.58  5.88  4.69  96 1017.8   5.5   6.4   5.2 99.0 99.00 
2025 02 06 12 20  89  9.8 11.9 99.00 99.00 99.00 999 1017.3   5.6   6.4   5.4 99.0 99.00 
2025 02 06 12 30  94 10.7 12.9 99.00 99.00 99.00 999 1016.7   5.7   6.4   5.4 99.0 99.00 
2025 02 06 12 40  97 10.9 12.9  1.68  5.88  4.74  94 1016.5   5.8   6.4   5.6 99.0 99.00 
2025 02 06 12 50  97 10.2 12.9 99.00 99.00 99.00 999 1016.2   6.0   6.4   5.8 99.0 99.00 
2025 02 06 13 00  99 10.4 13.3 99.00 99.00 99.00 999 1016.2   6.1   6.4   5.9 99.0 99.00 
2025 02 06 13 10 100 10.0 12.8  1.98  6.25  5.07  97 1015.9   6.2   6.4   6.0 99.0 99.00 
2025 02 06 13 20 102  9.4 11.4 99.00 99.00 99.00 999 1015.9   6.4   6.4   6.2 99.0 99.00 
2025 02 06 13 30 103  9.3 12.0 99.00 99.00 99.00 999 1015.9   6.5   6.4   6.3 99.0 99.00 
2025 02 06 13 40 106  9.5 11.6  1.99  6.25  5.08 102 1015.6   6.6   6.4   6.4 99.0 99.00 
2025 02 06 13 50 108  9.1 11.3 99.00 99.00 99.00 999 1015.5   6.7   6.4   6.5 99.0 99.00 
2025 02 06 14 00 111  8.7 10.3 99.00 99.00 99.00 999 1015.3   6.8   6.4   6.6 99.0 99.00 
2025 02 06 14 10 117  8.9 11.3  2.08  6.25  5.15  99 1014.9   6.9   6.4   6.8 99.0 99.00 
2025 02 06 14 20 125  7.3  9.2 99.00 99.00 99.00 999 1015.1   7.1   6.4   7.0 99.0 99.00 
2025 02 06 14 30 134  6.5  8.4 99.00 99.00 99.00 999 1014.9   7.2   6.4   7.1 99.0 99.00 
2025 02 06 14 40 139  5.9  8.2  2.19  6.67  5.39  98 1014.6   7.4   6.4   7.3 99.0 99.00 
2025 02 06 14 50 143  5.8  7.5 99.00 99.00 99.00 999 1014.2   7.6   6.4   7.6 99.0 99.00 
2025 02 06 15 00 151  6.0  7.5 99.00 99.00 99.00 999 1014.6   7.9   6.4   7.9 99.0 99.00 
2025 02 06 15 10 193  4.1  6.3  2.03  7.14  5.37 101 1015.0   7.7   6.4   7.6 99.0 99.00 
2025 02 06 15 20 223  3.4  6.2 99.00 99.00 99.00 999 1015.1   7.5   6.4   7.4 99.0 99.00 
2025 02 06 15 30 244  4.6  6.4 99.00 99.00 99.00 999 1015.0   7.2   6.4   7.1 99.0 99.00 
2025 02 06 15 40 243  4.1  6.3  1.95  6.67  5.47 100 1014.6   6.6   6.4   6.5 99.0 99.00 
2025 02 06 15 50 246  3.7  5.8 99.00 99.00 99.00 999 1014.3   6.3   6.4   6.3 99.0 99.00 
2025 02 06 16 00 262  2.6  5.0 99.00 99.00 99.00 999 1013.6   6.2   6.4   6.2 99.0 99.00 
2025 02 06 16 10 274  3.2  5.4  1.93  7.14  5.49 107 1013.6   6.2   6.4   6.2 99.0 99.00 
2025 02 06 16 20 275  4.0  6.2 99.00 99.00 99.00 999 1013.6   6.2 999.0   6.2 99.0 99.00 
2025 02 06 16 30 279  4.7  6.8 99.00 99.00 99.00 999 1013.6   6.1   6.4   6.1 99.0 99.00 
2025 02 06 16 40 274  5.5  8.2  1.86  6.67  5.63  94 1013.9   6.0   6.4   6.0 99.0 99.00 
2025 02 06 16 50 269  6.0  8.7 99.00 99.00 99.00 999 1013.7   5.9   6.4   5.9 99.0 99.00 
2025 02 06 17 00 265  6.5  9.1 99.00 99.00 99.00 999 1013.7   5.9   6.4   5.9 99.0 99.00 
2025 02 06 17 10 253  6.4  8.6  1.72  6.67  5.44  97 1013.6   5.9   6.4   5.9 99.0 99.00 
2025 02 06 17 20 248  6.7  8.6 99.00 99.00 99.00 999 1012.8   5.9   6.4   5.9 99.0 99.00 
2025 02 06 17 30 222  6.5  9.1 99.00 99.00 99.00 999 1011.7   5.9   6.4   5.9 99.0 99.00 
2025 02 06 17 40 199  7.0  9.0  1.65  6.67  5.45  94 1010.8   5.9   6.5 999.0 99.0 99.00 
2025 02 06 17 50 206  7.8 10.4 99.00 99.00 99.00 999 1010.7   6.2   6.5 999.0 99.0 99.00 
2025 02 06 18 00 216  8.2 10.5 99.00 99.00 99.00 999 1011.1   6.3   6.5   6.3 99.0 99.00 
2025 02 06 18 10 248  7.7 11.4  1.57  6.67  5.18  82 1012.5   6.3   6.5   6.3 99.0 99.00 
2025 02 06 18 20 245  9.4 12.6 99.00 99.00 99.00 999 1011.7   6.3   6.5   6.3 99.0 99.00 
2025 02 06 18 30 241  9.1 11.7 99.00 99.00 99.00 999 1012.1   6.1   6.5   6.0 99.0 99.00 
2025 02 06 18 40 231  9.2 11.1  1.45  7.14  4.82  85 1011.8   6.0   6.5   5.9 99.0 99.00 
2025 02 06 18 50 225  9.6 12.0 99.00 99.00 99.00 999 1011.5   5.8   6.5   5.6 99.0 99.00 
2025 02 06 19 00 222  9.9 12.5 99.00 99.00 99.00 999 1011.1   5.7   6.5   5.5 99.0 99.00 
2025 02 06 19 10 220  8.9 11.1  1.47  7.14  4.81  99 1010.7   5.7   6.5   5.5 99.0 99.00 
2025 02 06 19 20 221  8.8 10.8 99.00 99.00 99.00 999 1010.6   5.8   6.5   5.6 99.0 99.00 
2025 02 06 19 30 220  9.4 11.3 99.00 99.00 99.00 999 1010.7   5.8   6.5   5.5 99.0 99.00 
2025 02 06 19 40 219  9.4 11.2  1.60  6.67  5.06 116 1010.7   5.9   6.5   5.6 99.0 99.00 
2025 02 06 19 50 220  9.0 10.8 99.00 99.00 99.00 999 1010.2   5.9   6.5   5.6 99.0 99.00 
2025 02 06 20 00 217  9.3 11.6 99.00 99.00 99.00 999 1010.6   6.0   6.5   5.7 99.0 99.00 
2025 02 06 20 10 217  9.9 12.1  1.58  7.69  4.74 114 1010.7   6.0   6.5   5.7 99.0 99.00 
2025 02 06 20 20 220  9.8 12.5 99.00 99.00 99.00 999 1010.5   6.2   6.5   5.9 99.0 99.00 
2025 02 06 20 30 220  9.5 12.0 99.00 99.00 99.00 999 1010.7   6.3   6.5   6.0 99.0 99.00 
2025 02 06 20 40 218  9.1 11.2  1.76  7.14  5.17 107 1010.8   6.2   6.5   6.0 99.0 99.00 
2025 02 06 20 50 217  9.2 10.9 99.00 99.00 99.00 999 1011.0   6.2   6.5   6.0 99.0 99.00 
2025 02 06 21 00 220  9.0 11.3 99.00 99.00 99.00 999 1011.1   6.1   6.6   5.9 99.0 99.00 
2025 02 06 21 10 220  8.1 10.0  1.74  7.14  5.14 105 1011.1   6.2   6.6   6.0 99.0 99.00 
2025 02 06 21 20 221  8.3 10.3 99.00 99.00 99.00 999 1011.1   6.2   6.6   6.0 99.0 99.00 
2025 02 06 21 30 223  8.1  9.8 99.00 99.00 99.00 999 1011.2   6.2   6.6   5.9 99.0 99.00 
2025 02 06 21 40 219  8.5 10.7  1.93  7.14  5.50 116 1011.1   6.2   6.5   5.9 99.0 99.00 
2025 02 06 21 50 216  8.4 10.0 99.00 99.00 99.00 999 1011.0   6.2   6.5   5.9 99.0 99.00 
2025 02 06 22 00 217  8.3 10.3 99.00 99.00 99.00 999 1011.1   6.2   6.5   5.9 99.0 99.00 
2025 02 06 22 10 216  8.2 10.3  1.98  7.69  5.81 123 1011.1   6.3   6.5   6.0 99.0 99.00 
2025 02 06 22 20 216  7.9  9.7 99.00 99.00 99.00 999 1011.1   6.3   6.5   6.0 99.0 99.00 
2025 02 06 22 30 218  7.8  9.5 99.00 99.00 99.00 999 1011.1   6.3   6.5   6.0 99.0 99.00 
2025 02 06 22 40 219  7.5  9.3  1.95  8.33  5.76 143 1011.3   6.2   6.4   5.9 99.0 99.00 
2025 02 06 22 50 216  7.5  9.6 99.00 99.00 99.00 999 1011.4   6.3   6.4   6.0 99.0 99.00 
2025 02 06 23 00 216  6.9  8.9 99.00 99.00 99.00 999 1011.5   6.2   6.4   5.9 99.0 99.00 
2025 02 06 23 10 219  6.8  8.0  1.95  8.33  6.20 135 1011.6   6.2   6.4   5.9 99.0 99.00 
2025 02 06 23 20 220  7.0  8.4 99.00 99.00 99.00 999 1011.5   6.2   6.4   5.9 99.0 99.00 
2025 02 06 23 30 218  7.2  8.5 99.00 99.00 99.00 999 1011.6   6.3   6.4   6.0 99.0 99.00 
2025 02 06 23 40 218  7.0  8.6  2.01  9.09  5.85 143 1011.3   6.3   6.4   6.0 99.0 99.00 
2025 02 06 23 50 217  6.8  8.6 99.00 99.00 99.00 999 1011.5   6.4   6.4   6.1 99.0 99.00 
2025 02 07 00 00 214  6.2  7.9 99.00 99.00 99.00 999 1011.4   6.3   6.4   6.0 99.0 99.00 
2025 02 07 00 10 209  6.1  7.8  1.94  7.69  5.93 137 1011.4   6.2   6.4   5.9 99.0 99.00 
2025 02 07 00 20 214  6.2  7.9 99.00 99.00 99.00 999 1011.6   6.1   6.3   5.9 99.0 99.00 
2025 02 07 00 30 224  5.7  7.0 99.00 99.00 99.00 999 1011.7   6.1   6.4   5.9 99.0 99.00 
2025 02 07 00 40 228  5.7  7.3  1.93  9.09  6.03 134 1011.8   6.2   6.4   6.0 99.0 99.00 
2025 02 07 00 50 227  5.4  6.9 99.00 99.00 99.00 999 1012.0   6.2   6.4   6.0 99.0 99.00 
2025 02 07 01 00 224  4.8  6.0 99.00 99.00 99.00 999 1012.0   6.2   6.3   6.0 99.0 99.00 
2025 02 07 01 10 228  3.7  5.0  1.90  9.09  6.16 143 1012.2   6.3   6.3   6.1 99.0 99.00 
2025 02 07 01 20 244  3.0  3.9 99.00 99.00 99.00 999 1012.4   6.3   6.3   6.1 99.0 99.00 
2025 02 07 01 30 234  3.7  4.9 99.00 99.00 99.00 999 1012.1   6.4   6.3   6.2 99.0 99.00 
2025 02 07 01 40 221  3.6  4.6  2.03  9.09  6.08 142 1011.8   6.4   6.3   6.2 99.0 99.00 
2025 02 07 01 50 216  3.3  4.4 99.00 99.00 99.00 999 1011.8   6.3   6.3   6.1 99.0 99.00 
2025 02 07 02 00 215  3.0  3.8 99.00 99.00 99.00 999 1011.8   6.3   6.3   6.1 99.0 99.00 
2025 02 07 02 10 209  3.2  4.3  1.94  8.33  6.06 147 1011.9   6.3   6.3   6.1 99.0 99.00 
2025 02 07 02 20 215  3.2  4.3 99.00 99.00 99.00 999 1012.0   6.3   6.3   6.2 99.0 99.00 
2025 02 07 02 30 214  2.8  3.9 99.00 99.00 99.00 999 1012.1   6.3   6.3   6.2 99.0 99.00 
2025 02 07 02 40 207  3.4  4.5  1.75  8.33  5.91 142 1011.8   6.4   6.3   6.3 99.0 99.00 
2025 02 07 02 50 190  3.4  4.5 99.00 99.00 99.00 999 1011.8   6.4   6.3   6.3 99.0 99.00 
2025 02 07 03 00 189  3.2  4.0 99.00 99.00 99.00 999 1011.7   6.4   6.3   6.3 99.0 99.00 
2025 02 07 03 10 183  3.5  4.5  1.71  8.33  5.96 146 1011.4   6.3   6.3   6.2 99.0 99.00 
2025 02 07 03 20 184  3.8  5.1 99.00 99.00 99.00 999 1011.2   6.3   6.3   6.2 99.0 99.00 
2025 02 07 03 30 181  4.3  5.8 99.00 99.00 99.00 999 1011.0   6.3   6.3   6.3 99.0 99.00 
2025 02 07 03 40 182  3.9  5.4  1.82  8.33  6.24 142 1011.1   6.4   6.4   6.4 99.0 99.00 
2025 02 07 03 50 191  4.1  5.2 99.00 99.00 99.00 999 1011.1   6.4   6.4   6.4 99.0 99.00 
2025 02 07 04 00 194  4.0  4.9 99.00 99.00 99.00 999 1011.0   6.4   6.4   6.4 99.0 99.00 
2025 02 07 04 10 192  4.2  5.4  1.63  7.14  6.02 150 1010.7   6.4   6.4   6.4 99.0 99.00 
2025 02 07 04 20 196  4.4  5.6 99.00 99.00 99.00 999 1010.6   6.4   6.4   6.4 99.0 99.00 
2025 02 07 04 30 200  4.5  5.6 99.00 99.00 99.00 999 1010.4   6.4   6.4   6.4 99.0 99.00 
2025 02 07 04 40 201  4.7  5.9  1.82  9.09  6.25 141 1010.5   6.4   6.4   6.4 99.0 99.00 
2025 02 07 04 50 198  5.2  6.5 99.00 99.00 99.00 999 1010.3   6.5   6.4   6.5 99.0 99.00 
2025 02 07 05 00 198  4.8  5.9 99.00 99.00 99.00 999 1010.4   6.5   6.4   6.5 99.0 99.00 
2025 02 07 05 10 198  5.3  6.4  1.72  8.33  6.17 141 1010.1   6.6   6.4   6.6 99.0 99.00 
2025 02 07 05 20 196  5.9  7.0 99.00 99.00 99.00 999 1010.3   6.6   6.4   6.6 99.0 99.00 
2025 02 07 05 30 204  6.3  7.7 99.00 99.00 99.00 999 1010.4   6.7   6.4   6.7 99.0 99.00 
2025 02 07 05 40 206  6.6  8.0  1.68  7.69  5.87 139 1010.1   6.8   6.4   6.7 99.0 99.00 
2025 02 07 05 50 205  6.8  8.0 99.00 99.00 99.00 999 1009.7   6.9   6.4   6.8 99.0 99.00 
2025 02 07 06 00 206  6.8  8.5 99.00 99.00 99.00 999 1009.5   7.0   6.4   6.9 99.0 99.00 
2025 02 07 06 10 205  7.7  9.5  1.84  8.33  5.89 147 1008.8   7.0   6.4   6.9 99.0 99.00 
2025 02 07 06 20 201  8.0  9.8 99.00 99.00 99.00 999 1008.6   7.1   6.4   7.0 99.0 99.00 
2025 02 07 06 30 207  7.3  9.0 99.00 99.00 99.00 999 1008.8   7.2   6.4   7.0 99.0 99.00 
2025 02 07 06 40 214  7.4  8.7  1.71  8.33  5.68 142 1009.0   7.2   6.5   7.0 99.0 99.00 
2025 02 07 06 50 215  7.5  9.0 99.00 99.00 99.00 999 1008.9   7.2   6.5   7.0 99.0 99.00 
2025 02 07 07 00 213  7.2  8.9 99.00 99.00 99.00 999 1008.6   7.3 999.0   7.1 99.0 99.00 
2025 02 07 07 10 212  6.9  8.2  1.70  9.09  5.54 147 1008.7   7.4   6.5   7.2 99.0 99.00 
2025 02 07 07 20 220  7.0  8.5 99.00 99.00 99.00 999 1008.8   7.5   6.5   7.3 99.0 99.00 
2025 02 07 07 30 218  6.6  8.4 99.00 99.00 99.00 999 1008.6   7.6   6.5   7.4 99.0 99.00 
2025 02 07 07 40 224  6.5  7.5  1.67  7.69  5.81 141 1008.6   7.6   6.6   7.3 99.0 99.00 
2025 02 07 07 50 225  5.9  7.4 99.00 99.00 99.00 999 1008.6   7.6   6.6   7.3 99.0 99.00 
2025 02 07 08 00 221  5.9  7.5 99.00 99.00 99.00 999 1008.4   7.5   6.6   7.2 99.0 99.00 
2025 02 07 08 10 227  5.5  7.0  1.64  9.09  5.62 143 1008.7   7.5   6.6   7.2 99.0 99.00 
2025 02 07 08 20 226  6.2  7.3 99.00 99.00 99.00 999 1008.8   7.3   6.6   7.0 99.0 99.00 
2025 02 07 08 30 223  5.8  7.6 99.00 99.00 99.00 999 1008.5   7.3   6.6   7.1 99.0 99.00 
2025 02 07 08 40 243  5.0  6.5  1.48  7.14  5.40 138 1009.4   7.4   6.6   7.2 99.0 99.00 
2025 02 07 08 50 268  4.5  6.0 99.00 99.00 99.00 999 1009.1   7.3   6.6   7.1 99.0 99.00 
2025 02 07 09 00 282  4.2  5.8 99.00 99.00 99.00 999 1009.5   7.2   6.6   7.0 99.0 99.00 
2025 02 07 09 10 267  4.0  5.6  1.56  8.33  5.75 146 1009.6   7.1   6.6   6.9 99.0 99.00 
2025 02 07 09 20 255  4.4  6.2 99.00 99.00 99.00 999 1010.4   7.3   6.6   7.1 99.0 99.00 
2025 02 07 09 30 249  3.9  5.3 99.00 99.00 99.00 999 1009.8   7.2   6.6   7.0 99.0 99.00 
2025 02 07 09 40 312  4.0  6.8  1.60  9.09  5.84 136 1008.5   7.1   6.6   6.9 99.0 99.00 
2025 02 07 09 50 325  4.8  6.5 99.00 99.00 99.00 999 1008.9   7.1   6.6   7.0 99.0 99.00 
2025 02 07 10 00 267  2.6  4.3 99.00 99.00 99.00 999 1009.7   7.3   6.5   7.2 99.0 99.00 
2025 02 07 10 10 288  1.8  2.9  1.55  9.09  6.00 144 1009.2   7.1   6.5   7.0 99.0 99.00 
2025 02 07 10 20 281  2.1  3.1 99.00 99.00 99.00 999 1009.7   7.1   6.5   7.0 99.0 99.00 
2025 02 07 10 30 268  2.3  3.2 99.00 99.00 99.00 999 1009.9   7.1   6.5   7.0 99.0 99.00 
2025 02 07 10 40 254  2.3  2.9  1.47  9.09  5.83 146 1009.7   7.1   6.5   7.1 99.0 99.00 
2025 02 07 10 50 240  2.6  3.3 99.00 99.00 99.00 999 1009.9   7.2   6.5   7.2 99.0 99.00 
2025 02 07 11 00 232  2.7  3.4 99.00 99.00 99.00 999 1010.2   7.3   6.5   7.3 99.0 99.00 
2025 02 07 11 10 239  3.1  3.7  1.60  9.09  6.35 139 1010.3   7.6   6.5   7.6 99.0 99.00 
2025 02 07 11 20 236  3.1  3.8 99.00 99.00 99.00 999 1010.7   7.6   6.5   7.6 99.0 99.00 
2025 02 07 11 30 245  3.5  4.8 99.00 99.00 99.00 999 1011.1   7.5   6.5   7.5 99.0 99.00 
2025 02 07 11 40 248  3.9  4.9  1.51  8.33  6.20 143 1011.3   7.7   6.5   7.7 99.0 99.00 
2025 02 07 11 50 246  3.2  4.3 99.00 99.00 99.00 999 1011.5   7.6   6.4   7.4 99.0 99.00 
2025 02 07 12 00 244  2.8  3.6 99.00 99.00 99.00 999 1011.9   7.3   6.4   7.1 99.0 99.00 
2025 02 07 12 10 259  2.9  4.6  1.60  9.09  6.34 135 1012.2   7.2   6.4   7.0 99.0 99.00 
2025 02 07 12 20 276  4.5  6.0 99.00 99.00 99.00 999 1012.3   7.5   6.4   7.1 99.0 99.00 
2025 02 07 12 30 285  4.6  6.1 99.00 99.00 99.00 999 1012.3   8.1   6.4   7.0 99.0 99.00 
2025 02 07 12 40 278  4.6  6.2  1.56  8.33  6.35 146 1012.8   8.1   6.4   6.8 99.0 99.00 
2025 02 07 12 50 288  5.3  6.6 99.00 99.00 99.00 999 1012.8   8.3   6.4   6.5 99.0 99.00 
2025 02 07 13 00 292  5.4  6.8 99.00 99.00 99.00 999 1012.9   8.4   6.4   6.2 99.0 99.00 
2025 02 07 13 10 291  5.7  7.2  1.41  8.33  6.26 149 1013.4   8.4   6.3   5.6 99.0 99.00 
2025 02 07 13 20 293  6.1  7.6 99.00 99.00 99.00 999 1013.4   8.3   6.3   5.2 99.0 99.00 
2025 02 07 13 30 305  6.1  8.1 99.00 99.00 99.00 999 1013.8   8.2   6.3   4.9 99.0 99.00 
2025 02 07 13 40 296  6.0  7.5  1.48  8.33  6.15 147 1013.9   8.0   6.3   4.6 99.0 99.00 
2025 02 07 13 50 299  5.9  7.7 99.00 99.00 99.00 999 1014.0   8.0   6.3   4.3 99.0 99.00 
2025 02 07 14 00 305  6.5  8.9 99.00 99.00 99.00 999 1014.2   7.9   6.3   3.6 99.0 99.00 
2025 02 07 14 10 303  7.3  9.3  1.46  8.33  5.49 155 1014.6   8.1   6.3   2.5 99.0 99.00 
2025 02 07 14 20 304  7.5  9.8 99.00 99.00 99.00 999 1015.0   8.0   6.3   2.2 99.0 99.00 
2025 02 07 14 30 308  8.1 11.2 99.00 99.00 99.00 999 1014.8   7.9   6.3   2.1 99.0 99.00 
2025 02 07 14 40 319  8.5 10.9  1.50  8.33  5.48 156 1014.9   7.7   6.4   2.0 99.0 99.00 
2025 02 07 14 50 316  8.1 10.6 99.00 99.00 99.00 999 1015.4   7.6   6.4   2.1 99.0 99.00 
2025 02 07 15 00 320  8.3 11.2 99.00 99.00 99.00 999 1015.3   7.6   6.4   2.4 99.0 99.00 
2025 02 07 15 10 320  8.6 11.6  1.41  9.09  5.21 142 1015.2   7.5   6.4   2.4 99.0 99.00 
2025 02 07 15 20 321  9.1 11.7 99.00 99.00 99.00 999 1015.6   7.4   6.4   2.4 99.0 99.00 
2025 02 07 15 30 328  9.0 12.5 99.00 99.00 99.00 999 1015.4   7.2   6.4   2.6 99.0 99.00 
2025 02 07 15 40 329  9.6 11.9  1.44  7.69  4.77 157 1015.4   6.9   6.4   2.3 99.0 99.00 
2025 02 07 15 50 326  9.6 13.9 99.00 99.00 99.00 999 1015.6   6.8   6.4   2.1 99.0 99.00 
2025 02 07 16 00 334 10.2 13.2 99.00 99.00 99.00 999 1015.5   6.8   6.4   2.0 99.0 99.00 
2025 02 07 16 10 337 10.8 13.6  1.70  8.33  5.01 151 1015.7   6.8   6.4   1.9 99.0 99.00 
2025 02 07 16 20 333 10.2 13.0 99.00 99.00 99.00 999 1015.8   6.7   6.4   1.7 99.0 99.00 
2025 02 07 16 30 327  9.9 12.3 99.00 99.00 99.00 999 1015.8   6.7   6.5   1.5 99.0 99.00 
2025 02 07 16 40 329  9.6 12.0  1.66  9.09  4.80 142 1015.8   6.8   6.5   1.7 99.0 99.00 
2025 02 07 16 50 340  9.8 12.7 99.00 99.00 99.00 999 1015.7   6.7   6.5   1.7 99.0 99.00 
2025 02 07 17 00 337  9.8 12.6 99.00 99.00 99.00 999 1015.8   6.7   6.5   1.8 99.0 99.00 
2025 02 07 17 10 335  9.7 12.7  1.84  5.56  4.91 355 1015.9   6.7   6.6   1.4 99.0 99.00 
2025 02 07 17 20 333  9.7 12.6 99.00 99.00 99.00 999 1015.9   6.5   6.6   1.6 99.0 99.00 
2025 02 07 17 30 331  9.2 11.7 99.00 99.00 99.00 999 1015.9   6.4   6.7   1.8 99.0 99.00 
2025 02 07 17 40 332  9.6 12.1  1.77  5.00  4.94 342 1016.2   6.4   6.7   1.6 99.0 99.00 
2025 02 07 17 50 331  9.6 12.2 99.00 99.00 99.00 999 1016.2   6.5   6.7   1.5 99.0 99.00 
2025 02 07 18 00 334  9.7 12.1 99.00 99.00 99.00 999 1016.4   6.5   6.7   1.4 99.0 99.00 
2025 02 07 18 10 333  9.0 11.8  1.61  4.76  4.79 339 1016.7   6.5   6.7   1.5 99.0 99.00 
2025 02 07 18 20 329  9.1 11.2 99.00 99.00 99.00 999 1016.7   6.4   6.7   1.6 99.0 99.00 
2025 02 07 18 30 329  8.9 11.0 99.00 99.00 99.00 999 1016.7   6.5   6.7   1.8 99.0 99.00 
2025 02 07 18 40 329  8.5 10.5  1.40  4.76  4.64 341 1016.7   6.6   6.7   2.2 99.0 99.00 
2025 02 07 18 50 329  8.9 11.1 99.00 99.00 99.00 999 1016.7   6.8   6.8   2.0 99.0 99.00 
2025 02 07 19 00 327  9.1 11.9 99.00 99.00 99.00 999 1016.7   6.9   6.8   1.6 99.0 99.00 
2025 02 07 19 10 328  8.9 11.5  1.40  5.00  4.67 343 1016.9   6.9   6.8   1.7 99.0 99.00 
2025 02 07 19 20 326  8.5 11.0 99.00 99.00 99.00 999 1017.1   6.9   6.8   1.6 99.0 99.00 
2025 02 07 19 30 326  8.9 11.2 99.00 99.00 99.00 999 1017.2   7.0   6.8   1.6 99.0 99.00 
2025 02 07 19 40 324  9.2 11.1  1.49  5.00  4.74 351 1017.3   7.0   6.8   1.6 99.0 99.00 
2025 02 07 19 50 325  8.5 10.6 99.00 99.00 99.00 999 1017.5   7.1   6.8   1.6 99.0 99.00 
2025 02 07 20 00 325  8.5 10.6 99.00 99.00 99.00 999 1017.6   7.0   6.8   1.7 99.0 99.00 
2025 02 07 20 10 323  8.1 10.5  1.29  4.76  4.62 345 1017.8   7.0   6.8   1.8 99.0 99.00 
2025 02 07 20 20 322  6.9  9.4 99.00 99.00 99.00 999 1018.2   7.1   6.8   1.9 99.0 99.00 
2025 02 07 20 30 329  5.8  7.2 99.00 99.00 99.00 999 1018.4   7.1   6.8   1.9 99.0 99.00 
2025 02 07 20 40 331  6.1  7.7  1.28  4.55  4.61 337 1018.5   7.2 999.0   2.0 99.0 99.00 
2025 02 07 20 50 999 99.0 99.0 99.00 99.00 99.00 999 1018.5 999.0   6.8 999.0 99.0 99.00 
2025 02 07 21 00 320  6.9  8.8 99.00 99.00 99.00 999 1018.8   7.2   6.8   2.1 99.0 99.00 
2025 02 07 21 10 316  6.0  7.5  1.24  8.33  4.58 140 1019.2   7.3   6.8   2.0 99.0 99.00 
2025 02 07 21 20 330  5.2  6.6 99.00 99.00 99.00 999 1019.5   7.3   6.8   2.4 99.0 99.00 
2025 02 07 21 30 325  6.4  8.0 99.00 99.00 99.00 999 1019.6   7.3   6.8   1.8 99.0 99.00 
2025 02 07 21 40 327  6.2  7.9  1.18  4.76  4.65 329 1019.7   7.2   6.8   1.8 99.0 99.00 
2025 02 07 21 50 334  5.6  8.0 99.00 99.00 99.00 999 1019.7   7.1   6.8   1.8 99.0 99.00 
2025 02 07 22 00 337  5.2  6.6 99.00 99.00 99.00 999 1019.6   7.0   6.8   1.8 99.0 99.00 
2025 02 07 22 10 339  6.0  8.4  1.12  8.33  4.64 143 1019.5   7.0   6.8   2.2 99.0 99.00 
2025 02 07 22 20 338  7.8  9.7 99.00 99.00 99.00 999 1019.6   7.1   6.8   2.2 99.0 99.00 
2025 02 07 22 30 342  7.9 10.0 99.00 99.00 99.00 999 1019.7   7.1   6.8   1.9 99.0 99.00 
2025 02 07 22 40 343  7.7  9.6  1.04  8.33  4.41 149 1020.3   7.1   6.8   1.8 99.0 99.00 
2025 02 07 22 50 344  6.6  8.3 99.00 99.00 99.00 999 1020.5   7.0   6.8   2.2 99.0 99.00 
2025 02 07 23 00 346  6.4  8.2 99.00 99.00 99.00 999 1020.6   6.9   6.8   2.2 99.0 99.00 
2025 02 07 23 10 349  5.4  6.6  1.01  7.69  4.38 157 1020.8   6.9   6.7   2.3 99.0 99.00 
2025 02 07 23 20 358  5.6  6.8 99.00 99.00 99.00 999 1021.0   7.0   6.7   2.3 99.0 99.00 
2025 02 07 23 30   3  6.0  7.5 99.00 99.00 99.00 999 1021.2   6.9   6.7   2.5 99.0 99.00 
2025 02 07 23 40 354  6.1  7.9  1.04  7.69  4.65 148 1021.2   6.7   6.7   2.3 99.0 99.00 
2025 02 07 23 50 338  6.4  7.7 99.00 99.00 99.00 999 1021.3   6.8   6.7   2.2 99.0 99.00 
2025 02 08 00 00 345  5.8  7.0 99.00 99.00 99.00 999 1021.5   6.7   6.7   2.5 99.0 99.00 
2025 02 08 00 10 352  6.4  7.7  0.93  8.33  4.23 143 1021.8   6.6   6.7   2.6 99.0 99.00 
2025 02 08 00 20 344  7.6 10.0 99.00 99.00 99.00 999 1021.9   6.7   6.7   1.7 99.0 99.00 
2025 02 08 00 30 347  8.1 10.2 99.00 99.00 99.00 999 1022.0   6.6   6.6   1.8 99.0 99.00 
2025 02 08 00 40 352  8.3 10.4  0.97  8.33  4.27 153 1022.2   6.5   6.6   1.9 99.0 99.00 
2025 02 08 00 50 360  8.2 10.9 99.00 99.00 99.00 999 1022.2   6.4   6.6   1.8 99.0 99.00 
2025 02 08 01 00   7  9.2 12.1 99.00 99.00 99.00 999 1022.2   6.4   6.6   1.2 99.0 99.00 
2025 02 08 01 10   4 10.0 12.6  1.05  7.69  4.49 155 1022.2   6.3   6.5   0.5 99.0 99.00 
2025 02 08 01 20   2 10.1 12.5 99.00 99.00 99.00 999 1022.4   6.2   6.5   0.0 99.0 99.00 
2025 02 08 01 30   2  9.1 10.8 99.00 99.00 99.00 999 1022.4   6.1   6.5  -0.1 99.0 99.00 
2025 02 08 01 40  10  9.3 12.0  0.99  9.09  4.16 135 1022.5   5.9   6.5  -0.4 99.0 99.00 
2025 02 08 01 50   9  9.6 11.7 99.00 99.00 99.00 999 1022.5   5.8 999.0  -1.0 99.0 99.00 
2025 02 08 02 00   5  9.2 11.3 99.00 99.00 99.00 999 1022.8   5.7   6.5  -1.1 99.0 99.00 
2025 02 08 02 10   3  8.8 11.0  1.17  3.85  4.17 342 1022.9   5.7   6.5  -1.3 99.0 99.00 
2025 02 08 02 20   2  8.7 10.8 99.00 99.00 99.00 999 1022.8   5.7   6.5  -0.8 99.0 99.00 
2025 02 08 02 30 356  9.5 12.3 99.00 99.00 99.00 999 1022.9   5.6   6.5  -1.2 99.0 99.00 
2025 02 08 02 40   1  9.9 12.0  1.15  3.85  4.00 343 1023.1   5.5   6.5  -1.8 99.0 99.00 
2025 02 08 02 50   7  9.2 11.3 99.00 99.00 99.00 999 1023.2   5.5   6.5  -1.3 99.0 99.00 
2025 02 08 03 00  11  9.4 11.7 99.00 99.00 99.00 999 1023.2   5.5   6.5  -1.2 99.0 99.00 
2025 02 08 03 10   7  9.5 11.5  1.14  3.85  4.07   5 1023.4   5.4   6.5  -1.0 99.0 99.00 
2025 02 08 03 20   5  9.8 11.8 99.00 99.00 99.00 999 1023.5   5.3   6.5  -1.6 99.0 99.00 
2025 02 08 03 30   7  9.7 11.6 99.00 99.00 99.00 999 1023.8   5.2   6.5  -2.0 99.0 99.00 
2025 02 08 03 40  12  8.5 10.7  1.26  4.17  4.27   1 1024.1   5.2   6.5  -1.9 99.0 99.00 
2025 02 08 03 50  10  7.9  9.6 99.00 99.00 99.00 999 1024.2   5.1   6.5  -1.8 99.0 99.00 
2025 02 08 04 00  11  7.6  9.9 99.00 99.00 99.00 999 1024.3   5.0   6.5  -1.9 99.0 99.00 
2025 02 08 04 10  19  6.5  9.1  1.21  4.35  4.30   5 1024.7   4.9   6.5  -1.8 99.0 99.00 
2025 02 08 04 20  18  6.3  8.0 99.00 99.00 99.00 999 1024.7   4.8   6.5  -2.2 99.0 99.00 
2025 02 08 04 30  12  5.7  7.9 99.00 99.00 99.00 999 1025.0   4.7   6.5  -1.9 99.0 99.00 
2025 02 08 04 40  16  5.3  6.8  1.14  4.17  4.34 358 1025.3   4.6   6.5  -2.1 99.0 99.00 
2025 02 08 04 50  10  5.3  6.6 99.00 99.00 99.00 999 1025.2   4.5   6.5  -2.6 99.0 99.00 
2025 02 08 05 00   8  5.6  7.0 99.00 99.00 99.00 999 1025.3   4.4   6.5  -2.8 99.0 99.00 
2025 02 08 05 10  14  5.3  6.8  1.17  4.76  4.40  10 1025.6   4.4   6.5  -3.3 99.0 99.00 
2025 02 08 05 20  17  4.7  6.6 99.00 99.00 99.00 999 1025.7   4.3   6.5  -2.9 99.0 99.00 
2025 02 08 05 30   3  4.7  6.3 99.00 99.00 99.00 999 1025.8   4.3   6.6  -3.5 99.0 99.00 
2025 02 08 05 40   8  4.3  6.1  1.07  4.35  4.39   9 1025.7   4.2   6.6  -3.7 99.0 99.00 
2025 02 08 05 50   3  4.4  6.3 99.00 99.00 99.00 999 1025.5   4.2   6.6  -3.7 99.0 99.00 
2025 02 08 06 00 358  4.5  6.1 99.00 99.00 99.00 999 1025.5   4.1   6.6  -4.3 99.0 99.00 
2025 02 08 06 10   7  4.2  5.8  1.07  4.55  4.47  22 1025.4   4.1   6.7  -4.2 99.0 99.00 
2025 02 08 06 20 358  3.7  4.9 99.00 99.00 99.00 999 1025.3   4.1   6.7  -4.4 99.0 99.00 
2025 02 08 06 30  11  3.8  5.4 99.00 99.00 99.00 999 1025.2   4.1   6.7  -3.9 99.0 99.00 
2025 02 08 06 40   6  4.2  5.6  1.02  8.33  4.69 117 1025.2   4.0   6.7  -4.9 99.0 99.00 
2025 02 08 06 50   4  4.1  5.7 99.00 99.00 99.00 999 1025.0   3.9   6.7  -5.1 99.0 99.00 
2025 02 08 07 00  17  4.1  5.4 99.00 99.00 99.00 999 1025.0   3.9   6.7  -4.5 99.0 99.00 
2025 02 08 07 10  19  4.2  5.5  1.03  4.35  4.70  24 1024.9   3.9   6.7  -4.9 99.0 99.00 
2025 02 08 07 20  16  4.2  6.1 99.00 99.00 99.00 999 1024.9   3.9   6.7  -5.2 99.0 99.00 
2025 02 08 07 30  19  4.1  5.4 99.00 99.00 99.00 999 1025.0   3.8   6.7  -5.2 99.0 99.00 
2025 02 08 07 40  16  3.7  5.3  1.00  8.33  4.83 126 1025.3   3.8   6.7  -4.6 99.0 99.00 
2025 02 08 07 50  15  4.0  5.3 99.00 99.00 99.00 999 1025.2   3.8   6.7  -4.4 99.0 99.00 
2025 02 08 08 00  16  4.4  5.8 99.00 99.00 99.00 999 1025.2   3.8   6.7  -4.5 99.0 99.00 
2025 02 08 08 10  16  4.4  6.5  1.08  7.69  4.91 148 1025.0   3.7   6.8  -5.2 99.0 99.00 
2025 02 08 08 20   7  4.4  5.6 99.00 99.00 99.00 999 1025.2   3.7   6.8  -5.1 99.0 99.00 
2025 02 08 08 30  14  4.4  6.5 99.00 99.00 99.00 999 1025.3   3.6   6.8  -5.3 99.0 99.00 
2025 02 08 08 40   9  4.8  6.5  1.05  5.56  4.82  41 1025.2   3.6   6.8  -5.4 99.0 99.00 
2025 02 08 08 50   7  5.0  6.5 99.00 99.00 99.00 999 1025.4   3.6   6.7  -5.4 99.0 99.00 
2025 02 08 09 00   1  4.0  5.6 99.00 99.00 99.00 999 1025.6   3.6   6.7  -5.3 99.0 99.00 
2025 02 08 09 10   9  4.7  6.6  1.02  5.00  4.68  30 1025.7   3.6   6.7  -4.7 99.0 99.00 
2025 02 08 09 20   6  4.5  5.8 99.00 99.00 99.00 999 1025.7   3.6   6.7  -5.2 99.0 99.00 
2025 02 08 09 30   6  4.5  6.3 99.00 99.00 99.00 999 1025.8   3.5   6.7  -6.2 99.0 99.00 
2025 02 08 09 40 360  4.2  5.5  0.94  4.76  4.54  36 1025.5   3.5   6.7  -5.7 99.0 99.00 
2025 02 08 09 50  15  4.5  6.0 99.00 99.00 99.00 999 1025.7   3.5   6.7  -4.4 99.0 99.00 
2025 02 08 10 00  18  4.7  6.4 99.00 99.00 99.00 999 1025.6   3.5   6.7  -4.5 99.0 99.00 
2025 02 08 10 10  23  4.9  6.1  0.98  5.56  4.72  47 1025.5   3.5   6.7  -5.3 99.0 99.00 
2025 02 08 10 20  18  3.9  5.6 99.00 99.00 99.00 999 1025.8   3.4   6.6  -4.9 99.0 99.00 
2025 02 08 10 30  27  3.3  4.7 99.00 99.00 99.00 999 1025.6   3.3   6.6  -5.6 99.0 99.00 
2025 02 08 10 40  25  3.7  5.3  0.88  4.76  4.56  30 1025.5   3.3   6.6  -5.6 99.0 99.00 
2025 02 08 10 50  39  3.8  5.5 99.00 99.00 99.00 999 1025.6   3.4   6.6  -5.1 99.0 99.00 
2025 02 08 11 00  37  3.8  5.6 99.00 99.00 99.00 999 1025.9   3.3   6.6  -5.4 99.0 99.00 
2025 02 08 11 10  38  3.0  4.2  0.90  7.69  4.71 137 1025.9   3.4   6.5  -5.5 99.0 99.00 
2025 02 08 11 20  31  2.9  4.5 99.00 99.00 99.00 999 1026.1   3.4   6.5  -5.3 99.0 99.00 
2025 02 08 11 30  26  3.0  4.2 99.00 99.00 99.00 999 1026.6   3.5   6.5  -5.0 99.0 99.00 
2025 02 08 11 40  32  3.4  5.2  0.89 10.81  4.68 127 1026.3   3.4   6.6  -5.8 99.0 99.00 
2025 02 08 11 50  41  2.8  4.5 99.00 99.00 99.00 999 1026.6   3.3   6.6  -6.0 99.0 99.00 
2025 02 08 12 00  54  3.2  4.5 99.00 99.00 99.00 999 1026.6   3.3   6.6  -5.6 99.0 99.00 
2025 02 08 12 10  54  3.1  4.9  0.83 10.00  4.65 135 1026.3   3.3   6.5  -5.8 99.0 99.00 
2025 02 08 12 20  34  3.0  4.5 99.00 99.00 99.00 999 1026.8   3.3   6.5  -5.8 99.0 99.00 
2025 02 08 12 30  32  3.1  4.3 99.00 99.00 99.00 999 1027.1   3.3   6.5  -5.6 99.0 99.00 
2025 02 08 12 40  31  3.0  4.4  0.90  8.33  4.97 139 1027.6   3.3   6.5  -5.9 99.0 99.00 
2025 02 08 12 50  27  2.9  4.3 99.00 99.00 99.00 999 1027.6   3.3   6.5  -6.0 99.0 99.00 
2025 02 08 13 00  43  3.0  4.2 99.00 99.00 99.00 999 1027.8   3.4   6.5  -5.6 99.0 99.00 
2025 02 08 13 10  34  2.6  4.2  0.80  7.69  4.82 138 1027.5   3.3   6.5  -5.6 99.0 99.00 
2025 02 08 13 20  38  2.5  4.0 99.00 99.00 99.00 999 1027.6   3.4   6.4  -5.2 99.0 99.00 
2025 02 08 13 30  34  2.7  4.3 99.00 99.00 99.00 999 1027.4   3.3   6.2  -5.1 99.0 99.00 
2025 02 08 13 40  31  2.8  3.9  0.78  8.33  4.77 142 1027.6   3.3   6.2  -5.1 99.0 99.00 
2025 02 08 13 50  40  1.9  3.3 99.00 99.00 99.00 999 1027.4   3.4   6.2  -4.8 99.0 99.00 
2025 02 08 14 00  50  3.6  5.0 99.00 99.00 99.00 999 1027.1   3.4   6.2  -4.5 99.0 99.00 
2025 02 08 14 10  56  3.9  5.4  0.80  7.69  4.82 153 1027.1   3.4   6.2  -4.6 99.0 99.00 
2025 02 08 14 20  63  3.7  5.1 99.00 99.00 99.00 999 1027.1   3.5   6.2  -4.5 99.0 99.00 
2025 02 08 14 30  61  3.3  4.7 99.00 99.00 99.00 999 1027.2   3.5   6.2  -4.2 99.0 99.00 
2025 02 08 14 40  66  3.3  4.9  0.73  6.67  4.72 157 1026.9   3.6   6.2  -3.8 99.0 99.00 
2025 02 08 14 50  61  4.1  5.6 99.00 99.00 99.00 999 1026.8   3.6   6.3  -3.5 99.0 99.00 
2025 02 08 15 00  69  4.0  5.7 99.00 99.00 99.00 999 1026.8   3.7   6.3  -3.1 99.0 99.00 
2025 02 08 15 10  60  4.8  6.1  0.75  7.69  4.84 132 1026.9   3.6   6.3  -2.9 99.0 99.00 
2025 02 08 15 20  65  4.5  6.0 99.00 99.00 99.00 999 1026.7   3.6   6.3  -2.9 99.0 99.00 
2025 02 08 15 30  65  5.0  6.5 99.00 99.00 99.00 999 1026.6   3.6   6.3  -2.7 99.0 99.00 
2025 02 08 15 40  64  4.2  5.5  0.71  7.69  4.68 143 1026.7   3.7   6.3  -2.6 99.0 99.00 
2025 02 08 15 50  68  4.3  5.8 99.00 99.00 99.00 999 1026.6   3.6   6.3  -2.9 99.0 99.00 
2025 02 08 16 00  62  4.4  5.9 99.00 99.00 99.00 999 1026.5   3.6   6.3  -2.9 99.0 99.00 
2025 02 08 16 10  60  4.6  6.3  0.68  7.69  4.45 137 1026.5   3.6   6.3  -2.6 99.0 99.00 
2025 02 08 16 20  52  4.7  6.1 99.00 99.00 99.00 999 1026.1   3.6   6.3  -2.7 99.0 99.00 
2025 02 08 16 30  54  4.3  6.4 99.00 99.00 99.00 999 1026.0   3.5   6.3  -2.5 99.0 99.00 
2025 02 08 16 40  50  3.9  5.1  0.72  8.33  4.46 145 1026.1   3.4   6.3  -2.2 99.0 99.00 
2025 02 08 16 50  59  3.7  5.1 99.00 99.00 99.00 999 1025.7   3.1   6.3  -2.2 99.0 99.00 
2025 02 08 17 00  62  4.5  6.1 99.00 99.00 99.00 999 1025.1   3.0   6.3  -2.0 99.0 99.00 
2025 02 08 17 10  71  4.3  6.0  0.67  7.14  4.43 159 1025.2   2.9   6.3  -1.8 99.0 99.00 
2025 02 08 17 20  81  4.2  5.6 99.00 99.00 99.00 999 1024.9   2.8   6.3  -1.5 99.0 99.00 
2025 02 08 17 30  93  3.9  5.2 99.00 99.00 99.00 999 1025.0   2.7   6.3  -1.4 99.0 99.00 
2025 02 08 17 40  94  3.5  5.5  0.65  7.69  4.43 115 1025.2   2.6   6.3  -1.3 99.0 99.00 
2025 02 08 17 50  99  3.0  4.3 99.00 99.00 99.00 999 1025.3   2.5   6.3  -1.4 99.0 99.00 
2025 02 08 18 00  98  3.0  4.6 99.00 99.00 99.00 999 1025.2   2.5   6.3  -1.0 99.0 99.00 
2025 02 08 18 10  99  2.9  4.3  0.68 10.81  4.53  63 1024.8   2.3   6.3  -1.2 99.0 99.00 
2025 02 08 18 20 116  2.7  3.9 99.00 99.00 99.00 999 1024.5   2.0   6.3  -1.5 99.0 99.00 
2025 02 08 18 30 105  2.4  3.4 99.00 99.00 99.00 999 1024.4   1.9   6.3  -1.3 99.0 99.00 
2025 02 08 18 40 105  3.0  4.0  0.66 11.43  4.39 141 1024.0   1.9   6.4  -1.0 99.0 99.00 
2025 02 08 18 50  96  3.4  4.7 99.00 99.00 99.00 999 1023.8   1.9   6.4  -1.0 99.0 99.00 
2025 02 08 19 00  99  3.9  5.1 99.00 99.00 99.00 999 1023.3   1.9   6.6  -0.7 99.0 99.00 
2025 02 08 19 10  95  4.2  5.4  0.66  7.14  4.55 150 1023.3   2.0   6.5  -0.5 99.0 99.00 
2025 02 08 19 20  99  4.6  5.6 99.00 99.00 99.00 999 1023.2   2.1   6.5  -0.7 99.0 99.00 
2025 02 08 19 30 102  4.8  6.4 99.00 99.00 99.00 999 1022.8   2.1   6.4  -0.4 99.0 99.00 
2025 02 08 19 40 100  5.5  7.1  0.67 10.81  4.62 112 1022.6   2.3   6.4  -0.2 99.0 99.00 
2025 02 08 19 50 110  5.4  7.0 99.00 99.00 99.00 999 1022.6   2.4   6.4  -0.2 99.0 99.00 
2025 02 08 20 00 102  5.2  6.4 99.00 99.00 99.00 999 1022.6   2.4   6.4  -0.4 99.0 99.00 
2025 02 08 20 10 105  4.9  6.3  0.68  7.14  4.27 125 1022.9   2.5   6.5  -0.3 99.0 99.00 
2025 02 08 20 20  97  4.7  6.0 99.00 99.00 99.00 999 1023.0   2.5   6.5  -0.5 99.0 99.00 
2025 02 08 20 30 102  4.7  6.0 99.00 99.00 99.00 999 1023.0   2.5   6.6  -0.2 99.0 99.00 
2025 02 08 20 40 109  5.0  6.5  0.65  6.67  4.10 137 1022.8   2.3   6.6  -0.2 99.0 99.00 
2025 02 08 20 50 103  5.6  7.4 99.00 99.00 99.00 999 1022.2   2.3   6.5  -0.1 99.0 99.00 
2025 02 08 21 00  99  6.2  7.7 99.00 99.00 99.00 999 1021.6   2.5   6.6   0.3 99.0 99.00 
2025 02 08 21 10  94  6.9  8.5  0.69  7.14  4.21 135 1021.4   2.4   6.6   0.4 99.0 99.00 
2025 02 08 21 20  90  6.9  8.7 99.00 99.00 99.00 999 1021.2   2.6   6.5   0.6 99.0 99.00 
2025 02 08 21 30  94  7.2  8.7 99.00 99.00 99.00 999 1020.9   2.6   6.5   0.7 99.0 99.00 
2025 02 08 21 40  91  7.1  8.5  0.74 10.00  3.91 124 1020.8   2.7   6.6   1.0 99.0 99.00 
2025 02 08 21 50  92  7.1  8.6 99.00 99.00 99.00 999 1020.8   2.8   6.5   1.2 99.0 99.00 
2025 02 08 22 00  92  7.4  9.2 99.00 99.00 99.00 999 1020.4   2.8   6.5   1.4 99.0 99.00 
2025 02 08 22 10  95  7.9  9.8  0.79  7.14  3.87 122 1020.0   2.9   6.6   1.7 99.0 99.00 
2025 02 08 22 20  97  8.2 10.2 99.00 99.00 99.00 999 1019.7   3.0   6.6   1.9 99.0 99.00 
2025 02 08 22 30  95  8.3  9.9 99.00 99.00 99.00 999 1019.6   3.1   6.6   2.0 99.0 99.00 
2025 02 08 22 40  97  8.5 10.0  0.88  3.45  3.69  93 1019.3   3.0   6.6   2.0 99.0 99.00 
2025 02 08 22 50 100  8.3  9.9 99.00 99.00 99.00 999 1019.5   3.0   6.6   2.1 99.0 99.00 
2025 02 08 23 00  94  8.1  9.9 99.00 99.00 99.00 999 1019.3   3.0   6.6   2.2 99.0 99.00 
2025 02 08 23 10  95  8.8 10.6  0.94  3.57  3.80  87 1018.8   2.9   6.6   2.0 99.0 99.00 
2025 02 08 23 20  98  8.6 10.1 99.00 99.00 99.00 999 1018.7   3.1   6.6   2.3 99.0 99.00 
2025 02 08 23 30  94  8.7 10.5 99.00 99.00 99.00 999 1018.7   3.2   6.5   2.4 99.0 99.00 
2025 02 08 23 40  99  8.1  9.9  0.97  3.85  3.85  92 1018.7   3.3   6.5   2.6 99.0 99.00 
2025 02 08 23 50 105  8.9 10.8 99.00 99.00 99.00 999 1018.3   3.4   6.5   2.7 99.0 99.00 
2025 02 09 00 00 106  8.6 11.0 99.00 99.00 99.00 999 1018.0   3.5   6.5   2.9 99.0 99.00 
2025 02 09 00 10 105  8.3 10.0  1.08  4.17  3.96  87 1017.7   3.5   6.5   2.9 99.0 99.00 
2025 02 09 00 20 104  8.3  9.8 99.00 99.00 99.00 999 1017.3   3.7   6.4   3.1 99.0 99.00 
2025 02 09 00 30 105  9.1 10.8 99.00 99.00 99.00 999 1017.0   3.8   6.3   3.3 99.0 99.00 
2025 02 09 00 40 102  8.5 11.0  1.12  4.35  4.02  96 1016.6   3.9   6.3   3.3 99.0 99.00 
2025 02 09 00 50 102  7.6  9.1 99.00 99.00 99.00 999 1016.4   4.0   6.3   3.4 99.0 99.00 
2025 02 09 01 00 104  7.2  9.1 99.00 99.00 99.00 999 1016.2   4.1   6.3   3.5 99.0 99.00 
2025 02 09 01 10 102  6.5  8.2  1.14  4.55  4.06 100 1015.9   4.2   6.2   3.6 99.0 99.00 
2025 02 09 01 20 103  6.8  7.9 99.00 99.00 99.00 999 1015.6   4.3   6.2   3.8 99.0 99.00 
2025 02 09 01 30 100  6.9  8.7 99.00 99.00 99.00 999 1015.2   4.3   6.2   3.8 99.0 99.00 
2025 02 09 01 40 107  7.0  8.5  1.18  5.00  4.21 108 1014.8   4.4   6.2   4.0 99.0 99.00 
2025 02 09 01 50 108  8.0  9.4 99.00 99.00 99.00 999 1014.3   4.4   6.2   4.1 99.0 99.00 
2025 02 09 02 00 109  7.2  8.9 99.00 99.00 99.00 999 1014.3   4.5   6.2   4.2 99.0 99.00 
2025 02 09 02 10 110  7.0  8.7  1.17  4.76  4.17  92 1013.9   4.5   6.2   4.2 99.0 99.00 
2025 02 09 02 20 113  6.8  8.4 99.00 99.00 99.00 999 1013.7   4.6   6.2   4.3 99.0 99.00 
2025 02 09 02 30 114  7.1  8.7 99.00 99.00 99.00 999 1013.0   4.8   6.2   4.6 99.0 99.00 
2025 02 09 02 40 121  7.2  8.6  1.18  4.76  4.26 105 1012.6   4.9   6.2   4.7 99.0 99.00 
2025 02 09 02 50 124  7.1  8.4 99.00 99.00 99.00 999 1012.3   5.1   6.2   4.9 99.0 99.00 
2025 02 09 03 00 127  6.8  8.1 99.00 99.00 99.00 999 1012.0   5.3   6.2   5.1 99.0 99.00 
2025 02 09 03 10 128  6.0  7.7  1.16  5.26  4.22 101 1011.8   5.5   6.2   5.3 99.0 99.00 
2025 02 09 03 20 138  4.7  6.2 99.00 99.00 99.00 999 1011.9   5.7   6.2   5.5 99.0 99.00 
2025 02 09 03 30 163  3.4  4.9 99.00 99.00 99.00 999 1012.0   5.9   6.2   5.7 99.0 99.00 
2025 02 09 03 40 169  2.4  3.7  1.28  5.00  4.44  99 1011.4   5.9   6.2   5.7 99.0 99.00 
2025 02 09 03 50 167  2.6  3.3 99.00 99.00 99.00 999 1010.9   5.9   6.2   5.7 99.0 99.00 
2025 02 09 04 00 176  2.7  3.4 99.00 99.00 99.00 999 1010.3   5.9   6.2   5.7 99.0 99.00 
2025 02 09 04 10 193  2.6  3.5  1.14  5.00  4.48 106 1009.9   6.0   6.2   5.9 99.0 99.00 
2025 02 09 04 20 237  3.1  4.3 99.00 99.00 99.00 999 1009.9   5.9   6.2   5.8 99.0 99.00 
2025 02 09 04 30 245  3.5  5.1 99.00 99.00 99.00 999 1009.8   5.7   6.2   5.6 99.0 99.00 
2025 02 09 04 40 236  4.7  6.0  1.19  5.00  4.45  98 1009.6   5.5   6.1   5.4 99.0 99.00 
2025 02 09 04 50 252  5.3  6.8 99.00 99.00 99.00 999 1009.6   5.4   6.1   5.4 99.0 99.00 
2025 02 09 05 00 256  6.0  7.7 99.00 99.00 99.00 999 1009.9   5.2   6.1   5.2 99.0 99.00 
2025 02 09 05 10 258  6.4  8.0  1.18  5.26  4.86 101 1009.8   5.1   6.1   5.1 99.0 99.00 
2025 02 09 05 20 259  7.0  8.9 99.00 99.00 99.00 999 1009.8   4.9   6.1   4.9 99.0 99.00 
2025 02 09 05 30 263  7.2  8.9 99.00 99.00 99.00 999 1009.6   4.8   6.1   4.8 99.0 99.00 
2025 02 09 05 40 261  6.8  8.7  1.03  5.56  4.37 104 1009.4   4.8   6.1   4.8 99.0 99.00 
2025 02 09 05 50 263  7.0  8.7 99.00 99.00 99.00 999 1009.5   4.7   6.1   4.7 99.0 99.00 
2025 02 09 06 00 276  6.8  8.2 99.00 99.00 99.00 999 1009.6   4.6   6.1   4.6 99.0 99.00 
2025 02 09 06 10 278  6.6  8.2  1.09  5.56  4.22  96 1009.6   4.5   6.1   4.5 99.0 99.00 
2025 02 09 06 20 284  6.2  8.5 99.00 99.00 99.00 999 1009.4   4.4   6.1   4.4 99.0 99.00 
2025 02 09 06 30 285  5.9  7.4 99.00 99.00 99.00 999 1009.6   4.4   6.1   4.4 99.0 99.00 
2025 02 09 06 40 286  5.4  6.9  1.07  5.26  4.40  97 1009.5   4.3   6.0   4.3 99.0 99.00 
2025 02 09 06 50 282  5.0  6.5 99.00 99.00 99.00 999 1009.4   4.2   6.0   4.2 99.0 99.00 
2025 02 09 07 00 285  4.8  6.1 99.00 99.00 99.00 999 1009.6   4.3   6.0 999.0 99.0 99.00 
2025 02 09 07 10 290  5.5  6.7  1.00  5.56  4.27 101 1009.9   4.3   6.0 999.0 99.0 99.00 
2025 02 09 07 20 293  5.2  6.6 99.00 99.00 99.00 999 1009.9   4.3   6.0 999.0 99.0 99.00 
2025 02 09 07 30 293  4.9  6.1 99.00 99.00 99.00 999 1009.9   4.3   6.0   4.3 99.0 99.00 
2025 02 09 07 40 284  4.2  5.5  0.96  5.56  4.43  94 1009.8   4.2   6.0   4.2 99.0 99.00 
2025 02 09 07 50 278  3.9  4.8 99.00 99.00 99.00 999 1009.6   4.2   6.0   4.2 99.0 99.00 
2025 02 09 08 00 267  4.6  5.8 99.00 99.00 99.00 999 1009.6   4.2   6.0   4.2 99.0 99.00 
2025 02 09 08 10 258  4.4  5.9  0.94  5.88  4.43  92 1009.3   4.2   6.0   4.2 99.0 99.00 
2025 02 09 08 20 249  4.0  5.1 99.00 99.00 99.00 999 1009.2   4.2   6.0   4.2 99.0 99.00 
2025 02 09 08 30 239  4.2  5.5 99.00 99.00 99.00 999 1009.1   4.3   5.9   4.3 99.0 99.00 
2025 02 09 08 40 230  4.8  6.0  0.92  5.56  4.46  97 1008.8   4.3   5.9   4.3 99.0 99.00 
2025 02 09 08 50 223  5.2  6.1 99.00 99.00 99.00 999 1008.8   4.3   5.8   4.3 99.0 99.00 
2025 02 09 09 00 222  5.1  6.4 99.00 99.00 99.00 999 1009.0   4.5   5.6   4.5 99.0 99.00 
2025 02 09 09 10 228  5.3  6.3  0.87  5.88  4.61  95 1009.2   4.5 999.0   4.5 99.0 99.00 
2025 02 09 09 20 232  5.3  6.7 99.00 99.00 99.00 999 1009.2   4.7   5.5   4.7 99.0 99.00 
2025 02 09 09 30 235  5.3  6.6 99.00 99.00 99.00 999 1009.4   4.8   5.6   4.8 99.0 99.00 
2025 02 09 09 40 242  5.3  6.8  0.79  5.88  4.57 101 1009.5   4.9   5.5   4.9 99.0 99.00 
2025 02 09 09 50 251  6.0  7.5 99.00 99.00 99.00 999 1010.1   4.9   5.5   4.9 99.0 99.00 
2025 02 09 10 00 259  5.8  7.2 99.00 99.00 99.00 999 1010.2   5.0   5.5   5.0 99.0 99.00 
2025 02 09 10 10 264  6.1  7.5  0.81  5.88  4.26  90 1010.4   5.1   5.5   5.1 99.0 99.00 
2025 02 09 10 20 264  6.1  7.6 99.00 99.00 99.00 999 1010.4   5.1   5.5   5.1 99.0 99.00 
2025 02 09 10 30 266  5.9  7.7 99.00 99.00 99.00 999 1010.4   5.0   5.5   5.0 99.0 99.00 
2025 02 09 10 40 263  6.6  8.2  0.87  6.25  4.53 104 1010.8   5.0   5.6   5.0 99.0 99.00 
2025 02 09 10 50 262  7.0  9.1 99.00 99.00 99.00 999 1010.8   5.1   5.6   5.1 99.0 99.00 
2025 02 09 11 00 262  6.9  9.3 99.00 99.00 99.00 999 1010.9   5.1   5.6   5.1 99.0 99.00 
2025 02 09 11 10 267  8.4 11.0  1.01  7.14  4.47 137 1011.3   5.3   5.7   5.3 99.0 99.00 
2025 02 09 11 20 269  8.1 10.2 99.00 99.00 99.00 999 1011.4   5.3   5.7   5.2 99.0 99.00 
2025 02 09 11 30 268  8.0 10.1 99.00 99.00 99.00 999 1011.5   5.3   5.7   5.1 99.0 99.00 
2025 02 09 11 40 273  7.8  9.1  1.16  6.67  4.67 135 1011.8   5.3   5.7   5.0 99.0 99.00 
2025 02 09 11 50 271  7.8  9.8 99.00 99.00 99.00 999 1012.2   5.3   5.7   5.0 99.0 99.00 
2025 02 09 12 00 274  7.4  9.2 99.00 99.00 99.00 999 1012.8   5.3   5.8   5.0 99.0 99.00 
2025 02 09 12 10 285  7.1  9.7  1.34  7.14  5.04 141 1013.0   5.4   5.8   5.0 99.0 99.00 
2025 02 09 12 20 287  6.9  8.6 99.00 99.00 99.00 999 1013.3   5.4   5.8   4.9 99.0 99.00 
2025 02 09 12 30 295  6.5  8.2 99.00 99.00 99.00 999 1013.7   5.4   5.8   4.8 99.0 99.00 
2025 02 09 12 40 301  6.6  8.5  1.45  7.69  5.16 142 1013.9   5.4   5.8   4.8 99.0 99.00 
2025 02 09 12 50 302  6.8  8.3 99.00 99.00 99.00 999 1014.1   5.4   5.9   4.7 99.0 99.00 
2025 02 09 13 00 302  6.9  8.8 99.00 99.00 99.00 999 1014.5   5.5   5.9   4.7 99.0 99.00 
2025 02 09 13 10 301  6.9  8.6  1.26  7.69  5.12 135 1014.8   5.5   5.9   4.7 99.0 99.00 
2025 02 09 13 20 304  6.8  8.6 99.00 99.00 99.00 999 1014.9   5.5   5.9   4.7 99.0 99.00 
2025 02 09 13 30 308  7.6  9.9 99.00 99.00 99.00 999 1015.1   5.5   5.9   4.4 99.0 99.00 
2025 02 09 13 40 310  7.8 12.6  1.27  7.14  5.16 143 1015.4   5.7   6.0   4.3 99.0 99.00 
2025 02 09 13 50 311  7.5  9.9 99.00 99.00 99.00 999 1015.7   5.7   6.0   4.3 99.0 99.00 
2025 02 09 14 00 309  7.0  8.7 99.00 99.00 99.00 999 1015.8   5.6   6.0   4.3 99.0 99.00 
2025 02 09 14 10 311  7.3  9.2  1.24  7.69  5.12 145 1016.0   5.6   6.1   4.2 99.0 99.00 
2025 02 09 14 20 312  6.6  8.6 99.00 99.00 99.00 999 1016.4   5.6   6.1   4.1 99.0 99.00 
2025 02 09 14 30 307  5.9  7.9 99.00 99.00 99.00 999 1016.6   5.7   6.1   4.1 99.0 99.00 
2025 02 09 14 40 310  6.0  7.6  1.17  7.14  5.12 147 1016.8   5.7   6.2   4.1 99.0 99.00 
2025 02 09 14 50 316  6.2  8.4 99.00 99.00 99.00 999 1017.0   5.9   6.3   4.1 99.0 99.00 
2025 02 09 15 00 322  7.2  8.9 99.00 99.00 99.00 999 1017.1   6.1   6.4   4.1 99.0 99.00 
2025 02 09 15 10 324  7.5  9.4  1.00  7.14  4.58 146 1017.4   6.4   6.4   4.2 99.0 99.00 
2025 02 09 15 20 324  8.3 10.3 99.00 99.00 99.00 999 1017.6   6.7   6.5   4.2 99.0 99.00 
2025 02 09 15 30 324  8.5 10.6 99.00 99.00 99.00 999 1017.8   6.7   6.5   4.1 99.0 99.00 
2025 02 09 15 40 326  8.5 11.2  1.16  7.14  4.49 145 1017.9   6.6   6.5   3.9 99.0 99.00 
2025 02 09 15 50 329  8.7 10.9 99.00 99.00 99.00 999 1018.0   6.6   6.6   3.9 99.0 99.00 
2025 02 09 16 00 330  8.8 11.7 99.00 99.00 99.00 999 1018.0   6.6   6.6   3.8 99.0 99.00 
2025 02 09 16 10 331  9.1 11.1  1.29  7.69  4.32 141 1018.1   6.5   6.7   3.6 99.0 99.00 
2025 02 09 16 20 331  8.9 11.3 99.00 99.00 99.00 999 1018.3   6.5   6.7   3.6 99.0 99.00 
2025 02 09 16 30 332  9.7 12.0 99.00 99.00 99.00 999 1018.4   6.5   6.8   3.4 99.0 99.00 
2025 02 09 16 40 331 10.2 12.7  1.28  7.14  4.29 157 1018.6   6.5   6.8   3.1 99.0 99.00 
2025 02 09 16 50 333 10.3 12.6 99.00 99.00 99.00 999 1018.5   6.4   6.8   2.7 99.0 99.00 
2025 02 09 17 00 334 10.8 13.6 99.00 99.00 99.00 999 1018.5   6.4   6.8   2.7 99.0 99.00 
2025 02 09 17 10 335 11.1 14.5  1.38  7.14  4.24 143 1018.6   6.3   6.8   2.8 99.0 99.00 
2025 02 09 17 20 339 11.3 13.9 99.00 99.00 99.00 999 1018.4   6.1   6.8   2.6 99.0 99.00 
2025 02 09 17 30 342 11.1 13.1 99.00 99.00 99.00 999 1018.7   5.9   6.8   2.4 99.0 99.00 
2025 02 09 17 40 340 10.5 13.4  1.41  4.35  4.31 331 1018.9   5.8   6.8   2.4 99.0 99.00 
2025 02 09 17 50 340 10.7 13.4 99.00 99.00 99.00 999 1018.9   5.7   6.8   2.3 99.0 99.00 
2025 02 09 18 00 341 10.6 12.8 99.00 99.00 99.00 999 1019.0   5.6   6.8   2.5 99.0 99.00 
2025 02 09 18 10 342 11.1 13.7  1.40  4.76  4.28 342 1018.8   5.5   6.7   2.4 99.0 99.00 
2025 02 09 18 20 344 11.9 14.3 99.00 99.00 99.00 999 1018.7   5.4   6.8   2.2 99.0 99.00 
2025 02 09 18 30 344 12.0 15.0 99.00 99.00 99.00 999 1019.0   5.3   6.8   1.9 99.0 99.00 
2025 02 09 18 40 341 12.2 14.9  1.47  4.55  4.32 340 1019.0   5.3   6.8   1.7 99.0 99.00 
2025 02 09 18 50 342 12.0 14.2 99.00 99.00 99.00 999 1019.2   5.3   6.7   1.6 99.0 99.00 
2025 02 09 19 00 342 11.5 14.2 99.00 99.00 99.00 999 1019.5   5.4   6.7   1.7 99.0 99.00 
2025 02 09 19 10 342 11.7 14.8  1.52  5.00  4.33 344 1019.5   5.4   6.7   1.6 99.0 99.00 
2025 02 09 19 20 342 11.7 14.0 99.00 99.00 99.00 999 1019.8   5.3   6.8   1.7 99.0 99.00 
2025 02 09 19 30 342 12.1 15.5 99.00 99.00 99.00 999 1020.0   5.3   6.8   1.5 99.0 99.00 
2025 02 09 19 40 343 11.9 14.4  1.56  5.00  4.55 345 1019.9   5.3   6.8   1.3 99.0 99.00 
2025 02 09 19 50 346 11.6 14.0 99.00 99.00 99.00 999 1020.0   5.3   6.8   1.3 99.0 99.00 
2025 02 09 20 00 348 11.1 14.3 99.00 99.00 99.00 999 1020.3   5.3   6.8   1.3 99.0 99.00 
2025 02 09 20 10 348 11.0 13.9  1.67  5.26  4.56 340 1020.4   5.4   6.8   1.4 99.0 99.00 
2025 02 09 20 20 347 10.4 12.8 99.00 99.00 99.00 999 1020.6   5.4   6.8   1.6 99.0 99.00 
2025 02 09 20 30 350 10.1 12.6 99.00 99.00 99.00 999 1020.7   5.5   6.7   1.6 99.0 99.00 
2025 02 09 20 40 353  9.6 12.1  1.63  5.00  4.49 342 1020.9   5.3   6.7   1.3 99.0 99.00 
2025 02 09 20 50 355  9.6 11.7 99.00 99.00 99.00 999 1021.1   5.3   6.7   1.4 99.0 99.00 
2025 02 09 21 00 357  9.7 12.1 99.00 99.00 99.00 999 1021.2   5.3   6.7   1.4 99.0 99.00 
2025 02 09 21 10 350  9.7 12.0  1.50  5.56  4.53 333 1021.2   5.2   6.7   1.2 99.0 99.00 
2025 02 09 21 20 357  9.8 12.1 99.00 99.00 99.00 999 1021.4   5.2   6.7   1.3 99.0 99.00 
2025 02 09 21 30 360  9.8 11.9 99.00 99.00 99.00 999 1021.5   5.2   6.7   1.2 99.0 99.00 
2025 02 09 21 40   4  9.7 11.6  1.46  5.26  4.42 336 1021.8   5.2   6.7   1.1 99.0 99.00 
2025 02 09 21 50 360  9.4 11.3 99.00 99.00 99.00 999 1022.0   5.2   6.7   1.0 99.0 99.00 
2025 02 09 22 00 360  8.7 10.5 99.00 99.00 99.00 999 1022.3   5.2   6.7   1.1 99.0 99.00 
2025 02 09 22 10   4  8.6 11.0  1.33  5.26  4.27 329 1022.4   5.1   6.7   0.9 99.0 99.00 
2025 02 09 22 20   3  8.3 10.8 99.00 99.00 99.00 999 1022.5   5.1   6.7   1.1 99.0 99.00 
2025 02 09 22 30   1  8.9 11.1 99.00 99.00 99.00 999 1022.7   5.1   6.7   1.0 99.0 99.00 
2025 02 09 22 40   8  8.8 10.8  1.30  4.76  4.22 350 1023.1   5.0   6.7   0.8 99.0 99.00 
2025 02 09 22 50   3  8.8 11.1 99.00 99.00 99.00 999 1023.3   4.9   6.7   0.8 99.0 99.00 
2025 02 09 23 00   4  8.5 10.7 99.00 99.00 99.00 999 1023.3   4.9   6.7   1.1 99.0 99.00 
2025 02 09 23 10   5  8.8 11.4  1.40  5.00  4.26 347 1023.6   4.9   6.6   0.7 99.0 99.00 
2025 02 09 23 20   5  9.3 10.8 99.00 99.00 99.00 999 1023.8   4.8   6.7   0.6 99.0 99.00 
2025 02 09 23 30   2  8.8 10.9 99.00 99.00 99.00 999 1024.2   4.8   6.7   0.3 99.0 99.00 
2025 02 09 23 40 360  8.4 10.7  1.28  5.00  4.15 355 1024.3   4.8   6.6   0.4 99.0 99.00 
2025 02 09 23 50   7  7.7  9.4 99.00 99.00 99.00 999 1024.5   4.8   6.6   0.8 99.0 99.00 
2025 02 10 00 00  11  8.0  9.7 99.00 99.00 99.00 999 1024.7   4.6   6.6   0.5 99.0 99.00 
2025 02 10 00 10  14  7.6  9.2  1.24  4.76  4.16 357 1024.6   4.6   6.6   0.8 99.0 99.00 
2025 02 10 00 20  10  7.7  9.1 99.00 99.00 99.00 999 1024.8   4.6   6.6   0.6 99.0 99.00 
2025 02 10 00 30  12  7.4  9.1 99.00 99.00 99.00 999 1025.0   4.6   6.6   0.4 99.0 99.00 
2025 02 10 00 40  13  7.4  9.0  1.23  5.26  4.20   2 1025.0   4.5   6.6   0.3 99.0 99.00 
2025 02 10 00 50  12  7.8  9.6 99.00 99.00 99.00 999 1024.8   4.5   6.6   0.3 99.0 99.00 
2025 02 10 01 00  13  7.3  8.7 99.00 99.00 99.00 999 1024.6   4.5   6.6   0.3 99.0 99.00 
2025 02 10 01 10  17  7.5  8.9  1.19  4.76  4.12 352 1025.0   4.5   6.6   0.3 99.0 99.00 
2025 02 10 01 20  21  7.3  9.4 99.00 99.00 99.00 999 1025.2   4.4   6.6   0.3 99.0 99.00 
2025 02 10 01 30  17  7.2  8.8 99.00 99.00 99.00 999 1025.4   4.4   6.5   0.0 99.0 99.00 
2025 02 10 01 40  13  7.3  8.9  1.14  4.55  4.16 350 1025.7   4.3   6.4  -0.6 99.0 99.00 
2025 02 10 01 50  15  6.8  8.3 99.00 99.00 99.00 999 1025.7   4.4   6.4  -0.3 99.0 99.00 
2025 02 10 02 00  18  6.8  8.9 99.00 99.00 99.00 999 1026.0   4.3   6.4  -0.4 99.0 99.00 
2025 02 10 02 10  10  6.7  8.5  1.09  5.00  4.11  24 1026.0   4.4   6.4  -0.6 99.0 99.00 
2025 02 10 02 20  11  6.2  7.4 99.00 99.00 99.00 999 1026.0   4.4   6.3  -0.7 99.0 99.00 
2025 02 10 02 30  14  6.3  8.2 99.00 99.00 99.00 999 1026.0   4.3   6.3  -0.9 99.0 99.00 
2025 02 10 02 40   7  6.1  7.8  1.08  5.26  4.23  27 1026.3   4.4   6.3  -0.5 99.0 99.00 
2025 02 10 02 50   7  6.2  7.7 99.00 99.00 99.00 999 1026.6   4.4   6.3  -0.6 99.0 99.00 
2025 02 10 03 00  11  6.1  8.3 99.00 99.00 99.00 999 1026.3   4.4   6.3  -0.5 99.0 99.00 
2025 02 10 03 10   7  5.8  7.2  0.99  4.55  4.11  10 1026.4   4.3   6.3  -0.6 99.0 99.00 
2025 02 10 03 20   7  5.9  7.2 99.00 99.00 99.00 999 1026.1   4.3   6.2  -0.6 99.0 99.00 
2025 02 10 03 30   8  5.7  6.9 99.00 99.00 99.00 999 1026.4   4.3   6.2  -0.9 99.0 99.00 
2025 02 10 03 40   7  5.6  7.1  1.01  5.88  4.18  39 1026.3   4.3   6.2  -0.8 99.0 99.00 
2025 02 10 03 50   9  6.2  7.7 99.00 99.00 99.00 999 1026.3   4.3   6.2  -0.9 99.0 99.00 
2025 02 10 04 00  13  5.5  7.5 99.00 99.00 99.00 999 1026.3   4.3   6.1  -0.9 99.0 99.00 
2025 02 10 04 10   9  6.2  7.4  1.02  5.56  4.25  33 1026.4   4.2   6.1  -1.5 99.0 99.00 
2025 02 10 04 20   9  5.6  7.3 99.00 99.00 99.00 999 1026.5   4.2   6.1  -1.4 99.0 99.00 
2025 02 10 04 30  11  5.9  7.1 99.00 99.00 99.00 999 1026.2   4.2   6.0  -1.5 99.0 99.00 
2025 02 10 04 40  10  5.7  7.2  0.97  5.88  4.24  46 1026.5   4.3   6.0  -0.9 99.0 99.00 
2025 02 10 04 50  14  5.8  7.2 99.00 99.00 99.00 999 1026.6   4.3   6.0  -1.3 99.0 99.00 
2025 02 10 05 00  15  5.9  7.1 99.00 99.00 99.00 999 1026.6   4.3   6.0  -1.5 99.0 99.00 
2025 02 10 05 10  19  5.0  6.7  0.89  6.67  4.20  76 1026.3   4.2   5.9  -1.6 99.0 99.00 
2025 02 10 05 20  14  5.4  6.8 99.00 99.00 99.00 999 1026.4   4.2   5.9  -1.5 99.0 99.00 
2025 02 10 05 30  21  6.1  7.8 99.00 99.00 99.00 999 1026.0   4.2   5.9  -1.5 99.0 99.00 
2025 02 10 05 40  19  6.8  8.3  0.84  5.88  4.27  61 1025.7   4.2   5.9  -1.3 99.0 99.00 
2025 02 10 05 50  23  7.1  8.7 99.00 99.00 99.00 999 1025.1   4.2   5.9  -1.0 99.0 99.00 
2025 02 10 06 00  33  7.0  8.7 99.00 99.00 99.00 999 1025.0   4.2   5.9  -1.0 99.0 99.00 
2025 02 10 06 10  32  7.3  8.8  0.86  9.09  4.13 139 1025.0   4.3   6.0  -1.0 99.0 99.00 
2025 02 10 06 20  24  7.1  8.9 99.00 99.00 99.00 999 1025.0   4.3   5.9  -0.9 99.0 99.00 
2025 02 10 06 30  22  7.4  8.9 99.00 99.00 99.00 999 1024.7   4.3   6.0  -1.0 99.0 99.00 
2025 02 10 06 40  22  6.9  8.9  0.90  5.00  4.10  39 1025.3   4.3   5.9  -0.8 99.0 99.00 
2025 02 10 06 50  12  6.2  7.5 99.00 99.00 99.00 999 1025.7   4.3   6.0  -1.0 99.0 99.00 
2025 02 10 07 00  15  5.2  6.7 99.00 99.00 99.00 999 1026.0   4.3   6.0  -0.8 99.0 99.00 
2025 02 10 07 10   6  4.8  6.3  0.83  5.00  4.00  35 1026.2   4.2   6.0  -1.4 99.0 99.00 
2025 02 10 07 20   6  4.4  5.6 99.00 99.00 99.00 999 1026.6   4.2   6.0  -1.5 99.0 99.00 
2025 02 10 07 30 358  3.9  5.0 99.00 99.00 99.00 999 1026.8   4.2   6.0  -1.2 99.0 99.00 
2025 02 10 07 40 356  4.1  5.2  0.82  6.67  4.00 129 1026.4   4.2   6.0  -1.0 99.0 99.00 
2025 02 10 07 50 354  4.5  6.2 99.00 99.00 99.00 999 1026.6   4.1   6.0  -0.9 99.0 99.00 
2025 02 10 08 00 348  5.1  6.4 99.00 99.00 99.00 999 1026.4   4.1   6.0  -0.8 99.0 99.00 
2025 02 10 08 10 342  5.3  6.8  0.84  9.09  4.04 139 1026.6   4.0   6.0  -0.6 99.0 99.00 
2025 02 10 08 20 344  5.1  6.9 99.00 99.00 99.00 999 1026.8   3.9   6.1  -0.6 99.0 99.00 
2025 02 10 08 30 342  5.0  6.7 99.00 99.00 99.00 999 1026.5   3.9   6.1  -0.7 99.0 99.00 
2025 02 10 08 40 349  5.7  7.2  0.76  5.56  4.03  45 1026.6   3.8   6.1  -0.7 99.0 99.00 
2025 02 10 08 50 349  5.5  7.4 99.00 99.00 99.00 999 1026.4   3.8   6.1  -0.8 99.0 99.00 
2025 02 10 09 00 350  5.0  6.3 99.00 99.00 99.00 999 1026.8   3.7   6.2  -0.9 99.0 99.00 
2025 02 10 09 10 340  5.0  6.8  0.75 10.00  4.01 115 1026.9   3.7   6.2  -0.7 99.0 99.00 
2025 02 10 09 20 351  4.7  6.2 99.00 99.00 99.00 999 1026.8   3.7   6.2  -0.8 99.0 99.00 
2025 02 10 09 30 347  4.8  6.7 99.00 99.00 99.00 999 1026.9   3.7   6.2  -0.8 99.0 99.00 
2025 02 10 09 40 345  4.6  5.8  0.75  9.09  4.01 119 1026.8   3.6   6.2  -1.0 99.0 99.00 
2025 02 10 09 50 346  5.1  6.4 99.00 99.00 99.00 999 1027.3   3.7   6.2  -0.8 99.0 99.00 
2025 02 10 10 00 344  5.2  6.6 99.00 99.00 99.00 999 1027.3   3.6   6.3  -1.1 99.0 99.00 
2025 02 10 10 10 347  5.4  6.8  0.77  5.88  4.05  71 1027.5   3.6   6.3  -1.0 99.0 99.00 
2025 02 10 10 20 352  5.8  6.9 99.00 99.00 99.00 999 1027.3   3.6   6.3  -1.2 99.0 99.00 
2025 02 10 10 30 354  5.9  7.3 99.00 99.00 99.00 999 1027.4   3.6   6.3  -1.3 99.0 99.00 
2025 02 10 10 40 350  5.6  6.9  0.77  8.33  3.98 120 1027.4   3.6   6.3  -1.4 99.0 99.00 
2025 02 10 10 50 344  5.6  7.3 99.00 99.00 99.00 999 1027.7   3.6   6.3  -1.2 99.0 99.00 
2025 02 10 11 00 351  5.7  7.5 99.00 99.00 99.00 999 1027.5   3.6   6.3  -1.5 99.0 99.00 
2025 02 10 11 10 354  5.6  7.1  0.77 10.00  3.89 148 1027.6   3.6   6.3  -1.2 99.0 99.00 
2025 02 10 11 20 348  5.7  7.2 99.00 99.00 99.00 999 1027.6   3.5   6.3  -1.4 99.0 99.00 
2025 02 10 11 30 356  5.9  7.5 99.00 99.00 99.00 999 1027.5   3.5   6.3  -1.4 99.0 99.00 
2025 02 10 11 40 349  6.0  7.6  0.76  6.67  3.80  56 1027.7   3.5   6.3  -1.6 99.0 99.00 
2025 02 10 11 50 350  6.2  7.6 99.00 99.00 99.00 999 1027.9   3.4   6.3  -1.8 99.0 99.00 
2025 02 10 12 00 352  5.9  7.4 99.00 99.00 99.00 999 1028.1   3.5   6.4  -1.4 99.0 99.00 
2025 02 10 12 10 352  6.3  7.7  0.77 10.00  3.81 143 1028.1   3.5   6.4  -1.6 99.0 99.00 
2025 02 10 12 20 353  5.8  7.1 99.00 99.00 99.00 999 1028.2   3.5   6.4  -1.6 99.0 99.00 
2025 02 10 12 30 353  6.2  7.4 99.00 99.00 99.00 999 1028.3   3.4   6.4  -1.9 99.0 99.00 
2025 02 10 12 40 351  5.8  7.1  0.80  3.13  3.66 351 1028.4   3.5   6.4  -1.5 99.0 99.00 
2025 02 10 12 50 348  6.2  7.5 99.00 99.00 99.00 999 1028.5   3.4   6.4  -1.7 99.0 99.00 
2025 02 10 13 00 351  6.1  8.0 99.00 99.00 99.00 999 1028.5   3.4   6.4  -1.7 99.0 99.00 
2025 02 10 13 10 349  6.4  8.1  0.78  3.33  3.76 357 1028.6   3.3   6.4  -2.2 99.0 99.00 
2025 02 10 13 20 349  6.5  7.9 99.00 99.00 99.00 999 1028.7   3.3   6.4  -2.1 99.0 99.00 
2025 02 10 13 30 351  6.6  8.3 99.00 99.00 99.00 999 1028.8   3.3   6.3  -1.7 99.0 99.00 
2025 02 10 13 40 352  6.8  8.2  0.83  3.57  3.75  16 1028.8   3.2   6.3  -2.0 99.0 99.00 
2025 02 10 13 50 348  6.4  7.7 99.00 99.00 99.00 999 1028.9   3.3   6.3  -2.0 99.0 99.00 
2025 02 10 14 00 350  6.3  7.6 99.00 99.00 99.00 999 1028.9   3.3   6.3  -2.0 99.0 99.00 
2025 02 10 14 10 355  6.0  7.0  0.85  3.23  3.69 343 1029.0   3.3   6.3  -2.1 99.0 99.00 
2025 02 10 14 20 358  6.1  7.4 99.00 99.00 99.00 999 1029.0   3.3   6.3  -2.1 99.0 99.00 
2025 02 10 14 30 350  6.0  7.4 99.00 99.00 99.00 999 1029.0   3.3   6.3  -2.2 99.0 99.00 
2025 02 10 14 40 347  6.0  7.8  0.84  3.57  3.78   3 1029.1   3.3   6.3  -1.9 99.0 99.00 
2025 02 10 14 50 351  6.1  7.2 99.00 99.00 99.00 999 1029.1   3.3   6.3  -2.1 99.0 99.00 
2025 02 10 15 00 351  5.9  7.7 99.00 99.00 99.00 999 1029.2   3.3   6.3  -2.0 99.0 99.00 
2025 02 10 15 10 353  6.5  8.4  0.80  3.23  3.70 357 1029.1   3.2   6.2  -1.8 99.0 99.00 
2025 02 10 15 20 350  6.4  7.9 99.00 99.00 99.00 999 1029.1   3.1   6.2  -2.1 99.0 99.00 
2025 02 10 15 30 349  6.3  7.6 99.00 99.00 99.00 999 1029.2   3.1   6.2  -2.1 99.0 99.00 
2025 02 10 15 40 351  6.0  7.2  0.82  3.85  3.81   9 1029.2   3.1   6.2  -1.8 99.0 99.00 
2025 02 10 15 50 348  6.1  8.1 99.00 99.00 99.00 999 1029.1   3.1   6.2  -1.9 99.0 99.00 
2025 02 10 16 00 345  6.1  8.5 99.00 99.00 99.00 999 1029.2   3.1   6.2  -2.1 99.0 99.00 
2025 02 10 16 10 348  6.5  8.0  0.84  3.57  3.72   1 1029.3   3.1   6.2  -2.3 99.0 99.00 
2025 02 10 16 20 346  6.4  8.2 99.00 99.00 99.00 999 1029.2   3.2   6.2  -2.1 99.0 99.00 
2025 02 10 16 30 353  6.6  8.2 99.00 99.00 99.00 999 1029.1   3.1   6.2  -2.3 99.0 99.00 
2025 02 10 16 40 348  6.5  8.2  0.84  3.57  3.72 356 1029.0   3.1   6.2  -2.3 99.0 99.00 
2025 02 10 16 50 348  6.5  8.1 99.00 99.00 99.00 999 1028.9   3.0   6.2  -2.4 99.0 99.00 
2025 02 10 17 00 346  6.3  7.9 99.00 99.00 99.00 999 1028.7   3.1   6.3  -2.3 99.0 99.00 
2025 02 10 17 10 344  6.4  8.1  0.89  3.45  3.85 347 1028.6   3.1   6.3  -2.6 99.0 99.00 
2025 02 10 17 20 342  6.2  7.7 99.00 99.00 99.00 999 1028.5   3.0   6.3  -2.7 99.0 99.00 
2025 02 10 17 30 340  6.4  8.0 99.00 99.00 99.00 999 1028.4   3.0   6.3  -2.9 99.0 99.00 
2025 02 10 17 40 337  6.3  7.9  0.90  5.88  3.89  62 1028.2   3.1   6.3  -2.5 99.0 99.00 
2025 02 10 17 50 337  6.2  7.9 99.00 99.00 99.00 999 1028.2   3.1   6.3  -2.5 99.0 99.00 
2025 02 10 18 00 339  6.6  8.4 99.00 99.00 99.00 999 1028.2   3.2   6.3  -2.5 99.0 99.00 
2025 02 10 18 10 340  6.6  8.4  0.89  6.67  3.80  85 1028.1   3.1   6.3  -2.7 99.0 99.00 
2025 02 10 18 20 341  6.6  8.9 99.00 99.00 99.00 999 1028.0   3.1   6.4  -2.6 99.0 99.00 
2025 02 10 18 30 340  6.4  8.0 99.00 99.00 99.00 999 1028.0   3.1   6.4  -2.6 99.0 99.00 
2025 02 10 18 40 342  6.4  8.0  0.92  6.25  3.86  75 1027.9   3.1   6.4  -2.6 99.0 99.00 
2025 02 10 18 50 345  5.9  7.7 99.00 99.00 99.00 999 1027.9   3.2   6.4  -2.7 99.0 99.00 
2025 02 10 19 00 344  5.9  7.1 99.00 99.00 99.00 999 1027.8   3.3   6.4  -2.5 99.0 99.00 
2025 02 10 19 10 349  6.0  7.6  0.87  3.70  4.00   0 1027.7   3.3   6.4  -2.7 99.0 99.00 
2025 02 10 19 20 348  6.2  7.8 99.00 99.00 99.00 999 1027.6   3.3   6.4  -2.8 99.0 99.00 
2025 02 10 19 30 349  6.4  7.9 99.00 99.00 99.00 999 1027.8   3.2   6.4  -3.0 99.0 99.00 
2025 02 10 19 40 351  5.8  7.5  0.81  6.67  3.97  73 1027.7   3.3   6.4  -2.7 99.0 99.00 
2025 02 10 19 50 349  6.2  8.1 99.00 99.00 99.00 999 1027.6   3.4   6.4  -2.5 99.0 99.00 
2025 02 10 20 00 352  6.2  7.8 99.00 99.00 99.00 999 1027.6   3.5   6.4  -2.5 99.0 99.00 
2025 02 10 20 10 348  6.3  7.7  0.84  6.67  4.05  77 1027.6   3.5   6.4  -2.4 99.0 99.00 
2025 02 10 20 20 342  6.3  8.1 99.00 99.00 99.00 999 1027.6   3.7   6.4  -2.3 99.0 99.00 
2025 02 10 20 30 344  6.8  8.3 99.00 99.00 99.00 999 1027.7   3.9   6.4  -2.3 99.0 99.00 
2025 02 10 20 40 343  6.6  8.3  0.86  3.57  4.03 349 1028.1   4.1   6.4  -2.6 99.0 99.00 
2025 02 10 20 50 345  6.4  8.3 99.00 99.00 99.00 999 1027.8   4.3   6.4  -2.2 99.0 99.00 
2025 02 10 21 00 350  6.4  7.7 99.00 99.00 99.00 999 1027.9   4.3   6.4  -2.7 99.0 99.00 
2025 02 10 21 10 352  6.0  7.9  0.86  3.45  3.86 348 1027.8   4.4   6.4  -2.2 99.0 99.00 
2025 02 10 21 20 347  5.8  7.0 99.00 99.00 99.00 999 1027.9   4.4   6.4  -2.7 99.0 99.00 
2025 02 10 21 30 344  5.5  7.1 99.00 99.00 99.00 999 1028.1   4.4   6.4  -2.8 99.0 99.00 
2025 02 10 21 40 348  5.5  6.9  0.84  7.14  4.04  71 1027.9   4.3   6.4  -2.6 99.0 99.00 
2025 02 10 21 50 346  5.6  7.0 99.00 99.00 99.00 999 1028.2   4.2   6.4  -2.7 99.0 99.00 
2025 02 10 22 00 346  5.9  7.4 99.00 99.00 99.00 999 1028.1   4.3   6.4  -2.3 99.0 99.00 
2025 02 10 22 10 348  5.8  7.4  0.87  3.85  3.99 358 1028.3   4.3   6.4  -2.2 99.0 99.00 
2025 02 10 22 20 343  6.3  7.8 99.00 99.00 99.00 999 1028.5   4.4   6.4  -2.1 99.0 99.00 
2025 02 10 22 30 345  6.4  7.5 99.00 99.00 99.00 999 1028.6   4.4   6.4  -2.3 99.0 99.00 
2025 02 10 22 40 347  7.1  8.3  0.87  4.00  3.97 349 1028.5   4.5   6.4  -2.2 99.0 99.00 
2025 02 10 22 50 347  6.7  8.0 99.00 99.00 99.00 999 1028.8   4.6   6.4  -2.1 99.0 99.00 
2025 02 10 23 00 345  6.8  8.2 99.00 99.00 99.00 999 1028.8   4.6   6.4  -2.1 99.0 99.00 
2025 02 10 23 10 345  6.7  8.1  0.88  3.85  3.90 354 1028.9   4.6   6.4  -2.2 99.0 99.00 
2025 02 10 23 20 348  6.5  8.0 99.00 99.00 99.00 999 1028.8   4.6   6.4  -1.9 99.0 99.00 
2025 02 10 23 30 347  6.7  8.0 99.00 99.00 99.00 999 1029.1   4.7   6.4  -1.9 99.0 99.00 
2025 02 10 23 40 347  6.6  8.6  0.79  4.17  3.95  11 1029.2   4.7   6.4  -2.1 99.0 99.00 
2025 02 10 23 50 347  6.7  7.9 99.00 99.00 99.00 999 1029.0   4.7   6.5  -2.4 99.0 99.00 
2025 02 11 00 00 352  6.3  7.4 99.00 99.00 99.00 999 1028.9   4.8   6.4  -2.1 99.0 99.00 
2025 02 11 00 10 350  6.5  7.9  0.78  3.70  3.78 347 1029.0   4.8   6.5  -2.3 99.0 99.00 
2025 02 11 00 20 354  6.4  8.2 99.00 99.00 99.00 999 1029.0   4.8   6.4  -2.3 99.0 99.00 
2025 02 11 00 30 353  6.5  8.0 99.00 99.00 99.00 999 1029.3   4.8   6.4  -2.6 99.0 99.00 
2025 02 11 00 40 353  6.0  7.2  0.78  3.70  3.71 349 1029.3   4.8   6.4  -2.6 99.0 99.00 
2025 02 11 00 50 352  5.8  7.4 99.00 99.00 99.00 999 1029.4   4.8   6.4  -2.7 99.0 99.00 
2025 02 11 01 00 355  5.3  6.8 99.00 99.00 99.00 999 1029.4   4.8   6.4  -2.7 99.0 99.00 
2025 02 11 01 10 356  4.6  6.1  0.71  3.70  3.83   1 1029.8   4.7   6.4  -2.7 99.0 99.00 
2025 02 11 01 20 351  5.2  6.6 99.00 99.00 99.00 999 1029.8   4.7   6.4  -3.2 99.0 99.00 
2025 02 11 01 30 355  4.9  6.1 99.00 99.00 99.00 999 1029.7   4.7   6.4  -3.3 99.0 99.00 
2025 02 11 01 40 358  5.1  6.3  0.68  3.33  3.72 347 1029.7   4.7   6.4  -3.3 99.0 99.00 
2025 02 11 01 50 358  4.8  6.2 99.00 99.00 99.00 999 1029.8   4.7   6.4  -2.8 99.0 99.00 
2025 02 11 02 00   5  4.9  6.1 99.00 99.00 99.00 999 1029.8   4.7   6.4  -2.9 99.0 99.00 
2025 02 11 02 10   3  4.6  5.6  0.66  6.67  3.81  87 1030.0   4.6   6.4  -3.0 99.0 99.00 
2025 02 11 02 20   2  4.8  6.3 99.00 99.00 99.00 999 1029.9   4.7   6.4  -2.4 99.0 99.00 
2025 02 11 02 30   4  5.0  6.0 99.00 99.00 99.00 999 1030.1   4.6   6.4  -2.8 99.0 99.00 
2025 02 11 02 40   4  4.8  6.1  0.65  7.69  4.13  98 1030.2   4.6   6.4  -2.8 99.0 99.00 
2025 02 11 02 50   4  4.9  6.0 99.00 99.00 99.00 999 1030.2   4.6   6.3  -3.4 99.0 99.00 
2025 02 11 03 00   1  5.0  6.2 99.00 99.00 99.00 999 1030.2   4.5   6.3  -3.5 99.0 99.00 
2025 02 11 03 10   4  5.0  6.4  0.62  8.33  3.88  82 1030.4   4.5   6.3  -3.5 99.0 99.00 
2025 02 11 03 20 358  4.8  6.3 99.00 99.00 99.00 999 1030.4   4.5   6.3  -3.8 99.0 99.00 
2025 02 11 03 30 347  5.0  6.3 99.00 99.00 99.00 999 1030.4   4.4   6.3  -3.7 99.0 99.00 
2025 02 11 03 40 353  5.5  6.7  0.61  7.69  4.12  90 1030.5   4.4   6.3  -3.7 99.0 99.00 
2025 02 11 03 50 347  5.4  6.3 99.00 99.00 99.00 999 1030.8   4.3   6.3  -4.2 99.0 99.00 
2025 02 11 04 00 346  5.1  6.4 99.00 99.00 99.00 999 1031.0   4.3   6.3  -3.9 99.0 99.00 
2025 02 11 04 10 342  5.4  6.6  0.60  7.69  3.96  99 1030.9   4.2   6.2  -3.9 99.0 99.00 
2025 02 11 04 20 343  5.8  7.5 99.00 99.00 99.00 999 1030.9   4.1   6.2  -3.8 99.0 99.00 
2025 02 11 04 30 345  5.0  6.8 99.00 99.00 99.00 999 1030.9   4.1   6.2  -3.7 99.0 99.00 
2025 02 11 04 40 344  6.1  7.7  0.66  7.69  4.03  73 1030.7   4.1   6.2  -3.4 99.0 99.00 
2025 02 11 04 50 351  6.1  7.6 99.00 99.00 99.00 999 1030.8   4.0   6.2  -3.4 99.0 99.00 
2025 02 11 05 00 358  5.6  6.9 99.00 99.00 99.00 999 1030.7   3.9   6.2  -4.1 99.0 99.00 
2025 02 11 05 10 356  5.8  7.6  0.70  7.69  3.86  90 1030.5   3.9   6.2  -3.7 99.0 99.00 
2025 02 11 05 20 355  6.2  8.2 99.00 99.00 99.00 999 1030.4   3.8   6.2  -4.6 99.0 99.00 
2025 02 11 05 30 352  6.2  7.6 99.00 99.00 99.00 999 1030.5   3.8   6.2  -5.2 99.0 99.00 
2025 02 11 05 40 355  6.6  7.9  0.69  7.69  3.91  78 1030.5   3.8   6.2  -5.2 99.0 99.00 
2025 02 11 05 50 351  6.1  7.7 99.00 99.00 99.00 999 1030.5   3.8   6.2  -4.5 99.0 99.00 
2025 02 11 06 00 355  6.0  7.7 99.00 99.00 99.00 999 1030.3   3.7   6.3  -4.2 99.0 99.00 
2025 02 11 06 10 354  5.8  7.1  0.77  7.69  3.87  93 1030.3   3.6   6.3  -4.0 99.0 99.00 
2025 02 11 06 20 356  5.9  7.1 99.00 99.00 99.00 999 1030.2   3.6   6.3  -4.1 99.0 99.00 
2025 02 11 06 30   1  5.9  7.2 99.00 99.00 99.00 999 1030.3   3.5   6.3  -4.1 99.0 99.00 
2025 02 11 06 40 359  5.7  6.9  0.77  8.33  3.82  74 1030.1   3.5   6.3  -3.8 99.0 99.00 
2025 02 11 06 50 356  5.9  7.0 99.00 99.00 99.00 999 1030.1   3.4   6.3  -4.3 99.0 99.00 
2025 02 11 07 00   1  5.3  6.6 99.00 99.00 99.00 999 1030.1   3.4   6.3  -3.8 99.0 99.00 
2025 02 11 07 10   1  5.4  6.6  0.81  3.57  4.14   7 1030.0   3.5   6.3  -3.6 99.0 99.00 
2025 02 11 07 20 359  5.4  6.8 99.00 99.00 99.00 999 1029.7   3.5   6.3  -3.3 99.0 99.00 
2025 02 11 07 30   4  5.3  6.5 99.00 99.00 99.00 999 1030.0   3.4   6.3  -3.3 99.0 99.00 
2025 02 11 07 40   5  5.0  6.4  0.83  7.69  3.95  70 1030.1   3.3   6.3  -3.5 99.0 99.00 
2025 02 11 07 50   4  4.8  6.0 99.00 99.00 99.00 999 1030.4   3.3   6.3  -3.6 99.0 99.00 
2025 02 11 08 00 356  4.8  6.7 99.00 99.00 99.00 999 1030.3   3.3   6.3  -3.2 99.0 99.00 
2025 02 11 08 10 357  4.5  5.5  0.76  7.14  4.12  62 1030.1   3.2   6.3  -3.4 99.0 99.00 
2025 02 11 08 20 352  4.3  5.4 99.00 99.00 99.00 999 1030.1   3.2   6.3  -3.6 99.0 99.00 
2025 02 11 08 30   2  3.7  4.8 99.00 99.00 99.00 999 1030.1   3.1   6.4  -4.1 99.0 99.00 
2025 02 11 08 40   3  3.8  5.4  0.77  7.69  4.33  53 1030.0   3.1   6.4  -4.1 99.0 99.00 
2025 02 11 08 50   3  3.8  5.1 99.00 99.00 99.00 999 1029.7   3.1   6.4  -4.1 99.0 99.00 
2025 02 11 09 00   9  3.8  4.9 99.00 99.00 99.00 999 1029.7   3.1   6.4  -3.7 99.0 99.00 
2025 02 11 09 10   7  3.9  5.1  0.69  7.69  4.40  62 1030.1   3.1   6.4  -4.0 99.0 99.00 
2025 02 11 09 20   1  3.7  5.0 99.00 99.00 99.00 999 1030.2   3.1   6.4  -3.9 99.0 99.00 
2025 02 11 09 30 357  3.5  5.1 99.00 99.00 99.00 999 1030.6   3.1   6.4  -4.0 99.0 99.00 
2025 02 11 09 40 354  3.9  5.5  0.71  7.69  4.56  65 1030.3   3.1   6.4  -4.4 99.0 99.00 
2025 02 11 09 50 352  4.1  5.4 99.00 99.00 99.00 999 1030.4   3.1   6.4  -4.2 99.0 99.00 
2025 02 11 10 00   4  3.9  5.1 99.00 99.00 99.00 999 1030.4   3.0   6.4  -4.5 99.0 99.00 
2025 02 11 10 10   1  3.9  5.3  0.68  7.69  4.64  60 1030.1   3.0   6.4  -3.9 99.0 99.00 
2025 02 11 10 20   7  3.7  5.1 99.00 99.00 99.00 999 1030.1   3.0   6.4  -3.9 99.0 99.00 
2025 02 11 10 30   2  4.1  5.5 99.00 99.00 99.00 999 1030.3   3.1   6.4  -3.1 99.0 99.00 
2025 02 11 10 40   2  3.7  5.6  0.71  8.33  4.74  61 1030.3   3.0   6.4  -3.1 99.0 99.00 
2025 02 11 10 50  14  3.5  4.9 99.00 99.00 99.00 999 1030.1   3.0   6.4  -3.2 99.0 99.00 
2025 02 11 11 00  20  3.3  4.8 99.00 99.00 99.00 999 1030.2   3.0   6.4  -3.4 99.0 99.00 
2025 02 11 11 10  28  2.5  3.8  0.66  8.33  4.84  60 1030.1   3.0   6.4  -3.6 99.0 99.00 
2025 02 11 11 20  29  2.5  3.7 99.00 99.00 99.00 999 1030.2   3.0   6.4  -3.5 99.0 99.00 
2025 02 11 11 30  32  2.6  3.7 99.00 99.00 99.00 999 1030.3   3.0   6.4  -3.6 99.0 99.00 
2025 02 11 11 40  42  2.2  3.4  0.66  9.09  4.87  75 1030.6   3.1   6.4  -3.7 99.0 99.00 
2025 02 11 11 50  55  2.1  3.5 99.00 99.00 99.00 999 1030.7   3.1   6.4  -4.1 99.0 99.00 
2025 02 11 12 00  51  1.8  2.9 99.00 99.00 99.00 999 1030.8   3.1   6.4  -4.4 99.0 99.00 
2025 02 11 12 10  49  1.8  3.3  0.67  8.33  5.16  75 1030.7   3.1   6.4  -4.1 99.0 99.00 
2025 02 11 12 20  37  2.6  3.9 99.00 99.00 99.00 999 1030.8   3.1   6.4  -4.4 99.0 99.00 
2025 02 11 12 30  31  3.1  4.6 99.00 99.00 99.00 999 1030.4   3.1   6.4  -4.0 99.0 99.00 
2025 02 11 12 40  17  3.7  5.2  0.66  8.33  5.00  90 1030.9   3.2   6.4  -4.0 99.0 99.00 
2025 02 11 12 50  30  2.9  4.1 99.00 99.00 99.00 999 1030.8   3.2   6.4  -4.1 99.0 99.00 
2025 02 11 13 00  25  3.9  5.5 99.00 99.00 99.00 999 1030.6   3.2   6.4  -4.5 99.0 99.00 
2025 02 11 13 10  27  4.2  5.7  0.68  7.14  4.91  85 1030.7   3.3   6.4  -4.2 99.0 99.00 
2025 02 11 13 20  33  4.7  6.6 99.00 99.00 99.00 999 1030.5   3.3   6.4  -4.8 99.0 99.00 
2025 02 11 13 30  43  4.2  5.8 99.00 99.00 99.00 999 1030.6   3.5   6.4  -4.5 99.0 99.00 
2025 02 11 13 40  47  4.0  5.1  0.66  9.09  4.83  98 1030.9   3.5   6.4  -4.0 99.0 99.00 
2025 02 11 13 50  52  3.2  4.6 99.00 99.00 99.00 999 1030.9   3.5   6.4  -4.4 99.0 99.00 
2025 02 11 14 00  64  3.1  4.8 99.00 99.00 99.00 999 1030.6   3.5   6.4  -4.3 99.0 99.00 
2025 02 11 14 10  71  3.1  4.3  0.79  9.09  5.34  67 1030.7   3.6   6.4  -3.9 99.0 99.00 
2025 02 11 14 20  75  3.5  5.5 99.00 99.00 99.00 999 1030.5   3.7   6.4  -3.9 99.0 99.00 
2025 02 11 14 30  73  3.7  5.4 99.00 99.00 99.00 999 1030.6   3.7   6.4  -4.2 99.0 99.00 
2025 02 11 14 40  77  3.7  4.9  0.75  8.33  5.35  80 1030.6   3.7   6.4  -3.7 99.0 99.00 
2025 02 11 14 50  88  3.8  5.1 99.00 99.00 99.00 999 1030.4   3.7   6.4  -3.5 99.0 99.00 
2025 02 11 15 00  87  3.7  5.1 99.00 99.00 99.00 999 1030.4   3.7   6.4  -3.7 99.0 99.00 
2025 02 11 15 10  83  3.5  5.0  0.73  9.09  5.12 102 1030.5   3.8   6.4  -3.6 99.0 99.00 
2025 02 11 15 20  91  3.3  5.1 99.00 99.00 99.00 999 1030.7   3.8   6.4  -3.2 99.0 99.00 
2025 02 11 15 30 103  3.1  4.0 99.00 99.00 99.00 999 1030.7   3.8   6.4  -3.4 99.0 99.00 
2025 02 11 15 40 111  3.3  4.7  0.70  8.33  5.24 108 1030.7   3.9   6.4  -3.3 99.0 99.00 
2025 02 11 15 50 117  3.3  4.6 99.00 99.00 99.00 999 1030.6   3.9   6.4  -3.3 99.0 99.00 
2025 02 11 16 00 117  3.3  4.7 99.00 99.00 99.00 999 1030.6   3.9   6.4  -3.4 99.0 99.00 
2025 02 11 16 10 123  3.4  4.6  0.75  8.33  5.37  91 1030.3   4.0   6.4  -3.1 99.0 99.00 
2025 02 11 16 20 135  3.3  4.8 99.00 99.00 99.00 999 1030.2   4.1   6.3  -3.0 99.0 99.00 
2025 02 11 16 30 133  3.7  4.8 99.00 99.00 99.00 999 1029.8   4.2   6.3  -2.9 99.0 99.00 
2025 02 11 16 40 127  3.8  4.8  0.68  9.09  5.01  89 1029.4   4.2   6.3  -2.6 99.0 99.00 
2025 02 11 16 50 137  3.9  5.4 99.00 99.00 99.00 999 1029.1   4.2   6.3  -2.6 99.0 99.00 
2025 02 11 17 00 140  4.0  5.5 99.00 99.00 99.00 999 1029.0   4.3   6.3  -2.9 99.0 99.00 
2025 02 11 17 10 139  4.1  5.8  0.74  9.09  5.45  95 1028.6   4.4   6.3  -2.8 99.0 99.00 
2025 02 11 17 20 137  4.4  5.8 99.00 99.00 99.00 999 1028.4   4.4   6.3  -2.7 99.0 99.00 
2025 02 11 17 30 142  4.0  5.8 99.00 99.00 99.00 999 1027.9   4.4   6.3  -3.2 99.0 99.00 
2025 02 11 17 40 139  4.2  5.8  0.73  9.09  5.41  88 1027.6   4.4   6.3  -2.9 99.0 99.00 
2025 02 11 17 50 137  3.8  4.9 99.00 99.00 99.00 999 1027.3   4.5   6.3  -3.0 99.0 99.00 
2025 02 11 18 00 137  3.8  5.2 99.00 99.00 99.00 999 1027.1   4.5   6.3  -2.9 99.0 99.00 
2025 02 11 18 10 140  3.6  5.4  0.72  8.33  5.07  94 1026.9   4.5   6.3  -2.9 99.0 99.00 
2025 02 11 18 20 147  3.8  5.4 99.00 99.00 99.00 999 1026.6   4.6   6.3  -2.4 99.0 99.00 
2025 02 11 18 30 144  4.1  5.7 99.00 99.00 99.00 999 1026.3   4.6   6.3  -2.4 99.0 99.00 
2025 02 11 18 40 153  4.6  5.9  0.68  9.09  4.97  96 1026.2   4.6   6.3  -3.1 99.0 99.00 
2025 02 11 18 50 160  4.6  6.0 99.00 99.00 99.00 999 1026.2   4.7   6.3  -2.3 99.0 99.00 
2025 02 11 19 00 156  4.7  5.8 99.00 99.00 99.00 999 1025.8   4.7   6.3  -2.7 99.0 99.00 
2025 02 11 19 10 158  4.5  6.2  0.70  9.09  4.85  92 1025.5   4.7   6.3  -2.4 99.0 99.00 
2025 02 11 19 20 157  5.5  8.2 99.00 99.00 99.00 999 1025.2   4.6   6.3  -3.2 99.0 99.00 
2025 02 11 19 30 142  3.6  9.6 99.00 99.00 99.00 999 1025.5   4.2   6.3  -3.9 99.0 99.00 
2025 02 11 19 40 187  2.9  5.5  0.73 10.00  4.95  96 1025.3   3.9   6.3  -2.6 99.0 99.00 
2025 02 11 19 50 156  5.2  8.0 99.00 99.00 99.00 999 1025.5   3.4   6.3  -1.4 99.0 99.00 
2025 02 11 20 00 176  6.0  7.9 99.00 99.00 99.00 999 1026.2   2.8   6.3  -0.1 99.0 99.00 
2025 02 11 20 10 178  5.2  6.5  0.73  9.09  4.81  86 1026.0   2.0   6.3   0.1 99.0 99.00 
2025 02 11 20 20 185  4.6  5.8 99.00 99.00 99.00 999 1026.3   1.5   6.3   0.4 99.0 99.00 
2025 02 11 20 30 192  4.0  5.2 99.00 99.00 99.00 999 1026.2   1.2   6.3   0.5 99.0 99.00 
2025 02 11 20 40 192  2.8  3.7  0.76  8.33  4.80  71 1026.2   1.1   6.3   0.5 99.0 99.00 
2025 02 11 20 50 205  2.0  3.0 99.00 99.00 99.00 999 1026.1   1.1   6.3   0.6 99.0 99.00 
2025 02 11 21 00 227  1.1  2.4 99.00 99.00 99.00 999 1025.8   1.0   6.3   0.5 99.0 99.00 
2025 02 11 21 10 231  0.6  1.4  0.72  9.09  4.89  92 1025.7   1.0   6.3   0.6 99.0 99.00 
2025 02 11 21 20 228  0.2  0.8 99.00 99.00 99.00 999 1025.5   1.0   6.3   0.6 99.0 99.00 
2025 02 11 21 30 318  0.1  0.6 99.00 99.00 99.00 999 1025.5   0.9   6.3   0.5 99.0 99.00 
2025 02 11 21 40  15  0.8  1.7  0.75  9.09  5.18  87 1025.2   0.8   6.3   0.4 99.0 99.00 
2025 02 11 21 50  29  2.0  3.4 99.00 99.00 99.00 999 1025.1   0.8   6.3   0.5 99.0 99.00 
2025 02 11 22 00  21  2.8  3.6 99.00 99.00 99.00 999 1025.2   1.0   6.3   0.7 99.0 99.00 
2025 02 11 22 10  14  3.1  3.9  0.72 10.00  4.96  65 1025.3   1.0   6.2   0.7 99.0 99.00 
2025 02 11 22 20   9  2.8  3.5 99.00 99.00 99.00 999 1025.4   1.0   6.2   0.7 99.0 99.00 
2025 02 11 22 30  19  3.0  3.7 99.00 99.00 99.00 999 1025.2   1.1   6.2   0.8 99.0 99.00 
2025 02 11 22 40  22  3.5  4.5  0.62  9.09  5.09  75 1025.1   1.1   6.2   0.8 99.0 99.00 
2025 02 11 22 50  27  4.3  5.3 99.00 99.00 99.00 999 1024.9   1.1   6.2   0.9 99.0 99.00 
2025 02 11 23 00  21  4.6  5.8 99.00 99.00 99.00 999 1025.0   1.1   6.2   0.9 99.0 99.00 
2025 02 11 23 10  23  4.6  5.4  0.67 10.81  4.98  92 1025.0   1.2   6.1   1.0 99.0 99.00 
2025 02 11 23 20  23  4.8  5.6 99.00 99.00 99.00 999 1024.8   1.1   6.1   0.9 99.0 99.00 
2025 02 11 23 30  29  5.4  6.4 99.00 99.00 99.00 999 1024.7   1.2   6.1   1.0 99.0 99.00 
2025 02 11 23 40  38  5.9  7.0  0.71  9.09  5.13  97 1024.2   1.2   6.1   1.1 99.0 99.00 
2025 02 11 23 50  43  6.4  7.5 99.00 99.00 99.00 999 1023.8   1.2   6.2   1.1 99.0 99.00 
2025 02 12 00 00  46  6.1  7.4 99.00 99.00 99.00 999 1024.0   1.3   6.2   1.3 99.0 99.00 
2025 02 12 00 10  43  6.0  7.0  0.68  9.09  4.31  92 1023.8   1.3   6.2   1.3 99.0 99.00 
2025 02 12 00 20  41  6.1  7.2 99.00 99.00 99.00 999 1024.0   1.3   6.2   1.2 99.0 99.00 
2025 02 12 00 30  44  6.4  7.4 99.00 99.00 99.00 999 1023.9   1.3   6.2   1.2 99.0 99.00 
2025 02 12 00 40  49  6.7  8.1  0.77 10.81  4.22  87 1023.6   1.5   6.2   1.5 99.0 99.00 
2025 02 12 00 50  51  7.0  8.7 99.00 99.00 99.00 999 1023.4   1.5   6.2   1.5 99.0 99.00 
2025 02 12 01 00  49  7.2  8.5 99.00 99.00 99.00 999 1023.1   1.6   6.2   1.5 99.0 99.00 
2025 02 12 01 10  54  7.1  8.6  0.74 10.00  4.09 114 1023.0   1.6   6.2   1.5 99.0 99.00 
2025 02 12 01 20  55  7.6  8.9 99.00 99.00 99.00 999 1022.7   1.5   6.2   1.4 99.0 99.00 
2025 02 12 01 30  54  8.4 10.2 99.00 99.00 99.00 999 1022.2   1.6   6.2   1.6 99.0 99.00 
2025 02 12 01 40  52  9.2 11.1  0.80 10.00  3.93 141 1022.1   1.7   6.2   1.7 99.0 99.00 
2025 02 12 01 50  50  9.2 10.8 99.00 99.00 99.00 999 1022.0   1.9   6.2   1.9 99.0 99.00 
2025 02 12 02 00  48  9.3 11.1 99.00 99.00 99.00 999 1021.7   2.0   6.2   1.9 99.0 99.00 
2025 02 12 02 10  49 10.1 11.8  0.90  3.13  3.73  79 1021.7   2.0   6.2   1.9 99.0 99.00 
2025 02 12 02 20  48  9.6 11.7 99.00 99.00 99.00 999 1022.1   2.1   6.2   2.0 99.0 99.00 
2025 02 12 02 30  43  9.1 11.1 99.00 99.00 99.00 999 1022.1   2.0   6.2   1.8 99.0 99.00 
2025 02 12 02 40  44  8.8 10.7  0.98  3.57  3.91  70 1022.3   2.0   6.2   1.9 99.0 99.00 
2025 02 12 02 50  42  8.4 10.2 99.00 99.00 99.00 999 1022.2   2.0   6.2   1.9 99.0 99.00 
2025 02 12 03 00  44  8.7 10.3 99.00 99.00 99.00 999 1021.9   2.0   6.2   1.9 99.0 99.00 
2025 02 12 03 10  45  8.9 10.7  1.04  3.85  4.02  71 1021.9   2.0   6.2   2.0 99.0 99.00 
2025 02 12 03 20  46  9.4 11.1 99.00 99.00 99.00 999 1021.8   2.1   6.2   2.0 99.0 99.00 
2025 02 12 03 30  49  9.2 11.5 99.00 99.00 99.00 999 1021.4   2.2   6.3   2.1 99.0 99.00 
2025 02 12 03 40  49  9.1 11.2  1.12  4.17  4.00  69 1021.3   2.2   6.3   2.1 99.0 99.00 
2025 02 12 03 50  48  9.7 11.4 99.00 99.00 99.00 999 1020.9   2.3   6.2   2.2 99.0 99.00 
2025 02 12 04 00  49  9.9 12.4 99.00 99.00 99.00 999 1020.6   2.4   6.2   2.3 99.0 99.00 
2025 02 12 04 10  47 10.2 12.3  1.24  4.35  4.22  56 1020.8   2.5   6.2   2.4 99.0 99.00 
2025 02 12 04 20  46 10.1 12.6 99.00 99.00 99.00 999 1020.5   2.6   6.2   2.5 99.0 99.00 
2025 02 12 04 30  45 10.4 12.4 99.00 99.00 99.00 999 1020.3   2.6   6.2   2.4 99.0 99.00 
2025 02 12 04 40  45 10.5 12.9  1.30  4.55  4.20  67 1020.3   2.6   6.2   2.4 99.0 99.00 
2025 02 12 04 50  44 10.5 12.3 99.00 99.00 99.00 999 1020.3   2.7   6.2   2.5 99.0 99.00 
2025 02 12 05 00  41 10.8 12.9 99.00 99.00 99.00 999 1020.0   2.7   6.2   2.5 99.0 99.00 
2025 02 12 05 10  43 10.7 13.2  1.41  4.55  4.37  63 1019.8   2.7   6.2   2.5 99.0 99.00 
2025 02 12 05 20  40 10.9 13.1 99.00 99.00 99.00 999 1019.7   2.8   6.2   2.6 99.0 99.00 
2025 02 12 05 30  45 11.2 14.1 99.00 99.00 99.00 999 1019.5   2.8   6.2   2.6 99.0 99.00 
2025 02 12 05 40  43 11.7 14.2  1.49  4.55  4.33  55 1019.1   2.8   6.2   2.6 99.0 99.00 
2025 02 12 05 50  44 12.2 14.9 99.00 99.00 99.00 999 1019.1   2.7   6.2   2.4 99.0 99.00 
2025 02 12 06 00  45 11.8 14.1 99.00 99.00 99.00 999 1019.2   2.8   6.2   2.5 99.0 99.00 
2025 02 12 06 10  42 11.8 14.0  1.60  5.00  4.41  66 1019.3   2.8   6.2   2.5 99.0 99.00 
2025 02 12 06 20  43 11.5 14.2 99.00 99.00 99.00 999 1019.3   2.9   6.2   2.6 99.0 99.00 
2025 02 12 06 30  44 11.6 13.9 99.00 99.00 99.00 999 1019.4   2.9   6.2   2.6 99.0 99.00 
2025 02 12 06 40  41 11.5 13.8  1.73  5.26  4.50  70 1019.6   2.9   6.2   2.6 99.0 99.00 
2025 02 12 06 50  43 11.1 13.6 99.00 99.00 99.00 999 1019.6   3.0   6.2   2.7 99.0 99.00 
2025 02 12 07 00  43 11.1 13.5 99.00 99.00 99.00 999 1019.5   3.1   6.2   2.8 99.0 99.00 
2025 02 12 07 10  43 10.9 13.3  1.80  5.00  4.64  60 1019.2   3.1   6.2   2.8 99.0 99.00 
2025 02 12 07 20  43 11.2 13.3 99.00 99.00 99.00 999 1018.9   3.1   6.2   2.8 99.0 99.00 
2025 02 12 07 30  41 11.4 13.6 99.00 99.00 99.00 999 1019.3   3.1   6.2   2.8 99.0 99.00 
2025 02 12 07 40  39 11.6 14.2  1.89  5.26  4.74  68 1019.2   3.1   6.2   2.7 99.0 99.00 
2025 02 12 07 50  38 11.2 13.9 99.00 99.00 99.00 999 1019.2   3.1   6.3   2.7 99.0 99.00 
2025 02 12 08 00  37 11.0 13.5 99.00 99.00 99.00 999 1018.7   3.2   6.2   2.9 99.0 99.00 
2025 02 12 08 10  41 11.0 13.4  1.98  5.88  4.85  79 1018.9   3.1   6.2   2.7 99.0 99.00 
2025 02 12 08 20  43 10.8 13.1 99.00 99.00 99.00 999 1018.6   3.1   6.2   2.8 99.0 99.00 
2025 02 12 08 30  46 10.7 13.3 99.00 99.00 99.00 999 1018.8   3.0   6.2   2.6 99.0 99.00 
2025 02 12 08 40  44 10.5 13.3  2.05  5.56  4.93  68 1018.7   3.1   6.2   2.8 99.0 99.00 
2025 02 12 08 50  45 10.9 12.6 99.00 99.00 99.00 999 1018.3   3.1   6.3   2.7 99.0 99.00 
2025 02 12 09 00  47 10.6 13.2 99.00 99.00 99.00 999 1018.7   3.1   6.3   2.7 99.0 99.00 
2025 02 12 09 10  45 10.0 12.2  2.01  6.67  4.92 107 1019.2   3.3   6.3   2.9 99.0 99.00 
2025 02 12 09 20  53 10.2 12.3 99.00 99.00 99.00 999 1018.4   3.5   6.3   3.0 99.0 99.00 
2025 02 12 09 30  54 10.6 13.2 99.00 99.00 99.00 999 1018.5   3.5   6.3   2.9 99.0 99.00 
2025 02 12 09 40  53 10.2 12.6  2.19  6.25  5.14  85 1018.4   3.7   6.3   3.0 99.0 99.00 
2025 02 12 09 50  55 10.0 12.3 99.00 99.00 99.00 999 1018.7   3.9   6.3   3.1 99.0 99.00 
2025 02 12 10 00  54  9.7 12.2 99.00 99.00 99.00 999 1019.0   4.0   6.3   3.2 99.0 99.00 
2025 02 12 10 10  51  8.9 11.5  2.18  5.88  5.20  71 1019.4   4.2   6.3   3.4 99.0 99.00 
2025 02 12 10 20  52  8.8 11.3 99.00 99.00 99.00 999 1019.3   4.3   6.3   3.5 99.0 99.00 
2025 02 12 10 30  52  8.9 11.0 99.00 99.00 99.00 999 1019.4   4.5   6.3   3.5 99.0 99.00 
2025 02 12 10 40  48  8.6 11.7  2.24  6.67  5.32  84 1019.9   4.5   6.3   3.5 99.0 99.00 
2025 02 12 10 50  51  8.7 10.6 99.00 99.00 99.00 999 1019.8   4.6   6.3   3.6 99.0 99.00 
2025 02 12 11 00  51  8.5 10.9 99.00 99.00 99.00 999 1020.2   4.7   6.3   3.6 99.0 99.00 
2025 02 12 11 10  44  8.6 10.5  2.24  6.25  5.47  77 1020.1   4.7   6.3   3.6 99.0 99.00 
2025 02 12 11 20  46  8.8 10.9 99.00 99.00 99.00 999 1019.9   4.7   6.3   3.7 99.0 99.00 
2025 02 12 11 30  50  9.3 11.3 99.00 99.00 99.00 999 1019.8   4.6   6.3   3.6 99.0 99.00 
2025 02 12 11 40  52  9.0 11.3  2.42  7.14  5.61  94 1019.7   4.6   6.3   3.8 99.0 99.00 
2025 02 12 11 50  53  9.1 11.4 99.00 99.00 99.00 999 1020.1   4.6   6.3   3.7 99.0 99.00 
2025 02 12 12 00  52  8.9 11.1 99.00 99.00 99.00 999 1020.1   4.8   6.3   3.8 99.0 99.00 
2025 02 12 12 10  53  9.0 10.9  2.33  7.14  5.52  96 1020.0   4.8   6.3   3.8 99.0 99.00 
2025 02 12 12 20  56  8.8 11.5 99.00 99.00 99.00 999 1020.2   4.9   6.3   3.9 99.0 99.00 
2025 02 12 12 30  58  8.9 11.1 99.00 99.00 99.00 999 1020.0   4.9   6.3   3.9 99.0 99.00 
2025 02 12 12 40  55  8.7 10.7  2.40  7.14  5.66 100 1020.3   5.0   6.3   4.0 99.0 99.00 
2025 02 12 12 50  53  8.4 10.6 99.00 99.00 99.00 999 1020.3   5.0   6.3   4.0 99.0 99.00 
2025 02 12 13 00  57  8.7 11.1 99.00 99.00 99.00 999 1020.3   5.0   6.3   4.0 99.0 99.00 
2025 02 12 13 10  60  8.4 10.3  2.60  7.69  5.85 110 1020.6   5.1   6.3   4.0 99.0 99.00 
2025 02 12 13 20  55  8.2 10.1 99.00 99.00 99.00 999 1020.7   5.2   6.3   4.1 99.0 99.00 
2025 02 12 13 30  55  8.0 10.3 99.00 99.00 99.00 999 1020.7   5.3   6.3   4.2 99.0 99.00 
2025 02 12 13 40  55  8.7 11.2  2.43  7.14  5.93  94 1020.4   5.3   6.3   4.1 99.0 99.00 
2025 02 12 13 50  55  8.4 10.5 99.00 99.00 99.00 999 1020.7   5.3   6.3   4.2 99.0 99.00 
2025 02 12 14 00  53  8.1 10.6 99.00 99.00 99.00 999 1020.9   5.4   6.3   4.3 99.0 99.00 
2025 02 12 14 10  54  8.2 10.4  2.61  7.69  6.01 112 1021.1   5.5   6.3   4.4 99.0 99.00 
2025 02 12 14 20  50  8.3 10.2 99.00 99.00 99.00 999 1021.2   5.4   6.3   4.3 99.0 99.00 
2025 02 12 14 30  54  8.5 10.7 99.00 99.00 99.00 999 1021.1   5.4   6.3   4.4 99.0 99.00 
2025 02 12 14 40  50  8.1 10.1  2.58  8.33  6.06 127 1021.2   5.4   6.3   4.4 99.0 99.00 
2025 02 12 14 50  52  8.1  9.7 99.00 99.00 99.00 999 1021.3   5.4   6.3   4.4 99.0 99.00 
2025 02 12 15 00  57  8.3 10.2 99.00 99.00 99.00 999 1021.3   5.4   6.3   4.4 99.0 99.00 
2025 02 12 15 10  55  7.5  9.7  2.54  9.09  6.12 123 1021.6   5.4   6.3   4.6 99.0 99.00 
2025 02 12 15 20  56  8.3 10.4 99.00 99.00 99.00 999 1022.0   5.4   6.3   4.6 99.0 99.00 
2025 02 12 15 30  50  8.2  9.8 99.00 99.00 99.00 999 1022.1   5.4   6.3   4.6 99.0 99.00 
2025 02 12 15 40  47  7.7  9.8  2.61  9.09  6.37 117 1022.2   5.3   6.3   4.6 99.0 99.00 
2025 02 12 15 50  45  8.0  9.8 99.00 99.00 99.00 999 1022.1   5.2   6.3   4.6 99.0 99.00 
2025 02 12 16 00  47  8.2 10.2 99.00 99.00 99.00 999 1022.0   5.2   6.2   4.6 99.0 99.00 
2025 02 12 16 10  47  8.3  9.8  2.36  9.09  6.14 128 1021.9   5.2   6.2   4.6 99.0 99.00 
2025 02 12 16 20  51  8.1 10.0 99.00 99.00 99.00 999 1021.7   5.2   6.2   4.6 99.0 99.00 
2025 02 12 16 30  55  8.2 10.3 99.00 99.00 99.00 999 1021.6   5.3   6.2   4.8 99.0 99.00 
2025 02 12 16 40  62  8.0 10.2  2.92  9.09  6.65 118 1021.5   5.4   6.2   4.8 99.0 99.00 
2025 02 12 16 50  64  8.0 10.0 99.00 99.00 99.00 999 1021.6   5.4   6.2   4.8 99.0 99.00 
2025 02 12 17 00  65  8.0 10.0 99.00 99.00 99.00 999 1021.3   5.5   6.2   4.9 99.0 99.00 
2025 02 12 17 10  69  7.9  9.8  2.48 10.00  6.39 127 1021.1   5.5   6.2   4.8 99.0 99.00 
2025 02 12 17 20  68  8.1 10.6 99.00 99.00 99.00 999 1021.0   5.6   6.2   4.8 99.0 99.00 
2025 02 12 17 30  67  8.0  9.8 99.00 99.00 99.00 999 1020.8   5.6   6.2   4.8 99.0 99.00 
2025 02 12 17 40  67  8.0  9.5  2.75  9.09  6.45 127 1020.6   5.6   6.1   4.7 99.0 99.00 
2025 02 12 17 50  72  8.1 11.3 99.00 99.00 99.00 999 1019.8   5.7   6.1   4.8 99.0 99.00 
2025 02 12 18 00  75  8.6 10.6 99.00 99.00 99.00 999 1019.3   5.7   6.1   4.8 99.0 99.00 
2025 02 12 18 10  71  8.7 11.6  2.44 10.00  6.09 123 1019.4   5.8   6.1   4.9 99.0 99.00 
2025 02 12 18 20  69  9.3 12.0 99.00 99.00 99.00 999 1019.2   5.8   6.1   4.8 99.0 99.00 
2025 02 12 18 30  67  8.7 10.6 99.00 99.00 99.00 999 1019.7   5.8   6.1   4.8 99.0 99.00 
2025 02 12 18 40  61  8.5 10.5  2.50 10.00  6.22 115 1020.0   5.8   6.1   4.8 99.0 99.00 
2025 02 12 18 50  66  8.7 11.2 99.00 99.00 99.00 999 1019.7   5.9   6.1   4.9 99.0 99.00 
2025 02 12 19 00  65  9.1 11.0 99.00 99.00 99.00 999 1019.4   5.8   6.1   4.8 99.0 99.00 
2025 02 12 19 10  65  9.5 11.7  2.64 10.00  6.38 116 1019.6   5.8   6.1   4.9 99.0 99.00 
2025 02 12 19 20  61  8.9 11.3 99.00 99.00 99.00 999 1019.7   5.7   6.1   4.9 99.0 99.00 
2025 02 12 19 30  61  9.1 11.2 99.00 99.00 99.00 999 1020.1   5.7   6.0   4.9 99.0 99.00 
2025 02 12 19 40  59  9.2 11.5  2.59 10.81  5.98 114 1020.3   5.6   6.0   4.9 99.0 99.00 
2025 02 12 19 50  57  9.2 11.7 99.00 99.00 99.00 999 1020.6   5.5   6.0   4.9 99.0 99.00 
2025 02 12 20 00  56  9.3 11.3 99.00 99.00 99.00 999 1021.0   5.4   6.0   5.0 99.0 99.00 
2025 02 12 20 10  53  9.2 11.4  2.88 10.00  6.50 118 1020.9   5.4   6.0   5.0 99.0 99.00 
2025 02 12 20 20  55  9.1 11.4 99.00 99.00 99.00 999 1021.2   5.3   6.0   4.9 99.0 99.00 
2025 02 12 20 30  58  9.3 12.1 99.00 99.00 99.00 999 1021.0   5.4   6.0   5.0 99.0 99.00 
2025 02 12 20 40  58  9.7 12.1  2.77  9.09  6.23 119 1020.9   5.4   6.0   4.9 99.0 99.00 
2025 02 12 20 50  56  9.5 11.7 99.00 99.00 99.00 999 1020.8   5.4   6.0   5.0 99.0 99.00 
2025 02 12 21 00  58  9.7 11.9 99.00 99.00 99.00 999 1020.8   5.4   6.0   5.1 99.0 99.00 
2025 02 12 21 10  58  9.1 11.7  2.83  9.09  6.21 127 1020.7   5.4   6.0   5.0 99.0 99.00 
2025 02 12 21 20  58  9.6 11.9 99.00 99.00 99.00 999 1020.4   5.5   6.0   5.1 99.0 99.00 
2025 02 12 21 30  64 10.1 12.1 99.00 99.00 99.00 999 1020.0   5.4   6.0   5.0 99.0 99.00 
2025 02 12 21 40  66 10.0 12.8  2.77 10.81  6.31 115 1020.3   5.6   6.0   5.0 99.0 99.00 
2025 02 12 21 50  69  9.9 12.6 99.00 99.00 99.00 999 1020.8   5.7   6.0   5.1 99.0 99.00 
2025 02 12 22 00  72  9.5 11.9 99.00 99.00 99.00 999 1021.1   5.8   6.0   5.0 99.0 99.00 
2025 02 12 22 10  71  9.3 11.7  2.79  9.09  6.31 117 1021.3   5.8   6.1   5.1 99.0 99.00 
2025 02 12 22 20  77  9.0 11.3 99.00 99.00 99.00 999 1021.2   5.8   6.1   5.2 99.0 99.00 
2025 02 12 22 30  74  9.2 11.3 99.00 99.00 99.00 999 1021.3   5.7   6.1   5.1 99.0 99.00 
2025 02 12 22 40  76  9.6 11.7  2.45  9.09  5.94 122 1021.4   5.7   6.1   5.2 99.0 99.00 
2025 02 12 22 50  74  9.6 11.6 99.00 99.00 99.00 999 1021.4   5.7   6.1   5.2 99.0 99.00 
2025 02 12 23 00  74  9.3 11.7 99.00 99.00 99.00 999 1021.1   5.7   6.2   5.3 99.0 99.00 
2025 02 12 23 10  73  9.4 12.0  2.71  8.33  6.15 103 1021.1   5.7   6.2   5.3 99.0 99.00 
2025 02 12 23 20  74  9.2 11.7 99.00 99.00 99.00 999 1020.8   5.7   6.2   5.3 99.0 99.00 
2025 02 12 23 30  73  9.6 11.8 99.00 99.00 99.00 999 1020.5   5.8   6.2   5.4 99.0 99.00 
2025 02 12 23 40  73  9.7 12.2  2.79  8.33  6.06 115 1020.5   5.8   6.2   5.4 99.0 99.00 
2025 02 12 23 50  74  9.7 12.4 99.00 99.00 99.00 999 1020.7   5.8   6.2   5.4 99.0 99.00 
2025 02 13 00 00  73  9.1 11.2 99.00 99.00 99.00 999 1020.8   5.9   6.2   5.5 99.0 99.00 
2025 02 13 00 10  74  9.6 11.8  2.68  9.09  6.06 103 1020.6   5.9   6.2   5.5 99.0 99.00 
2025 02 13 00 20  73  9.7 12.6 99.00 99.00 99.00 999 1020.5   5.9   6.2   5.5 99.0 99.00 
2025 02 13 00 30  73  9.8 12.7 99.00 99.00 99.00 999 1020.3   5.9   6.3   5.5 99.0 99.00 
2025 02 13 00 40  75  9.7 12.2  2.66  8.33  5.94 104 1020.3   6.0   6.3   5.6 99.0 99.00 
2025 02 13 00 50  77 10.3 13.6 99.00 99.00 99.00 999 1020.1   6.0   6.3   5.6 99.0 99.00 
2025 02 13 01 00  78 10.3 12.9 99.00 99.00 99.00 999 1020.1   6.0   6.3   5.6 99.0 99.00 
2025 02 13 01 10  79 10.2 13.0  2.72 10.81  6.12 101 1019.8   6.1   6.3   5.7 99.0 99.00 
2025 02 13 01 20  82 10.6 13.6 99.00 99.00 99.00 999 1019.5   6.1   6.3   5.8 99.0 99.00 
2025 02 13 01 30  84 10.6 13.7 99.00 99.00 99.00 999 1019.2   6.1   6.3   5.8 99.0 99.00 
2025 02 13 01 40  87 10.7 13.3  2.71  9.09  6.06  95 1019.1   6.1   6.3   5.8 99.0 99.00 
2025 02 13 01 50  88 10.6 13.2 99.00 99.00 99.00 999 1018.9   6.2   6.3   5.9 99.0 99.00 
2025 02 13 02 00  88 10.2 12.9 99.00 99.00 99.00 999 1018.7   6.3   6.3   6.0 99.0 99.00 
2025 02 13 02 10  87 10.2 12.9  2.66  9.09  5.98 105 1018.8   6.4   6.3   6.1 99.0 99.00 
2025 02 13 02 20  87 10.4 12.9 99.00 99.00 99.00 999 1018.7   6.4   6.3   6.1 99.0 99.00 
2025 02 13 02 30  89 10.0 12.4 99.00 99.00 99.00 999 1018.6   6.5   6.3   6.2 99.0 99.00 
2025 02 13 02 40  90  9.6 12.4  2.60 10.00  6.06 117 1018.3   6.5   6.3   6.2 99.0 99.00 
2025 02 13 02 50  89  9.6 12.7 99.00 99.00 99.00 999 1018.1   6.5   6.3   6.2 99.0 99.00 
2025 02 13 03 00  88  9.1 11.1 99.00 99.00 99.00 999 1017.9   6.5   6.3   6.3 99.0 99.00 
2025 02 13 03 10  91  8.7 11.1  2.79  8.33  6.04  96 1017.8   6.6   6.3   6.4 99.0 99.00 
2025 02 13 03 20  96  8.6 11.1 99.00 99.00 99.00 999 1017.8   6.7   6.3   6.5 99.0 99.00 
2025 02 13 03 30  95  8.4 11.2 99.00 99.00 99.00 999 1017.6   6.7   6.3   6.5 99.0 99.00 
2025 02 13 03 40  94  8.2 10.7  2.65 10.00  6.12 111 1017.6   6.8   6.3   6.6 99.0 99.00 
2025 02 13 03 50  95  7.5 10.0 99.00 99.00 99.00 999 1017.6   6.9   6.3   6.7 99.0 99.00 
2025 02 13 04 00  95  7.3  9.6 99.00 99.00 99.00 999 1017.6   6.9   6.3   6.7 99.0 99.00 
2025 02 13 04 10  95  6.9  9.1  2.48  9.09  6.09 105 1017.8   6.9   6.3   6.7 99.0 99.00 
2025 02 13 04 20  94  5.8  8.0 99.00 99.00 99.00 999 1017.9   6.9   6.2   6.9 99.0 99.00 
2025 02 13 04 30  91  5.0  6.7 99.00 99.00 99.00 999 1017.5   6.8   6.2   6.8 99.0 99.00 
2025 02 13 04 40  85  4.5  5.9  2.50  8.33  6.25 116 1017.5   6.8   6.2   6.8 99.0 99.00 
2025 02 13 04 50  83  4.4  6.5 99.00 99.00 99.00 999 1017.4   6.8   6.2   6.8 99.0 99.00 
2025 02 13 05 00  80  4.4  6.0 99.00 99.00 99.00 999 1017.1   6.8   6.2   6.8 99.0 99.00 
2025 02 13 05 10  69  4.2  5.5  2.71  7.69  6.47  94 1017.0   6.8   6.2 999.0 99.0 99.00 
2025 02 13 05 20  62  3.9  5.6 99.00 99.00 99.00 999 1016.9   6.8   6.2 999.0 99.0 99.00 
2025 02 13 05 30  57  3.9  5.3 99.00 99.00 99.00 999 1016.8   6.8   6.2 999.0 99.0 99.00 
2025 02 13 05 40  51  3.9  5.4  2.41  8.33  6.16 103 1016.7   6.8   6.2 999.0 99.0 99.00 
2025 02 13 05 50  53  4.4  5.7 99.00 99.00 99.00 999 1016.5   6.7   6.2 999.0 99.0 99.00 
2025 02 13 06 00  54  4.7  6.2 99.00 99.00 99.00 999 1016.5   6.8   6.2 999.0 99.0 99.00 
2025 02 13 06 10  48  5.0  6.6  2.68  8.33  6.42 113 1016.2   6.7   6.2 999.0 99.0 99.00 
2025 02 13 06 20  48  4.7  6.0 99.00 99.00 99.00 999 1016.3   6.7   6.2 999.0 99.0 99.00 
2025 02 13 06 30  52  4.6  5.9 99.00 99.00 99.00 999 1016.3   6.7   6.2 999.0 99.0 99.00 
2025 02 13 06 40  54  4.9  6.1  2.46  8.33  6.24 112 1016.2   6.7   6.2 999.0 99.0 99.00 
2025 02 13 06 50  52  4.7  6.4 99.00 99.00 99.00 999 1016.1   6.7   6.2 999.0 99.0 99.00 
2025 02 13 07 00  60  4.2  5.4 99.00 99.00 99.00 999 1016.0   6.6   6.2 999.0 99.0 99.00 
2025 02 13 07 10  56  4.4  6.1  2.54  8.33  6.39 105 1015.8   6.6   6.2 999.0 99.0 99.00 
2025 02 13 07 20  50  4.5  6.0 99.00 99.00 99.00 999 1015.6   6.6   6.2 999.0 99.0 99.00 
2025 02 13 07 30  55  4.5  5.8 99.00 99.00 99.00 999 1015.3   6.6   6.2 999.0 99.0 99.00 
2025 02 13 07 40  59  4.5  7.0  2.54  8.33  6.42 113 1015.1   6.7   6.2 999.0 99.0 99.00 
2025 02 13 07 50  55  4.9  6.6 99.00 99.00 99.00 999 1014.9   6.7   6.2 999.0 99.0 99.00 
2025 02 13 08 00  66  4.2  6.5 99.00 99.00 99.00 999 1014.7   6.7   6.2 999.0 99.0 99.00 
2025 02 13 08 10  71  3.9  5.8  2.60  8.33  6.34 112 1014.8   6.7   6.2 999.0 99.0 99.00 
2025 02 13 08 20  73  2.9  4.7 99.00 99.00 99.00 999 1014.3   6.7   6.2 999.0 99.0 99.00 
2025 02 13 08 30  72  3.7  5.0 99.00 99.00 99.00 999 1014.1   6.7   6.2 999.0 99.0 99.00 
2025 02 13 08 40  70  3.2  4.4  2.38  8.33  6.23 108 1013.7   6.7   6.2 999.0 99.0 99.00 
2025 02 13 08 50  89  3.1  4.5 99.00 99.00 99.00 999 1013.6   6.7   6.2 999.0 99.0 99.00 
2025 02 13 09 00 104  3.7  4.8 99.00 99.00 99.00 999 1013.5   6.8   6.2 999.0 99.0 99.00 
2025 02 13 09 10 111  3.6  4.9  2.41  8.33  6.22 105 1013.4   6.8   6.2 999.0 99.0 99.00 
2025 02 13 09 20 116  3.3  4.7 99.00 99.00 99.00 999 1013.4   6.9   6.2 999.0 99.0 99.00 
2025 02 13 09 30 115  2.7  4.0 99.00 99.00 99.00 999 1013.3   7.0   6.2 999.0 99.0 99.00 
2025 02 13 09 40 116  2.5  4.0  2.41  7.69  6.35 101 1013.2   7.0   6.2 999.0 99.0 99.00 
2025 02 13 09 50 105  1.9  3.4 99.00 99.00 99.00 999 1013.2   7.0   6.2 999.0 99.0 99.00 
2025 02 13 10 00 101  1.3  2.4 99.00 99.00 99.00 999 1013.2   7.0   6.2 999.0 99.0 99.00 
2025 02 13 10 10 155  1.1  2.2  2.26  9.09  6.23 103 1013.8   7.0   6.2 999.0 99.0 99.00 
2025 02 13 10 20 145  2.2  3.4 99.00 99.00 99.00 999 1013.4   7.0   6.2 999.0 99.0 99.00 
2025 02 13 10 30 153  2.8  4.1 99.00 99.00 99.00 999 1013.7   7.1   6.2 999.0 99.0 99.00 
2025 02 13 10 40 157  3.2  4.5  2.27  9.09  6.25 107 1013.3   7.2   6.2 999.0 99.0 99.00 
2025 02 13 10 50 148  3.8  5.3 99.00 99.00 99.00 999 1012.6   7.3   6.2 999.0 99.0 99.00 
2025 02 13 11 00 145  4.9  6.3 99.00 99.00 99.00 999 1012.3   7.4   6.2 999.0 99.0 99.00 
2025 02 13 11 10 148  5.5  7.0  2.08 10.00  6.09 103 1012.1   7.6   6.2 999.0 99.0 99.00 
2025 02 13 11 20 150  5.9  7.0 99.00 99.00 99.00 999 1011.6   7.6   6.2 999.0 99.0 99.00 
2025 02 13 11 30 151  5.9  7.4 99.00 99.00 99.00 999 1011.6   7.7   6.2 999.0 99.0 99.00 
2025 02 13 11 40 153  6.4  8.0  2.11 10.00  6.20  98 1011.3   7.7   6.2 999.0 99.0 99.00 
2025 02 13 11 50 157  6.8  8.0 99.00 99.00 99.00 999 1011.1   7.8   6.2 999.0 99.0 99.00 
2025 02 13 12 00 162  6.6  8.4 99.00 99.00 99.00 999 1011.5   7.8   6.2 999.0 99.0 99.00 
2025 02 13 12 10 165  6.3  7.6  2.10  8.33  6.39  95 1011.4   7.9   6.2 999.0 99.0 99.00 
2025 02 13 12 20 170  5.8  7.4 99.00 99.00 99.00 999 1011.3   8.0   6.2 999.0 99.0 99.00 
2025 02 13 12 30 165  6.5  8.0 99.00 99.00 99.00 999 1011.3   8.0   6.2 999.0 99.0 99.00 
2025 02 13 12 40 172  6.0  7.3  1.90  7.69  6.16  95 1011.5   7.9   6.2 999.0 99.0 99.00 
2025 02 13 12 50 175  5.8  7.1 99.00 99.00 99.00 999 1011.4   7.9   6.2 999.0 99.0 99.00 
2025 02 13 13 00 178  5.6  6.7 99.00 99.00 99.00 999 1011.4   7.9   6.2 999.0 99.0 99.00 
2025 02 13 13 10 189  4.7  5.8  1.82 10.00  6.29  86 1011.5   7.8   6.2 999.0 99.0 99.00 
2025 02 13 13 20 197  4.1  5.3 99.00 99.00 99.00 999 1011.6   7.8   6.2 999.0 99.0 99.00 
2025 02 13 13 30 204  4.3  5.8 99.00 99.00 99.00 999 1011.6   7.8   6.2 999.0 99.0 99.00 
2025 02 13 13 40 198  4.4  5.8  1.88  8.33  6.20  99 1011.5   7.8   6.2 999.0 99.0 99.00 
2025 02 13 13 50 195  5.0  7.1 99.00 99.00 99.00 999 1011.1   7.7   6.2 999.0 99.0 99.00 
2025 02 13 14 00 190  6.1  8.2 99.00 99.00 99.00 999 1011.2   7.8   6.2 999.0 99.0 99.00 
2025 02 13 14 10 190  6.3  7.9  1.84 10.00  6.44  89 1010.9   7.7   6.2 999.0 99.0 99.00 
2025 02 13 14 20 192  6.1  8.1 99.00 99.00 99.00 999 1010.9   7.7   6.2 999.0 99.0 99.00 
2025 02 13 14 30 190  6.4  8.2 99.00 99.00 99.00 999 1010.7   7.6   6.2 999.0 99.0 99.00 
2025 02 13 14 40 190  7.3  8.8  1.66 10.00  6.21  84 1010.3   7.6   6.2 999.0 99.0 99.00 
2025 02 13 14 50 191  6.9  8.6 99.00 99.00 99.00 999 1010.4   7.7   6.2 999.0 99.0 99.00 
2025 02 13 15 00 201  6.7  8.1 99.00 99.00 99.00 999 1010.8   7.7   6.2 999.0 99.0 99.00 
2025 02 13 15 10 207  6.4  8.0  1.76  9.09  6.44  92 1010.9   7.6   6.2 999.0 99.0 99.00 
2025 02 13 15 20 218  6.6  8.3 99.00 99.00 99.00 999 1011.1   7.6   6.2 999.0 99.0 99.00 
2025 02 13 15 30 231  7.0  9.1 99.00 99.00 99.00 999 1011.3   7.5   6.2 999.0 99.0 99.00 
2025 02 13 15 40 228  6.8  8.6  1.70 10.00  6.27  98 1011.1   7.3   6.2 999.0 99.0 99.00 
2025 02 13 15 50 224  7.3  9.5 99.00 99.00 99.00 999 1010.9   7.2   6.2 999.0 99.0 99.00 
2025 02 13 16 00 224  7.3  9.3 99.00 99.00 99.00 999 1010.7   7.2   6.2 999.0 99.0 99.00 
2025 02 13 16 10 220  7.2  8.8  1.68 10.00  6.24 102 1010.4   7.1   6.2 999.0 99.0 99.00 
2025 02 13 16 20 216  7.3  9.5 99.00 99.00 99.00 999 1010.4   7.0   6.2 999.0 99.0 99.00 
2025 02 13 16 30 218  7.6  9.5 99.00 99.00 99.00 999 1010.5   7.0   6.2 999.0 99.0 99.00 
2025 02 13 16 40 225  7.7  9.5  1.59  8.33  5.90  93 1010.5   7.0   6.2 999.0 99.0 99.00 
2025 02 13 16 50 227  7.0  9.2 99.00 99.00 99.00 999 1010.4   7.0   6.2 999.0 99.0 99.00 
2025 02 13 17 00 230  6.4  7.9 99.00 99.00 99.00 999 1010.3   7.0   6.2 999.0 99.0 99.00 
2025 02 13 17 10 228  6.1  7.9  1.63  7.69  5.87 106 1010.3   7.0   6.2 999.0 99.0 99.00 
2025 02 13 17 20 229  6.5  8.2 99.00 99.00 99.00 999 1010.5   7.1   6.2 999.0 99.0 99.00 
2025 02 13 17 30 227  6.6  8.2 99.00 99.00 99.00 999 1010.1   7.0   6.2 999.0 99.0 99.00 
2025 02 13 17 40 226  6.6  8.5  1.68  9.09  6.19  96 1010.1   7.0   6.2 999.0 99.0 99.00 
2025 02 13 17 50 223  6.8  9.0 99.00 99.00 99.00 999 1010.2   7.1   6.2 999.0 99.0 99.00 
2025 02 13 18 00 224  7.6  9.5 99.00 99.00 99.00 999 1010.2   7.2   6.2 999.0 99.0 99.00 
2025 02 13 18 10 230  7.3  9.1  1.67  8.33  5.89  99 1010.3   7.3   6.2 999.0 99.0 99.00 
2025 02 13 18 20 236  7.8 10.0 99.00 99.00 99.00 999 1010.1   7.5   6.2 999.0 99.0 99.00 
2025 02 13 18 30 233  7.9 10.0 99.00 99.00 99.00 999 1010.1   7.6   6.2 999.0 99.0 99.00 
2025 02 13 18 40 237  7.8 10.6  1.67  9.09  5.87  89 1010.3   7.5   6.2 999.0 99.0 99.00 
2025 02 13 18 50 240  6.8  8.7 99.00 99.00 99.00 999 1010.4   7.4   6.1 999.0 99.0 99.00 
2025 02 13 19 00 241  6.7  8.9 99.00 99.00 99.00 999 1010.7   7.4   6.1 999.0 99.0 99.00 
2025 02 13 19 10 242  7.0  9.3  1.50 10.00  5.79  96 1011.0   7.3   6.1 999.0 99.0 99.00 
2025 02 13 19 20 252  6.9  8.9 99.00 99.00 99.00 999 1011.1   7.4   6.1 999.0 99.0 99.00 
2025 02 13 19 30 260  6.2  7.8 99.00 99.00 99.00 999 1011.2   7.5   6.1 999.0 99.0 99.00 
2025 02 13 19 40 264  7.9 11.2  1.57  9.09  5.76  93 1011.2   7.8   6.1   7.8 99.0 99.00 
2025 02 13 19 50 264  7.9 10.3 99.00 99.00 99.00 999 1011.1   7.9   6.1   7.7 99.0 99.00 
2025 02 13 20 00 260  7.6  9.9 99.00 99.00 99.00 999 1011.4   7.9   6.1   7.6 99.0 99.00 
2025 02 13 20 10 256  7.5  9.4  1.69 10.00  5.85  90 1011.8   7.8   6.1   7.5 99.0 99.00 
2025 02 13 20 20 256  7.5  9.4 99.00 99.00 99.00 999 1011.9   7.7   6.1   7.3 99.0 99.00 
2025 02 13 20 30 259  7.5  9.6 99.00 99.00 99.00 999 1012.2   7.7   6.1   7.3 99.0 99.00 
2025 02 13 20 40 263  6.6  8.6  1.75 10.00  5.75 102 1012.3   7.5   6.0   7.1 99.0 99.00 
2025 02 13 20 50 261  6.0  7.6 99.00 99.00 99.00 999 1012.4   7.4   6.0   7.1 99.0 99.00 
2025 02 13 21 00 263  6.4  8.1 99.00 99.00 99.00 999 1012.6   7.4   6.0   7.1 99.0 99.00 
2025 02 13 21 10 263  6.4  8.2  1.68  8.33  5.39  82 1012.8   7.4   6.0   7.0 99.0 99.00 
2025 02 13 21 20 262  5.8  8.0 99.00 99.00 99.00 999 1013.0   7.3   6.0   7.0 99.0 99.00 
2025 02 13 21 30 261  6.1  7.7 99.00 99.00 99.00 999 1013.3   7.3   6.0   7.0 99.0 99.00 
2025 02 13 21 40 266  6.0  7.7  1.56  8.33  5.38  83 1013.6   7.2   6.0   6.8 99.0 99.00 
2025 02 13 21 50 265  6.4  8.1 99.00 99.00 99.00 999 1013.8   7.2   6.0   6.9 99.0 99.00 
2025 02 13 22 00 264  6.7  8.4 99.00 99.00 99.00 999 1014.2   7.3   6.0   6.9 99.0 99.00 
2025 02 13 22 10 259  6.7  8.4  1.62  8.33  5.45  95 1014.5   7.2   6.0   6.8 99.0 99.00 
2025 02 13 22 20 262  6.4  8.1 99.00 99.00 99.00 999 1014.6   7.1   6.0   6.7 99.0 99.00 
2025 02 13 22 30 265  6.6  8.1 99.00 99.00 99.00 999 1014.7   7.1   6.0   6.7 99.0 99.00 
2025 02 13 22 40 259  6.7  8.5  1.56 10.00  5.46  67 1014.8   7.1   6.0   6.7 99.0 99.00 
2025 02 13 22 50 258  6.3  8.1 99.00 99.00 99.00 999 1015.1   7.2   6.0   6.7 99.0 99.00 
2025 02 13 23 00 254  6.0  7.5 99.00 99.00 99.00 999 1015.4   7.2   6.0   6.8 99.0 99.00 
2025 02 13 23 10 251  6.1  7.6  1.55  6.67  5.60 114 1015.7   7.2   6.0   6.7 99.0 99.00 
2025 02 13 23 20 249  6.1  7.5 99.00 99.00 99.00 999 1016.1   7.1   6.0   6.7 99.0 99.00 
2025 02 13 23 30 248  6.0  7.5 99.00 99.00 99.00 999 1016.4   7.1   6.0   6.7 99.0 99.00 
2025 02 13 23 40 247  5.9  7.4  1.55  9.09  5.79  80 1017.0   7.1   6.0   6.7 99.0 99.00 
2025 02 13 23 50 259  5.7  7.3 99.00 99.00 99.00 999 1017.4   6.9   6.0   6.5 99.0 99.00 
2025 02 14 00 00 263  6.2  8.2 99.00 99.00 99.00 999 1017.8   7.0   6.0   6.6 99.0 99.00 
2025 02 14 00 10 262  6.5  8.6  1.48  7.14  5.69 106 1018.1   7.1   6.0   6.6 99.0 99.00 
2025 02 14 00 20 272  6.9  8.7 99.00 99.00 99.00 999 1018.5   7.1   6.0   6.5 99.0 99.00 
2025 02 14 00 30 277  6.4 10.5 99.00 99.00 99.00 999 1018.7   7.0   6.0   6.4 99.0 99.00 
2025 02 14 00 40 292  7.3 10.2  1.51  6.67  5.71 137 1019.1   7.7   6.0   6.4 99.0 99.00 
2025 02 14 00 50 292  7.3 10.2 99.00 99.00 99.00 999 1019.3   7.6   6.0   6.3 99.0 99.00 
2025 02 14 01 00 297  8.2 12.8 99.00 99.00 99.00 999 1019.8   7.7   6.0   6.0 99.0 99.00 
2025 02 14 01 10 304 10.2 13.3  1.52  7.14  5.40 135 1020.2   7.9   6.0   4.8 99.0 99.00 
2025 02 14 01 20 304  8.6 12.0 99.00 99.00 99.00 999 1020.6   7.6   6.0   4.7 99.0 99.00 
2025 02 14 01 30 304  8.1 10.1 99.00 99.00 99.00 999 1020.8   7.3   6.0   4.6 99.0 99.00 
2025 02 14 01 40 314  9.6 14.7  1.45  7.14  5.16 148 1020.9   7.2   6.1   3.9 99.0 99.00 
2025 02 14 01 50 320 11.5 16.3 99.00 99.00 99.00 999 1021.1   6.9   6.1   2.7 99.0 99.00 
2025 02 14 02 00 318 12.1 15.2 99.00 99.00 99.00 999 1021.1   6.6   6.1   2.4 99.0 99.00 
2025 02 14 02 10 319 12.0 17.0  1.56  7.69  4.66 136 1021.5   6.5   6.1   2.1 99.0 99.00 
2025 02 14 02 20 321 11.7 15.1 99.00 99.00 99.00 999 1021.7   6.4   6.1   1.8 99.0 99.00 
2025 02 14 02 30 317 10.7 15.1 99.00 99.00 99.00 999 1022.1   6.3   6.1   1.8 99.0 99.00 
2025 02 14 02 40 313  9.9 13.3  1.88  7.14  4.93 137 1022.2   6.2   6.1   1.9 99.0 99.00 
2025 02 14 02 50 310 11.0 14.4 99.00 99.00 99.00 999 1022.4   6.2   6.1   1.4 99.0 99.00 
2025 02 14 03 00 312 12.0 15.7 99.00 99.00 99.00 999 1022.3   6.1   6.0   1.0 99.0 99.00 
2025 02 14 03 10 312 12.3 15.7  1.90  4.76  4.88 308 1022.5   6.0   6.1   1.1 99.0 99.00 
2025 02 14 03 20 311 12.5 16.2 99.00 99.00 99.00 999 1023.0   5.9   6.1   0.9 99.0 99.00 
2025 02 14 03 30 311 12.9 16.1 99.00 99.00 99.00 999 1023.2   5.8   6.1   0.8 99.0 99.00 
2025 02 14 03 40 311 12.6 15.9  2.01  5.00  4.78 309 1023.4   5.7   6.1   1.0 99.0 99.00 
2025 02 14 03 50 311 12.7 15.7 99.00 99.00 99.00 999 1023.6   5.7   6.1   0.9 99.0 99.00 
2025 02 14 04 00 310 11.8 15.3 99.00 99.00 99.00 999 1024.1   5.6   6.1   0.9 99.0 99.00 
2025 02 14 04 10 309 12.4 15.9  1.91  5.26  4.84 320 1024.3   5.5   6.1   0.7 99.0 99.00 
2025 02 14 04 20 310 12.5 15.9 99.00 99.00 99.00 999 1024.5   5.3   6.0   0.2 99.0 99.00 
2025 02 14 04 30 310 12.7 16.2 99.00 99.00 99.00 999 1024.6   5.2   6.0  -0.3 99.0 99.00 
2025 02 14 04 40 311 11.6 14.6  1.72  5.26  4.60 330 1024.6   5.1   6.1  -0.1 99.0 99.00 
2025 02 14 04 50 306 12.2 15.4 99.00 99.00 99.00 999 1024.8   4.9   6.0  -0.3 99.0 99.00 
2025 02 14 05 00 307 11.8 14.5 99.00 99.00 99.00 999 1025.2   4.8   6.0  -0.6 99.0 99.00 
2025 02 14 05 10 310 12.1 15.0  1.88  5.00  4.71 322 1025.5   4.7   6.0  -0.9 99.0 99.00 
2025 02 14 05 20 308 11.4 14.6 99.00 99.00 99.00 999 1025.8   4.6   6.0  -0.8 99.0 99.00 
2025 02 14 05 30 308 10.8 13.9 99.00 99.00 99.00 999 1026.1   4.6   6.0  -0.6 99.0 99.00 
2025 02 14 05 40 311 11.5 15.1  1.77  5.56  4.78 334 1026.3   4.5   6.0  -0.8 99.0 99.00 
2025 02 14 05 50 315 11.4 14.6 99.00 99.00 99.00 999 1026.5   4.4   6.0  -1.1 99.0 99.00 
2025 02 14 06 00 315 11.5 14.6 99.00 99.00 99.00 999 1026.7   4.3   6.0  -1.4 99.0 99.00 
2025 02 14 06 10 314 12.3 15.2  1.86  5.56  4.77 330 1026.8   4.3   6.0  -1.6 99.0 99.00 
2025 02 14 06 20 314 11.8 15.4 99.00 99.00 99.00 999 1027.1   4.3   6.0  -1.5 99.0 99.00 
2025 02 14 06 30 316 11.0 14.1 99.00 99.00 99.00 999 1027.1   4.2   6.0  -1.5 99.0 99.00 
2025 02 14 06 40 315 11.1 14.9  1.73  5.26  4.67 326 1027.5   4.1   6.0  -1.7 99.0 99.00 
2025 02 14 06 50 316 10.1 13.1 99.00 99.00 99.00 999 1027.6   4.0   6.0  -1.4 99.0 99.00 
2025 02 14 07 00 311  9.6 12.2 99.00 99.00 99.00 999 1027.7   3.9   6.0  -1.6 99.0 99.00 
2025 02 14 07 10 307  8.9 12.3  1.64  5.00  4.58 334 1027.8   3.9   6.0  -2.0 99.0 99.00 
2025 02 14 07 20 308  8.5 11.0 99.00 99.00 99.00 999 1027.9   3.9   5.9  -1.6 99.0 99.00 
2025 02 14 07 30 309  8.8 11.8 99.00 99.00 99.00 999 1028.2   3.9   5.9  -1.5 99.0 99.00 
2025 02 14 07 40 310  9.2 12.0  1.52  5.26  4.64 334 1028.4   3.9   5.9  -1.4 99.0 99.00 
2025 02 14 07 50 312 10.1 13.1 99.00 99.00 99.00 999 1028.6   3.8   5.9  -2.1 99.0 99.00 
2025 02 14 08 00 308  9.2 11.3 99.00 99.00 99.00 999 1028.8   3.7   5.9  -2.0 99.0 99.00 
2025 02 14 08 10 310  8.4 12.0  1.37  5.00  4.52 338 1028.9   3.6   5.9  -2.1 99.0 99.00 
2025 02 14 08 20 305  8.5 12.5 99.00 99.00 99.00 999 1029.1   3.6   5.9  -1.8 99.0 99.00 
2025 02 14 08 30 304  8.5 10.5 99.00 99.00 99.00 999 1029.3   3.6   6.0  -1.8 99.0 99.00 
2025 02 14 08 40 302  8.5 10.6  1.32  5.00  4.55 329 1029.3   3.5   6.0  -1.8 99.0 99.00 
2025 02 14 08 50 299  8.0 10.1 99.00 99.00 99.00 999 1029.7   3.4   5.9  -2.1 99.0 99.00 
2025 02 14 09 00 303  7.6 10.5 99.00 99.00 99.00 999 1029.8   3.5 999.0  -1.9 99.0 99.00 
2025 02 14 09 10 309  9.2 11.3  1.22  4.76  4.44 329 1029.9   3.5   6.0  -1.8 99.0 99.00 
2025 02 14 09 20 306  9.4 12.0 99.00 99.00 99.00 999 1030.1   3.4   6.0  -1.7 99.0 99.00 
2025 02 14 09 30 312 10.0 13.2 99.00 99.00 99.00 999 1030.4   3.5   6.0  -1.9 99.0 99.00 
2025 02 14 09 40 308  9.9 12.8  1.24  4.55  4.25 340 1030.4   3.5   6.0  -1.8 99.0 99.00 
2025 02 14 09 50 312 10.1 12.2 99.00 99.00 99.00 999 1030.6   3.4   6.0  -1.9 99.0 99.00 
2025 02 14 10 00 312  9.9 12.4 99.00 99.00 99.00 999 1030.7   3.3   6.0  -2.0 99.0 99.00 
2025 02 14 10 10 312  9.1 12.9  1.20  4.35  4.29 333 1030.8   3.3   6.0  -1.8 99.0 99.00 
2025 02 14 10 20 313  9.5 12.8 99.00 99.00 99.00 999 1031.1   3.2   6.0  -2.1 99.0 99.00 
2025 02 14 10 30 313 10.2 12.3 99.00 99.00 99.00 999 1031.4   3.3   6.0  -2.1 99.0 99.00 
2025 02 14 10 40 314 10.0 12.6  1.09  4.35  4.26 326 1031.5   3.3   6.0  -2.0 99.0 99.00 
2025 02 14 10 50 314 10.6 12.8 99.00 99.00 99.00 999 1031.7   3.3   6.0  -2.2 99.0 99.00 
2025 02 14 11 00 315 10.4 12.7 99.00 99.00 99.00 999 1031.7   3.3   6.0  -2.0 99.0 99.00 
2025 02 14 11 10 318 10.8 13.2  1.27  4.76  4.20 332 1031.8   3.2   6.0  -2.2 99.0 99.00 
2025 02 14 11 20 316 10.4 12.9 99.00 99.00 99.00 999 1032.2   3.2   6.0  -2.4 99.0 99.00 
2025 02 14 11 30 315 10.0 12.7 99.00 99.00 99.00 999 1032.5   3.1   6.0  -2.6 99.0 99.00 
2025 02 14 11 40 311 10.0 12.2  1.37  4.76  4.43 328 1032.6   3.0   6.0  -2.7 99.0 99.00 
2025 02 14 11 50 318  9.6 12.5 99.00 99.00 99.00 999 1032.8   3.0   6.0  -2.4 99.0 99.00 
2025 02 14 12 00 317  9.5 12.0 99.00 99.00 99.00 999 1033.1   3.0 999.0  -2.5 99.0 99.00 
2025 02 14 12 10 320 10.1 13.1  1.29  4.76  4.47 330 1033.0   2.9   6.0  -2.9 99.0 99.00 
2025 02 14 12 20 316 10.2 12.6 99.00 99.00 99.00 999 1033.3   2.9   6.0  -2.9 99.0 99.00 
2025 02 14 12 30 319  9.2 11.5 99.00 99.00 99.00 999 1033.4   3.1   6.0  -2.2 99.0 99.00 
2025 02 14 12 40 314  9.8 12.5  1.27  5.00  4.45 336 1033.6   3.0   6.0  -2.6 99.0 99.00 
2025 02 14 12 50 310 10.0 12.6 99.00 99.00 99.00 999 1033.7   2.9   6.0  -3.0 99.0 99.00 
2025 02 14 13 00 313 10.6 12.9 99.00 99.00 99.00 999 1034.0   2.8   6.0  -3.2 99.0 99.00 
2025 02 14 13 10 319 10.4 12.9  1.33  5.00  4.38 342 1034.2   2.8   6.0  -3.4 99.0 99.00 
2025 02 14 13 20 314 10.1 13.1 99.00 99.00 99.00 999 1034.3   2.7   6.0  -3.7 99.0 99.00 
2025 02 14 13 30 315  9.3 11.9 99.00 99.00 99.00 999 1034.4   2.6   6.0  -3.7 99.0 99.00 
2025 02 14 13 40 313  9.2 11.8  1.21  5.26  4.40 346 1034.7   2.6   6.0  -3.6 99.0 99.00 
2025 02 14 13 50 315  9.8 12.6 99.00 99.00 99.00 999 1034.7   2.6   6.0  -3.5 99.0 99.00 
2025 02 14 14 00 322 10.2 13.1 99.00 99.00 99.00 999 1034.7   2.7   6.0  -3.4 99.0 99.00 
2025 02 14 14 10 318 10.7 13.1  1.28  5.00  4.37 332 1034.8   2.6   6.0  -3.5 99.0 99.00 
2025 02 14 14 20 326 11.2 13.7 99.00 99.00 99.00 999 1034.5   2.5   6.0  -3.6 99.0 99.00 
2025 02 14 14 30 325 10.8 14.2 99.00 99.00 99.00 999 1034.6   2.4   6.0  -3.6 99.0 99.00 
2025 02 14 14 40 324 10.3 12.3  1.36  5.00  4.31 336 1034.8   2.4   6.0  -3.4 99.0 99.00 
2025 02 14 14 50 323 10.4 12.6 99.00 99.00 99.00 999 1035.0   2.4   6.0  -3.4 99.0 99.00 
2025 02 14 15 00 326 10.1 12.9 99.00 99.00 99.00 999 1035.0   2.4   6.0  -3.0 99.0 99.00 
2025 02 14 15 10 325 10.8 12.7  1.29  5.00  4.22 329 1035.1   2.4   6.0  -2.9 99.0 99.00 
2025 02 14 15 20 329 10.8 13.6 99.00 99.00 99.00 999 1035.3   2.3   6.0  -3.2 99.0 99.00 
2025 02 14 15 30 326 10.8 13.6 99.00 99.00 99.00 999 1035.6   2.3   6.0  -3.2 99.0 99.00 
2025 02 14 15 40 326 10.8 13.4  1.41  5.26  4.29 331 1035.9   2.3   6.1  -3.3 99.0 99.00 
2025 02 14 15 50 324 11.0 14.9 99.00 99.00 99.00 999 1035.8   2.3   6.1  -3.7 99.0 99.00 
2025 02 14 16 00 327 11.4 14.1 99.00 99.00 99.00 999 1035.8   2.3   6.1  -3.6 99.0 99.00 
2025 02 14 16 10 323 11.1 14.0  1.36  5.00  4.22 336 1035.9   2.4   6.1  -3.3 99.0 99.00 
2025 02 14 16 20 328 11.1 14.6 99.00 99.00 99.00 999 1035.5   2.4   6.1  -3.4 99.0 99.00 
2025 02 14 16 30 330 10.3 12.6 99.00 99.00 99.00 999 1035.6   2.5   6.1  -3.3 99.0 99.00 
2025 02 14 16 40 329 10.7 12.7  1.44  4.55  4.26 330 1035.5   2.3   6.1  -3.6 99.0 99.00 
2025 02 14 16 50 331 10.6 13.6 99.00 99.00 99.00 999 1035.1   2.4   6.1  -3.9 99.0 99.00 
2025 02 14 17 00 331 10.3 12.7 99.00 99.00 99.00 999 1034.9   2.5   6.1  -3.6 99.0 99.00 
2025 02 14 17 10 331 10.2 12.8  1.41  5.00  4.21 330 1035.0   2.3   6.1  -4.0 99.0 99.00 
2025 02 14 17 20 331  9.4 12.7 99.00 99.00 99.00 999 1035.0   2.4   6.1  -3.9 99.0 99.00 
2025 02 14 17 30 327  9.4 11.6 99.00 99.00 99.00 999 1034.9   2.3   6.1  -4.3 99.0 99.00 
2025 02 14 17 40 333  9.3 11.5  1.42  5.26  4.26 338 1035.2   2.3   6.1  -4.5 99.0 99.00 
2025 02 14 17 50 325  9.2 12.1 99.00 99.00 99.00 999 1035.0   2.4   6.1  -4.2 99.0 99.00 
2025 02 14 18 00 327  9.9 11.8 99.00 99.00 99.00 999 1034.7   2.4   6.1  -4.2 99.0 99.00 
2025 02 14 18 10 333  9.8 12.3  1.42  5.00  4.25 337 1034.6   2.4   6.1  -3.9 99.0 99.00 
2025 02 14 18 20 325  9.3 11.1 99.00 99.00 99.00 999 1034.7   2.5   6.1  -3.9 99.0 99.00 
2025 02 14 18 30 331  9.5 12.1 99.00 99.00 99.00 999 1034.7   2.4   6.1  -4.7 99.0 99.00 
2025 02 14 18 40 329  9.1 11.5  1.37  5.00  4.23 340 1034.8   2.5   6.1  -4.7 99.0 99.00 
2025 02 14 18 50 331  8.8 11.5 99.00 99.00 99.00 999 1035.0   2.6   6.1  -4.5 99.0 99.00 
2025 02 14 19 00 330  8.9 11.2 99.00 99.00 99.00 999 1034.9   2.7   6.1  -4.2 99.0 99.00 
2025 02 14 19 10 331  8.8 10.9  1.33  4.76  4.17 336 1035.0   2.8   6.1  -4.5 99.0 99.00 
2025 02 14 19 20 330  8.2 10.1 99.00 99.00 99.00 999 1035.0   2.8   6.1  -4.5 99.0 99.00 
2025 02 14 19 30 330  8.0 10.2 99.00 99.00 99.00 999 1034.7   2.8   6.1  -4.3 99.0 99.00 
2025 02 14 19 40 334  7.6  9.4  1.27  5.00  4.21 331 1035.0   2.8   6.1  -4.1 99.0 99.00 
2025 02 14 19 50 334  7.4  9.6 99.00 99.00 99.00 999 1035.0   2.8   6.1  -4.5 99.0 99.00 
2025 02 14 20 00 338  7.8  9.4 99.00 99.00 99.00 999 1035.0   2.9   6.1  -4.2 99.0 99.00 
2025 02 14 20 10 334  7.5  9.0  1.23  5.00  4.10 327 1035.0   3.0   6.1  -4.4 99.0 99.00 
2025 02 14 20 20 338  7.2  8.6 99.00 99.00 99.00 999 1035.0   3.0   6.1  -4.3 99.0 99.00 
2025 02 14 20 30 341  6.6  8.6 99.00 99.00 99.00 999 1034.8   3.1   6.1  -4.2 99.0 99.00 
2025 02 14 20 40 343  7.0  8.6  1.09  5.00  4.09 329 1034.9   3.2   6.1  -4.0 99.0 99.00 
2025 02 14 20 50 342  7.7  9.2 99.00 99.00 99.00 999 1034.8   3.3   6.1  -4.1 99.0 99.00 
2025 02 14 21 00 345  8.1 10.0 99.00 99.00 99.00 999 1034.8   3.3   6.1  -3.9 99.0 99.00 
2025 02 14 21 10 349  7.5  9.2  1.04  4.76  3.99 335 1034.8   3.3   6.1  -3.9 99.0 99.00 
2025 02 14 21 20 346  8.2  9.7 99.00 99.00 99.00 999 1034.9   3.4   6.1  -3.9 99.0 99.00 
2025 02 14 21 30 346  7.9  9.9 99.00 99.00 99.00 999 1035.0   3.5   6.1  -3.7 99.0 99.00 
2025 02 14 21 40 348  7.8 10.0  0.97  4.55  3.91 346 1034.9   3.5   6.1  -4.1 99.0 99.00 
2025 02 14 21 50 348  7.8  9.6 99.00 99.00 99.00 999 1035.1   3.5   6.1  -4.0 99.0 99.00 
2025 02 14 22 00 344  8.0  9.8 99.00 99.00 99.00 999 1035.1   3.6   6.1  -4.1 99.0 99.00 
2025 02 14 22 10 346  7.8  9.4  0.98  4.55  3.95 333 1035.2   3.5   6.1  -4.4 99.0 99.00 
2025 02 14 22 20 342  7.4  8.9 99.00 99.00 99.00 999 1035.1   3.5   6.1  -4.2 99.0 99.00 
2025 02 14 22 30 343  7.6  9.8 99.00 99.00 99.00 999 1035.3   3.5   6.1  -4.5 99.0 99.00 
2025 02 14 22 40 342  7.5  9.2  0.91  4.55  3.99 330 1035.1   3.5   6.1  -4.2 99.0 99.00 
2025 02 14 22 50 344  7.6  9.6 99.00 99.00 99.00 999 1035.3   3.5   6.1  -4.1 99.0 99.00 
2025 02 14 23 00 340  8.1  9.9 99.00 99.00 99.00 999 1035.1   3.5   6.1  -4.5 99.0 99.00 
2025 02 14 23 10 344  7.3  9.2  0.94  4.35  4.02 336 1035.5   3.5   6.1  -4.1 99.0 99.00 
2025 02 14 23 20 341  7.2  9.0 99.00 99.00 99.00 999 1035.6   3.5   6.1  -4.8 99.0 99.00 
2025 02 14 23 30 342  6.9  8.7 99.00 99.00 99.00 999 1035.6   3.5   6.1  -4.6 99.0 99.00 
2025 02 14 23 40 344  6.8  8.8  0.83  4.17  3.94 346 1035.6   3.5   6.1  -4.9 99.0 99.00 
2025 02 14 23 50 348  6.8  8.3 99.00 99.00 99.00 999 1035.6   3.5   6.1  -4.7 99.0 99.00 
2025 02 15 00 00 345  6.5  8.4 99.00 99.00 99.00 999 1035.6   3.5   6.1  -5.2 99.0 99.00 
2025 02 15 00 10 349  6.2  8.2  0.82  4.55  3.96 341 1035.6   3.5   6.1  -5.1 99.0 99.00 
2025 02 15 00 20 351  5.8  7.5 99.00 99.00 99.00 999 1035.6   3.5   6.1  -5.1 99.0 99.00 
2025 02 15 00 30 349  5.7  7.0 99.00 99.00 99.00 999 1035.8   3.4   6.2  -5.7 99.0 99.00 
2025 02 15 00 40 351  5.7  7.5  0.81  4.17  3.97 338 1035.9   3.3   6.2  -5.8 99.0 99.00 
2025 02 15 00 50 349  5.5  6.7 99.00 99.00 99.00 999 1035.8   3.3 999.0  -5.8 99.0 99.00 
2025 02 15 01 00 350  5.6  7.1 99.00 99.00 99.00 999 1035.6   3.3   6.2  -5.7 99.0 99.00 
2025 02 15 01 10 348  5.5  7.1  0.73  4.35  3.96 325 1035.8   3.2   6.2  -5.9 99.0 99.00 
2025 02 15 01 20 338  5.7  6.7 99.00 99.00 99.00 999 1036.0   3.2   6.2  -5.5 99.0 99.00 
2025 02 15 01 30 338  5.1  7.2 99.00 99.00 99.00 999 1036.1   3.2   6.2  -5.6 99.0 99.00 
2025 02 15 01 40 332  4.7  6.2  0.69  4.35  3.86 341 1036.2   3.2   6.2  -5.8 99.0 99.00 
2025 02 15 01 50 332  4.8  6.0 99.00 99.00 99.00 999 1036.2   3.2   6.2  -5.7 99.0 99.00 
2025 02 15 02 00 341  4.4  5.9 99.00 99.00 99.00 999 1036.1   3.2   6.2  -5.6 99.0 99.00 
2025 02 15 02 10 338  4.6  5.8 99.00 99.00 99.00 999 1036.4   3.2   6.2  -5.7 99.0 99.00 
2025 02 15 02 20 336  5.2  6.4 99.00 99.00 99.00 999 1036.3   3.2   6.2  -5.9 99.0 99.00 
2025 02 15 02 30 333  5.2  6.4 99.00 99.00 99.00 999 1036.7   3.1   6.2  -6.0 99.0 99.00 
2025 02 15 02 40 320  5.2  6.6  0.68  4.55  3.91 345 1036.7   3.2   6.2  -5.9 99.0 99.00 
2025 02 15 02 50 327  4.9  6.6 99.00 99.00 99.00 999 1036.7   3.1   6.2  -6.0 99.0 99.00 
2025 02 15 03 00 324  5.6  7.3 99.00 99.00 99.00 999 1036.7   3.2   6.2  -5.6 99.0 99.00 
2025 02 15 03 10 327  5.2  6.6  0.68  4.35  3.91 352 1036.5   3.1   6.2  -5.7 99.0 99.00 
2025 02 15 03 20 331  4.7  5.8 99.00 99.00 99.00 999 1036.5   3.0   6.2  -5.7 99.0 99.00 
2025 02 15 03 30 330  5.1  6.6 99.00 99.00 99.00 999 1036.7   3.0   6.2  -5.7 99.0 99.00 
2025 02 15 03 40 337  4.7  6.3  0.71  3.70  3.79 336 1036.6   3.0   6.2  -5.9 99.0 99.00 
2025 02 15 03 50 338  4.8  6.3 99.00 99.00 99.00 999 1036.7   2.9   6.2  -5.4 99.0 99.00 
2025 02 15 04 00 347  4.6  5.8 99.00 99.00 99.00 999 1036.4   2.9   6.2  -5.3 99.0 99.00 
2025 02 15 04 10 345  3.5  4.6  0.65  4.00  3.72 354 1036.1   2.8   6.2  -5.8 99.0 99.00 
2025 02 15 04 20 350  3.0  4.6 99.00 99.00 99.00 999 1035.9   2.8   6.2  -6.1 99.0 99.00 
2025 02 15 04 30 353  2.2  3.4 99.00 99.00 99.00 999 1035.7   2.7   6.2  -6.2 99.0 99.00 
2025 02 15 04 40 360  2.5  3.5  0.60  4.35  3.68   4 1035.5   2.7   6.2  -6.6 99.0 99.00 
2025 02 15 04 50  12  2.0  3.6 99.00 99.00 99.00 999 1035.6   2.7   6.2  -6.5 99.0 99.00 
2025 02 15 05 00   4  2.6  3.5 99.00 99.00 99.00 999 1035.3   2.7   6.2  -6.5 99.0 99.00 
2025 02 15 05 10   3  2.2  3.6  0.60  3.57  3.77   0 1035.1   2.6   6.1  -7.0 99.0 99.00 
2025 02 15 05 20  17  2.0  3.0 99.00 99.00 99.00 999 1034.7   2.6   6.1  -6.7 99.0 99.00 
2025 02 15 05 30  40  2.4  3.4 99.00 99.00 99.00 999 1034.7   2.7   6.1  -6.6 99.0 99.00 
2025 02 15 05 40  27  2.1  3.0  0.56  4.17  3.73   7 1035.0   2.7   6.1  -6.7 99.0 99.00 
2025 02 15 05 50  30  1.6  2.8 99.00 99.00 99.00 999 1034.9   2.7   6.1  -6.7 99.0 99.00 
2025 02 15 06 00  25  1.6  2.7 99.00 99.00 99.00 999 1034.7   2.7   6.1  -6.8 99.0 99.00 
2025 02 15 06 10  44  1.5  2.5  0.52 10.00  3.81  47 1034.8   2.8   6.1  -6.8 99.0 99.00 
2025 02 15 06 20  22  1.9  2.7 99.00 99.00 99.00 999 1034.9   2.8   6.1  -6.8 99.0 99.00 
2025 02 15 06 30  51  1.9  2.8 99.00 99.00 99.00 999 1034.7   2.8   6.1  -6.8 99.0 99.00 
2025 02 15 06 40  35  1.8  2.6  0.53  4.17  3.89  26 1034.8   2.8   6.1  -6.5 99.0 99.00 
2025 02 15 06 50  25  1.7  2.8 99.00 99.00 99.00 999 1034.9   2.8   6.1  -6.8 99.0 99.00 
2025 02 15 07 00  50  1.7  2.8 99.00 99.00 99.00 999 1035.0   2.8   6.1  -6.6 99.0 99.00 
2025 02 15 07 10  24  1.5  2.3  0.53  4.00  3.91  20 1035.2   2.9   6.1  -6.3 99.0 99.00 
2025 02 15 07 20  48  1.1  2.4 99.00 99.00 99.00 999 1034.7   2.9   6.0  -6.4 99.0 99.00 
2025 02 15 07 30  47  2.0  3.3 99.00 99.00 99.00 999 1034.3   2.9   6.0  -5.9 99.0 99.00 
2025 02 15 07 40  59  1.4  2.4  0.55  4.76  3.98  29 1034.3   2.9   6.0  -6.5 99.0 99.00 
2025 02 15 07 50  43  1.3  2.2 99.00 99.00 99.00 999 1034.5   2.9   6.0  -6.7 99.0 99.00 
2025 02 15 08 00  57  0.6  1.5 99.00 99.00 99.00 999 1034.7   2.9   5.9  -6.7 99.0 99.00 
2025 02 15 08 10  72  0.5  1.7  0.53  4.35  3.95  28 1034.6   2.9   5.9  -6.7 99.0 99.00 
2025 02 15 08 20  63  0.6  1.2 99.00 99.00 99.00 999 1034.5   2.9   5.9  -6.5 99.0 99.00 
2025 02 15 08 30  62  0.6  1.3 99.00 99.00 99.00 999 1034.2   2.9   5.9  -6.5 99.0 99.00 
2025 02 15 08 40  93  0.7  1.5  0.56  3.70  4.00  21 1034.2   2.8   5.9  -6.7 99.0 99.00 
2025 02 15 08 50 142  0.8  2.1 99.00 99.00 99.00 999 1034.0   2.8   5.9  -6.6 99.0 99.00 
2025 02 15 09 00 134  1.2  2.3 99.00 99.00 99.00 999 1033.8   2.9   5.9  -6.3 99.0 99.00 
2025 02 15 09 10 113  2.2  3.2  0.50  4.00  3.98  29 1033.8   2.9   5.9  -5.9 99.0 99.00 
2025 02 15 09 20 111  2.8  3.9 99.00 99.00 99.00 999 1033.3   3.0   5.9  -5.8 99.0 99.00 
2025 02 15 09 30 107  3.6  4.5 99.00 99.00 99.00 999 1033.1   3.1   5.9  -5.4 99.0 99.00 
2025 02 15 09 40 111  3.6  4.7  0.49  9.09  4.19 126 1033.1   3.2   5.9  -5.1 99.0 99.00 
2025 02 15 09 50 107  4.0  6.0 99.00 99.00 99.00 999 1033.4   3.2   5.9  -4.9 99.0 99.00 
2025 02 15 10 00 109  3.8  6.0 99.00 99.00 99.00 999 1033.1   3.3   5.9  -4.7 99.0 99.00 
2025 02 15 10 10 106  4.8  6.3  0.48  9.09  4.30 127 1032.9   3.3   6.0  -4.6 99.0 99.00 
2025 02 15 10 20 114  4.3  5.4 99.00 99.00 99.00 999 1033.1   3.3   6.0  -4.2 99.0 99.00 
2025 02 15 10 30 109  4.3  5.9 99.00 99.00 99.00 999 1033.1   3.4   6.1  -4.0 99.0 99.00 
2025 02 15 10 40 109  4.1  5.6  0.46  9.09  4.39  69 1033.1   3.4   6.1  -4.0 99.0 99.00 
2025 02 15 10 50 110  4.6  5.6 99.00 99.00 99.00 999 1033.0   3.5   6.1  -4.1 99.0 99.00 
2025 02 15 11 00 121  4.6  5.9 99.00 99.00 99.00 999 1033.0   3.5   6.1  -4.1 99.0 99.00 
2025 02 15 11 10 120  5.4  7.1  0.46 10.00  4.27  66 1032.6   3.6   6.1  -3.6 99.0 99.00 
2025 02 15 11 20 116  5.3  6.3 99.00 99.00 99.00 999 1032.3   3.6   6.1  -3.3 99.0 99.00 
2025 02 15 11 30 119  5.8  7.2 99.00 99.00 99.00 999 1032.0   3.7   6.1  -3.2 99.0 99.00 
2025 02 15 11 40 129  6.2  7.4  0.43  9.09  4.26 114 1032.0   3.8   6.1  -2.8 99.0 99.00 
2025 02 15 11 50 129  6.4  7.7 99.00 99.00 99.00 999 1031.7   3.8   6.1  -2.6 99.0 99.00 
2025 02 15 12 00 136  6.7  8.2 99.00 99.00 99.00 999 1031.7   3.8   6.1  -2.5 99.0 99.00 
2025 02 15 12 10 141  7.0  9.0  0.47 10.00  3.68  77 1031.4   3.9   6.1  -2.3 99.0 99.00 
2025 02 15 12 20 139  7.4  9.5 99.00 99.00 99.00 999 1031.4   4.0   6.1  -2.0 99.0 99.00 
2025 02 15 12 30 147  6.7  8.4 99.00 99.00 99.00 999 1031.5   4.1   6.0  -2.0 99.0 99.00 
2025 02 15 12 40 140  7.1  8.9  0.49  2.35  3.26 130 1031.3   4.2   6.0  -1.8 99.0 99.00 
2025 02 15 12 50 145  6.7  9.0 99.00 99.00 99.00 999 1031.5   4.2   6.0  -1.8 99.0 99.00 
2025 02 15 13 00 144  6.8  8.3 99.00 99.00 99.00 999 1031.3   4.3   6.0  -1.7 99.0 99.00 
2025 02 15 13 10 141  7.0  8.6  0.56  2.60  3.18 132 1031.3   4.4   6.1  -1.4 99.0 99.00 
2025 02 15 13 20 143  7.1  8.2 99.00 99.00 99.00 999 1031.2   4.4   6.0  -1.2 99.0 99.00 
2025 02 15 13 30 142  7.2  8.5 99.00 99.00 99.00 999 1031.1   4.5   6.1  -1.1 99.0 99.00 
2025 02 15 13 40 144  7.5  9.1  0.57  2.74  3.15 137 1030.9   4.6   6.1  -1.0 99.0 99.00 
2025 02 15 13 50 148  7.7  9.8 99.00 99.00 99.00 999 1030.9   4.7   6.1  -0.7 99.0 99.00 
2025 02 15 14 00 148  7.5  9.0 99.00 99.00 99.00 999 1030.8   4.8   6.1  -0.6 99.0 99.00 
2025 02 15 14 10 149  7.5  9.2  0.61  3.13  3.23 133 1030.6   4.9   6.1  -0.5 99.0 99.00 
2025 02 15 14 20 149  6.8  8.6 99.00 99.00 99.00 999 1030.6   5.0   6.1  -0.2 99.0 99.00 
2025 02 15 14 30 145  6.9  8.1 99.00 99.00 99.00 999 1030.6   5.1   6.1  -0.1 99.0 99.00 
2025 02 15 14 40 147  7.1  8.6  0.64  3.23  3.24 137 1030.4   5.2   6.1   0.0 99.0 99.00 
2025 02 15 14 50 148  7.3  8.9 99.00 99.00 99.00 999 1030.2   5.2 999.0   0.2 99.0 99.00 
2025 02 15 15 00 147  7.7  8.7 99.00 99.00 99.00 999 1030.0   5.1   6.1   0.1 99.0 99.00 
2025 02 15 15 10 147  7.5  8.9  0.76  3.33  3.37 148 1029.8   5.1   6.1   0.3 99.0 99.00 
2025 02 15 15 20 145  7.3  9.0 99.00 99.00 99.00 999 1029.7   5.1   6.1   0.4 99.0 99.00 
2025 02 15 15 30 146  7.4  9.1 99.00 99.00 99.00 999 1029.6   5.2   6.1   0.7 99.0 99.00 
2025 02 15 15 40 143  7.3  9.0  0.78  3.70  3.41 138 1029.7   5.2   6.1   0.7 99.0 99.00 
2025 02 15 15 50 145  7.3  9.2 99.00 99.00 99.00 999 1029.6   5.2   6.1   0.6 99.0 99.00 
2025 02 15 16 00 145  7.1  8.5 99.00 99.00 99.00 999 1029.5   5.2   6.1   0.6 99.0 99.00 
2025 02 15 16 10 146  7.3  8.6  0.86  3.70  3.50 147 1029.5   5.2   6.1   0.5 99.0 99.00 
2025 02 15 16 20 153  7.0  8.5 99.00 99.00 99.00 999 1029.3   5.3   6.1   0.6 99.0 99.00 
2025 02 15 16 30 156  7.2  8.5 99.00 99.00 99.00 999 1029.0   5.3   6.1   0.6 99.0 99.00 
2025 02 15 16 40 149  7.2  8.4  0.80  3.70  3.58 145 1028.7   5.3   6.1   0.7 99.0 99.00 
2025 02 15 16 50 154  6.8  8.3 99.00 99.00 99.00 999 1028.5   5.4   6.1   0.5 99.0 99.00 
2025 02 15 17 00 150  6.6  7.9 99.00 99.00 99.00 999 1028.3   5.4   6.1   0.7 99.0 99.00 
2025 02 15 17 10 147  6.6  8.1  0.84  3.70  3.69 146 1028.0   5.5   6.1   1.1 99.0 99.00 
2025 02 15 17 20 148  6.6  8.0 99.00 99.00 99.00 999 1027.7   5.5   6.1   1.1 99.0 99.00 
2025 02 15 17 30 151  6.2  7.7 99.00 99.00 99.00 999 1027.6   5.6   6.1   1.3 99.0 99.00 
2025 02 15 17 40 154  5.5  6.6  0.80  4.00  3.66 147 1027.3   5.6   6.1   1.4 99.0 99.00 
2025 02 15 17 50 150  5.6  6.8 99.00 99.00 99.00 999 1027.1   5.7   6.1   1.4 99.0 99.00 
2025 02 15 18 00 150  5.7  6.9 99.00 99.00 99.00 999 1026.9   5.7   6.1   1.6 99.0 99.00 
2025 02 15 18 10 147  6.0  7.5  0.82  3.85  3.82 150 1026.6   5.7   6.1   1.4 99.0 99.00 
2025 02 15 18 20 144  6.1  7.2 99.00 99.00 99.00 999 1026.3   5.7   6.1   1.5 99.0 99.00 
2025 02 15 18 30 141  5.8  7.0 99.00 99.00 99.00 999 1026.0   5.7   6.1   1.6 99.0 99.00 
2025 02 15 18 40 140  5.9  7.1  0.75  4.17  3.66 147 1025.5   5.7   6.1   1.6 99.0 99.00 
2025 02 15 18 50 136  5.6  6.5 99.00 99.00 99.00 999 1025.2   5.6   6.1   1.7 99.0 99.00 
2025 02 15 19 00 132  5.4  6.5 99.00 99.00 99.00 999 1024.9   5.5   6.1   1.8 99.0 99.00 
2025 02 15 19 10 127  5.8  7.1  0.73  4.17  3.76 139 1024.3   5.5   6.1   2.1 99.0 99.00 
2025 02 15 19 20 122  6.1  7.8 99.00 99.00 99.00 999 1023.8   5.4   6.0   2.0 99.0 99.00 
2025 02 15 19 30 115  6.4  7.6 99.00 99.00 99.00 999 1023.6   5.4   6.0   2.2 99.0 99.00 
2025 02 15 19 40 117  6.3  7.5  0.75  4.00  3.66 137 1023.4   5.5   6.0   2.4 99.0 99.00 
2025 02 15 19 50 113  6.4  7.6 99.00 99.00 99.00 999 1023.3   5.5   6.0   2.5 99.0 99.00 
2025 02 15 20 00 112  6.2  7.9 99.00 99.00 99.00 999 1023.1   5.5   6.0   2.7 99.0 99.00 
2025 02 15 20 10 116  6.3  7.5  0.76  3.85  3.70 135 1023.0   5.5   6.0   2.9 99.0 99.00 
2025 02 15 20 20 112  6.1  7.7 99.00 99.00 99.00 999 1022.7   5.6   6.0   3.3 99.0 99.00 
2025 02 15 20 30 108  6.3  8.0 99.00 99.00 99.00 999 1022.5   5.6   6.0   3.5 99.0 99.00 
2025 02 15 20 40 106  6.0  7.5  0.79  3.85  3.61 133 1022.4   5.6   6.0   3.7 99.0 99.00 
2025 02 15 20 50 105  6.5  7.7 99.00 99.00 99.00 999 1022.1   5.6   6.0   3.9 99.0 99.00 
2025 02 15 21 00 103  6.4  7.9 99.00 99.00 99.00 999 1021.9   5.6   6.0   4.0 99.0 99.00 
2025 02 15 21 10 103  6.1  7.1  0.78  3.85  3.64 130 1021.9   5.7   6.0   4.3 99.0 99.00 
2025 02 15 21 20 102  6.0  7.3 99.00 99.00 99.00 999 1021.9   5.7   6.0   4.4 99.0 99.00 
2025 02 15 21 30 104  5.5  7.2 99.00 99.00 99.00 999 1021.8   5.7   6.0   4.5 99.0 99.00 
2025 02 15 21 40 106  5.8  7.0  0.81  4.00  3.69 126 1021.6   5.8   6.1   4.7 99.0 99.00 
2025 02 15 21 50 113  5.5  6.4 99.00 99.00 99.00 999 1021.6   5.8   6.1   4.9 99.0 99.00 
2025 02 15 22 00 111  5.9  7.4 99.00 99.00 99.00 999 1021.3   5.9   6.1   5.1 99.0 99.00 
2025 02 15 22 10 113  6.1  7.6  0.84  3.85  3.69 130 1021.1   6.0   6.1   5.3 99.0 99.00 
2025 02 15 22 20 113  6.4  7.9 99.00 99.00 99.00 999 1020.9   6.1   6.1   5.4 99.0 99.00 
2025 02 15 22 30 115  6.0  7.2 99.00 99.00 99.00 999 1020.8   6.2   6.1   5.6 99.0 99.00 
2025 02 15 22 40 118  6.6  7.7  0.85  3.85  3.72 126 1020.6   6.3   6.1   5.7 99.0 99.00 
2025 02 15 22 50 119  6.6  8.2 99.00 99.00 99.00 999 1020.1   6.4   6.1   5.9 99.0 99.00 
2025 02 15 23 00 120  6.8  8.1 99.00 99.00 99.00 999 1019.8   6.5   6.1   6.1 99.0 99.00 
2025 02 15 23 10 124  7.0  8.3  0.84  4.00  3.74 120 1019.5   6.7   6.1   6.4 99.0 99.00 
2025 02 15 23 20 122  6.8  8.5 99.00 99.00 99.00 999 1019.2   6.9   6.1   6.6 99.0 99.00 
2025 02 15 23 30 128  6.9  8.1 99.00 99.00 99.00 999 1019.2   7.1   6.1   6.8 99.0 99.00 
2025 02 15 23 40 138  6.8  8.1  0.87  4.17  3.67 115 1019.2   7.3   6.1   7.0 99.0 99.00 
2025 02 15 23 50 146  7.0  8.1 99.00 99.00 99.00 999 1018.8   7.5   6.1   7.2 99.0 99.00 
2025 02 16 00 00 155  7.0  8.3 99.00 99.00 99.00 999 1018.6   7.7   6.1   7.4 99.0 99.00 
2025 02 16 00 10 164  7.5  8.9  0.89  4.17  3.75 128 1018.6   7.8   6.1   7.5 99.0 99.00 
2025 02 16 00 20 168  8.1  9.7 99.00 99.00 99.00 999 1018.0   7.9   6.1   7.6 99.0 99.00 
2025 02 16 00 30 169  8.8 10.1 99.00 99.00 99.00 999 1017.8   8.0   6.1   7.7 99.0 99.00 
2025 02 16 00 40 166  9.4 11.5  0.84  4.17  3.65 116 1017.4   8.1   6.1   7.8 99.0 99.00 
2025 02 16 00 50 169  9.6 11.4 99.00 99.00 99.00 999 1017.1   8.2   6.1   8.0 99.0 99.00 
2025 02 16 01 00 169  9.9 12.4 99.00 99.00 99.00 999 1017.0   8.3   6.0   8.1 99.0 99.00 
2025 02 16 01 10 170  9.9 12.3  0.96  4.35  3.51 121 1016.9   8.3   6.0   8.1 99.0 99.00 
2025 02 16 01 20 172  9.8 11.7 99.00 99.00 99.00 999 1016.8   8.4   6.0   8.2 99.0 99.00 
2025 02 16 01 30 172  9.9 11.6 99.00 99.00 99.00 999 1016.4   8.4   6.1   8.2 99.0 99.00 
2025 02 16 01 40 172 10.3 12.7  1.02  4.17  3.62 134 1016.2   8.4   6.1   8.2 99.0 99.00 
2025 02 16 01 50 173 10.6 13.0 99.00 99.00 99.00 999 1016.1   8.5   6.1   8.3 99.0 99.00 
2025 02 16 02 00 175 10.9 13.1 99.00 99.00 99.00 999 1015.8   8.5   6.0   8.3 99.0 99.00 
2025 02 16 02 10 176 10.9 13.1  1.19  4.35  3.82 151 1015.6   8.5   6.0   8.3 99.0 99.00 
2025 02 16 02 20 177 11.0 13.1 99.00 99.00 99.00 999 1015.4   8.7   6.0   8.6 99.0 99.00 
2025 02 16 02 30 177 11.3 13.5 99.00 99.00 99.00 999 1015.1   8.8   6.0   8.7 99.0 99.00 
2025 02 16 02 40 174 11.2 14.7  1.21  4.55  3.78 158 1014.8   8.9   6.0   8.7 99.0 99.00 
2025 02 16 02 50 172 11.3 14.8 99.00 99.00 99.00 999 1014.5   8.9   6.0   8.7 99.0 99.00 
2025 02 16 03 00 170 11.6 14.6 99.00 99.00 99.00 999 1014.3   9.0   6.0   8.8 99.0 99.00 
2025 02 16 03 10 170 11.5 14.3  1.49  4.55  4.13 168 1014.1   8.9   6.0   8.8 99.0 99.00 
2025 02 16 03 20 169 11.3 13.5 99.00 99.00 99.00 999 1014.1   9.0   6.0   8.9 99.0 99.00 
2025 02 16 03 30 169 11.3 14.3 99.00 99.00 99.00 999 1013.8   9.0   6.0   8.9 99.0 99.00 
2025 02 16 03 40 169 11.6 15.4  1.60  5.00  4.21 170 1013.5   9.1   6.0   9.1 99.0 99.00 
2025 02 16 03 50 168 11.2 13.9 99.00 99.00 99.00 999 1013.2   9.2   6.0   9.2 99.0 99.00 
2025 02 16 04 00 166 12.0 14.8 99.00 99.00 99.00 999 1012.7   9.5   6.0   9.5 99.0 99.00 
2025 02 16 04 10 167 12.3 15.3  1.77  5.26  4.47 166 1012.4   9.4   6.0   9.4 99.0 99.00 
2025 02 16 04 20 169 13.0 16.2 99.00 99.00 99.00 999 1012.3   9.6   6.0   9.6 99.0 99.00 
2025 02 16 04 30 167 12.5 16.2 99.00 99.00 99.00 999 1012.1   9.5   6.0   9.5 99.0 99.00 
2025 02 16 04 40 164 11.8 15.6  1.79  5.26  4.48 174 1011.5   9.3   6.0   9.2 99.0 99.00 
2025 02 16 04 50 172 13.7 17.0 99.00 99.00 99.00 999 1011.4   9.4   6.0   9.4 99.0 99.00 
2025 02 16 05 00 170 13.1 15.7 99.00 99.00 99.00 999 1011.6   9.6   6.0   9.6 99.0 99.00 
2025 02 16 05 10 170 11.7 15.4  2.03  5.88  4.77 179 1011.6   9.5   6.0   9.5 99.0 99.00 
2025 02 16 05 20 168 10.7 13.7 99.00 99.00 99.00 999 1011.4   9.3   6.0   9.3 99.0 99.00 
2025 02 16 05 30 168 10.1 12.3 99.00 99.00 99.00 999 1011.2   9.2   5.9   9.2 99.0 99.00 
2025 02 16 05 40 169 10.1 12.4  1.82  5.88  4.71 163 1011.1   9.1   6.0   9.1 99.0 99.00 
2025 02 16 05 50 171  9.7 11.9 99.00 99.00 99.00 999 1010.9   9.0   6.0   9.0 99.0 99.00 
2025 02 16 06 00 170 10.1 11.7 99.00 99.00 99.00 999 1010.6   8.9   6.0   8.9 99.0 99.00 
2025 02 16 06 10 170  9.4 11.3  1.94  5.56  4.74 165 1010.4   8.8   6.0   8.8 99.0 99.00 
2025 02 16 06 20 169  9.0 11.6 99.00 99.00 99.00 999 1010.2   8.9   5.9   8.9 99.0 99.00 
2025 02 16 06 30 171  9.4 12.9 99.00 99.00 99.00 999 1009.8   8.8   5.8   8.8 99.0 99.00 
2025 02 16 06 40 175  9.7 11.9  1.40  5.56  4.29 175 1010.0   8.9   5.8 999.0 99.0 99.00 
2025 02 16 06 50 183  8.2 10.9 99.00 99.00 99.00 999 1009.7   8.7   5.7   8.7 99.0 99.00 
2025 02 16 07 00 177  9.1 11.1 99.00 99.00 99.00 999 1009.5   8.7   5.7 999.0 99.0 99.00 
2025 02 16 07 10 173  8.7 10.5  1.37  5.26  4.33 172 1009.2   8.6   5.7 999.0 99.0 99.00 
2025 02 16 07 20 172  7.9  9.5 99.00 99.00 99.00 999 1009.1   8.5   5.7 999.0 99.0 99.00 
2025 02 16 07 30 172  7.9  9.4 99.00 99.00 99.00 999 1008.8   8.4   5.7 999.0 99.0 99.00 
2025 02 16 07 40 177  7.1  8.7  1.30  5.26  4.30 169 1008.8   8.4   5.8 999.0 99.0 99.00 
2025 02 16 07 50 177  6.5  8.0 99.00 99.00 99.00 999 1008.5   8.2   5.8 999.0 99.0 99.00 
2025 02 16 08 00 177  6.4  7.7 99.00 99.00 99.00 999 1008.3   8.2   5.7 999.0 99.0 99.00 
2025 02 16 08 10 175  5.9  7.0  1.23  5.00  4.28 168 1007.9   8.0   5.7 999.0 99.0 99.00 
2025 02 16 08 20 171  5.3  6.1 99.00 99.00 99.00 999 1007.7   7.9   5.7 999.0 99.0 99.00 
2025 02 16 08 30 176  4.8  5.7 99.00 99.00 99.00 999 1007.4   7.8   5.7 999.0 99.0 99.00 
2025 02 16 08 40 176  4.7  5.4  1.05  5.00  4.20 164 1007.2   7.8   5.7 999.0 99.0 99.00 
2025 02 16 08 50 175  4.7  5.5 99.00 99.00 99.00 999 1006.9   7.7   5.7 999.0 99.0 99.00 
2025 02 16 09 00 173  4.3  5.3 99.00 99.00 99.00 999 1006.8   7.6   5.7 999.0 99.0 99.00 
2025 02 16 09 10 171  4.2  4.9  1.03  5.00  4.17 157 1006.7   7.5   5.7 999.0 99.0 99.00 
2025 02 16 09 20 168  4.6  5.4 99.00 99.00 99.00 999 1006.4   7.5   5.7 999.0 99.0 99.00 
2025 02 16 09 30 167  4.6  5.3 99.00 99.00 99.00 999 1006.1   7.5   5.7 999.0 99.0 99.00 
2025 02 16 09 40 168  4.2  5.1  0.95  4.76  4.29 160 1005.7   7.5   5.7 999.0 99.0 99.00 
2025 02 16 09 50 166  4.3  4.9 99.00 99.00 99.00 999 1005.4   7.5   5.7 999.0 99.0 99.00 
2025 02 16 10 00 165  4.3  5.0 99.00 99.00 99.00 999 1005.1   7.6   5.7 999.0 99.0 99.00 
2025 02 16 10 10 169  4.9  6.5  1.03  5.26  4.40 171 1004.9   7.9   5.7 999.0 99.0 99.00 
2025 02 16 10 20 177  6.1  7.2 99.00 99.00 99.00 999 1004.7   8.3   5.7 999.0 99.0 99.00 
2025 02 16 10 30 177  6.0  7.5 99.00 99.00 99.00 999 1004.5   8.2   5.7 999.0 99.0 99.00 
2025 02 16 10 40 176  6.9  8.0  0.96  5.00  4.17 161 1004.3   8.4   5.7 999.0 99.0 99.00 
2025 02 16 10 50 179  7.4  9.0 99.00 99.00 99.00 999 1003.9   8.6   5.7 999.0 99.0 99.00 
2025 02 16 11 00 178  7.7  9.8 99.00 99.00 99.00 999 1003.7   8.7   5.7 999.0 99.0 99.00 
2025 02 16 11 10 182  9.0 12.3  1.08  5.26  4.10 158 1003.6   9.1   5.7 999.0 99.0 99.00 
2025 02 16 11 20 186  9.4 11.6 99.00 99.00 99.00 999 1003.3   9.4   5.8 999.0 99.0 99.00 
2025 02 16 11 30 186  9.3 11.5 99.00 99.00 99.00 999 1003.1   9.5   5.8 999.0 99.0 99.00 
2025 02 16 11 40 186  8.9 10.6  1.32  5.00  4.14 164 1002.8   9.4   5.8 999.0 99.0 99.00 
2025 02 16 11 50 183  9.5 11.9 99.00 99.00 99.00 999 1002.5   9.4   5.8 999.0 99.0 99.00 
2025 02 16 12 00 179  9.9 12.0 99.00 99.00 99.00 999 1002.5   9.4   5.8 999.0 99.0 99.00 
2025 02 16 12 10 183 10.7 12.8  1.42  5.26  4.34 152 1002.4   9.6   5.8 999.0 99.0 99.00 
2025 02 16 12 20 184 10.8 12.9 99.00 99.00 99.00 999 1002.3   9.8   5.8 999.0 99.0 99.00 
2025 02 16 12 30 186 10.9 13.2 99.00 99.00 99.00 999 1002.0  10.3   5.8 999.0 99.0 99.00 
2025 02 16 12 40 188 11.4 14.1  1.54  5.00  4.34 170 1001.9  10.7   5.9 999.0 99.0 99.00 
2025 02 16 12 50 188 11.0 13.6 99.00 99.00 99.00 999 1001.8  10.8   5.9 999.0 99.0 99.00 
2025 02 16 13 00 187 11.4 14.2 99.00 99.00 99.00 999 1001.6  10.7   5.9 999.0 99.0 99.00 
2025 02 16 13 10 188 11.2 13.8  1.65  5.26  4.45 169 1001.4  10.7   5.9 999.0 99.0 99.00 
2025 02 16 13 20 184 11.0 13.8 99.00 99.00 99.00 999 1001.2  10.3   5.9 999.0 99.0 99.00 
2025 02 16 13 30 180 10.2 12.5 99.00 99.00 99.00 999 1000.9   9.8   5.9 999.0 99.0 99.00 
2025 02 16 13 40 176  9.5 11.8  1.71  5.88  4.74 159 1000.5   9.6   5.9 999.0 99.0 99.00 
2025 02 16 13 50 175  9.8 11.7 99.00 99.00 99.00 999 1000.3   9.6   5.9 999.0 99.0 99.00 
2025 02 16 14 00 180 10.1 12.3 99.00 99.00 99.00 999 1000.2   9.9   5.9 999.0 99.0 99.00 
2025 02 16 14 10 182 10.3 13.3  1.97  7.14  5.14 153  999.8  10.2   5.9 999.0 99.0 99.00 
2025 02 16 14 20 180 11.6 14.1 99.00 99.00 99.00 999  999.5  10.7   5.9 999.0 99.0 99.00 
2025 02 16 14 30 179 11.8 15.1 99.00 99.00 99.00 999  999.0  10.7   5.9 999.0 99.0 99.00 
2025 02 16 14 40 177 11.3 13.8  2.04  7.69  5.13 140  999.0  10.5   6.0 999.0 99.0 99.00 
2025 02 16 14 50 178 10.3 13.3 99.00 99.00 99.00 999  998.5  10.5   6.0 999.0 99.0 99.00 
2025 02 16 15 00 179 10.6 13.3 99.00 99.00 99.00 999  998.2  10.5   6.0 999.0 99.0 99.00 
2025 02 16 15 10 180 10.9 13.3  2.14  7.14  5.06 145  997.8  10.6   6.0 999.0 99.0 99.00 
2025 02 16 15 20 180 11.2 13.4 99.00 99.00 99.00 999  997.5  10.6   6.0 999.0 99.0 99.00 
2025 02 16 15 30 180 11.6 14.3 99.00 99.00 99.00 999  997.3  10.7   6.0 999.0 99.0 99.00 
2025 02 16 15 40 179 11.6 13.7  2.25  8.33  5.30 155  997.1  10.7   6.0 999.0 99.0 99.00 
2025 02 16 15 50 179 11.8 14.4 99.00 99.00 99.00 999  996.8  10.8   6.0 999.0 99.0 99.00 
2025 02 16 16 00 178 11.8 14.4 99.00 99.00 99.00 999  996.4  10.9   6.0 999.0 99.0 99.00 
2025 02 16 16 10 180 12.1 14.9  2.45  8.33  5.63 152  996.2  10.9   6.0 999.0 99.0 99.00 
2025 02 16 16 20 181 12.9 17.9 99.00 99.00 99.00 999  995.8  11.2   6.0 999.0 99.0 99.00 
2025 02 16 16 30 177 12.4 15.5 99.00 99.00 99.00 999  995.4  10.9   6.0 999.0 99.0 99.00 
2025 02 16 16 40 177 12.6 15.9  2.66  9.09  5.55 150  994.8  10.9   6.0 999.0 99.0 99.00 
2025 02 16 16 50 176 12.7 15.2 99.00 99.00 99.00 999  994.1  11.0   6.0 999.0 99.0 99.00 
2025 02 16 17 00 177 12.9 16.0 99.00 99.00 99.00 999  993.4  11.1   6.0 999.0 99.0 99.00 
2025 02 16 17 10 177 12.8 15.4  2.48  9.09  5.71 149  992.9  11.0   6.0 999.0 99.0 99.00 
2025 02 16 17 20 179 14.0 17.7 99.00 99.00 99.00 999  992.6  11.2   6.0 999.0 99.0 99.00 
2025 02 16 17 30 180 14.9 19.7 99.00 99.00 99.00 999  992.1  11.5   6.0 999.0 99.0 99.00 
2025 02 16 17 40 182 14.2 18.3  2.76  8.33  5.72 150  991.8  11.4   6.0 999.0 99.0 99.00 
2025 02 16 17 50 184 14.1 17.5 99.00 99.00 99.00 999  991.4  11.2   6.0 999.0 99.0 99.00 
2025 02 16 18 00 184 14.3 18.8 99.00 99.00 99.00 999  991.3  11.3   6.0 999.0 99.0 99.00 
2025 02 16 18 10 195 14.4 20.8  2.68  6.67  5.74 176  991.5  11.5   6.0 999.0 99.0 99.00 
2025 02 16 18 20 199 13.3 17.9 99.00 99.00 99.00 999  991.0  11.4   6.0 999.0 99.0 99.00 
2025 02 16 18 30 195 12.7 16.7 99.00 99.00 99.00 999  991.1  11.2   6.1 999.0 99.0 99.00 
2025 02 16 18 40 191 12.8 15.3  2.97  6.67  5.83 173  989.4  10.8   6.0 999.0 99.0 99.00 
2025 02 16 18 50 186 13.6 17.2 99.00 99.00 99.00 999  988.7  10.8   6.0 999.0 99.0 99.00 
2025 02 16 19 00 184 13.6 16.9 99.00 99.00 99.00 999  987.8  10.9   6.0 999.0 99.0 99.00 
2025 02 16 19 10 181 13.7 17.2  2.97  9.09  5.98 149  987.9  10.9   6.0 999.0 99.0 99.00 
2025 02 16 19 20 192 13.8 17.0 99.00 99.00 99.00 999  989.0  10.9   6.0  10.9 99.0 99.00 
2025 02 16 19 30 196 13.8 17.5 99.00 99.00 99.00 999  988.6  11.0   6.0  11.0 99.0 99.00 
2025 02 16 19 40 194 13.4 16.7  2.95  7.69  5.99 162  988.2  11.2   6.0  11.0 99.0 99.00 
2025 02 16 19 50 192 13.5 16.6 99.00 99.00 99.00 999  988.0  11.2   6.0  10.9 99.0 99.00 
2025 02 16 20 00 191 12.9 16.0 99.00 99.00 99.00 999  987.6  11.0   6.0  10.8 99.0 99.00 
2025 02 16 20 10 198 13.2 16.4  2.97  7.14  6.09 175  988.2  11.0   6.0  10.8 99.0 99.00 
2025 02 16 20 20 200 13.6 17.0 99.00 99.00 99.00 999  988.5  11.1   6.0  10.7 99.0 99.00 
2025 02 16 20 30 201 13.4 17.8 99.00 99.00 99.00 999  988.2  10.9   5.9  10.3 99.0 99.00 
2025 02 16 20 40 199 13.1 16.0  3.41  9.09  6.30 154  988.5  10.6   5.9  10.0 99.0 99.00 
2025 02 16 20 50 200 13.7 17.2 99.00 99.00 99.00 999  988.6  10.4   5.9   9.8 99.0 99.00 
2025 02 16 21 00 201 13.8 16.8 99.00 99.00 99.00 999  988.4  10.3   5.9   9.5 99.0 99.00 
2025 02 16 21 10 204 13.2 16.4  3.22  9.09  6.26 156  988.3  10.3   5.9   9.2 99.0 99.00 
2025 02 16 21 20 204 13.2 16.4 99.00 99.00 99.00 999  988.2  10.3   5.9   9.0 99.0 99.00 
2025 02 16 21 30 206 12.8 15.8 99.00 99.00 99.00 999  988.2  10.3   5.9   8.9 99.0 99.00 
2025 02 16 21 40 205 12.3 15.2  3.07  8.33  6.14 170  988.1  10.3   5.9   8.8 99.0 99.00 
2025 02 16 21 50 204 12.1 14.9 99.00 99.00 99.00 999  988.3  10.2   5.9   8.7 99.0 99.00 
2025 02 16 22 00 209 12.4 15.3 99.00 99.00 99.00 999  988.4  10.1   5.9   8.6 99.0 99.00 
2025 02 16 22 10 209 11.7 14.6  2.97  9.09  6.07 152  988.8  10.0   5.9   8.5 99.0 99.00 
2025 02 16 22 20 207 11.5 13.9 99.00 99.00 99.00 999  988.9   9.6   5.9   8.2 99.0 99.00 
2025 02 16 22 30 210 10.4 12.3 99.00 99.00 99.00 999  989.4   9.4   5.9   8.2 99.0 99.00 
2025 02 16 22 40 212  9.9 12.2  2.78  9.09  6.04 156  989.8   9.2   5.9   8.1 99.0 99.00 
2025 02 16 22 50 213  9.5 11.6 99.00 99.00 99.00 999  990.2   9.1   5.9   8.0 99.0 99.00 
2025 02 16 23 00 218  9.8 12.3 99.00 99.00 99.00 999  990.5   9.3   6.0   8.2 99.0 99.00 
2025 02 16 23 10 221  9.4 11.3  2.86  9.09  6.09 153  990.8   9.6   6.0   8.4 99.0 99.00 
2025 02 16 23 20 235 10.2 18.2 99.00 99.00 99.00 999  992.3   9.8   6.0   8.5 99.0 99.00 
2025 02 16 23 30 275 10.2 15.5 99.00 99.00 99.00 999  992.6  10.7   6.0   7.9 99.0 99.00 
2025 02 16 23 40 286 10.2 13.3  2.79  9.09  6.12 150  993.1  10.4   6.0   7.2 99.0 99.00 
2025 02 16 23 50 283  9.9 14.1 99.00 99.00 99.00 999  993.8  10.2   6.0   7.1 99.0 99.00 
2025 02 17 00 00 283 11.3 15.5 99.00 99.00 99.00 999  994.2  10.4   6.0   6.7 99.0 99.00 
2025 02 17 00 10 282 12.0 15.7  2.52  9.09  5.88 150  994.5  10.6   6.0   6.4 99.0 99.00 
2025 02 17 00 20 281 10.4 14.1 99.00 99.00 99.00 999  995.0  10.3   6.0   6.1 99.0 99.00 
2025 02 17 00 30 287 10.0 13.5 99.00 99.00 99.00 999  995.2   9.9   6.0   6.0 99.0 99.00 
2025 02 17 00 40 287 10.5 14.6  2.41  9.09  5.70 151  995.8   9.5   6.1   5.4 99.0 99.00 
2025 02 17 00 50 283  9.9 15.8 99.00 99.00 99.00 999  996.4   9.3   6.1   5.1 99.0 99.00 
2025 02 17 01 00 285 13.5 17.9 99.00 99.00 99.00 999  996.9   9.4   6.1   4.0 99.0 99.00 
2025 02 17 01 10 281 12.6 18.1  2.68 10.00  5.65 147  997.4   9.2   6.1   3.7 99.0 99.00 
2025 02 17 01 20 281 10.9 13.4 99.00 99.00 99.00 999  997.8   8.8   6.1   3.7 99.0 99.00 
2025 02 17 01 30 279 11.9 15.4 99.00 99.00 99.00 999  998.1   8.6   6.1   3.4 99.0 99.00 
2025 02 17 01 40 283 12.1 16.0  2.73 10.00  5.81 146  998.3   8.5   6.1   3.3 99.0 99.00 
2025 02 17 01 50 285 13.2 17.0 99.00 99.00 99.00 999  998.8   8.5   6.1   2.9 99.0 99.00 
2025 02 17 02 00 287 13.4 17.4 99.00 99.00 99.00 999  999.0   8.3   6.1   2.6 99.0 99.00 
2025 02 17 02 10 284 12.7 16.5  2.87  5.88  5.73 324  999.3   8.1   6.1   2.7 99.0 99.00 
2025 02 17 02 20 285 12.6 17.5 99.00 99.00 99.00 999  999.6   7.9   6.1   2.4 99.0 99.00 
2025 02 17 02 30 286 11.8 16.4 99.00 99.00 99.00 999  999.8   7.7   6.1   2.6 99.0 99.00 
2025 02 17 02 40 289 11.8 15.7  2.54  5.88  5.73 308 1000.1   7.5   6.1   2.5 99.0 99.00 
2025 02 17 02 50 291 13.0 16.6 99.00 99.00 99.00 999 1000.4   7.2   6.1   2.0 99.0 99.00 
2025 02 17 03 00 290 12.4 16.3 99.00 99.00 99.00 999 1000.6   6.9 999.0   2.0 99.0 99.00 
2025 02 17 03 10 292 12.9 16.5  2.58 10.00  5.66 146 1000.8   6.8   6.1   1.6 99.0 99.00 
2025 02 17 03 20 290 12.7 16.8 99.00 99.00 99.00 999 1001.1   6.6   6.1   1.3 99.0 99.00 
2025 02 17 03 30 291 12.9 17.5 99.00 99.00 99.00 999 1001.4   6.5   6.1   1.1 99.0 99.00 
2025 02 17 03 40 293 14.0 18.3  2.60 10.00  5.71 154 1001.8   6.4   6.1   0.8 99.0 99.00 
2025 02 17 03 50 292 14.6 19.1 99.00 99.00 99.00 999 1001.9   6.2   6.2   0.4 99.0 99.00 
2025 02 17 04 00 290 14.2 18.1 99.00 99.00 99.00 999 1002.2   6.0   6.2   0.4 99.0 99.00 
2025 02 17 04 10 288 13.2 16.9  2.63  5.56  5.66 312 1002.7   5.9   6.2   0.5 99.0 99.00 
2025 02 17 04 20 292 13.3 17.0 99.00 99.00 99.00 999 1002.9   5.9   6.2   0.6 99.0 99.00 
2025 02 17 04 30 294 13.0 17.8 99.00 99.00 99.00 999 1003.1   5.7   6.2   0.3 99.0 99.00 
2025 02 17 04 40 292 12.8 16.9  2.59  5.88  5.59 325 1003.4   5.6   6.2   0.1 99.0 99.00 
2025 02 17 04 50 291 12.4 15.3 99.00 99.00 99.00 999 1003.6   5.5   6.2   0.2 99.0 99.00 
2025 02 17 05 00 292 12.3 16.6 99.00 99.00 99.00 999 1003.7   5.4   6.2   0.2 99.0 99.00 
2025 02 17 05 10 291 12.3 16.6  2.34  5.88  5.33 315 1003.9   5.4   6.3   0.1 99.0 99.00 
2025 02 17 05 20 287 12.4 16.6 99.00 99.00 99.00 999 1004.2   5.3   6.3  -0.1 99.0 99.00 
2025 02 17 05 30 289 12.3 16.5 99.00 99.00 99.00 999 1004.3   5.2   6.3  -0.2 99.0 99.00 
2025 02 17 05 40 289 12.2 15.2  2.46  6.25  5.51 324 1004.6   5.1   6.3  -0.3 99.0 99.00 
2025 02 17 05 50 287 11.9 15.3 99.00 99.00 99.00 999 1004.6   5.0   6.3  -0.4 99.0 99.00 
2025 02 17 06 00 286 13.2 16.7 99.00 99.00 99.00 999 1004.9   4.9   6.3  -1.1 99.0 99.00 
2025 02 17 06 10 286 12.7 16.4  2.35  6.67  5.39 335 1005.1   4.8   6.3  -1.0 99.0 99.00 
2025 02 17 06 20 284 14.1 18.3 99.00 99.00 99.00 999 1005.3   4.8   6.3  -1.4 99.0 99.00 
2025 02 17 06 30 286 14.9 19.3 99.00 99.00 99.00 999 1005.6   4.7   6.3  -1.8 99.0 99.00 
2025 02 17 06 40 285 14.6 18.0  2.37  6.25  5.34 337 1005.7   4.6   6.3  -1.6 99.0 99.00 
2025 02 17 06 50 285 14.0 17.5 99.00 99.00 99.00 999 1005.9   4.6   6.3  -1.6 99.0 99.00 
2025 02 17 07 00 285 13.5 19.0 99.00 99.00 99.00 999 1006.1   4.6   6.3  -1.5 99.0 99.00 
2025 02 17 07 10 283 14.3 19.0  2.26  5.88  5.17 326 1006.3   4.5   6.3  -2.0 99.0 99.00 
2025 02 17 07 20 286 15.3 20.3 99.00 99.00 99.00 999 1006.5   4.4   6.3  -2.1 99.0 99.00 
2025 02 17 07 30 286 15.3 19.8 99.00 99.00 99.00 999 1006.8   4.3   6.3  -2.2 99.0 99.00 
2025 02 17 07 40 287 14.6 19.5  2.28  5.88  5.03 327 1006.7   4.3   6.3  -2.2 99.0 99.00 
2025 02 17 07 50 288 15.1 19.6 99.00 99.00 99.00 999 1006.9   4.2   6.3  -2.4 99.0 99.00 
2025 02 17 08 00 287 13.7 17.4 99.00 99.00 99.00 999 1007.1   4.2   6.3  -2.1 99.0 99.00 
2025 02 17 08 10 287 14.1 18.2  2.33  5.88  5.13 322 1007.2   4.0   6.3  -2.4 99.0 99.00 
2025 02 17 08 20 288 14.0 17.5 99.00 99.00 99.00 999 1007.4   4.0   6.3  -2.4 99.0 99.00 
2025 02 17 08 30 287 14.1 18.3 99.00 99.00 99.00 999 1007.4   3.9   6.2  -2.6 99.0 99.00 
2025 02 17 08 40 291 13.6 18.4  2.28  5.88  4.95 318 1007.4   3.9   6.2  -2.5 99.0 99.00 
2025 02 17 08 50 293 13.9 18.5 99.00 99.00 99.00 999 1007.7   3.8   6.2  -2.6 99.0 99.00 
2025 02 17 09 00 290 14.3 18.2 99.00 99.00 99.00 999 1007.8   3.8   6.2  -2.5 99.0 99.00 
2025 02 17 09 10 291 14.5 18.9  2.33  5.88  5.06 312 1008.1   3.8   6.2  -2.6 99.0 99.00 
2025 02 17 09 20 289 14.8 18.1 99.00 99.00 99.00 999 1008.3   3.8   6.2  -2.6 99.0 99.00 
2025 02 17 09 30 287 14.3 19.5 99.00 99.00 99.00 999 1008.4   3.8   6.2  -2.5 99.0 99.00 
2025 02 17 09 40 289 13.6 17.2  2.30  5.88  5.04 316 1008.5   3.7   6.2  -2.3 99.0 99.00 
2025 02 17 09 50 288 13.2 17.9 99.00 99.00 99.00 999 1008.4   3.7   6.2  -2.3 99.0 99.00 
2025 02 17 10 00 291 13.9 20.1 99.00 99.00 99.00 999 1008.6   3.6   6.2  -2.7 99.0 99.00 
2025 02 17 10 10 288 14.0 18.2  2.11  5.88  5.06 333 1008.9   3.5   6.2  -2.8 99.0 99.00 
2025 02 17 10 20 288 14.1 18.8 99.00 99.00 99.00 999 1009.3   3.5   6.2  -2.7 99.0 99.00 
2025 02 17 10 30 287 13.6 18.0 99.00 99.00 99.00 999 1009.4   3.5   6.1  -2.3 99.0 99.00 
2025 02 17 10 40 289 14.3 18.3  2.10  5.26  4.93 310 1009.7   3.5   6.1  -2.5 99.0 99.00 
2025 02 17 10 50 285 14.2 17.9 99.00 99.00 99.00 999 1010.1   3.3   6.1  -2.5 99.0 99.00 
2025 02 17 11 00 283 13.6 19.1 99.00 99.00 99.00 999 1010.3   3.3   6.1  -2.1 99.0 99.00 
2025 02 17 11 10 284 13.7 17.7  2.06  5.56  4.89 312 1010.7   3.1   6.2  -2.2 99.0 99.00 
2025 02 17 11 20 283 13.3 16.7 99.00 99.00 99.00 999 1011.1   3.1   6.2  -2.1 99.0 99.00 
2025 02 17 11 30 287 13.3 17.0 99.00 99.00 99.00 999 1011.5   3.1   6.2  -2.0 99.0 99.00 
2025 02 17 11 40 293 13.7 17.5  2.01  5.88  4.98 321 1011.7   2.9   6.2  -2.8 99.0 99.00 
2025 02 17 11 50 289 13.0 17.9 99.00 99.00 99.00 999 1011.9   2.9   6.2  -2.7 99.0 99.00 
2025 02 17 12 00 288 14.6 18.9 99.00 99.00 99.00 999 1012.1   2.7   6.2  -3.8 99.0 99.00 
2025 02 17 12 10 293 14.4 18.9  2.12  5.56  5.09 324 1012.1   2.6   6.2  -4.1 99.0 99.00 
2025 02 17 12 20 290 14.0 19.4 99.00 99.00 99.00 999 1012.4   2.6   6.2  -3.7 99.0 99.00 
2025 02 17 12 30 287 14.0 18.0 99.00 99.00 99.00 999 1013.0   2.6   6.2  -4.0 99.0 99.00 
2025 02 17 12 40 290 14.5 19.4  2.35  6.25  5.27 329 1013.5   2.5   6.3  -4.1 99.0 99.00 
2025 02 17 12 50 289 13.9 18.6 99.00 99.00 99.00 999 1013.8   2.4   6.2  -4.1 99.0 99.00 
2025 02 17 13 00 292 12.9 17.3 99.00 99.00 99.00 999 1013.6   2.4   6.2  -4.0 99.0 99.00 
2025 02 17 13 10 292 12.9 16.6  2.17  6.67  5.17 331 1013.9   2.4   6.3  -4.1 99.0 99.00 
2025 02 17 13 20 285 13.2 18.1 99.00 99.00 99.00 999 1014.0   2.4   6.3  -4.0 99.0 99.00 
2025 02 17 13 30 283 11.8 16.9 99.00 99.00 99.00 999 1014.1   2.4   6.3  -3.6 99.0 99.00 
2025 02 17 13 40 279 10.7 13.7  1.92  5.56  5.17 325 1014.5   2.4   6.3  -3.3 99.0 99.00 
2025 02 17 13 50 274 10.5 14.3 99.00 99.00 99.00 999 1014.5   2.3   6.4  -3.6 99.0 99.00 
2025 02 17 14 00 274 12.0 15.3 99.00 99.00 99.00 999 1014.5   2.2   6.4  -3.7 99.0 99.00 
2025 02 17 14 10 281 13.6 18.2  1.84  6.25  5.08 329 1014.6   2.3   6.4  -3.7 99.0 99.00 
2025 02 17 14 20 283 16.0 20.0 99.00 99.00 99.00 999 1014.7   2.1   6.4  -5.1 99.0 99.00 
2025 02 17 14 30 291 14.8 19.3 99.00 99.00 99.00 999 1014.6   2.1   6.4  -4.4 99.0 99.00 
2025 02 17 14 40 285 14.7 19.3  2.08  6.25  5.02 328 1014.6   2.0   6.4  -4.8 99.0 99.00 
2025 02 17 14 50 282 13.9 17.3 99.00 99.00 99.00 999 1014.8   2.1   6.5  -4.5 99.0 99.00 
2025 02 17 15 00 285 14.0 18.0 99.00 99.00 99.00 999 1014.9   2.2   6.4  -4.5 99.0 99.00 
2025 02 17 15 10 289 13.6 17.5  2.02  6.25  5.10 330 1015.1   2.2   6.4  -4.6 99.0 99.00 
2025 02 17 15 20 287 13.5 17.4 99.00 99.00 99.00 999 1015.4   2.1   6.4  -5.2 99.0 99.00 
2025 02 17 15 30 287 13.4 16.4 99.00 99.00 99.00 999 1015.5   2.1   6.4  -5.5 99.0 99.00 
2025 02 17 15 40 282 12.2 16.2  2.19  6.25  5.21 325 1015.6   2.1   6.4  -5.4 99.0 99.00 
2025 02 17 15 50 281 12.3 15.8 99.00 99.00 99.00 999 1015.7   2.2   6.4  -5.4 99.0 99.00 
2025 02 17 16 00 281 13.0 16.1 99.00 99.00 99.00 999 1015.6   2.2   6.4  -5.8 99.0 99.00 
2025 02 17 16 10 292 13.1 16.8  1.96  6.25  5.04 328 1015.3   2.3   6.4  -5.5 99.0 99.00 
2025 02 17 16 20 288 12.1 15.2 99.00 99.00 99.00 999 1015.3   2.4   6.4  -4.9 99.0 99.00 
2025 02 17 16 30 288 11.9 16.0 99.00 99.00 99.00 999 1015.4   2.5   6.3  -4.7 99.0 99.00 
2025 02 17 16 40 275 11.1 15.3  2.05  6.25  5.08 333 1015.6   2.6   6.3  -4.8 99.0 99.00 
2025 02 17 16 50 282 11.0 13.8 99.00 99.00 99.00 999 1015.6   2.7   6.3  -4.8 99.0 99.00 
2025 02 17 17 00 278 10.8 13.7 99.00 99.00 99.00 999 1015.6   2.8   6.3  -4.9 99.0 99.00 
2025 02 17 17 10 277 10.1 12.7  1.82  5.88  4.87 324 1015.5   2.8   6.2  -5.1 99.0 99.00 
2025 02 17 17 20 270  9.6 12.1 99.00 99.00 99.00 999 1015.4   2.9   6.2  -5.2 99.0 99.00 
2025 02 17 17 30 275 10.3 13.1 99.00 99.00 99.00 999 1015.2   3.0   6.2  -4.9 99.0 99.00 
2025 02 17 17 40 281 11.0 14.7  1.74  6.25  4.80 334 1015.1   3.1   6.2  -5.0 99.0 99.00 
2025 02 17 17 50 286 11.2 14.7 99.00 99.00 99.00 999 1015.0   3.3   6.2  -4.9 99.0 99.00 
2025 02 17 18 00 277 10.7 13.2 99.00 99.00 99.00 999 1015.0   3.4   6.1  -4.4 99.0 99.00 
2025 02 17 18 10 279 10.8 14.1  1.61  5.88  4.57 332 1015.0   3.4   6.1  -5.0 99.0 99.00 
2025 02 17 18 20 276 10.6 13.9 99.00 99.00 99.00 999 1014.9   3.5   6.1  -4.9 99.0 99.00 
2025 02 17 18 30 281 10.9 14.1 99.00 99.00 99.00 999 1014.9   3.7   6.1  -4.6 99.0 99.00 
2025 02 17 18 40 275 11.1 14.6  1.61  5.88  4.53 332 1014.8   3.7   6.1  -4.6 99.0 99.00 
2025 02 17 18 50 283 11.9 15.8 99.00 99.00 99.00 999 1014.8   3.8   6.1  -5.2 99.0 99.00 
2025 02 17 19 00 285 11.2 14.0 99.00 99.00 99.00 999 1014.8   3.8   6.1  -4.8 99.0 99.00 
2025 02 17 19 10 276 10.5 12.9  1.58  5.88  4.46 328 1014.8   4.0   6.1  -4.4 99.0 99.00 
2025 02 17 19 20 278 10.3 13.1 99.00 99.00 99.00 999 1014.9   4.0   6.0  -4.7 99.0 99.00 
2025 02 17 19 30 277 10.6 13.8 99.00 99.00 99.00 999 1014.8   4.1   6.0  -4.1 99.0 99.00 
2025 02 17 19 40 274 11.4 14.3  1.55  5.56  4.40 331 1015.0   4.1   6.0  -4.8 99.0 99.00 
2025 02 17 19 50 274 10.7 13.9 99.00 99.00 99.00 999 1015.1   4.1   6.0  -4.5 99.0 99.00 
2025 02 17 20 00 275 11.6 14.8 99.00 99.00 99.00 999 1015.3   4.3   6.0  -4.6 99.0 99.00 
2025 02 17 20 10 279 11.8 14.4  1.73  5.56  4.47 324 1015.3   4.3   6.0  -5.3 99.0 99.00 
2025 02 17 20 20 279 11.5 14.2 99.00 99.00 99.00 999 1015.5   4.5   6.0  -5.2 99.0 99.00 
2025 02 17 20 30 285 12.8 15.4 99.00 99.00 99.00 999 1015.4   4.5   6.0  -5.5 99.0 99.00 
2025 02 17 20 40 283 11.9 14.9  1.68  4.55  4.46 283 1015.6   4.6   6.0  -5.7 99.0 99.00 
2025 02 17 20 50 279 11.6 14.1 99.00 99.00 99.00 999 1015.4   4.7   5.9  -5.2 99.0 99.00 
2025 02 17 21 00 274 11.3 13.7 99.00 99.00 99.00 999 1015.6   4.7   5.9  -5.8 99.0 99.00 
2025 02 17 21 10 276 10.8 13.5  1.61  4.76  4.45 283 1015.6   4.7   5.9  -5.1 99.0 99.00 
2025 02 17 21 20 276 10.6 13.5 99.00 99.00 99.00 999 1015.7   4.9   5.9  -4.4 99.0 99.00 
2025 02 17 21 30 276 10.7 13.0 99.00 99.00 99.00 999 1015.8   4.9   5.9  -5.3 99.0 99.00 
2025 02 17 21 40 273 10.6 13.1  1.66  4.76  4.40 277 1015.9   4.9   5.9  -5.1 99.0 99.00 
2025 02 17 21 50 272 11.0 14.3 99.00 99.00 99.00 999 1015.9   4.9   5.9  -5.1 99.0 99.00 
2025 02 17 22 00 275 10.1 12.9 99.00 99.00 99.00 999 1016.0   5.0   5.9  -4.4 99.0 99.00 
2025 02 17 22 10 275 10.5 13.1  1.60  4.76  4.45 283 1016.1   5.0   5.9  -4.9 99.0 99.00 
2025 02 17 22 20 276 10.0 13.5 99.00 99.00 99.00 999 1016.3   5.0   5.9  -4.3 99.0 99.00 
2025 02 17 22 30 279  9.9 12.8 99.00 99.00 99.00 999 1016.3   5.0   5.9  -4.4 99.0 99.00 
2025 02 17 22 40 274  9.6 11.9  1.53  5.26  4.45 311 1016.4   5.0   5.9  -4.7 99.0 99.00 
2025 02 17 22 50 270  9.3 11.7 99.00 99.00 99.00 999 1016.5   4.9   5.9  -4.2 99.0 99.00 
2025 02 17 23 00 271  9.9 12.2 99.00 99.00 99.00 999 1016.6   4.9   5.9  -4.6 99.0 99.00 
2025 02 17 23 10 276  9.2 11.8  1.48  5.00  4.46 309 1016.9   4.9   5.9  -4.6 99.0 99.00 
2025 02 17 23 20 278  9.4 12.0 99.00 99.00 99.00 999 1017.0   4.9   5.9  -5.2 99.0 99.00 
2025 02 17 23 30 276  9.1 11.7 99.00 99.00 99.00 999 1017.1   4.8   5.9  -4.8 99.0 99.00 
2025 02 17 23 40 274  8.8 11.4  1.41  5.26  4.29 323 1017.2   4.8   5.9  -4.6 99.0 99.00 
2025 02 17 23 50 279  9.2 11.4 99.00 99.00 99.00 999 1017.3   4.8   5.9  -5.0 99.0 99.00 
2025 02 18 00 00 280  9.1 11.6 99.00 99.00 99.00 999 1017.4   4.7   5.9  -5.1 99.0 99.00 
2025 02 18 00 10 282  8.5 10.5  1.25  5.26  4.29 329 1017.3   4.6   5.9  -4.8 99.0 99.00 
2025 02 18 00 20 281  9.1 11.6 99.00 99.00 99.00 999 1017.3   4.6   5.9  -4.9 99.0 99.00 
2025 02 18 00 30 281  9.8 12.3 99.00 99.00 99.00 999 1017.1   4.5   5.9  -5.6 99.0 99.00 
2025 02 18 00 40 278  9.3 11.4  1.24  5.26  4.28 331 1017.2   4.4   5.9  -5.4 99.0 99.00 
2025 02 18 00 50 279  9.4 11.8 99.00 99.00 99.00 999 1017.3   4.3   5.9  -5.2 99.0 99.00 
2025 02 18 01 00 281  9.5 11.8 99.00 99.00 99.00 999 1017.5   4.3   5.9  -5.2 99.0 99.00 
2025 02 18 01 10 282  9.1 11.3  1.17  5.00  4.15 329 1017.6   4.2   5.9  -4.8 99.0 99.00 
2025 02 18 01 20 281  9.5 11.7 99.00 99.00 99.00 999 1017.6   4.1   5.9  -5.1 99.0 99.00 
2025 02 18 01 30 282  9.7 11.7 99.00 99.00 99.00 999 1017.7   4.0   5.8  -5.3 99.0 99.00 
2025 02 18 01 40 280  9.4 12.3  1.15  5.00  4.23 332 1017.8   4.0   5.8  -5.1 99.0 99.00 
2025 02 18 01 50 286  9.0 11.2 99.00 99.00 99.00 999 1017.8   4.0   5.8  -4.6 99.0 99.00 
2025 02 18 02 00 291 10.0 13.3 99.00 99.00 99.00 999 1017.7   3.9   5.8  -5.4 99.0 99.00 
2025 02 18 02 10 293 10.4 13.0  1.08  5.26  4.14 342 1017.6   3.8   5.8  -5.5 99.0 99.00 
2025 02 18 02 20 293 11.0 13.4 99.00 99.00 99.00 999 1017.7   3.7   5.8  -6.2 99.0 99.00 
2025 02 18 02 30 291 10.3 13.1 99.00 99.00 99.00 999 1017.9   3.7   5.8  -5.8 99.0 99.00 
2025 02 18 02 40 290 10.6 13.1  1.05  5.26  4.16 338 1018.2   3.6   5.8  -6.1 99.0 99.00 
2025 02 18 02 50 290 10.9 13.5 99.00 99.00 99.00 999 1018.4   3.6   5.8  -6.2 99.0 99.00 
2025 02 18 03 00 288 11.3 14.0 99.00 99.00 99.00 999 1018.5   3.5   5.8  -6.5 99.0 99.00 
2025 02 18 03 10 290 11.4 15.1  1.16  5.26  4.25 346 1018.5   3.5   5.8  -6.3 99.0 99.00 
2025 02 18 03 20 289 11.5 14.2 99.00 99.00 99.00 999 1018.5   3.4   5.8  -6.6 99.0 99.00 
2025 02 18 03 30 290 11.0 13.9 99.00 99.00 99.00 999 1018.6   3.3   5.8  -6.4 99.0 99.00 
2025 02 18 03 40 284 10.6 12.9  1.27  5.26  4.38 339 1018.7   3.3   5.8  -6.1 99.0 99.00 
2025 02 18 03 50 286 11.2 13.9 99.00 99.00 99.00 999 1018.6   3.3   5.8  -6.2 99.0 99.00 
2025 02 18 04 00 286 10.9 13.4 99.00 99.00 99.00 999 1018.7   3.2   5.8  -6.0 99.0 99.00 
2025 02 18 04 10 284 10.3 13.3  1.27  5.56  4.38 340 1018.8   3.2   5.8  -5.8 99.0 99.00 
2025 02 18 04 20 283 10.1 12.9 99.00 99.00 99.00 999 1018.7   3.1   5.8  -6.1 99.0 99.00 
2025 02 18 04 30 291 11.0 13.1 99.00 99.00 99.00 999 1018.7   3.1   5.9  -6.4 99.0 99.00 
2025 02 18 04 40 291 11.6 13.9  1.32  5.26  4.38 339 1018.9   3.0 999.0  -6.9 99.0 99.00 
2025 02 18 04 50 290 11.9 15.2 99.00 99.00 99.00 999 1019.0   3.0   5.9  -7.4 99.0 99.00 
2025 02 18 05 00 286 11.5 14.4 99.00 99.00 99.00 999 1019.0   3.0   5.9  -7.1 99.0 99.00 
2025 02 18 05 10 288 11.4 15.1  1.31  5.56  4.35 340 1019.2   2.9   5.9  -7.3 99.0 99.00 
2025 02 18 05 20 284 11.4 14.3 99.00 99.00 99.00 999 1019.2   2.9   5.9  -7.4 99.0 99.00 
2025 02 18 05 30 287 11.6 15.3 99.00 99.00 99.00 999 1019.0   2.9   5.9  -7.1 99.0 99.00 
2025 02 18 05 40 290 11.7 14.6  1.35  5.26  4.30 335 1019.0   2.9   5.9  -7.0 99.0 99.00 
2025 02 18 05 50 291 12.1 15.2 99.00 99.00 99.00 999 1019.2   2.8   5.9  -7.6 99.0 99.00 
2025 02 18 06 00 288 12.1 14.8 99.00 99.00 99.00 999 1019.3   2.8   5.9  -7.7 99.0 99.00 
2025 02 18 06 10 288 11.7 15.3  1.50  5.56  4.52 333 1019.5   2.7   5.9  -7.3 99.0 99.00 
2025 02 18 06 20 290 11.5 14.1 99.00 99.00 99.00 999 1019.5   2.7   5.9  -7.2 99.0 99.00 
2025 02 18 06 30 293 12.9 16.7 99.00 99.00 99.00 999 1019.4   2.6   5.8  -7.9 99.0 99.00 
2025 02 18 06 40 296 12.5 16.3  1.43  5.88  4.44 334 1019.5   2.6   5.9  -7.7 99.0 99.00 
2025 02 18 06 50 299 12.2 15.0 99.00 99.00 99.00 999 1019.7   2.6   5.9  -7.4 99.0 99.00 
2025 02 18 07 00 298 12.2 15.5 99.00 99.00 99.00 999 1019.7   2.5   5.9  -7.8 99.0 99.00 
2025 02 18 07 10 295 11.9 14.4  1.58  5.56  4.52 330 1019.9   2.3   5.9  -8.5 99.0 99.00 
2025 02 18 07 20 294 11.5 15.1 99.00 99.00 99.00 999 1019.9   2.3   5.9  -8.0 99.0 99.00 
2025 02 18 07 30 292 11.7 14.9 99.00 99.00 99.00 999 1020.1   2.3   6.0  -7.9 99.0 99.00 
2025 02 18 07 40 293 12.0 14.8  1.48  5.56  4.35 326 1020.0   2.2   6.0  -8.1 99.0 99.00 
2025 02 18 07 50 294 12.4 15.5 99.00 99.00 99.00 999 1020.2   2.1   6.0  -8.4 99.0 99.00 
2025 02 18 08 00 293 13.2 16.2 99.00 99.00 99.00 999 1020.2   2.0   5.9  -8.8 99.0 99.00 
2025 02 18 08 10 295 12.2 15.2  1.46  5.26  4.25 327 1020.3   1.8   5.9  -8.6 99.0 99.00 
2025 02 18 08 20 296 11.9 15.3 99.00 99.00 99.00 999 1020.3   1.8   5.9  -8.3 99.0 99.00 
2025 02 18 08 30 296 11.5 14.6 99.00 99.00 99.00 999 1020.3   1.6   5.9  -9.0 99.0 99.00 
2025 02 18 08 40 300 11.3 13.8  1.38  5.00  4.16 320 1020.3   1.5   5.9  -8.4 99.0 99.00 
2025 02 18 08 50 304 11.3 13.8 99.00 99.00 99.00 999 1020.3   1.4   5.9  -8.5 99.0 99.00 
2025 02 18 09 00 307 11.5 13.7 99.00 99.00 99.00 999 1020.3   1.4   5.9  -8.1 99.0 99.00 
2025 02 18 09 10 307 10.9 14.2  1.34  5.26  4.13 331 1020.4   1.4   5.9  -7.8 99.0 99.00 
2025 02 18 09 20 306 11.5 14.0 99.00 99.00 99.00 999 1020.3   1.4   5.9  -8.2 99.0 99.00 
2025 02 18 09 30 309 11.5 13.9 99.00 99.00 99.00 999 1020.5   1.3   5.9  -7.8 99.0 99.00 
2025 02 18 09 40 310 11.5 14.0  1.34  5.00  4.22 326 1020.6   1.3   5.9  -7.8 99.0 99.00 
2025 02 18 09 50 312 10.5 12.7 99.00 99.00 99.00 999 1020.8   1.4   5.9  -6.9 99.0 99.00 
2025 02 18 10 00 308 10.5 14.6 99.00 99.00 99.00 999 1021.1   1.3   5.9  -7.4 99.0 99.00 
2025 02 18 10 10 311 11.2 13.9  1.24  4.76  4.06 326 1021.2   1.2   5.9  -7.8 99.0 99.00 
2025 02 18 10 20 317 11.3 14.1 99.00 99.00 99.00 999 1021.4   1.0   5.8  -8.3 99.0 99.00 
2025 02 18 10 30 313 10.4 13.3 99.00 99.00 99.00 999 1021.7   1.1   5.8  -7.6 99.0 99.00 
2025 02 18 10 40 311 10.7 13.5  1.24  5.26  4.22 325 1021.9   0.9   5.8  -8.7 99.0 99.00 
2025 02 18 10 50 310 11.3 13.9 99.00 99.00 99.00 999 1022.1   0.9   5.8  -8.8 99.0 99.00 
2025 02 18 11 00 305 11.0 14.8 99.00 99.00 99.00 999 1022.3   0.8   5.9  -9.2 99.0 99.00 
2025 02 18 11 10 301 11.4 14.7  1.45  5.26  4.40 336 1022.5   0.8   5.9  -9.6 99.0 99.00 
2025 02 18 11 20 306 11.7 14.3 99.00 99.00 99.00 999 1022.5   0.7   5.9  -9.4 99.0 99.00 
2025 02 18 11 30 306 11.3 14.8 99.00 99.00 99.00 999 1022.7   0.4   5.9  -8.9 99.0 99.00 
2025 02 18 11 40 306 11.8 14.3  1.51  5.26  4.48 333 1022.9   0.2   5.9  -9.3 99.0 99.00 
2025 02 18 11 50 301 10.4 13.2 99.00 99.00 99.00 999 1023.1   0.3   5.9  -9.2 99.0 99.00 
2025 02 18 12 00 302  9.6 11.8 99.00 99.00 99.00 999 1023.2   0.3   5.9  -9.5 99.0 99.00 
2025 02 18 12 10 303 10.7 14.0  1.51  5.56  4.57 335 1023.2   0.2   5.9 -10.2 99.0 99.00 
2025 02 18 12 20 298 10.9 14.3 99.00 99.00 99.00 999 1023.4   0.2   5.9 -10.2 99.0 99.00 
2025 02 18 12 30 302  9.8 11.9 99.00 99.00 99.00 999 1023.4   0.0   5.9 -10.1 99.0 99.00 
2025 02 18 12 40 302  8.6 11.7  1.56  5.56  4.66 340 1023.5   0.0   5.9  -9.6 99.0 99.00 
2025 02 18 12 50 306  8.8 12.8 99.00 99.00 99.00 999 1023.7  -0.1   5.9  -9.3 99.0 99.00 
2025 02 18 13 00 304  9.7 13.4 99.00 99.00 99.00 999 1023.8  -0.2   5.9  -9.7 99.0 99.00 
2025 02 18 13 10 296 10.8 13.3  1.32  5.26  4.45 331 1024.1  -0.3   5.9 -10.4 99.0 99.00 
2025 02 18 13 20 291 10.6 13.1 99.00 99.00 99.00 999 1023.7  -0.4   5.9 -11.0 99.0 99.00 
2025 02 18 13 30 295  9.5 12.8 99.00 99.00 99.00 999 1023.7  -0.3   5.9  -9.9 99.0 99.00 
2025 02 18 13 40 298 10.2 12.9  1.34  5.56  4.54 335 1023.8  -0.4   5.9 -11.0 99.0 99.00 
2025 02 18 13 50 303 10.3 12.8 99.00 99.00 99.00 999 1024.2  -0.5   5.9 -11.2 99.0 99.00 
2025 02 18 14 00 298 10.4 12.5 99.00 99.00 99.00 999 1024.3  -0.5   5.9 -11.3 99.0 99.00 
2025 02 18 14 10 297  9.6 12.6  1.37  5.26  4.65 328 1024.2  -0.6   5.9 -10.7 99.0 99.00 
2025 02 18 14 20 293  9.7 12.9 99.00 99.00 99.00 999 1024.2  -0.6   5.9 -10.7 99.0 99.00 
2025 02 18 14 30 296  9.0 11.2 99.00 99.00 99.00 999 1024.3  -0.7   5.9 -11.1 99.0 99.00 
2025 02 18 14 40 293  8.8 11.5  1.23  5.56  4.45 331 1024.3  -0.7   5.9 -11.2 99.0 99.00 
2025 02 18 14 50 290  8.4 11.8 99.00 99.00 99.00 999 1024.5  -0.8   5.9 -11.1 99.0 99.00 
2025 02 18 15 00 295  8.4 11.3 99.00 99.00 99.00 999 1024.4  -0.6   5.9 -10.3 99.0 99.00 
2025 02 18 15 10 292  9.3 12.5  1.21  5.56  4.44 337 1024.4  -0.7   5.9 -11.6 99.0 99.00 
2025 02 18 15 20 289  9.1 11.8 99.00 99.00 99.00 999 1024.6  -0.5   5.9 -10.3 99.0 99.00 
2025 02 18 15 30 288  8.5 11.0 99.00 99.00 99.00 999 1024.6  -0.5   5.9 -10.4 99.0 99.00 
2025 02 18 15 40 289  8.0 10.3  1.25  5.56  4.42 330 1024.7  -0.6   5.9 -11.0 99.0 99.00 
2025 02 18 15 50 288  9.5 12.4 99.00 99.00 99.00 999 1024.7  -0.5   5.9 -11.6 99.0 99.00 
2025 02 18 16 00 291  8.8 12.4 99.00 99.00 99.00 999 1024.6  -0.5   5.9 -10.8 99.0 99.00 
2025 02 18 16 10 277  8.3 10.6  1.07  5.56  4.18 335 1024.7  -0.5   5.9 -10.5 99.0 99.00 
2025 02 18 16 20 280  8.1 10.8 99.00 99.00 99.00 999 1024.8  -0.5   5.9 -10.6 99.0 99.00 
2025 02 18 16 30 288  8.7 11.0 99.00 99.00 99.00 999 1024.8  -0.4   5.9 -11.1 99.0 99.00 
2025 02 18 16 40 280  8.9 11.8  1.08  5.26  4.25 332 1024.7  -0.4   5.9 -11.1 99.0 99.00 
2025 02 18 16 50 284  8.8 10.8 99.00 99.00 99.00 999 1024.5  -0.5   5.9 -11.4 99.0 99.00 
2025 02 18 17 00 283  9.2 12.1 99.00 99.00 99.00 999 1024.4  -0.3   5.9 -10.5 99.0 99.00 
2025 02 18 17 10 293  9.3 11.3  1.03  5.26  4.07 329 1024.3  -0.2   5.9 -10.3 99.0 99.00 
2025 02 18 17 20 292  9.2 11.8 99.00 99.00 99.00 999 1024.3  -0.2   5.9 -10.3 99.0 99.00 
2025 02 18 17 30 300  8.8 11.5 99.00 99.00 99.00 999 1024.1   0.0   5.9 -10.0 99.0 99.00 
2025 02 18 17 40 297  9.4 11.4  1.05  5.26  3.95 335 1024.0   0.0   5.9  -9.9 99.0 99.00 
2025 02 18 17 50 288  8.6 11.2 99.00 99.00 99.00 999 1023.8   0.0   5.9 -10.4 99.0 99.00 
2025 02 18 18 00 295  8.4 10.8 99.00 99.00 99.00 999 1023.7   0.1   5.9 -10.2 99.0 99.00 
2025 02 18 18 10 302  8.9 10.7  1.16  4.76  4.09 327 1023.7   0.2   5.9  -9.8 99.0 99.00 
2025 02 18 18 20 297  8.4 10.5 99.00 99.00 99.00 999 1023.5   0.1   5.8 -10.3 99.0 99.00 
2025 02 18 18 30 299  8.1 10.8 99.00 99.00 99.00 999 1023.6   0.1   5.9 -10.4 99.0 99.00 
2025 02 18 18 40 298  8.4 10.8  1.09  5.00  3.92 332 1023.5   0.4   5.9  -9.8 99.0 99.00 
2025 02 18 18 50 297  8.6 11.9 99.00 99.00 99.00 999 1023.5   0.4   5.9 -10.8 99.0 99.00 
2025 02 18 19 00 303  9.1 11.8 99.00 99.00 99.00 999 1023.6   0.5   5.9 -10.6 99.0 99.00 
2025 02 18 19 10 296  9.3 12.0  1.14  5.00  3.96 329 1023.6   0.7   5.9 -10.3 99.0 99.00 
2025 02 18 19 20 295 10.5 13.8 99.00 99.00 99.00 999 1023.6   0.8   5.9 -10.4 99.0 99.00 
2025 02 18 19 30 297 11.5 14.8 99.00 99.00 99.00 999 1023.5   1.0   5.9 -10.5 99.0 99.00 
2025 02 18 19 40 297 11.2 13.9  1.14  4.76  3.82 324 1023.5   1.1   5.9 -10.8 99.0 99.00 
2025 02 18 19 50 294 11.1 14.4 99.00 99.00 99.00 999 1023.6   1.2   5.9 -10.0 99.0 99.00 
2025 02 18 20 00 299 12.1 14.8 99.00 99.00 99.00 999 1023.6   1.2   5.9 -10.6 99.0 99.00 
2025 02 18 20 10 299 11.5 13.9  1.19  4.35  3.88 316 1023.6   1.2   5.9 -10.0 99.0 99.00 
2025 02 18 20 20 296 11.4 13.8 99.00 99.00 99.00 999 1023.5   1.2 999.0 -10.4 99.0 99.00 
2025 02 18 20 30 296 11.3 13.4 99.00 99.00 99.00 999 1023.5   1.2   5.9  -9.7 99.0 99.00 
2025 02 18 20 40 297 11.1 13.6  1.20  4.55  3.93 323 1023.7   1.3   5.9  -9.0 99.0 99.00 
2025 02 18 20 50 298 11.0 13.8 99.00 99.00 99.00 999 1023.9   1.3   5.9  -8.9 99.0 99.00 
2025 02 18 21 00 296 10.2 12.7 99.00 99.00 99.00 999 1024.1   1.2   5.9  -9.3 99.0 99.00 
2025 02 18 21 10 295  9.8 12.2  1.25  4.55  4.04 314 1024.2   1.3   5.9  -9.0 99.0 99.00 
2025 02 18 21 20 300 10.5 13.7 99.00 99.00 99.00 999 1024.1   1.3   5.9  -9.0 99.0 99.00 
2025 02 18 21 30 301 10.3 13.2 99.00 99.00 99.00 999 1024.3   1.3   5.9  -9.0 99.0 99.00 
2025 02 18 21 40 303 10.6 13.0  1.33  5.00  4.16 327 1024.3   1.2 999.0  -9.4 99.0 99.00 
2025 02 18 21 50 306  9.9 12.3 99.00 99.00 99.00 999 1024.5   1.2   5.9  -8.5 99.0 99.00 
2025 02 18 22 00 309  9.9 12.4 99.00 99.00 99.00 999 1024.6   1.1   5.9  -8.9 99.0 99.00 
2025 02 18 22 10 310 10.1 12.0  1.33  5.00  4.23 318 1024.6   0.9   5.9  -8.9 99.0 99.00 
2025 02 18 22 20 308  9.8 12.5 99.00 99.00 99.00 999 1024.6   0.7   5.9  -8.8 99.0 99.00 
2025 02 18 22 30 310  9.8 12.3 99.00 99.00 99.00 999 1024.8   0.7   5.9  -9.3 99.0 99.00 
2025 02 18 22 40 303  9.3 12.1  1.28  5.00  4.22 325 1024.7   0.7   5.9  -9.1 99.0 99.00 
2025 02 18 22 50 304  9.3 12.3 99.00 99.00 99.00 999 1025.0   0.6   5.9  -9.0 99.0 99.00 
2025 02 18 23 00 302  9.1 11.2 99.00 99.00 99.00 999 1025.2   0.7   5.9  -8.3 99.0 99.00 
2025 02 18 23 10 300  8.6 10.8  1.25  5.26  4.28 329 1025.3   0.7   5.9  -9.0 99.0 99.00 
2025 02 18 23 20 299  8.3 10.9 99.00 99.00 99.00 999 1025.4   0.6   5.9  -9.2 99.0 99.00 
2025 02 18 23 30 297  8.5 10.8 99.00 99.00 99.00 999 1025.3   0.5   5.9  -9.9 99.0 99.00 
2025 02 18 23 40 299  8.5 10.5  1.21  5.00  4.22 326 1025.5   0.4   5.9 -10.4 99.0 99.00 
2025 02 18 23 50 301  8.6 12.0 99.00 99.00 99.00 999 1025.5   0.6   5.9  -9.5 99.0 99.00 
2025 02 19 00 00 300  8.6 10.7 99.00 99.00 99.00 999 1025.6   0.5   6.0  -9.8 99.0 99.00 
2025 02 19 00 10 299  8.9 11.1  1.09  5.00  4.21 326 1025.6   0.5   5.9  -9.9 99.0 99.00 
2025 02 19 00 20 308  9.3 12.8 99.00 99.00 99.00 999 1025.8   0.6   6.0  -9.6 99.0 99.00 
2025 02 19 00 30 306  9.7 12.8 99.00 99.00 99.00 999 1025.7   0.5   5.9  -9.6 99.0 99.00 
2025 02 19 00 40 297  9.6 12.2  1.09  4.76  4.17 324 1026.0   0.4   5.9  -9.9 99.0 99.00 
2025 02 19 00 50 301  9.3 13.2 99.00 99.00 99.00 999 1025.8   0.3   5.9  -9.6 99.0 99.00 
2025 02 19 01 00 304  9.3 12.0 99.00 99.00 99.00 999 1025.9   0.3   5.9  -9.6 99.0 99.00 
2025 02 19 01 10 307  9.3 11.4  1.05  4.76  4.09 320 1025.8   0.3   5.9  -9.5 99.0 99.00 
2025 02 19 01 20 307  9.0 11.7 99.00 99.00 99.00 999 1026.0   0.1   5.9 -10.0 99.0 99.00 
2025 02 19 01 30 313  9.0 10.7 99.00 99.00 99.00 999 1026.3   0.1   5.9  -9.7 99.0 99.00 
2025 02 19 01 40 311  9.5 11.8  1.05  4.55  4.06 316 1026.5   0.2   5.9  -9.8 99.0 99.00 
2025 02 19 01 50 312  9.1 11.9 99.00 99.00 99.00 999 1026.6   0.2   5.9  -9.6 99.0 99.00 
2025 02 19 02 00 314  9.8 12.7 99.00 99.00 99.00 999 1026.6   0.1   5.9 -10.1 99.0 99.00 
2025 02 19 02 10 308  9.6 12.2  1.04  4.55  4.12 325 1026.6   0.1   5.9  -9.7 99.0 99.00 
2025 02 19 02 20 314  9.2 11.7 99.00 99.00 99.00 999 1026.8   0.1   5.9  -9.1 99.0 99.00 
2025 02 19 02 30 314  9.4 12.5 99.00 99.00 99.00 999 1027.0   0.1 999.0  -9.0 99.0 99.00 
2025 02 19 02 40 312  9.7 13.1  0.98  4.35  4.11 326 1026.9   0.1   5.9  -9.1 99.0 99.00 
2025 02 19 02 50 318  9.5 12.7 99.00 99.00 99.00 999 1026.9   0.0   5.9  -8.3 99.0 99.00 
2025 02 19 03 00 320  9.7 12.4 99.00 99.00 99.00 999 1026.9   0.0   5.9  -7.8 99.0 99.00 
2025 02 19 03 10 326  9.5 12.5  1.12  5.00  4.15 335 1027.1  -0.1   5.8  -7.8 99.0 99.00 
2025 02 19 03 20 326  9.4 12.1 99.00 99.00 99.00 999 1027.0  -0.4   5.8  -8.3 99.0 99.00 
2025 02 19 03 30 325  9.8 12.9 99.00 99.00 99.00 999 1027.0  -0.4   5.8  -8.1 99.0 99.00 
2025 02 19 03 40 331 10.0 12.4  1.13  5.00  4.27 333 1027.0  -0.5   5.8  -7.5 99.0 99.00 
2025 02 19 03 50 327 10.6 14.6 99.00 99.00 99.00 999 1026.8  -0.7   5.8  -7.8 99.0 99.00 
2025 02 19 04 00 324 10.5 13.5 99.00 99.00 99.00 999 1026.8  -0.8   5.8  -7.7 99.0 99.00 
2025 02 19 04 10 336 10.5 14.0  1.23  5.26  4.29 331 1026.8  -1.1   5.8  -7.8 99.0 99.00 
2025 02 19 04 20 337 10.6 13.6 99.00 99.00 99.00 999 1026.7  -1.2   5.8  -7.5 99.0 99.00 
2025 02 19 04 30 336 10.8 13.7 99.00 99.00 99.00 999 1026.6  -1.5   5.7  -7.9 99.0 99.00 
2025 02 19 04 40 333 10.7 13.6  1.26  5.00  4.32 336 1026.7  -1.5   5.7  -7.5 99.0 99.00 
2025 02 19 04 50 335 10.6 14.1 99.00 99.00 99.00 999 1026.9  -1.5   5.7  -7.2 99.0 99.00 
2025 02 19 05 00 336 10.0 13.1 99.00 99.00 99.00 999 1027.1  -1.5   5.7  -7.0 99.0 99.00 
2025 02 19 05 10 339  9.8 13.1  1.34  5.56  4.50 327 1027.0  -1.6   5.7  -7.0 99.0 99.00 
2025 02 19 05 20 333 10.6 13.4 99.00 99.00 99.00 999 1027.2  -1.6   5.7  -7.2 99.0 99.00 
2025 02 19 05 30 334 10.1 12.7 99.00 99.00 99.00 999 1027.4  -1.8   5.7  -7.5 99.0 99.00 
2025 02 19 05 40 331 10.0 12.4  1.43  5.26  4.48 326 1027.4  -1.8   5.7  -7.4 99.0 99.00 
2025 02 19 05 50 338 10.7 13.6 99.00 99.00 99.00 999 1027.3  -1.8   5.7  -7.3 99.0 99.00 
2025 02 19 06 00 334 10.7 13.9 99.00 99.00 99.00 999 1027.4  -1.9   5.7  -7.5 99.0 99.00 
2025 02 19 06 10 334 10.9 14.0  1.33  5.56  4.34 331 1027.4  -1.9   5.7  -7.8 99.0 99.00 
2025 02 19 06 20 338 10.3 13.2 99.00 99.00 99.00 999 1027.6  -2.1   5.7  -7.5 99.0 99.00 
2025 02 19 06 30 337 10.4 14.1 99.00 99.00 99.00 999 1027.7  -2.1   5.7  -7.2 99.0 99.00 
2025 02 19 06 40 323 10.4 13.1  1.57  5.56  4.66 327 1027.9  -2.1   5.7  -7.5 99.0 99.00 
2025 02 19 06 50 331  9.9 12.3 99.00 99.00 99.00 999 1028.1  -2.2   5.6  -7.2 99.0 99.00 
2025 02 19 07 00 331  9.7 12.9 99.00 99.00 99.00 999 1028.2  -2.2   5.6  -6.9 99.0 99.00 
2025 02 19 07 10 326 10.7 13.5  1.61  5.56  4.51 322 1028.2  -2.4   5.6  -7.4 99.0 99.00 
2025 02 19 07 20 335 10.4 13.7 99.00 99.00 99.00 999 1028.0  -2.4   5.6  -7.0 99.0 99.00 
2025 02 19 07 30 341 10.8 13.4 99.00 99.00 99.00 999 1028.2  -2.6   5.6  -7.4 99.0 99.00 
2025 02 19 07 40 338 10.5 13.6  1.63  5.56  4.49 328 1028.2  -2.7   5.6  -7.6 99.0 99.00 
2025 02 19 07 50 340 10.5 13.4 99.00 99.00 99.00 999 1028.2  -2.9   5.6  -8.3 99.0 99.00 
2025 02 19 08 00 337 10.6 13.6 99.00 99.00 99.00 999 1028.1  -3.0   5.6  -8.8 99.0 99.00 
2025 02 19 08 10 338 10.1 12.8  1.74  5.56  4.58 326 1028.3  -3.1   5.6  -8.6 99.0 99.00 
2025 02 19 08 20 330  9.9 13.3 99.00 99.00 99.00 999 1028.2  -3.2   5.6  -9.1 99.0 99.00 
2025 02 19 08 30 335 10.8 14.1 99.00 99.00 99.00 999 1028.2  -3.3   5.6  -8.9 99.0 99.00 
2025 02 19 08 40 340 11.0 13.9  1.77  5.26  4.62 328 1028.1  -3.4   5.6  -8.6 99.0 99.00 
2025 02 19 08 50 342 10.9 14.3 99.00 99.00 99.00 999 1028.1  -3.3   5.5  -8.3 99.0 99.00 
2025 02 19 09 00 340 11.0 14.2 99.00 99.00 99.00 999 1027.9  -3.3   5.5  -8.3 99.0 99.00 
2025 02 19 09 10 340 11.1 13.7  1.72  5.88  4.52 331 1028.1  -3.4   5.5  -8.3 99.0 99.00 
2025 02 19 09 20 332 10.8 13.7 99.00 99.00 99.00 999 1028.3  -3.4   5.5  -8.3 99.0 99.00 
2025 02 19 09 30 337 10.6 14.4 99.00 99.00 99.00 999 1028.2  -3.2   5.5  -8.0 99.0 99.00 
2025 02 19 09 40 340 10.4 12.9  1.59  5.88  4.42 330 1028.0  -3.3   5.5  -8.6 99.0 99.00 
2025 02 19 09 50 340 10.5 13.4 99.00 99.00 99.00 999 1028.0  -3.4   5.5  -8.7 99.0 99.00 
2025 02 19 10 00 345 10.6 13.7 99.00 99.00 99.00 999 1027.8  -3.3   5.5  -8.6 99.0 99.00 
2025 02 19 10 10 344 10.2 13.3  1.54  5.88  4.50 327 1027.8  -3.3   5.5  -8.4 99.0 99.00 
2025 02 19 10 20 339 10.0 12.4 99.00 99.00 99.00 999 1028.0  -3.3   5.5  -8.6 99.0 99.00 
2025 02 19 10 30 337  9.8 12.3 99.00 99.00 99.00 999 1028.3  -3.3   5.5  -8.4 99.0 99.00 
2025 02 19 10 40 342 10.1 13.2  1.64  5.26  4.45 336 1028.2  -3.3   5.5  -8.4 99.0 99.00 
2025 02 19 10 50 340  9.9 11.8 99.00 99.00 99.00 999 1028.6  -3.3   5.5  -8.2 99.0 99.00 
2025 02 19 11 00 335  9.6 12.8 99.00 99.00 99.00 999 1028.5  -3.2   5.5  -7.8 99.0 99.00 
2025 02 19 11 10 338  9.8 12.6  1.38  5.26  4.26 330 1028.7  -3.4   5.5  -8.1 99.0 99.00 
2025 02 19 11 20 340  9.6 12.0 99.00 99.00 99.00 999 1028.5  -3.3   5.6  -7.7 99.0 99.00 
2025 02 19 11 30 341 10.0 12.2 99.00 99.00 99.00 999 1028.5  -3.3   5.6  -7.9 99.0 99.00 
2025 02 19 11 40 339 10.2 12.7  1.63  5.26  4.50 337 1028.5  -3.4   5.6  -8.4 99.0 99.00 
2025 02 19 11 50 343  9.6 11.8 99.00 99.00 99.00 999 1028.6  -3.3   5.6  -8.2 99.0 99.00 
2025 02 19 12 00 339  9.4 12.0 99.00 99.00 99.00 999 1028.8  -3.4   5.6  -8.6 99.0 99.00 
2025 02 19 12 10 338  9.0 11.1  1.51  5.26  4.45 341 1028.9  -3.3   5.6  -8.6 99.0 99.00 
2025 02 19 12 20 347  8.7 10.8 99.00 99.00 99.00 999 1029.1  -3.3   5.6  -8.8 99.0 99.00 
2025 02 19 12 30 343  8.8 11.1 99.00 99.00 99.00 999 1029.1  -3.2   5.6  -8.4 99.0 99.00 
2025 02 19 12 40 345  8.7 10.7  1.39  5.26  4.32 338 1029.3  -3.2   5.6  -8.7 99.0 99.00 
2025 02 19 12 50 339  8.6 11.0 99.00 99.00 99.00 999 1029.4  -3.2   5.6  -8.5 99.0 99.00 
2025 02 19 13 00 349  8.3 10.9 99.00 99.00 99.00 999 1029.3  -3.1   5.6  -8.5 99.0 99.00 
2025 02 19 13 10 344  8.1 11.2  1.48  5.26  4.37 340 1029.2  -3.1   5.6  -8.4 99.0 99.00 
2025 02 19 13 20 343  8.2 10.5 99.00 99.00 99.00 999 1029.3  -3.1   5.6  -8.5 99.0 99.00 
2025 02 19 13 30 343  8.1 10.5 99.00 99.00 99.00 999 1029.6  -3.1   5.6  -8.4 99.0 99.00 
2025 02 19 13 40 342  8.0  9.8  1.35  4.76  4.23 333 1029.7  -3.0   5.6  -8.3 99.0 99.00 
2025 02 19 13 50 336  8.2 10.6 99.00 99.00 99.00 999 1030.1  -3.0   5.6  -8.2 99.0 99.00 
2025 02 19 14 00 340  8.0 10.1 99.00 99.00 99.00 999 1029.9  -3.0   5.6  -8.3 99.0 99.00 
2025 02 19 14 10 333  7.9 10.2  1.30  5.26  4.31 341 1029.7  -2.9   5.6  -7.7 99.0 99.00 
2025 02 19 14 20 334  8.1 11.1 99.00 99.00 99.00 999 1029.6  -3.0   5.6  -7.8 99.0 99.00 
2025 02 19 14 30 332  8.2 10.6 99.00 99.00 99.00 999 1029.6  -3.0   5.6  -7.6 99.0 99.00 
2025 02 19 14 40 334  8.0 10.8  1.31  5.00  4.30 336 1029.4  -3.1   5.6  -7.5 99.0 99.00 
2025 02 19 14 50 335  8.2 10.2 99.00 99.00 99.00 999 1029.5  -3.1   5.6  -7.5 99.0 99.00 
2025 02 19 15 00 333  7.5  9.4 99.00 99.00 99.00 999 1029.5  -3.1   5.5  -7.5 99.0 99.00 
2025 02 19 15 10 330  7.9 10.6  1.21  5.26  4.18 338 1029.1  -3.2   5.5  -7.7 99.0 99.00 
2025 02 19 15 20 333  7.9 10.1 99.00 99.00 99.00 999 1029.3  -3.0   5.5  -7.5 99.0 99.00 
2025 02 19 15 30 331  7.5 10.1 99.00 99.00 99.00 999 1029.5  -3.1   5.5  -7.9 99.0 99.00 
2025 02 19 15 40 333  7.8 10.0  1.13  5.00  4.07 339 1029.3  -3.0   5.5  -7.6 99.0 99.00 
2025 02 19 15 50 335  8.2 11.2 99.00 99.00 99.00 999 1029.1  -3.0   5.5  -7.6 99.0 99.00 
2025 02 19 16 00 329  7.9 10.0 99.00 99.00 99.00 999 1029.2  -2.9   5.5  -7.4 99.0 99.00 
2025 02 19 16 10 335  7.4 10.0 99.00 99.00 99.00 999 1029.2  -3.0   5.5  -7.9 99.0 99.00 
2025 02 19 16 20 335  6.8  8.9 99.00 99.00 99.00 999 1028.9  -2.9   5.5  -7.6 99.0 99.00 
2025 02 19 16 30 341  7.0  9.2 99.00 99.00 99.00 999 1028.7  -2.8   5.5  -7.4 99.0 99.00 
2025 02 19 16 40 333  7.2  9.1  1.10  4.76  4.09 338 1028.6  -2.8   5.5  -7.5 99.0 99.00 
2025 02 19 16 50 341  7.3  9.7 99.00 99.00 99.00 999 1028.1  -2.9   5.5  -7.8 99.0 99.00 
2025 02 19 17 00 343  7.4  9.7 99.00 99.00 99.00 999 1027.9  -2.6   5.5  -7.1 99.0 99.00 
2025 02 19 17 10 345  7.8 10.4  1.00  4.76  3.87 334 1027.6  -2.8   5.5  -7.6 99.0 99.00 
2025 02 19 17 20 343  7.5 10.0 99.00 99.00 99.00 999 1027.3  -2.6   5.5  -7.1 99.0 99.00 
2025 02 19 17 30 346  7.7 10.2 99.00 99.00 99.00 999 1026.9  -2.8   5.5  -7.6 99.0 99.00 
2025 02 19 17 40 346  7.7  9.7  1.04  4.55  3.89 351 1026.8  -2.6   5.5  -7.4 99.0 99.00 
2025 02 19 17 50 342  7.6 10.2 99.00 99.00 99.00 999 1026.4  -2.7   5.5  -7.5 99.0 99.00 
2025 02 19 18 00 337  7.5  9.8 99.00 99.00 99.00 999 1026.0  -2.7   5.5  -7.7 99.0 99.00 
2025 02 19 18 10 346  7.9 11.4  0.99  4.55  3.78 334 1025.6  -2.8   5.5  -7.6 99.0 99.00 
2025 02 19 18 20 339  7.7 10.2 99.00 99.00 99.00 999 1025.8  -2.6   5.5  -7.2 99.0 99.00 
2025 02 19 18 30 338  6.1  8.8 99.00 99.00 99.00 999 1026.3  -2.7   5.5  -7.3 99.0 99.00 
2025 02 19 18 40 329  5.1  7.1  0.93  4.35  3.80 340 1026.3  -2.7   5.5  -7.5 99.0 99.00 
2025 02 19 18 50 329  4.8  7.7 99.00 99.00 99.00 999 1026.3  -2.7   5.5  -7.8 99.0 99.00 
2025 02 19 19 00 323  4.2  6.5 99.00 99.00 99.00 999 1026.2  -2.8   5.5  -8.2 99.0 99.00 
2025 02 19 19 10 316  4.6  6.7  0.91  4.35  3.75 333 1026.3  -2.7   5.5  -8.0 99.0 99.00 
2025 02 19 19 20 304  4.7  6.5 99.00 99.00 99.00 999 1026.3  -2.7   5.5  -8.1 99.0 99.00 
2025 02 19 19 30 306  4.8  7.9 99.00 99.00 99.00 999 1026.2  -2.7   5.5  -7.9 99.0 99.00 
2025 02 19 19 40 319  4.8  7.5  0.89  4.35  3.71 330 1026.1  -2.9 999.0  -7.8 99.0 99.00 
2025 02 19 19 50 310  4.6  6.4 99.00 99.00 99.00 999 1026.0  -3.2   5.5  -7.2 99.0 99.00 
2025 02 19 20 00 311  5.0  7.6 99.00 99.00 99.00 999 1026.0  -3.4   5.5  -7.0 99.0 99.00 
2025 02 19 20 10 311  4.6  6.5  0.76  4.00  3.59 334 1026.0  -3.4   5.5  -6.3 99.0 99.00 
2025 02 19 20 20 301  5.2  6.8 99.00 99.00 99.00 999 1025.7  -3.6   5.5  -6.2 99.0 99.00 
2025 02 19 20 30 298  5.5  7.2 99.00 99.00 99.00 999 1025.4  -3.8   5.5  -6.2 99.0 99.00 
2025 02 19 20 40 304  4.9  6.8  0.70  3.45  3.64 335 1025.1  -3.8   5.5  -6.4 99.0 99.00 
2025 02 19 20 50 311  4.6  6.9 99.00 99.00 99.00 999 1024.8  -3.8   5.5  -6.4 99.0 99.00 
2025 02 19 21 00 320  4.6  6.7 99.00 99.00 99.00 999 1024.8  -3.6   5.5  -6.4 99.0 99.00 
2025 02 19 21 10 322  6.0  8.0  0.72  3.85  3.68 339 1024.7  -3.6   5.5  -6.7 99.0 99.00 
2025 02 19 21 20 327  5.4  7.2 99.00 99.00 99.00 999 1024.4  -3.7   5.5  -6.8 99.0 99.00 
2025 02 19 21 30 309  4.8  6.4 99.00 99.00 99.00 999 1024.2  -3.7   5.5  -6.5 99.0 99.00 
2025 02 19 21 40 322  5.1  7.0  0.63  4.17  3.50 337 1024.1  -3.6   5.5  -6.3 99.0 99.00 
2025 02 19 21 50 314  4.9  6.4 99.00 99.00 99.00 999 1024.0  -3.7   5.5  -6.2 99.0 99.00 
2025 02 19 22 00 322  5.2  6.6 99.00 99.00 99.00 999 1024.1  -3.7   5.5  -6.1 99.0 99.00 
2025 02 19 22 10 327  4.9  7.1  0.62  4.00  3.51 336 1024.0  -3.7   5.5  -5.9 99.0 99.00 
2025 02 19 22 20 323  4.9  6.8 99.00 99.00 99.00 999 1024.2  -3.6   5.5  -5.5 99.0 99.00 
2025 02 19 22 30 310  5.2  6.6 99.00 99.00 99.00 999 1024.3  -3.7   5.5  -5.2 99.0 99.00 
2025 02 19 22 40 316  4.9  6.1  0.64  4.00  3.42 335 1024.3  -3.7   5.5  -4.9 99.0 99.00 
2025 02 19 22 50 318  4.9  6.6 99.00 99.00 99.00 999 1024.3  -3.8   5.5  -4.9 99.0 99.00 
2025 02 19 23 00 314  4.4  5.7 99.00 99.00 99.00 999 1024.5  -3.9   5.5  -4.9 99.0 99.00 
2025 02 19 23 10 318  4.9  6.4  0.59  4.00  3.44 346 1024.6  -3.7   5.5  -4.5 99.0 99.00 
2025 02 19 23 20 319  4.2  6.6 99.00 99.00 99.00 999 1024.7  -3.7   5.5  -4.5 99.0 99.00 
2025 02 19 23 30 315  5.2  6.6 99.00 99.00 99.00 999 1025.0  -3.7   5.5  -4.5 99.0 99.00 
2025 02 19 23 40 305  5.0  8.2  0.57  3.70  3.44 336 1024.9  -3.6   5.5  -4.3 99.0 99.00 
2025 02 19 23 50 308  5.5  7.3 99.00 99.00 99.00 999 1024.6  -3.6   5.5  -4.3 99.0 99.00 
2025 02 20 00 00 323  5.5  7.1 99.00 99.00 99.00 999 1024.3  -3.5   5.5  -4.1 99.0 99.00 
2025 02 20 00 10 321  5.1  6.6  0.58  3.70  3.32 326 1024.2  -3.6   5.5  -4.3 99.0 99.00 
2025 02 20 00 20 321  4.7  5.8 99.00 99.00 99.00 999 1024.1  -3.6   5.5  -4.2 99.0 99.00 
2025 02 20 00 30 326  5.1  6.3 99.00 99.00 99.00 999 1023.8  -3.4   5.5  -4.0 99.0 99.00 
2025 02 20 00 40 329  5.0  6.5  0.57  3.33  3.42 336 1024.0  -3.5   5.5  -4.1 99.0 99.00 
2025 02 20 00 50 332  5.4  6.9 99.00 99.00 99.00 999 1023.8  -3.5   5.5  -4.1 99.0 99.00 
2025 02 20 01 00 342  5.7  7.1 99.00 99.00 99.00 999 1023.6  -3.5   5.6  -4.1 99.0 99.00 
2025 02 20 01 10 338  5.4  7.6  0.57  3.33  3.41 333 1023.6  -3.5   5.6  -4.1 99.0 99.00 
2025 02 20 01 20 335  5.0  6.5 99.00 99.00 99.00 999 1023.6  -3.6   5.6  -4.2 99.0 99.00 
2025 02 20 01 30 341  5.3  6.8 99.00 99.00 99.00 999 1023.5  -3.5   5.6  -4.0 99.0 99.00 
2025 02 20 01 40 336  5.4  7.3  0.54  3.57  3.33 342 1023.6  -3.3   5.6  -3.8 99.0 99.00 
2025 02 20 01 50 337  5.7  7.1 99.00 99.00 99.00 999 1023.4  -3.2   5.6  -3.7 99.0 99.00 
2025 02 20 02 00 340  6.6  8.6 99.00 99.00 99.00 999 1023.6  -3.1   5.6  -3.6 99.0 99.00 
2025 02 20 02 10 346  6.7  8.4  0.60  3.33  3.35 328 1023.5  -2.9   5.6  -3.5 99.0 99.00 
2025 02 20 02 20 342  6.9  8.5 99.00 99.00 99.00 999 1023.4  -2.9   5.6  -3.5 99.0 99.00 
2025 02 20 02 30 339  7.2  8.6 99.00 99.00 99.00 999 1023.3  -3.1   5.6  -3.8 99.0 99.00 
2025 02 20 02 40 340  7.2  9.2  0.60  3.45  3.30 341 1023.0  -3.2   5.7  -3.9 99.0 99.00 
2025 02 20 02 50 346  7.2  8.9 99.00 99.00 99.00 999 1023.0  -3.1   5.7  -3.9 99.0 99.00 
2025 02 20 03 00 347  7.2  9.2 99.00 99.00 99.00 999 1022.5  -3.2   5.7  -4.1 99.0 99.00 
2025 02 20 03 10 347  7.0  8.8  0.64  3.57  3.35 326 1022.3  -3.1   5.7  -3.9 99.0 99.00 
2025 02 20 03 20 347  6.6  8.7 99.00 99.00 99.00 999 1022.1  -2.8   5.7  -3.5 99.0 99.00 
2025 02 20 03 30 346  7.2  8.9 99.00 99.00 99.00 999 1022.1  -2.8   5.7  -3.7 99.0 99.00 
2025 02 20 03 40 348  7.3  9.8  0.67  3.33  3.34 340 1021.9  -2.6   5.7  -3.5 99.0 99.00 
2025 02 20 03 50 346  7.3  9.1 99.00 99.00 99.00 999 1021.8  -2.7   5.7  -3.8 99.0 99.00 
2025 02 20 04 00 344  7.6  9.4 99.00 99.00 99.00 999 1021.7  -2.7   5.7  -3.8 99.0 99.00 
2025 02 20 04 10 344  7.8  9.6  0.68  3.33  3.35 340 1021.4  -2.8   5.7  -3.9 99.0 99.00 
2025 02 20 04 20 343  7.8  9.6 99.00 99.00 99.00 999 1021.2  -2.8   5.8  -3.7 99.0 99.00 
2025 02 20 04 30 344  7.9  9.8 99.00 99.00 99.00 999 1020.9  -2.7   5.8  -3.6 99.0 99.00 
2025 02 20 04 40 345  7.9  9.8  0.71  3.33  3.31 343 1020.9  -2.7   5.8  -3.6 99.0 99.00 
2025 02 20 04 50 349  8.4 10.5 99.00 99.00 99.00 999 1021.0  -2.5   5.8  -3.4 99.0 99.00 
2025 02 20 05 00 350  7.9  9.4 99.00 99.00 99.00 999 1020.9  -2.7   5.8  -3.6 99.0 99.00 
2025 02 20 05 10 347  7.9 10.0  0.77  3.57  3.38 339 1020.7  -2.6   5.8  -3.4 99.0 99.00 
2025 02 20 05 20 352  8.1  9.6 99.00 99.00 99.00 999 1020.6  -2.7   5.8  -3.5 99.0 99.00 
2025 02 20 05 30 353  7.7 10.3 99.00 99.00 99.00 999 1020.4  -2.8   5.8  -3.7 99.0 99.00 
2025 02 20 05 40 352  7.8  9.6  0.74  3.57  3.34 333 1020.3  -2.8   5.8  -3.7 99.0 99.00 
2025 02 20 05 50 352  7.5  9.1 99.00 99.00 99.00 999 1020.3  -2.8   5.8  -3.8 99.0 99.00 
2025 02 20 06 00 355  6.9  8.6 99.00 99.00 99.00 999 1020.1  -2.8   5.8  -3.9 99.0 99.00 
2025 02 20 06 10 355  6.8  8.9  0.74  3.70  3.33 342 1020.2  -2.7   5.8  -4.0 99.0 99.00 
2025 02 20 06 20 358  6.7  8.7 99.00 99.00 99.00 999 1019.8  -2.6   5.8  -4.0 99.0 99.00 
2025 02 20 06 30   2  7.0  9.0 99.00 99.00 99.00 999 1019.4  -2.5   5.8  -4.1 99.0 99.00 
2025 02 20 06 40   9  6.7  8.3  0.69  3.57  3.40 341 1019.1  -2.5   5.8  -4.2 99.0 99.00 
2025 02 20 06 50  18  6.3  8.7 99.00 99.00 99.00 999 1018.9  -2.5   5.8  -4.4 99.0 99.00 
2025 02 20 07 00  19  6.2  8.0 99.00 99.00 99.00 999 1018.9  -2.3   5.7  -4.6 99.0 99.00 
2025 02 20 07 10   5  6.6  8.7  0.63  3.23  3.27 349 1018.8  -2.1   5.7  -4.9 99.0 99.00 
2025 02 20 07 20  10  7.2  9.1 99.00 99.00 99.00 999 1018.2  -1.8   5.7  -4.8 99.0 99.00 
2025 02 20 07 30   7  7.5  9.6 99.00 99.00 99.00 999 1018.2  -1.8   5.8  -5.1 99.0 99.00 
2025 02 20 07 40   7  7.7 10.3  0.69  3.70  3.25 336 1018.2  -1.6   5.8  -5.4 99.0 99.00 
2025 02 20 07 50   4  7.6 10.0 99.00 99.00 99.00 999 1017.9  -1.3   5.7  -5.3 99.0 99.00 
2025 02 20 08 00 360  8.0 10.1 99.00 99.00 99.00 999 1017.5  -1.4   5.7  -5.8 99.0 99.00 
2025 02 20 08 10   3  7.9  9.8  0.73  3.70  3.33 336 1017.8  -1.3   5.7  -5.5 99.0 99.00 
2025 02 20 08 20   3  7.9 10.0 99.00 99.00 99.00 999 1017.8  -1.4   5.7  -5.9 99.0 99.00 
2025 02 20 08 30   3  8.6 10.7 99.00 99.00 99.00 999 1017.6  -1.4   5.7  -5.7 99.0 99.00 
2025 02 20 08 40   4  8.3 11.2  0.78  3.70  3.34 332 1017.5  -1.3   5.7  -5.5 99.0 99.00 
2025 02 20 08 50   9  8.7 11.7 99.00 99.00 99.00 999 1017.3  -1.2   5.7  -5.3 99.0 99.00 
2025 02 20 09 00  13  8.7 11.1 99.00 99.00 99.00 999 1017.3  -1.1   5.7  -5.3 99.0 99.00 
2025 02 20 09 10   9  9.3 11.5  0.89  3.85  3.43 350 1017.4  -1.2 999.0  -5.1 99.0 99.00 
2025 02 20 09 20  10  9.1 11.7 99.00 99.00 99.00 999 1017.3  -1.2   5.7  -5.1 99.0 99.00 
2025 02 20 09 30  15  9.3 12.2 99.00 99.00 99.00 999 1017.1  -1.4   5.7  -5.2 99.0 99.00 
2025 02 20 09 40   9  9.6 12.0  0.98  4.00  3.57 357 1017.1  -1.4   5.7  -5.2 99.0 99.00 
2025 02 20 09 50  14  9.7 11.6 99.00 99.00 99.00 999 1017.1  -1.6   5.6  -5.4 99.0 99.00 
2025 02 20 10 00  11  9.8 12.3 99.00 99.00 99.00 999 1017.0  -1.5   5.6  -5.1 99.0 99.00 
2025 02 20 10 10  16  9.9 12.2  1.02  4.17  3.60   2 1016.8  -1.6   5.6  -5.5 99.0 99.00 
2025 02 20 10 20  12  9.5 11.4 99.00 99.00 99.00 999 1016.9  -1.6   5.6  -5.4 99.0 99.00 
2025 02 20 10 30  17  9.4 11.6 99.00 99.00 99.00 999 1016.7  -1.6   5.6  -5.5 99.0 99.00 
2025 02 20 10 40  12  9.7 12.5  1.22  4.55  3.87   7 1016.5  -1.6   5.6  -5.5 99.0 99.00 
2025 02 20 10 50   9  9.5 11.8 99.00 99.00 99.00 999 1016.5  -1.7   5.6  -5.6 99.0 99.00 
2025 02 20 11 00   9  9.2 11.3 99.00 99.00 99.00 999 1016.2  -1.7   5.6  -5.5 99.0 99.00 
2025 02 20 11 10  11  9.3 11.1  1.28  4.76  4.02  13 1016.3  -1.8   5.6  -5.5 99.0 99.00 
2025 02 20 11 20   3  9.1 11.5 99.00 99.00 99.00 999 1016.2  -2.0   5.6  -5.8 99.0 99.00 
2025 02 20 11 30   3  9.1 12.0 99.00 99.00 99.00 999 1016.2  -2.2   5.6  -6.2 99.0 99.00 
2025 02 20 11 40   3  9.5 11.9  1.37  5.00  4.14   4 1016.0  -2.1   5.6  -5.8 99.0 99.00 
2025 02 20 11 50   5  9.2 11.3 99.00 99.00 99.00 999 1016.1  -2.2   5.6  -5.9 99.0 99.00 
2025 02 20 12 00   4  8.9 11.5 99.00 99.00 99.00 999 1016.2  -2.2   5.6  -5.8 99.0 99.00 
2025 02 20 12 10 359  9.1 11.6  1.27  5.00  3.95  10 1016.1  -2.4   5.5  -6.1 99.0 99.00 
2025 02 20 12 20 358  8.9 11.2 99.00 99.00 99.00 999 1015.9  -2.4   5.5  -5.9 99.0 99.00 
2025 02 20 12 30   1  9.1 11.6 99.00 99.00 99.00 999 1015.7  -2.5   5.5  -6.0 99.0 99.00 
2025 02 20 12 40   1  9.4 11.5  1.34  4.76  4.05  11 1015.8  -2.4   5.5  -5.6 99.0 99.00 
2025 02 20 12 50 354  9.4 11.7 99.00 99.00 99.00 999 1016.0  -2.5   5.5  -5.7 99.0 99.00 
2025 02 20 13 00 354  9.2 11.9 99.00 99.00 99.00 999 1015.9  -2.7   5.5  -5.9 99.0 99.00 
2025 02 20 13 10 349  8.9 11.3  1.28  5.00  3.92  21 1016.3  -2.7   5.4  -5.8 99.0 99.00 
2025 02 20 13 20 337  8.7 10.8 99.00 99.00 99.00 999 1016.4  -3.0   5.4  -6.2 99.0 99.00 
2025 02 20 13 30 339  8.7 10.8 99.00 99.00 99.00 999 1016.2  -3.1   5.4  -6.5 99.0 99.00 
2025 02 20 13 40 340  8.8 10.8  1.13  4.76  3.85   6 1016.0  -3.2   5.4  -6.7 99.0 99.00 
2025 02 20 13 50 345  8.2 10.6 99.00 99.00 99.00 999 1015.9  -3.2   5.4  -6.7 99.0 99.00 
2025 02 20 14 00 345  8.0 10.1 99.00 99.00 99.00 999 1015.7  -3.2   5.4  -6.7 99.0 99.00 
2025 02 20 14 10 344  7.8  9.9  1.15  4.55  3.91   6 1015.7  -3.2   5.4  -6.8 99.0 99.00 
2025 02 20 14 20 347  7.8  9.8 99.00 99.00 99.00 999 1015.8  -3.1   5.4  -6.8 99.0 99.00 
2025 02 20 14 30 338  8.1 10.1 99.00 99.00 99.00 999 1016.0  -3.0   5.4  -6.7 99.0 99.00 
2025 02 20 14 40 335  8.1 10.2  1.11  5.00  3.89  20 1016.1  -3.0   5.5  -6.7 99.0 99.00 
2025 02 20 14 50 336  8.4 10.6 99.00 99.00 99.00 999 1016.2  -3.0   5.5  -6.9 99.0 99.00 
2025 02 20 15 00 331  8.3 10.7 99.00 99.00 99.00 999 1016.0  -2.9   5.5  -6.8 99.0 99.00 
2025 02 20 15 10 326  8.5 11.1  1.07  4.55  3.82   7 1016.3  -2.9   5.5  -6.7 99.0 99.00 
2025 02 20 15 20 321  8.5 10.6 99.00 99.00 99.00 999 1016.3  -2.9   5.5  -6.7 99.0 99.00 
2025 02 20 15 30 329  8.1 10.2 99.00 99.00 99.00 999 1016.2  -2.9   5.5  -6.7 99.0 99.00 
2025 02 20 15 40 327  8.6 10.8  1.08  4.55  3.79 353 1016.1  -2.7   5.6  -6.5 99.0 99.00 
2025 02 20 15 50 323  9.3 11.4 99.00 99.00 99.00 999 1015.9  -2.6   5.6  -6.4 99.0 99.00 
2025 02 20 16 00 326  9.6 11.8 99.00 99.00 99.00 999 1015.8  -2.6   5.6  -6.4 99.0 99.00 
2025 02 20 16 10 325  9.3 11.6  1.14  4.35  3.88 357 1015.8  -2.5   5.6  -6.3 99.0 99.00 
2025 02 20 16 20 322  9.5 11.9 99.00 99.00 99.00 999 1015.7  -2.4   5.6  -6.5 99.0 99.00 
2025 02 20 16 30 324  9.5 12.6 99.00 99.00 99.00 999 1015.9  -2.5   5.6  -6.2 99.0 99.00 
2025 02 20 16 40 326  9.2 12.6  1.21  4.55  3.97   1 1015.6  -2.5   5.6  -6.2 99.0 99.00 
2025 02 20 16 50 325  9.5 12.5 99.00 99.00 99.00 999 1015.7  -2.5   5.6  -6.3 99.0 99.00 
2025 02 20 17 00 316  9.7 12.7 99.00 99.00 99.00 999 1015.4  -2.5   5.6  -6.1 99.0 99.00 
2025 02 20 17 10 320 10.0 12.7  1.20  4.55  4.03 353 1015.0  -2.5   5.7  -6.2 99.0 99.00 
2025 02 20 17 20 319  9.4 11.8 99.00 99.00 99.00 999 1015.2  -2.5   5.7  -6.4 99.0 99.00 
2025 02 20 17 30 319  8.9 11.1 99.00 99.00 99.00 999 1014.9  -2.3   5.7  -6.3 99.0 99.00 
2025 02 20 17 40 319  8.5 11.4  1.27  4.76  3.99 345 1014.6  -2.4   5.7  -6.8 99.0 99.00 
2025 02 20 17 50 314  8.2 10.5 99.00 99.00 99.00 999 1014.6  -2.3   5.7  -6.8 99.0 99.00 
2025 02 20 18 00 303  7.9 10.8 99.00 99.00 99.00 999 1014.8  -2.3   5.7  -7.0 99.0 99.00 
2025 02 20 18 10 300  8.1 10.5  1.24  4.76  3.96 352 1014.6  -2.1   5.7  -6.8 99.0 99.00 
2025 02 20 18 20 298  8.3 10.6 99.00 99.00 99.00 999 1014.4  -1.9   5.7  -6.8 99.0 99.00 
2025 02 20 18 30 308  8.4 11.0 99.00 99.00 99.00 999 1014.2  -1.9   5.7  -7.0 99.0 99.00 
2025 02 20 18 40 299  7.6 10.3  1.14  4.76  3.99   0 1014.0  -1.8   5.7  -7.1 99.0 99.00 
2025 02 20 18 50 310  7.5  9.6 99.00 99.00 99.00 999 1014.0  -1.5   5.7  -6.9 99.0 99.00 
2025 02 20 19 00 308  8.1 10.7 99.00 99.00 99.00 999 1014.1  -1.5   5.7  -7.3 99.0 99.00 
2025 02 20 19 10 305  9.0 11.9  1.12  5.00  3.86 355 1014.1  -1.3   5.7  -6.6 99.0 99.00 
2025 02 20 19 20 306  9.2 14.6 99.00 99.00 99.00 999 1014.0  -1.4   5.7  -6.8 99.0 99.00 
2025 02 20 19 30 294  8.8 11.6 99.00 99.00 99.00 999 1014.0  -1.4   5.7  -6.7 99.0 99.00 
2025 02 20 19 40 303  9.4 11.9  1.04  5.00  3.87 354 1014.1  -1.1   5.7  -6.2 99.0 99.00 
2025 02 20 19 50 303  9.9 12.5 99.00 99.00 99.00 999 1014.1  -1.2   5.7  -6.6 99.0 99.00 
2025 02 20 20 00 301  9.7 12.5 99.00 99.00 99.00 999 1014.0  -1.3   5.7  -6.6 99.0 99.00 
2025 02 20 20 10 304  9.8 12.3  1.17  5.00  3.84 347 1014.0  -1.2   5.7  -6.2 99.0 99.00 
2025 02 20 20 20 298  9.8 12.9 99.00 99.00 99.00 999 1013.9  -1.2   5.7  -6.3 99.0 99.00 
2025 02 20 20 30 304  9.5 12.3 99.00 99.00 99.00 999 1014.0  -1.1   5.7  -6.1 99.0 99.00 
2025 02 20 20 40 301 10.1 13.4  1.25  4.76  3.95 346 1013.9  -1.2   5.7  -6.3 99.0 99.00 
2025 02 20 20 50 305 10.8 14.3 99.00 99.00 99.00 999 1014.1  -1.2   5.7  -6.3 99.0 99.00 
2025 02 20 21 00 301 10.8 14.6 99.00 99.00 99.00 999 1014.3  -1.2   5.7  -6.2 99.0 99.00 
2025 02 20 21 10 296 11.4 15.4  1.39  4.76  3.99 336 1014.3  -1.2   5.7  -6.0 99.0 99.00 
2025 02 20 21 20 306 11.1 14.3 99.00 99.00 99.00 999 1014.5  -1.2   5.7  -5.7 99.0 99.00 
2025 02 20 21 30 305 11.8 15.5 99.00 99.00 99.00 999 1014.6  -1.3   5.7  -5.8 99.0 99.00 
2025 02 20 21 40 304 12.2 14.8  1.48  4.76  4.08 332 1014.6  -1.4   5.7  -5.9 99.0 99.00 
2025 02 20 21 50 301 12.5 15.5 99.00 99.00 99.00 999 1014.9  -1.4   5.7  -5.9 99.0 99.00 
2025 02 20 22 00 306 12.2 16.0 99.00 99.00 99.00 999 1015.0  -1.4   5.7  -5.9 99.0 99.00 
2025 02 20 22 10 309 12.0 15.4  1.54  5.00  4.20 328 1015.2  -1.5   5.8  -6.0 99.0 99.00 
2025 02 20 22 20 310 12.2 16.3 99.00 99.00 99.00 999 1015.3  -1.4   5.7  -5.7 99.0 99.00 
2025 02 20 22 30 310 12.1 16.9 99.00 99.00 99.00 999 1015.5  -1.4   5.7  -5.8 99.0 99.00 
2025 02 20 22 40 306 13.0 15.5  1.61  5.00  4.31 319 1015.7  -1.5   5.7  -6.1 99.0 99.00 
2025 02 20 22 50 314 12.8 16.6 99.00 99.00 99.00 999 1015.9  -1.5   5.7  -5.5 99.0 99.00 
2025 02 20 23 00 311 12.9 16.3 99.00 99.00 99.00 999 1016.0  -1.5   5.7  -5.9 99.0 99.00 
2025 02 20 23 10 307 12.5 16.0  1.84  5.00  4.49 326 1016.1  -1.4   5.7  -6.2 99.0 99.00 
2025 02 20 23 20 302 13.3 17.2 99.00 99.00 99.00 999 1016.3  -1.5   5.7  -5.6 99.0 99.00 
2025 02 20 23 30 299 12.5 16.3 99.00 99.00 99.00 999 1016.4  -1.5   5.7  -5.4 99.0 99.00 
2025 02 20 23 40 305 14.3 19.8  1.80  5.56  4.52 331 1016.5  -1.4   5.7  -6.2 99.0 99.00 
2025 02 20 23 50 314 13.7 17.3 99.00 99.00 99.00 999 1016.6  -1.2   5.7  -6.2 99.0 99.00 
2025 02 21 00 00 307 14.5 19.0 99.00 99.00 99.00 999 1016.7  -1.3   5.7  -6.6 99.0 99.00 
2025 02 21 00 10 309 14.1 17.9  2.08  5.56  4.72 325 1016.8  -1.2   5.7  -6.3 99.0 99.00 
2025 02 21 00 20 312 14.6 18.0 99.00 99.00 99.00 999 1016.7  -1.1   5.7  -6.4 99.0 99.00 
2025 02 21 00 30 310 14.0 18.1 99.00 99.00 99.00 999 1016.8  -1.2   5.7  -6.7 99.0 99.00 
2025 02 21 00 40 310 13.1 17.4  2.00  5.88  4.77 328 1016.9  -1.2   5.7  -6.5 99.0 99.00 
2025 02 21 00 50 305 12.9 17.0 99.00 99.00 99.00 999 1017.1  -1.1   5.7  -6.1 99.0 99.00 
2025 02 21 01 00 308 12.4 17.2 99.00 99.00 99.00 999 1017.2  -1.1   5.7  -6.3 99.0 99.00 
2025 02 21 01 10 306 12.8 17.9  2.04  5.88  4.82 331 1017.1  -1.3   5.7  -6.5 99.0 99.00 
2025 02 21 01 20 308 12.5 15.7 99.00 99.00 99.00 999 1017.3  -1.1   5.7  -5.9 99.0 99.00 
2025 02 21 01 30 305 13.4 17.8 99.00 99.00 99.00 999 1017.3  -1.1   5.7  -6.3 99.0 99.00 
2025 02 21 01 40 302 13.5 17.1  1.89  5.88  4.64 335 1017.4  -1.1   5.7  -6.3 99.0 99.00 
2025 02 21 01 50 302 14.1 17.0 99.00 99.00 99.00 999 1017.4  -1.1   5.7  -6.6 99.0 99.00 
2025 02 21 02 00 300 13.8 17.7 99.00 99.00 99.00 999 1017.6  -1.1   5.7  -6.3 99.0 99.00 
2025 02 21 02 10 309 14.6 19.5  1.77  5.56  4.54 323 1017.8  -1.3   5.7  -6.8 99.0 99.00 
2025 02 21 02 20 300 13.0 16.4 99.00 99.00 99.00 999 1017.7  -1.2   5.7  -6.2 99.0 99.00 
2025 02 21 02 30 304 13.5 18.3 99.00 99.00 99.00 999 1017.9  -1.2   5.7  -6.4 99.0 99.00 
2025 02 21 02 40 306 14.1 17.8  1.86  5.56  4.67 328 1018.1  -1.4   5.7  -6.6 99.0 99.00 
2025 02 21 02 50 306 13.4 19.0 99.00 99.00 99.00 999 1018.2  -1.3   5.7  -6.4 99.0 99.00 
2025 02 21 03 00 306 13.4 17.1 99.00 99.00 99.00 999 1018.4  -1.4   5.7  -6.7 99.0 99.00 
2025 02 21 03 10 303 13.6 17.4  1.96  5.88  4.74 332 1018.4  -1.4   5.7  -6.6 99.0 99.00 
2025 02 21 03 20 301 13.6 18.3 99.00 99.00 99.00 999 1018.2  -1.4   5.7  -6.5 99.0 99.00 
2025 02 21 03 30 302 13.8 17.7 99.00 99.00 99.00 999 1018.1  -1.5   5.7  -6.7 99.0 99.00 
2025 02 21 03 40 303 14.3 18.4  2.09  5.56  4.82 326 1018.0  -1.6   5.7  -6.8 99.0 99.00 
2025 02 21 03 50 302 14.4 19.5 99.00 99.00 99.00 999 1018.0  -1.5   5.7  -6.6 99.0 99.00 
2025 02 21 04 00 301 14.3 18.5 99.00 99.00 99.00 999 1018.0  -1.5   5.7  -6.4 99.0 99.00 
2025 02 21 04 10 300 14.8 18.1  1.98  5.88  4.69 329 1018.0  -1.5   5.7  -6.6 99.0 99.00 
2025 02 21 04 20 304 14.8 18.8 99.00 99.00 99.00 999 1018.0  -1.5   5.8  -6.4 99.0 99.00 
2025 02 21 04 30 303 15.1 18.4 99.00 99.00 99.00 999 1018.1  -1.6   5.8  -6.6 99.0 99.00 
2025 02 21 04 40 301 14.9 20.5  1.99  5.88  4.80 332 1018.2  -1.4   5.8  -6.2 99.0 99.00 
2025 02 21 04 50 304 14.5 19.0 99.00 99.00 99.00 999 1018.2  -1.5   5.8  -6.4 99.0 99.00 
2025 02 21 05 00 304 14.1 19.0 99.00 99.00 99.00 999 1018.4  -1.4   5.8  -6.0 99.0 99.00 
2025 02 21 05 10 304 13.8 18.3  2.04  6.25  4.85 328 1018.6  -1.4   5.8  -6.2 99.0 99.00 
2025 02 21 05 20 303 13.3 17.6 99.00 99.00 99.00 999 1018.8  -1.5   5.8  -6.6 99.0 99.00 
2025 02 21 05 30 302 13.6 17.0 99.00 99.00 99.00 999 1018.8  -1.5   5.8  -6.5 99.0 99.00 
2025 02 21 05 40 304 13.6 17.3  1.80  5.56  4.56 328 1018.9  -1.5   5.8  -6.4 99.0 99.00 
2025 02 21 05 50 307 13.1 16.8 99.00 99.00 99.00 999 1019.1  -1.5   5.8  -6.6 99.0 99.00 
2025 02 21 06 00 306 13.4 17.2 99.00 99.00 99.00 999 1019.1  -1.4   5.8  -6.3 99.0 99.00 
2025 02 21 06 10 306 13.1 17.9  1.85  5.56  4.63 323 1019.1  -1.3   5.8  -5.9 99.0 99.00 
2025 02 21 06 20 307 13.7 18.1 99.00 99.00 99.00 999 1019.1  -1.4   5.8  -6.2 99.0 99.00 
2025 02 21 06 30 307 14.2 18.8 99.00 99.00 99.00 999 1019.1  -1.4   5.8  -6.3 99.0 99.00 
2025 02 21 06 40 310 14.4 17.9  1.75  5.56  4.47 331 1019.1  -1.4   5.8  -6.3 99.0 99.00 
2025 02 21 06 50 309 14.5 18.9 99.00 99.00 99.00 999 1019.2  -1.4   5.8  -6.4 99.0 99.00 
2025 02 21 07 00 311 14.1 18.5 99.00 99.00 99.00 999 1019.5  -1.4   5.8  -6.4 99.0 99.00 
2025 02 21 07 10 309 14.4 18.1  1.86  5.88  4.60 337 1019.5  -1.4   5.8  -6.5 99.0 99.00 
2025 02 21 07 20 312 13.5 18.1 99.00 99.00 99.00 999 1019.8  -1.4   5.8  -6.5 99.0 99.00 
2025 02 21 07 30 309 12.8 17.3 99.00 99.00 99.00 999 1019.7  -1.4   5.8  -6.2 99.0 99.00 
2025 02 21 07 40 315 13.8 17.9  1.82  6.25  4.68 336 1019.7  -1.6   5.8  -6.8 99.0 99.00 
2025 02 21 07 50 316 13.6 17.1 99.00 99.00 99.00 999 1019.8  -1.5   5.8  -6.3 99.0 99.00 
2025 02 21 08 00 314 13.4 16.9 99.00 99.00 99.00 999 1020.0  -1.4   5.8  -6.1 99.0 99.00 
2025 02 21 08 10 314 13.5 16.6  1.90  5.88  4.67 335 1020.3  -1.5   5.8  -6.3 99.0 99.00 
2025 02 21 08 20 312 13.1 16.9 99.00 99.00 99.00 999 1020.4  -1.5   5.8  -6.4 99.0 99.00 
2025 02 21 08 30 313 13.0 17.1 99.00 99.00 99.00 999 1020.4  -1.5   5.7  -6.2 99.0 99.00 
2025 02 21 08 40 314 13.2 17.2  2.04  6.25  4.79 335 1020.6  -1.6   5.7  -6.5 99.0 99.00 
2025 02 21 08 50 312 13.1 20.0 99.00 99.00 99.00 999 1020.7  -1.6   5.7  -6.4 99.0 99.00 
2025 02 21 09 00 314 13.3 16.9 99.00 99.00 99.00 999 1020.9  -1.6   5.7  -6.5 99.0 99.00 
2025 02 21 09 10 308 12.7 15.8  1.94  5.88  4.75 341 1020.9  -1.6   5.7  -6.2 99.0 99.00 
2025 02 21 09 20 309 13.2 17.7 99.00 99.00 99.00 999 1021.2  -1.6   5.7  -6.3 99.0 99.00 
2025 02 21 09 30 311 12.4 16.0 99.00 99.00 99.00 999 1021.6  -1.6   5.7  -6.2 99.0 99.00 
2025 02 21 09 40 313 12.7 16.9  1.95  5.88  4.70 325 1021.7  -1.6   5.7  -6.2 99.0 99.00 
2025 02 21 09 50 310 12.9 16.6 99.00 99.00 99.00 999 1021.8  -1.6   5.6  -6.2 99.0 99.00 
2025 02 21 10 00 310 12.9 16.4 99.00 99.00 99.00 999 1022.0  -1.6   5.6  -6.1 99.0 99.00 
2025 02 21 10 10 309 12.9 16.9  1.90  5.88  4.69 339 1022.0  -1.7   5.6  -6.3 99.0 99.00 
2025 02 21 10 20 311 13.1 17.3 99.00 99.00 99.00 999 1022.1  -1.7   5.6  -6.3 99.0 99.00 
2025 02 21 10 30 310 12.3 16.6 99.00 99.00 99.00 999 1022.4  -1.6   5.6  -5.8 99.0 99.00 
2025 02 21 10 40 313 12.6 16.8  1.97  5.88  4.73 339 1022.4  -1.5   5.6  -5.8 99.0 99.00 
2025 02 21 10 50 315 12.8 15.9 99.00 99.00 99.00 999 1022.5  -1.5   5.6  -5.7 99.0 99.00 
2025 02 21 11 00 313 13.0 17.1 99.00 99.00 99.00 999 1022.7  -1.5   5.6  -5.7 99.0 99.00 
2025 02 21 11 10 313 12.6 17.3  2.01  5.56  4.72 330 1022.8  -1.5   5.6  -5.7 99.0 99.00 
2025 02 21 11 20 315 12.9 16.9 99.00 99.00 99.00 999 1022.8  -1.6   5.5  -5.9 99.0 99.00 
2025 02 21 11 30 314 12.7 17.2 99.00 99.00 99.00 999 1022.8  -1.6   5.5  -5.9 99.0 99.00 
2025 02 21 11 40 312 13.0 16.9  1.88  5.56  4.63 331 1023.0  -1.6   5.5  -6.0 99.0 99.00 
2025 02 21 11 50 312 12.9 17.0 99.00 99.00 99.00 999 1023.3  -1.5   5.5  -5.7 99.0 99.00 
2025 02 21 12 00 315 12.5 16.9 99.00 99.00 99.00 999 1023.4  -1.5   5.5  -5.7 99.0 99.00 
2025 02 21 12 10 314 12.3 15.8  1.88  6.25  4.59 332 1023.5  -1.4   5.5  -5.5 99.0 99.00 
2025 02 21 12 20 313 12.4 16.0 99.00 99.00 99.00 999 1023.8  -1.4   5.5  -5.6 99.0 99.00 
2025 02 21 12 30 317 12.6 15.9 99.00 99.00 99.00 999 1024.1  -1.4   5.5  -5.6 99.0 99.00 
2025 02 21 12 40 312 12.0 16.4  1.85  5.56  4.65 339 1024.2  -1.3   5.5  -5.4 99.0 99.00 
2025 02 21 12 50 314 12.1 15.7 99.00 99.00 99.00 999 1024.2  -1.1   5.5  -5.1 99.0 99.00 
2025 02 21 13 00 311 12.6 16.5 99.00 99.00 99.00 999 1024.4  -1.1   5.5  -5.2 99.0 99.00 
2025 02 21 13 10 313 12.7 16.4  1.82  5.88  4.59 340 1024.6  -1.2   5.5  -5.4 99.0 99.00 
2025 02 21 13 20 313 12.4 17.1 99.00 99.00 99.00 999 1024.6  -1.2   5.5  -5.5 99.0 99.00 
2025 02 21 13 30 315 13.0 16.3 99.00 99.00 99.00 999 1024.6  -1.1   5.4  -5.2 99.0 99.00 
2025 02 21 13 40 316 12.9 16.9  1.85  5.26  4.61 328 1024.6  -1.1   5.4  -5.2 99.0 99.00 
2025 02 21 13 50 317 13.4 16.7 99.00 99.00 99.00 999 1024.6  -1.0   5.4  -5.1 99.0 99.00 
2025 02 21 14 00 318 12.9 16.2 99.00 99.00 99.00 999 1024.5  -1.0   5.4  -5.1 99.0 99.00 
2025 02 21 14 10 315 13.6 16.6  1.94  5.88  4.76 332 1024.5  -0.9   5.4  -5.1 99.0 99.00 
2025 02 21 14 20 319 12.6 16.1 99.00 99.00 99.00 999 1024.6  -0.9   5.4  -5.0 99.0 99.00 
2025 02 21 14 30 316 12.9 16.0 99.00 99.00 99.00 999 1024.7  -0.7   5.4  -4.8 99.0 99.00 
2025 02 21 14 40 319 12.8 16.0  1.91  5.56  4.72 335 1024.7  -0.7   5.4  -4.8 99.0 99.00 
2025 02 21 14 50 314 12.5 17.1 99.00 99.00 99.00 999 1025.0  -0.7   5.4  -5.1 99.0 99.00 
2025 02 21 15 00 310 12.1 15.1 99.00 99.00 99.00 999 1025.1  -0.6   5.4  -5.0 99.0 99.00 
2025 02 21 15 10 309 12.2 15.5  1.86  5.88  4.59 341 1025.2  -0.4   5.4  -4.9 99.0 99.00 
2025 02 21 15 20 317 12.0 14.8 99.00 99.00 99.00 999 1025.2  -0.3   5.4  -4.8 99.0 99.00 
2025 02 21 15 30 316 12.1 14.9 99.00 99.00 99.00 999 1025.4  -0.3   5.3  -5.1 99.0 99.00 
2025 02 21 15 40 311 11.3 15.5  1.81  5.56  4.66 337 1025.6  -0.2   5.3  -5.0 99.0 99.00 
2025 02 21 15 50 312 10.8 13.4 99.00 99.00 99.00 999 1025.7  -0.2   5.3  -5.1 99.0 99.00 
2025 02 21 16 00 320 11.3 14.2 99.00 99.00 99.00 999 1025.5  -0.1   5.3  -5.2 99.0 99.00 
2025 02 21 16 10 312 10.8 14.4  1.84  5.88  4.69 340 1025.6   0.0   5.3  -5.0 99.0 99.00 
2025 02 21 16 20 320 10.7 12.8 99.00 99.00 99.00 999 1025.6   0.1   5.3  -5.0 99.0 99.00 
2025 02 21 16 30 316 10.6 13.6 99.00 99.00 99.00 999 1025.5   0.1   5.3  -5.3 99.0 99.00 
2025 02 21 16 40 313 10.9 13.4  1.72  6.25  4.64 334 1025.3   0.3   5.3  -4.9 99.0 99.00 
2025 02 21 16 50 316 11.4 14.7 99.00 99.00 99.00 999 1025.1   0.4   5.3  -4.9 99.0 99.00 
2025 02 21 17 00 316 11.1 14.1 99.00 99.00 99.00 999 1025.0   0.5   5.3  -4.7 99.0 99.00 
2025 02 21 17 10 321 11.1 14.2  1.85  5.88  4.73 344 1025.0   0.6   5.2  -4.7 99.0 99.00 
2025 02 21 17 20 323 11.1 14.2 99.00 99.00 99.00 999 1024.9   0.7   5.2  -4.8 99.0 99.00 
2025 02 21 17 30 323 11.4 13.9 99.00 99.00 99.00 999 1024.9   0.9   5.2  -4.4 99.0 99.00 
2025 02 21 17 40 321 11.0 14.6  1.69  5.88  4.57 339 1024.9   0.9   5.2  -4.6 99.0 99.00 
2025 02 21 17 50 320 11.5 13.7 99.00 99.00 99.00 999 1024.8   1.0   5.2  -4.7 99.0 99.00 
2025 02 21 18 00 317 11.0 13.4 99.00 99.00 99.00 999 1024.7   1.2   5.2  -4.2 99.0 99.00 
2025 02 21 18 10 316 10.5 13.9  1.76  5.88  4.62 335 1024.7   1.3   5.3  -4.2 99.0 99.00 
2025 02 21 18 20 316 11.0 13.2 99.00 99.00 99.00 999 1024.7   1.3   5.3  -4.7 99.0 99.00 
2025 02 21 18 30 315 10.5 13.9 99.00 99.00 99.00 999 1024.6   1.5   5.3  -4.3 99.0 99.00 
2025 02 21 18 40 317 10.2 13.3  1.82  5.56  4.66 335 1024.6   1.6   5.3  -4.2 99.0 99.00 
2025 02 21 18 50 321 10.6 14.4 99.00 99.00 99.00 999 1024.7   1.7   5.3  -4.1 99.0 99.00 
2025 02 21 19 00 319 10.6 14.0 99.00 99.00 99.00 999 1024.6   1.8   5.3  -4.3 99.0 99.00 
2025 02 21 19 10 319 10.0 14.2  1.55  5.88  4.50 337 1024.7   1.9   5.3  -4.0 99.0 99.00 
2025 02 21 19 20 316  9.7 12.2 99.00 99.00 99.00 999 1024.8   2.0   5.2  -4.2 99.0 99.00 
2025 02 21 19 30 323 10.0 12.5 99.00 99.00 99.00 999 1024.8   2.1   5.2  -4.0 99.0 99.00 
2025 02 21 19 40 317 10.3 13.7  1.64  5.56  4.54 341 1024.7   2.2   5.3  -4.2 99.0 99.00 
2025 02 21 19 50 319 10.5 12.8 99.00 99.00 99.00 999 1024.6   2.3   5.3  -4.2 99.0 99.00 
2025 02 21 20 00 323 10.5 13.1 99.00 99.00 99.00 999 1024.8   2.3   5.2  -4.0 99.0 99.00 
2025 02 21 20 10 324 10.6 13.7  1.59  5.56  4.37 337 1024.8   2.3   5.2  -3.8 99.0 99.00 
2025 02 21 20 20 324 10.5 12.9 99.00 99.00 99.00 999 1024.9   2.3   5.2  -4.4 99.0 99.00 
2025 02 21 20 30 325 10.2 12.3 99.00 99.00 99.00 999 1025.1   2.5   5.2  -4.0 99.0 99.00 
2025 02 21 20 40 325 10.3 12.9  1.49  5.56  4.28 334 1024.9   2.6   5.2  -3.6 99.0 99.00 
2025 02 21 20 50 323 10.9 13.6 99.00 99.00 99.00 999 1024.9   2.6   5.2  -3.8 99.0 99.00 
2025 02 21 21 00 325 11.2 14.1 99.00 99.00 99.00 999 1024.7   2.6   5.2  -3.6 99.0 99.00 
2025 02 21 21 10 325 10.9 14.2  1.52  5.00  4.36 339 1024.9   2.7   5.2  -3.8 99.0 99.00 
2025 02 21 21 20 325 11.1 13.7 99.00 99.00 99.00 999 1025.1   2.8   5.2  -3.7 99.0 99.00 
2025 02 21 21 30 323 11.4 13.9 99.00 99.00 99.00 999 1025.2   2.8   5.2  -4.1 99.0 99.00 
2025 02 21 21 40 323 11.3 14.7  1.56  5.26  4.37 332 1025.3   2.8   5.2  -4.0 99.0 99.00 
2025 02 21 21 50 323 11.0 13.4 99.00 99.00 99.00 999 1025.6   2.8   5.2  -4.4 99.0 99.00 
2025 02 21 22 00 324 10.9 13.3 99.00 99.00 99.00 999 1025.5   2.8   5.2  -4.1 99.0 99.00 
2025 02 21 22 10 321 11.2 14.0  1.51  5.00  4.29 338 1025.7   2.9   5.2  -4.2 99.0 99.00 
2025 02 21 22 20 323 10.8 13.2 99.00 99.00 99.00 999 1025.8   2.9   5.2  -4.3 99.0 99.00 
2025 02 21 22 30 322 11.0 13.6 99.00 99.00 99.00 999 1026.0   2.8   5.2  -4.4 99.0 99.00 
2025 02 21 22 40 321 10.7 13.4  1.44  5.26  4.28 334 1026.1   2.8   5.1  -4.3 99.0 99.00 
2025 02 21 22 50 320 11.0 13.4 99.00 99.00 99.00 999 1026.3   2.8   5.1  -4.7 99.0 99.00 
2025 02 21 23 00 317 10.4 13.0 99.00 99.00 99.00 999 1026.5   2.8   5.1  -4.4 99.0 99.00 
2025 02 21 23 10 314 11.1 13.7  1.55  5.00  4.33 337 1026.7   2.8   5.1  -4.6 99.0 99.00 
2025 02 21 23 20 320 11.2 13.9 99.00 99.00 99.00 999 1026.9   2.8   5.1  -4.8 99.0 99.00 
2025 02 21 23 30 318 10.6 13.2 99.00 99.00 99.00 999 1027.1   2.8   5.1  -4.4 99.0 99.00 
2025 02 21 23 40 317 11.1 13.7  1.52  5.26  4.37 334 1027.2   2.8   5.1  -4.7 99.0 99.00 
2025 02 21 23 50 311 10.9 13.7 99.00 99.00 99.00 999 1027.3   2.7   5.1  -5.2 99.0 99.00 
2025 02 22 00 00 311 10.6 13.3 99.00 99.00 99.00 999 1027.5   2.7   5.1  -5.2 99.0 99.00 
2025 02 22 00 10 305  9.9 12.1  1.46  5.56  4.20 332 1027.7   2.7   5.1  -4.8 99.0 99.00 
2025 02 22 00 20 312 10.3 12.7 99.00 99.00 99.00 999 1027.9   2.7   5.1  -5.0 99.0 99.00 
2025 02 22 00 30 318  9.8 12.3 99.00 99.00 99.00 999 1028.0   2.7   5.1  -4.9 99.0 99.00 
2025 02 22 00 40 316 10.3 12.5  1.38  5.26  4.19 338 1027.9   2.6   5.1  -5.1 99.0 99.00 
2025 02 22 00 50 315 10.2 12.4 99.00 99.00 99.00 999 1027.9   2.5   5.1  -4.8 99.0 99.00 
2025 02 22 01 00 317 10.6 12.7 99.00 99.00 99.00 999 1028.1   2.4   5.1  -4.9 99.0 99.00 
2025 02 22 01 10 319 10.5 12.6  1.47  5.56  4.24 339 1028.3   2.4   5.1  -4.7 99.0 99.00 
2025 02 22 01 20 320 11.1 13.9 99.00 99.00 99.00 999 1028.4   2.3   5.1  -4.8 99.0 99.00 
2025 02 22 01 30 321 11.9 14.1 99.00 99.00 99.00 999 1028.5   2.1   5.1  -5.2 99.0 99.00 
2025 02 22 01 40 321 11.5 14.1  1.48  5.00  4.31 333 1028.7   2.1   5.1  -4.7 99.0 99.00 
2025 02 22 01 50 324 11.4 14.2 99.00 99.00 99.00 999 1028.9   2.0   5.1  -4.8 99.0 99.00 
2025 02 22 02 00 322 11.2 15.1 99.00 99.00 99.00 999 1028.9   1.9   5.1  -4.9 99.0 99.00 
2025 02 22 02 10 322 11.4 14.1  1.57  5.26  4.33 343 1028.8   1.8   5.1  -5.1 99.0 99.00 
2025 02 22 02 20 322 11.2 13.8 99.00 99.00 99.00 999 1028.9   1.8   5.1  -4.8 99.0 99.00 
2025 02 22 02 30 326 11.3 13.7 99.00 99.00 99.00 999 1028.9   1.8   5.1  -4.6 99.0 99.00 
2025 02 22 02 40 320 11.4 14.3  1.52  5.26  4.33 335 1029.1   1.7   5.1  -4.6 99.0 99.00 
2025 02 22 02 50 320 11.0 13.6 99.00 99.00 99.00 999 1029.1   1.6   5.1  -4.9 99.0 99.00 
2025 02 22 03 00 323 10.6 12.5 99.00 99.00 99.00 999 1029.1   1.6   5.1  -4.4 99.0 99.00 
2025 02 22 03 10 324 10.4 13.4  1.57  5.56  4.39 333 1029.3   1.5   5.1  -4.6 99.0 99.00 
2025 02 22 03 20 322 10.7 13.6 99.00 99.00 99.00 999 1029.4   1.4   5.1  -4.7 99.0 99.00 
2025 02 22 03 30 322 10.5 12.9 99.00 99.00 99.00 999 1029.4   1.4   5.1  -4.5 99.0 99.00 
2025 02 22 03 40 323 11.2 13.3  1.53  5.26  4.38 331 1029.3   1.3   5.1  -4.6 99.0 99.00 
2025 02 22 03 50 324 10.7 12.9 99.00 99.00 99.00 999 1029.5   1.2   5.1  -4.5 99.0 99.00 
2025 02 22 04 00 322 10.5 12.6 99.00 99.00 99.00 999 1029.4   1.1   5.1  -4.8 99.0 99.00 
2025 02 22 04 10 322  9.9 12.5  1.53  5.26  4.42 335 1029.6   1.1   5.1  -4.3 99.0 99.00 
2025 02 22 04 20 321  9.8 12.9 99.00 99.00 99.00 999 1029.6   1.2   5.1  -4.0 99.0 99.00 
2025 02 22 04 30 319 10.2 12.6 99.00 99.00 99.00 999 1029.5   1.0   5.1  -4.5 99.0 99.00 
2025 02 22 04 40 321 10.0 12.4  1.44  5.56  4.28 334 1029.5   1.0   5.1  -4.3 99.0 99.00 
2025 02 22 04 50 323  9.8 12.8 99.00 99.00 99.00 999 1029.6   0.8   5.1  -4.6 99.0 99.00 
2025 02 22 05 00 319 10.0 12.0 99.00 99.00 99.00 999 1029.6   0.7   5.1  -4.6 99.0 99.00 
2025 02 22 05 10 321 10.0 12.3  1.34  5.26  4.29 330 1029.6   0.7   5.1  -4.4 99.0 99.00 
2025 02 22 05 20 318 10.5 13.4 99.00 99.00 99.00 999 1029.6   0.7   5.1  -4.3 99.0 99.00 
2025 02 22 05 30 320 10.5 13.0 99.00 99.00 99.00 999 1029.7   0.6   5.1  -4.5 99.0 99.00 
2025 02 22 05 40 324 10.1 12.9  1.44  5.26  4.35 331 1029.9   0.5   5.1  -4.7 99.0 99.00 
2025 02 22 05 50 317 10.3 13.2 99.00 99.00 99.00 999 1029.9   0.4   5.1  -4.7 99.0 99.00 
2025 02 22 06 00 322 10.1 12.3 99.00 99.00 99.00 999 1029.8   0.4   5.1  -4.8 99.0 99.00 
2025 02 22 06 10 320 10.0 13.5  1.46  5.26  4.34 332 1029.9   0.2   5.1  -5.0 99.0 99.00 
2025 02 22 06 20 319  9.9 12.8 99.00 99.00 99.00 999 1029.8   0.3   5.1  -4.6 99.0 99.00 
2025 02 22 06 30 320 10.4 12.9 99.00 99.00 99.00 999 1029.8   0.2   5.1  -4.8 99.0 99.00 
2025 02 22 06 40 320  9.8 12.5  1.43  5.26  4.23 326 1030.0   0.2   5.1  -4.6 99.0 99.00 
2025 02 22 06 50 320 10.0 12.3 99.00 99.00 99.00 999 1029.9   0.1   5.1  -4.7 99.0 99.00 
2025 02 22 07 00 321  9.8 12.2 99.00 99.00 99.00 999 1029.9   0.0   5.1  -4.8 99.0 99.00 
2025 02 22 07 10 322  9.8 12.3  1.42  5.26  4.25 341 1030.0   0.0   5.1  -4.8 99.0 99.00 
2025 02 22 07 20 318 10.1 13.0 99.00 99.00 99.00 999 1029.9   0.0   5.1  -4.6 99.0 99.00 
2025 02 22 07 30 322 10.1 13.4 99.00 99.00 99.00 999 1030.0  -0.1   5.1  -4.7 99.0 99.00 
2025 02 22 07 40 321  9.6 12.0  1.41  5.26  4.19 335 1030.0  -0.1   5.1  -4.6 99.0 99.00 
2025 02 22 07 50 322  9.4 12.1 99.00 99.00 99.00 999 1030.1  -0.2   5.1  -4.6 99.0 99.00 
2025 02 22 08 00 319  9.4 11.6 99.00 99.00 99.00 999 1030.2  -0.4   5.1  -4.9 99.0 99.00 
2025 02 22 08 10 319  9.0 11.3  1.48  5.26  4.33 337 1030.1  -0.5   5.1  -4.9 99.0 99.00 
2025 02 22 08 20 323  9.6 12.2 99.00 99.00 99.00 999 1030.0  -0.4   5.1  -4.6 99.0 99.00 
2025 02 22 08 30 329  9.6 11.8 99.00 99.00 99.00 999 1030.1  -0.3   5.1  -4.4 99.0 99.00 
2025 02 22 08 40 326  9.8 12.7  1.33  5.56  4.19 331 1029.9  -0.4   5.1  -4.8 99.0 99.00 
2025 02 22 08 50 328  9.7 12.0 99.00 99.00 99.00 999 1030.1  -0.5   5.1  -4.8 99.0 99.00 
2025 02 22 09 00 324  9.3 12.2 99.00 99.00 99.00 999 1030.3  -0.5   5.1  -4.8 99.0 99.00 
2025 02 22 09 10 330  9.5 11.8  1.41  4.76  4.16 334 1030.1  -0.5   5.1  -4.8 99.0 99.00 
2025 02 22 09 20 331  9.6 11.9 99.00 99.00 99.00 999 1030.4  -0.6   5.1  -5.0 99.0 99.00 
2025 02 22 09 30 331  9.5 12.1 99.00 99.00 99.00 999 1030.3  -0.7   5.1  -5.1 99.0 99.00 
2025 02 22 09 40 334  9.4 12.0  1.28  4.76  4.10 339 1030.5  -0.6   5.1  -4.9 99.0 99.00 
2025 02 22 09 50 334  8.8 11.0 99.00 99.00 99.00 999 1030.5  -0.6   5.1  -5.0 99.0 99.00 
2025 02 22 10 00 330  9.3 11.6 99.00 99.00 99.00 999 1030.6  -0.7   5.1  -5.3 99.0 99.00 
2025 02 22 10 10 333  9.4 11.8  1.29  5.26  4.06 335 1030.5  -0.7   5.1  -5.2 99.0 99.00 
2025 02 22 10 20 339  9.3 11.5 99.00 99.00 99.00 999 1030.5  -0.7   5.1  -5.1 99.0 99.00 
2025 02 22 10 30 338  8.7 10.6 99.00 99.00 99.00 999 1030.5  -0.7   5.1  -5.1 99.0 99.00 
2025 02 22 10 40 337  9.2 11.9  1.21  4.76  3.94 330 1030.5  -0.7   5.1  -5.1 99.0 99.00 
2025 02 22 10 50 335  8.9 11.0 99.00 99.00 99.00 999 1030.5  -0.8   5.1  -5.3 99.0 99.00 
2025 02 22 11 00 337  9.3 10.8 99.00 99.00 99.00 999 1030.4  -0.8   5.0  -5.3 99.0 99.00 
2025 02 22 11 10 331  9.1 10.9  1.20  4.76  3.95 334 1030.5  -0.9   5.0  -5.4 99.0 99.00 
2025 02 22 11 20 333  8.8 10.7 99.00 99.00 99.00 999 1030.5  -0.9   5.0  -5.2 99.0 99.00 
2025 02 22 11 30 334  8.6 11.1 99.00 99.00 99.00 999 1030.4  -0.9   5.0  -5.1 99.0 99.00 
2025 02 22 11 40 343  8.5 11.6  1.16  4.76  3.85 339 1030.4  -0.9   5.0  -5.2 99.0 99.00 
2025 02 22 11 50 339  8.2 10.1 99.00 99.00 99.00 999 1030.4  -1.0   5.0  -5.5 99.0 99.00 
2025 02 22 12 00 340  7.9  9.8 99.00 99.00 99.00 999 1030.5  -0.9   5.0  -5.2 99.0 99.00 
2025 02 22 12 10 339  7.7  9.5 99.00 99.00 99.00 999 1030.5  -0.9   5.0  -5.2 99.0 99.00 
2025 02 22 12 20 338  7.9 10.1 99.00 99.00 99.00 999 1030.5  -1.0   5.0  -5.4 99.0 99.00 
2025 02 22 12 30 343  7.7  9.7 99.00 99.00 99.00 999 1030.5  -0.9   4.9  -5.2 99.0 99.00 
2025 02 22 12 40 341  7.5  9.5  1.07  4.55  3.81 343 1030.8  -0.9   4.9  -5.0 99.0 99.00 
2025 02 22 12 50 343  7.6  9.8 99.00 99.00 99.00 999 1030.9  -1.0   4.8  -5.1 99.0 99.00 
2025 02 22 13 00 341  7.2  9.1 99.00 99.00 99.00 999 1031.0  -1.0   4.8  -5.1 99.0 99.00 
2025 02 22 13 10 337  7.0  9.1  1.03  4.76  3.86 344 1031.1  -1.0   4.8  -5.2 99.0 99.00 
2025 02 22 13 20 335  6.5  7.8 99.00 99.00 99.00 999 1031.0  -1.1   4.8  -5.4 99.0 99.00 
2025 02 22 13 30 335  6.5  8.2 99.00 99.00 99.00 999 1031.1  -1.0   4.8  -5.3 99.0 99.00 
2025 02 22 13 40 331  6.3  7.7  1.07  4.76  3.83 333 1031.1  -0.9   4.8  -5.2 99.0 99.00 
2025 02 22 13 50 333  6.8  9.2 99.00 99.00 99.00 999 1030.9  -0.9   4.8  -5.2 99.0 99.00 
2025 02 22 14 00 331  6.5  8.2 99.00 99.00 99.00 999 1030.9  -0.8   4.5  -5.0 99.0 99.00 
2025 02 22 14 10 334  6.5  7.9  0.92  4.55  3.70 334 1030.8  -0.9   4.4  -5.3 99.0 99.00 
2025 02 22 14 20 332  6.2  7.7 99.00 99.00 99.00 999 1030.8  -0.9   4.4  -5.5 99.0 99.00 
2025 02 22 14 30 335  6.7  8.3 99.00 99.00 99.00 999 1030.6  -0.9   4.4  -5.2 99.0 99.00 
2025 02 22 14 40 337  6.7  8.5  0.92  4.55  3.82 334 1030.6  -0.9   4.4  -5.7 99.0 99.00 
2025 02 22 14 50 333  6.3  8.6 99.00 99.00 99.00 999 1030.6  -0.9   4.4  -5.9 99.0 99.00 
2025 02 22 15 00 337  6.3  8.6 99.00 99.00 99.00 999 1030.8  -0.9   4.4  -5.9 99.0 99.00 
2025 02 22 15 10 338  5.8  7.5  0.95  4.55  3.77 358 1030.5  -0.9   4.4  -6.0 99.0 99.00 
2025 02 22 15 20 346  5.7  7.6 99.00 99.00 99.00 999 1030.6  -0.9   4.4  -5.9 99.0 99.00 
2025 02 22 15 30 336  5.6  7.4 99.00 99.00 99.00 999 1030.6  -0.9   4.4  -6.0 99.0 99.00 
2025 02 22 15 40 338  5.4  7.5  0.91  4.35  3.86 352 1030.6  -0.9   4.4  -6.0 99.0 99.00 
2025 02 22 15 50 328  4.8  6.4 99.00 99.00 99.00 999 1030.6  -0.8   4.5  -5.9 99.0 99.00 
2025 02 22 16 00 332  4.2  5.8 99.00 99.00 99.00 999 1030.4  -0.9   4.5  -5.9 99.0 99.00 
2025 02 22 16 10 315  4.4  6.0  0.92  4.35  3.82 346 1030.4  -0.8   4.5  -5.4 99.0 99.00 
2025 02 22 16 20 320  4.0  5.1 99.00 99.00 99.00 999 1030.4  -0.8   4.5  -5.4 99.0 99.00 
2025 02 22 16 30 312  3.3  4.8 99.00 99.00 99.00 999 1030.3  -0.8   4.5  -5.6 99.0 99.00 
2025 02 22 16 40 301  3.3  5.0  0.84  4.17  3.87 336 1030.3  -0.8   4.5  -5.7 99.0 99.00 
2025 02 22 16 50 305  3.5  5.0 99.00 99.00 99.00 999 1030.0  -0.7   4.5  -5.7 99.0 99.00 
2025 02 22 17 00 301  3.6  5.0 99.00 99.00 99.00 999 1029.8  -0.7   4.5  -5.6 99.0 99.00 
2025 02 22 17 10 303  3.6  5.4  0.79  4.17  3.93 346 1029.6  -0.7   4.5  -5.5 99.0 99.00 
2025 02 22 17 20 291  3.1  4.4 99.00 99.00 99.00 999 1029.3  -0.7   4.6  -5.9 99.0 99.00 
2025 02 22 17 30 304  2.3  3.9 99.00 99.00 99.00 999 1029.0  -0.6   4.6  -6.0 99.0 99.00 
2025 02 22 17 40 302  1.9  2.8  0.75  4.17  3.91 355 1028.8  -0.3   4.6  -5.6 99.0 99.00 
2025 02 22 17 50 298  2.4  4.0 99.00 99.00 99.00 999 1028.7  -0.3   4.6  -5.9 99.0 99.00 
2025 02 22 18 00 280  1.8  2.9 99.00 99.00 99.00 999 1028.5  -0.2   4.6  -5.7 99.0 99.00 
2025 02 22 18 10 294  1.7  3.5  0.72  4.00  3.89 354 1028.3  -0.1   4.7  -5.7 99.0 99.00 
2025 02 22 18 20 308  1.1  2.2 99.00 99.00 99.00 999 1028.2   0.0   4.7  -5.7 99.0 99.00 
2025 02 22 18 30 285  1.6  2.8 99.00 99.00 99.00 999 1028.0   0.1   4.7  -5.6 99.0 99.00 
2025 02 22 18 40 264  1.7  2.8  0.63  4.00  3.87   8 1027.8   0.1   4.7  -5.6 99.0 99.00 
2025 02 22 18 50 237  1.3  2.4 99.00 99.00 99.00 999 1027.5   0.3   4.7  -5.2 99.0 99.00 
2025 02 22 19 00 225  1.9  3.0 99.00 99.00 99.00 999 1027.4   0.6   4.7  -5.3 99.0 99.00 
2025 02 22 19 10 214  2.5  3.6  0.58  5.26  4.05  27 1027.3   0.5   4.7  -5.4 99.0 99.00 
2025 02 22 19 20 203  2.6  4.3 99.00 99.00 99.00 999 1027.1   0.5   4.7  -5.2 99.0 99.00 
2025 02 22 19 30 211  3.4  4.6 99.00 99.00 99.00 999 1026.8   0.4   4.8  -5.1 99.0 99.00 
2025 02 22 19 40 198  3.8  5.3  0.56  4.55  4.13  38 1026.8   0.5   4.8  -4.9 99.0 99.00 
2025 02 22 19 50 203  4.1  5.3 99.00 99.00 99.00 999 1026.8   0.7   4.7  -4.6 99.0 99.00 
2025 02 22 20 00 210  4.4  5.9 99.00 99.00 99.00 999 1026.8   0.7   4.8  -4.7 99.0 99.00 
2025 02 22 20 10 210  4.3  5.9  0.50  4.17  4.25  25 1026.6   0.9   4.8  -4.4 99.0 99.00 
2025 02 22 20 20 207  4.8  6.4 99.00 99.00 99.00 999 1026.5   1.1   4.8  -3.9 99.0 99.00 
2025 02 22 20 30 198  5.1  6.9 99.00 99.00 99.00 999 1026.3   1.2   4.8  -3.7 99.0 99.00 
2025 02 22 20 40 205  5.6  7.6  0.53  4.76  4.12  30 1026.2   1.3   4.8  -3.5 99.0 99.00 
2025 02 22 20 50 208  6.2  8.0 99.00 99.00 99.00 999 1026.2   1.3   4.8  -3.4 99.0 99.00 
2025 02 22 21 00 207  6.3  7.9 99.00 99.00 99.00 999 1026.2   1.3   4.8  -3.1 99.0 99.00 
2025 02 22 21 10 206  6.4  7.8  0.56 10.00  3.66  61 1026.0   1.3   4.7  -3.0 99.0 99.00 
2025 02 22 21 20 202  6.5  7.8 99.00 99.00 99.00 999 1026.0   1.4   4.7  -2.9 99.0 99.00 
2025 02 22 21 30 198  6.7  8.1 99.00 99.00 99.00 999 1026.0   1.5   4.7  -2.6 99.0 99.00 
2025 02 22 21 40 199  7.0  8.3  0.57  2.74  3.37 209 1026.0   1.6   4.7  -2.2 99.0 99.00 
2025 02 22 21 50 198  7.3  9.1 99.00 99.00 99.00 999 1026.0   1.7   4.7  -2.0 99.0 99.00 
2025 02 22 22 00 201  7.6  9.6 99.00 99.00 99.00 999 1025.8   1.8   4.6  -1.9 99.0 99.00 
2025 02 22 22 10 204  8.0  9.6  0.63  2.94  3.44 206 1025.8   1.9   4.6  -1.6 99.0 99.00 
2025 02 22 22 20 205  7.7  9.1 99.00 99.00 99.00 999 1025.7   2.0   4.6  -1.5 99.0 99.00 
2025 02 22 22 30 204  7.6  9.8 99.00 99.00 99.00 999 1025.5   2.3   4.6  -1.2 99.0 99.00 
2025 02 22 22 40 202  7.5  9.4  0.65  3.23  3.39 210 1025.4   2.3   4.6  -1.4 99.0 99.00 
2025 02 22 22 50 205  7.2  8.6 99.00 99.00 99.00 999 1025.2   2.6   4.6  -1.1 99.0 99.00 
2025 02 22 23 00 209  7.8  9.4 99.00 99.00 99.00 999 1025.4   2.7   4.6  -0.9 99.0 99.00 
2025 02 22 23 10 208  7.7  9.2  0.75  4.00  3.60 234 1025.4   2.8   4.6  -0.9 99.0 99.00 
2025 02 22 23 20 213  8.1 10.2 99.00 99.00 99.00 999 1025.5   2.9   4.6  -0.8 99.0 99.00 
2025 02 22 23 30 212  8.1  9.8 99.00 99.00 99.00 999 1025.5   3.0   4.6  -0.5 99.0 99.00 
2025 02 22 23 40 219  8.7 10.5  0.87  3.70  3.62 214 1025.5   3.0   4.6  -0.8 99.0 99.00 
2025 02 22 23 50 226  8.5 10.5 99.00 99.00 99.00 999 1025.6   3.1   4.6  -1.1 99.0 99.00 
2025 02 23 00 00 230  8.6 10.2 99.00 99.00 99.00 999 1025.6   3.2   4.6  -0.9 99.0 99.00 
2025 02 23 00 10 227  8.3 10.0  0.93  4.17  3.76 224 1025.7   3.1   4.5  -0.9 99.0 99.00 
2025 02 23 00 20 229  7.7  9.4 99.00 99.00 99.00 999 1025.7   3.1   4.5  -1.2 99.0 99.00 
2025 02 23 00 30 227  8.0  9.7 99.00 99.00 99.00 999 1025.7   3.2   4.5  -1.0 99.0 99.00 
2025 02 23 00 40 235  8.0  9.5  1.08  4.55  3.92 226 1025.8   3.1   4.5  -1.5 99.0 99.00 
2025 02 23 00 50 237  8.1  9.5 99.00 99.00 99.00 999 1025.7   3.1   4.5  -1.8 99.0 99.00 
2025 02 23 01 00 236  8.0  9.7 99.00 99.00 99.00 999 1025.8   3.1   4.5  -1.2 99.0 99.00 
2025 02 23 01 10 233  7.9  9.4  1.05  4.55  3.88 225 1025.6   2.9   4.5  -1.7 99.0 99.00 
2025 02 23 01 20 231  7.2  8.6 99.00 99.00 99.00 999 1025.5   3.0   4.5  -1.6 99.0 99.00 
2025 02 23 01 30 230  7.1  8.8 99.00 99.00 99.00 999 1025.5   2.9   4.5  -2.3 99.0 99.00 
2025 02 23 01 40 231  7.0  8.8  0.87  4.35  3.80 222 1025.5   3.0   4.5  -1.3 99.0 99.00 
2025 02 23 01 50 231  6.8  8.3 99.00 99.00 99.00 999 1025.2   3.0   4.5  -1.4 99.0 99.00 
2025 02 23 02 00 231  6.7  8.0 99.00 99.00 99.00 999 1025.2   3.1   4.5  -1.4 99.0 99.00 
2025 02 23 02 10 232  6.7  8.1  0.87  4.55  3.71 221 1025.3   3.2   4.5  -1.6 99.0 99.00 
2025 02 23 02 20 234  6.7  8.0 99.00 99.00 99.00 999 1025.2   3.3   4.5  -1.1 99.0 99.00 
2025 02 23 02 30 231  7.1  8.2 99.00 99.00 99.00 999 1025.1   3.3   4.5  -1.2 99.0 99.00 
2025 02 23 02 40 226  6.8  8.1  0.80  4.35  3.70 220 1024.9   3.3   4.5  -1.5 99.0 99.00 
2025 02 23 02 50 232  6.5  7.9 99.00 99.00 99.00 999 1024.9   3.4   4.5  -1.3 99.0 99.00 
2025 02 23 03 00 233  6.5  7.8 99.00 99.00 99.00 999 1024.8   3.4   4.5  -1.0 99.0 99.00 
2025 02 23 03 10 229  6.8  8.4  0.81  4.17  3.58 217 1024.8   3.4   4.5  -0.9 99.0 99.00 
2025 02 23 03 20 229  6.9  8.2 99.00 99.00 99.00 999 1024.6   3.4   4.5  -0.8 99.0 99.00 
2025 02 23 03 30 225  7.1  8.6 99.00 99.00 99.00 999 1024.4   3.4   4.4  -0.5 99.0 99.00 
2025 02 23 03 40 222  7.1  8.8  0.76  4.17  3.67 209 1024.4   3.5   4.5   0.0 99.0 99.00 
2025 02 23 03 50 221  7.8  9.2 99.00 99.00 99.00 999 1024.3   3.5   4.4   0.1 99.0 99.00 
2025 02 23 04 00 223  7.5  9.4 99.00 99.00 99.00 999 1024.2   3.6   4.4   0.4 99.0 99.00 
2025 02 23 04 10 223  7.9  9.5  0.80  4.00  3.60 217 1024.2   3.6   4.4   0.5 99.0 99.00 
2025 02 23 04 20 223  7.9  9.7 99.00 99.00 99.00 999 1024.3   3.6   4.4   0.6 99.0 99.00 
2025 02 23 04 30 223  8.4 10.2 99.00 99.00 99.00 999 1024.2   3.5   4.4   0.4 99.0 99.00 
2025 02 23 04 40 222  8.5 10.4  0.85  4.00  3.68 206 1024.1   3.6   4.4   0.6 99.0 99.00 
2025 02 23 04 50 221  8.4 10.0 99.00 99.00 99.00 999 1024.0   3.7   4.4   0.8 99.0 99.00 
2025 02 23 05 00 220  8.8 10.8 99.00 99.00 99.00 999 1023.9   3.7   4.4   0.7 99.0 99.00 
2025 02 23 05 10 220  8.1 10.1  0.91  4.55  3.68 210 1023.8   3.8   4.4   0.9 99.0 99.00 
2025 02 23 05 20 223  8.1 10.2 99.00 99.00 99.00 999 1023.8   3.8   4.4   0.8 99.0 99.00 
2025 02 23 05 30 226  7.8  9.4 99.00 99.00 99.00 999 1023.8   3.9   4.4   0.8 99.0 99.00 
2025 02 23 05 40 225  8.2 10.0  0.90  4.35  3.68 213 1023.7   4.0   4.4   0.7 99.0 99.00 
2025 02 23 05 50 224  8.2  9.8 99.00 99.00 99.00 999 1023.5   4.0   4.4   0.5 99.0 99.00 
2025 02 23 06 00 219  7.8  9.4 99.00 99.00 99.00 999 1023.2   4.1   4.4   0.5 99.0 99.00 
2025 02 23 06 10 218  7.9  9.4  0.99  4.35  3.79 209 1023.1   4.2   4.4   0.5 99.0 99.00 
2025 02 23 06 20 216  8.0  9.5 99.00 99.00 99.00 999 1023.0   4.2   4.4   0.4 99.0 99.00 
2025 02 23 06 30 216  7.8  9.6 99.00 99.00 99.00 999 1022.9   4.3   4.4   0.6 99.0 99.00 
2025 02 23 06 40 220  7.2  9.1  0.91  4.35  3.79 218 1022.7   4.3   4.5   0.7 99.0 99.00 
2025 02 23 06 50 222  7.6  9.1 99.00 99.00 99.00 999 1022.6   4.3   4.5   0.8 99.0 99.00 
2025 02 23 07 00 224  7.7  9.7 99.00 99.00 99.00 999 1022.5   4.3   4.5   0.9 99.0 99.00 
2025 02 23 07 10 225  7.6  8.9  0.98  4.35  3.77 210 1022.4   4.3   4.5   1.0 99.0 99.00 
2025 02 23 07 20 225  7.6  9.1 99.00 99.00 99.00 999 1022.2   4.3   4.6   0.9 99.0 99.00 
2025 02 23 07 30 222  7.3  8.9 99.00 99.00 99.00 999 1022.0   4.3   4.6   1.2 99.0 99.00 
2025 02 23 07 40 221  6.6  8.0  0.83  4.35  3.73 218 1021.8   4.3   4.6   1.1 99.0 99.00 
2025 02 23 07 50 223  6.5  8.1 99.00 99.00 99.00 999 1021.7   4.3   4.6   0.9 99.0 99.00 
2025 02 23 08 00 224  6.2  7.5 99.00 99.00 99.00 999 1021.5   4.4   4.6   1.1 99.0 99.00 
2025 02 23 08 10 226  5.9  7.2  0.87  4.17  3.82 213 1021.3   4.4   4.6   1.1 99.0 99.00 
2025 02 23 08 20 228  5.5  6.7 99.00 99.00 99.00 999 1021.2   4.4   4.6   1.1 99.0 99.00 
2025 02 23 08 30 227  5.2  6.3 99.00 99.00 99.00 999 1021.1   4.4   4.6   1.1 99.0 99.00 
2025 02 23 08 40 222  5.2  6.3  0.78  4.35  3.77 203 1020.9   4.4   4.6   1.2 99.0 99.00 
2025 02 23 08 50 227  4.8  5.7 99.00 99.00 99.00 999 1020.8   4.4   4.6   1.2 99.0 99.00 
2025 02 23 09 00 229  5.0  6.3 99.00 99.00 99.00 999 1020.8   4.4   4.6   1.3 99.0 99.00 
2025 02 23 09 10 230  5.7  7.5  0.74  4.76  3.60 196 1020.7   4.4   4.6   1.0 99.0 99.00 
2025 02 23 09 20 232  5.7  6.8 99.00 99.00 99.00 999 1020.8   4.5   4.6   1.1 99.0 99.00 
2025 02 23 09 30 237  5.7  7.0 99.00 99.00 99.00 999 1020.8   4.3 999.0   0.8 99.0 99.00 
2025 02 23 09 40 239  5.5  6.6  0.70  4.17  3.69 208 1020.9   4.3   4.6   0.7 99.0 99.00 
2025 02 23 09 50 241  5.8  7.0 99.00 99.00 99.00 999 1020.9   4.2   4.6   0.5 99.0 99.00 
2025 02 23 10 00 248  6.1  8.1 99.00 99.00 99.00 999 1021.0   4.2   4.6   0.6 99.0 99.00 
2025 02 23 10 10 254  6.8  8.5  0.71  4.00  3.66 206 1021.0   4.1   4.6   0.3 99.0 99.00 
2025 02 23 10 20 260  7.2  8.7 99.00 99.00 99.00 999 1021.1   4.0   4.4  -0.1 99.0 99.00 
2025 02 23 10 30 266  7.3  8.9 99.00 99.00 99.00 999 1021.2   3.9   4.4  -0.2 99.0 99.00 
2025 02 23 10 40 269  7.7  9.3  0.69  4.35  3.60 199 1021.2   3.7   4.4  -0.5 99.0 99.00 
2025 02 23 10 50 273  7.2  8.9 99.00 99.00 99.00 999 1021.2   3.5   4.4  -0.5 99.0 99.00 
2025 02 23 11 00 274  6.9  8.2 99.00 99.00 99.00 999 1021.2   3.3   4.4  -0.3 99.0 99.00 
2025 02 23 11 10 278  7.2  8.8  0.68  4.17  3.56 210 1021.4   3.3   4.4  -0.4 99.0 99.00 
2025 02 23 11 20 280  7.4  8.7 99.00 99.00 99.00 999 1021.5   3.2   4.4  -0.4 99.0 99.00 
2025 02 23 11 30 283  7.2  8.7 99.00 99.00 99.00 999 1021.5   3.2   4.4  -0.4 99.0 99.00 
2025 02 23 11 40 283  7.1  9.0  0.70  4.55  3.61 203 1021.5   3.1   4.4  -0.6 99.0 99.00 
2025 02 23 11 50 282  7.0  8.5 99.00 99.00 99.00 999 1021.7   3.1   4.4  -0.6 99.0 99.00 
2025 02 23 12 00 283  6.7  8.0 99.00 99.00 99.00 999 1021.8   3.1   4.3  -0.8 99.0 99.00 
2025 02 23 12 10 283  6.1  7.7  0.70  4.55  3.54 207 1022.0   3.1   4.3  -0.6 99.0 99.00 
2025 02 23 12 20 285  5.7  7.0 99.00 99.00 99.00 999 1022.1   3.2   4.3  -0.8 99.0 99.00 
2025 02 23 12 30 286  5.5  6.5 99.00 99.00 99.00 999 1022.3   3.3   4.3  -0.9 99.0 99.00 
2025 02 23 12 40 285  5.8  6.8  0.69  4.17  3.67 207 1022.4   3.5   4.3  -0.8 99.0 99.00 
2025 02 23 12 50 290  5.5  7.0 99.00 99.00 99.00 999 1022.6   3.4   4.3  -1.1 99.0 99.00 
2025 02 23 13 00 293  5.3  6.6 99.00 99.00 99.00 999 1022.7   3.4   4.3  -1.3 99.0 99.00 
2025 02 23 13 10 293  4.8  5.9  0.68  4.55  3.63 197 1022.8   3.4   4.3  -1.3 99.0 99.00 
2025 02 23 13 20 289  5.3  6.5 99.00 99.00 99.00 999 1022.9   3.5   4.3  -1.3 99.0 99.00 
2025 02 23 13 30 288  5.1  6.5 99.00 99.00 99.00 999 1023.1   3.5   4.3  -1.3 99.0 99.00 
2025 02 23 13 40 288  5.1  6.2  0.71  4.17  3.62 199 1023.2   3.5   4.3  -1.4 99.0 99.00 
2025 02 23 13 50 292  5.3  6.8 99.00 99.00 99.00 999 1023.2   3.5   4.3  -1.6 99.0 99.00 
2025 02 23 14 00 296  5.8  7.0 99.00 99.00 99.00 999 1023.2   3.6 999.0  -1.7 99.0 99.00 
2025 02 23 14 10 301  6.1  7.3  0.67  4.55  3.58 201 1023.2   3.6   4.3  -2.0 99.0 99.00 
2025 02 23 14 20 299  6.5  7.7 99.00 99.00 99.00 999 1023.1   3.5   4.3  -2.3 99.0 99.00 
2025 02 23 14 30 294  6.0  7.5 99.00 99.00 99.00 999 1023.0   3.5   4.3  -2.1 99.0 99.00 
2025 02 23 14 40 291  5.8  7.0  0.67  3.03  3.58 279 1023.0   3.5   4.3  -2.0 99.0 99.00 
2025 02 23 14 50 294  6.2  7.7 99.00 99.00 99.00 999 1023.0   3.5   4.3  -2.3 99.0 99.00 
2025 02 23 15 00 299  6.3  7.5 99.00 99.00 99.00 999 1023.0   3.4   4.4  -2.2 99.0 99.00 
2025 02 23 15 10 298  6.2  7.1  0.69  4.76  3.61 199 1022.9   3.4   4.4  -2.0 99.0 99.00 
2025 02 23 15 20 301  5.9  7.4 99.00 99.00 99.00 999 1022.7   3.5   4.4  -2.0 99.0 99.00 
2025 02 23 15 30 304  5.7  6.9 99.00 99.00 99.00 999 1022.7   3.6   4.4  -2.1 99.0 99.00 
2025 02 23 15 40 304  5.9  7.1  0.66  4.55  3.64 195 1022.8   3.7   4.4  -2.2 99.0 99.00 
2025 02 23 15 50 297  5.2  6.3 99.00 99.00 99.00 999 1022.7   3.8   4.4  -1.7 99.0 99.00 
2025 02 23 16 00 299  4.8  6.4 99.00 99.00 99.00 999 1022.7   3.9   4.4  -1.6 99.0 99.00 
2025 02 23 16 10 307  5.5  6.8  0.59  4.76  3.60 188 1022.5   4.1   4.4  -2.6 99.0 99.00 
2025 02 23 16 20 309  5.3  6.7 99.00 99.00 99.00 999 1022.5   4.2   4.5  -3.2 99.0 99.00 
2025 02 23 16 30 307  4.8  5.9 99.00 99.00 99.00 999 1022.3   4.3   4.5  -3.1 99.0 99.00 
2025 02 23 16 40 306  4.4  5.6  0.64  4.55  3.76 195 1022.1   4.4   4.5  -3.0 99.0 99.00 
2025 02 23 16 50 304  3.8  4.8 99.00 99.00 99.00 999 1022.0   4.5   4.5  -3.1 99.0 99.00 
2025 02 23 17 00 318  3.3  4.3 99.00 99.00 99.00 999 1021.9   4.5   4.5  -2.5 99.0 99.00 
2025 02 23 17 10 330  2.8  3.4  0.56 10.00  3.88  83 1021.7   4.4   4.5  -2.0 99.0 99.00 
2025 02 23 17 20 343  2.6  3.2 99.00 99.00 99.00 999 1021.5   4.4   4.6  -2.0 99.0 99.00 
2025 02 23 17 30 335  2.0  2.8 99.00 99.00 99.00 999 1021.3   4.4   4.6  -1.8 99.0 99.00 
2025 02 23 17 40 313  1.4  2.0  0.60  4.55  3.84 183 1021.1   4.5   4.6  -1.7 99.0 99.00 
2025 02 23 17 50 285  1.1  1.8 99.00 99.00 99.00 999 1021.1   4.7   4.6  -1.6 99.0 99.00 
2025 02 23 18 00 259  0.8  1.3 99.00 99.00 99.00 999 1020.9   4.9   4.7  -1.7 99.0 99.00 
2025 02 23 18 10 235  0.1  0.7  0.59 10.00  3.91  53 1020.7   5.5   4.7  -1.3 99.0 99.00 
2025 02 23 18 20   5  0.0  0.4 99.00 99.00 99.00 999 1020.7   6.0   4.7  -1.4 99.0 99.00 
2025 02 23 18 30 170  0.1  0.5 99.00 99.00 99.00 999 1020.5   6.3   4.7  -1.5 99.0 99.00 
2025 02 23 18 40 185  0.6  1.4  0.55  4.55  3.91 192 1020.2   6.1   4.7  -1.7 99.0 99.00 
2025 02 23 18 50 180  0.9  1.8 99.00 99.00 99.00 999 1020.0   5.8   4.7  -2.0 99.0 99.00 
2025 02 23 19 00 191  1.5  2.1 99.00 99.00 99.00 999 1019.9   5.5   4.7  -2.5 99.0 99.00 
2025 02 23 19 10 186  1.4  1.8  0.54 10.00  3.96  66 1020.0   5.5   4.7  -2.7 99.0 99.00 
2025 02 23 19 20 187  1.0  1.8 99.00 99.00 99.00 999 1019.9   5.6   4.8  -3.0 99.0 99.00 
2025 02 23 19 30 172  0.7  1.2 99.00 99.00 99.00 999 1019.8   5.9   4.8  -3.2 99.0 99.00 
2025 02 23 19 40 161  1.3  2.1  0.55  4.55  4.12 185 1019.7   5.8   4.8  -2.8 99.0 99.00 
2025 02 23 19 50 152  1.5  2.0 99.00 99.00 99.00 999 1019.6   5.6   4.8  -2.3 99.0 99.00 
2025 02 23 20 00 158  2.2  3.8 99.00 99.00 99.00 999 1019.5   5.6   4.9  -2.0 99.0 99.00 
2025 02 23 20 10 164  3.5  4.5  0.58  4.55  4.57 185 1019.4   5.4   4.9  -1.9 99.0 99.00 
2025 02 23 20 20 165  3.8  4.8 99.00 99.00 99.00 999 1019.4   5.2   5.0  -1.8 99.0 99.00 
2025 02 23 20 30 157  3.6  4.5 99.00 99.00 99.00 999 1019.3   5.2   5.0  -1.5 99.0 99.00 
2025 02 23 20 40 158  3.7  4.9  0.51  5.00  4.43 185 1019.2   5.3   5.1  -1.2 99.0 99.00 
2025 02 23 20 50 156  3.8  4.8 99.00 99.00 99.00 999 1019.1   5.3   5.1  -1.0 99.0 99.00 
2025 02 23 21 00 155  3.4  4.4 99.00 99.00 99.00 999 1019.1   5.4   5.2  -0.7 99.0 99.00 
2025 02 23 21 10 153  4.3  5.0  0.52  4.76  4.41 180 1019.1   5.4   5.2  -0.6 99.0 99.00 
2025 02 23 21 20 159  4.4  5.4 99.00 99.00 99.00 999 1019.1   5.5   5.3  -0.4 99.0 99.00 
2025 02 23 21 30 173  4.9  6.1 99.00 99.00 99.00 999 1019.1   5.6   5.3  -0.5 99.0 99.00 
2025 02 23 21 40 176  5.2  6.0  0.53 10.81  4.55  90 1019.1   5.5   5.4  -0.7 99.0 99.00 
2025 02 23 21 50 178  5.5  6.6 99.00 99.00 99.00 999 1019.1   5.5   5.4  -0.1 99.0 99.00 
2025 02 23 22 00 178  5.5  6.6 99.00 99.00 99.00 999 1019.0   5.5   5.5   0.4 99.0 99.00 
2025 02 23 22 10 179  5.6  6.4  0.54 10.00  4.40 109 1019.2   5.4   5.6   0.4 99.0 99.00 
2025 02 23 22 20 183  5.1  6.3 99.00 99.00 99.00 999 1019.2   5.4   5.7   0.5 99.0 99.00 
2025 02 23 22 30 189  5.1  6.0 99.00 99.00 99.00 999 1019.2   5.5   5.6   1.0 99.0 99.00 
2025 02 23 22 40 183  4.5  5.9  0.53 10.00  3.72  52 1019.3   5.4   5.6   1.1 99.0 99.00 
2025 02 23 22 50 189  4.6  6.0 99.00 99.00 99.00 999 1019.4   5.4   5.6   1.4 99.0 99.00 
2025 02 23 23 00 193  5.9  6.9 99.00 99.00 99.00 999 1019.5   5.3   5.5   1.1 99.0 99.00 
2025 02 23 23 10 197  5.4  6.6  0.56 10.81  3.47  87 1019.5   5.3   5.5   1.0 99.0 99.00 
2025 02 23 23 20 200  5.7  6.9 99.00 99.00 99.00 999 1019.7   5.3   5.4   0.9 99.0 99.00 
2025 02 23 23 30 200  5.4  6.5 99.00 99.00 99.00 999 1019.7   5.3   5.4   1.2 99.0 99.00 
2025 02 23 23 40 201  5.1  6.2  0.57  4.55  3.55 188 1020.0   5.4   5.4   1.5 99.0 99.00 
2025 02 23 23 50 204  5.6  6.6 99.00 99.00 99.00 999 1020.1   5.4   5.4   1.6 99.0 99.00 
2025 02 24 00 00 206  5.5  6.5 99.00 99.00 99.00 999 1020.1   5.4   5.4   1.7 99.0 99.00 
2025 02 24 00 10 208  5.7  6.8  0.57  2.86  3.56 193 1020.3   5.4   5.4   1.9 99.0 99.00 
2025 02 24 00 20 212  5.8  6.9 99.00 99.00 99.00 999 1020.3   5.4   5.3   2.0 99.0 99.00 
2025 02 24 00 30 215  5.6  6.8 99.00 99.00 99.00 999 1020.5   5.5   5.3   2.2 99.0 99.00 
2025 02 24 00 40 215  5.5  6.5  0.55 10.00  3.52  81 1020.4   5.5   5.3   2.3 99.0 99.00 
2025 02 24 00 50 218  5.5  6.5 99.00 99.00 99.00 999 1020.5   5.5   5.2   2.5 99.0 99.00 
2025 02 24 01 00 218  5.1  6.1 99.00 99.00 99.00 999 1020.5   5.5   5.2   2.7 99.0 99.00 
2025 02 24 01 10 211  5.4  6.4  0.58 10.00  3.60  84 1020.6   5.5   5.1   2.8 99.0 99.00 
2025 02 24 01 20 215  5.5  6.6 99.00 99.00 99.00 999 1020.6   5.4   5.1   2.8 99.0 99.00 
2025 02 24 01 30 223  5.3  6.4 99.00 99.00 99.00 999 1020.5   5.4   5.0   3.0 99.0 99.00 
2025 02 24 01 40 223  5.0  5.9  0.58 10.00  3.53 131 1020.6   5.3   5.0   3.0 99.0 99.00 
2025 02 24 01 50 224  4.6  5.6 99.00 99.00 99.00 999 1020.7   5.3   5.0   3.2 99.0 99.00 
2025 02 24 02 00 232  4.6  5.4 99.00 99.00 99.00 999 1020.7   5.3   4.9   3.2 99.0 99.00 
2025 02 24 02 10 240  4.4  5.1  0.58 10.00  3.75  24 1020.7   5.3   4.9   3.1 99.0 99.00 
2025 02 24 02 20 248  4.4  5.1 99.00 99.00 99.00 999 1020.7   5.4   4.9   2.8 99.0 99.00 
2025 02 24 02 30 257  4.2  5.0 99.00 99.00 99.00 999 1020.6   5.4   4.8   2.4 99.0 99.00 
2025 02 24 02 40 257  3.2  4.1  0.57  3.23  3.66 193 1020.6   5.5   4.8   2.4 99.0 99.00 
2025 02 24 02 50 245  2.4  2.9 99.00 99.00 99.00 999 1020.5   5.5   4.8   2.5 99.0 99.00 
2025 02 24 03 00 260  2.6  3.3 99.00 99.00 99.00 999 1020.6   5.5   4.8   2.4 99.0 99.00 
2025 02 24 03 10 259  3.2  3.9  0.54 10.81  3.89  60 1020.5   5.4   4.8   2.3 99.0 99.00 
2025 02 24 03 20 268  2.9  3.5 99.00 99.00 99.00 999 1020.3   5.3   4.8   2.4 99.0 99.00 
2025 02 24 03 30 281  3.1  3.8 99.00 99.00 99.00 999 1020.2   5.3   4.8   2.1 99.0 99.00 
2025 02 24 03 40 268  2.7  3.2  0.54 10.00  4.15 129 1020.3   5.3   4.8   2.0 99.0 99.00 
2025 02 24 03 50 249  2.4  3.0 99.00 99.00 99.00 999 1020.2   5.3   4.8   2.0 99.0 99.00 
2025 02 24 04 00 230  2.5  3.3 99.00 99.00 99.00 999 1020.3   5.2   4.8   2.0 99.0 99.00 
2025 02 24 04 10 232  2.9  3.5  0.53 10.00  3.87 149 1020.1   5.1   4.8   2.0 99.0 99.00 
2025 02 24 04 20 237  3.3  4.0 99.00 99.00 99.00 999 1020.0   5.1   4.8   1.8 99.0 99.00 
2025 02 24 04 30 250  2.8  3.7 99.00 99.00 99.00 999 1020.0   5.0   4.8   1.6 99.0 99.00 
2025 02 24 04 40 246  2.5  3.6  0.50 10.00  4.05  48 1019.8   5.0   4.7   1.5 99.0 99.00 
2025 02 24 04 50 251  2.1  2.7 99.00 99.00 99.00 999 1019.8   5.0   4.8   1.5 99.0 99.00 
2025 02 24 05 00 254  2.3  2.9 99.00 99.00 99.00 999 1019.8   4.9   4.8   1.5 99.0 99.00 
2025 02 24 05 10 260  2.0  2.6  0.49 10.81  4.36  96 1019.8   4.9   4.8   1.5 99.0 99.00 
2025 02 24 05 20 234  2.5  3.0 99.00 99.00 99.00 999 1019.7   4.9   4.8   1.7 99.0 99.00 
2025 02 24 05 30 233  2.5  3.0 99.00 99.00 99.00 999 1019.7   4.8   4.8   1.5 99.0 99.00 
2025 02 24 05 40 236  1.9  2.5  0.46 10.81  4.39  52 1019.7   4.7   4.8   1.2 99.0 99.00 
2025 02 24 05 50 211  2.2  2.9 99.00 99.00 99.00 999 1019.6   4.7   4.8   1.2 99.0 99.00 
2025 02 24 06 00 233  2.3  2.8 99.00 99.00 99.00 999 1019.6   4.7   4.8   1.2 99.0 99.00 
2025 02 24 06 10 253  2.2  2.9  0.46 10.00  4.56  72 1019.5   4.7   4.8   1.1 99.0 99.00 
2025 02 24 06 20 236  2.3  3.3 99.00 99.00 99.00 999 1019.5   4.6   4.8   1.1 99.0 99.00 
2025 02 24 06 30 236  2.6  3.4 99.00 99.00 99.00 999 1019.5   4.6   4.8   1.1 99.0 99.00 
2025 02 24 06 40 239  3.1  3.8  0.44 10.81  4.40  82 1019.7   4.6   4.8   1.5 99.0 99.00 
2025 02 24 06 50 242  2.7  3.7 99.00 99.00 99.00 999 1019.5   4.6   4.8   1.6 99.0 99.00 
2025 02 24 07 00 234  2.7  3.4 99.00 99.00 99.00 999 1019.3   4.5   4.8   1.3 99.0 99.00 
2025 02 24 07 10 234  2.8  3.5  0.42 10.81  4.55 135 1019.3   4.5   4.8   1.4 99.0 99.00 
2025 02 24 07 20 243  2.3  2.8 99.00 99.00 99.00 999 1019.2   4.5   4.8   1.3 99.0 99.00 
2025 02 24 07 30 239  2.4  2.9 99.00 99.00 99.00 999 1019.3   4.5   4.8   1.5 99.0 99.00 
2025 02 24 07 40 243  2.3  3.0  0.40 10.00  4.48 103 1019.5   4.5   4.9   1.3 99.0 99.00 
2025 02 24 07 50 249  3.0  3.7 99.00 99.00 99.00 999 1019.5   4.5   4.9   0.8 99.0 99.00 
2025 02 24 08 00 258  3.1  3.9 99.00 99.00 99.00 999 1019.4   4.5   4.8   0.5 99.0 99.00 
2025 02 24 08 10 263  2.9  3.7  0.39 10.81  4.85  70 1019.4   4.5   4.8   0.4 99.0 99.00 
2025 02 24 08 20 269  2.6  3.7 99.00 99.00 99.00 999 1019.2   4.5   4.8   0.3 99.0 99.00 
2025 02 24 08 30 261  2.3  2.9 99.00 99.00 99.00 999 1019.2   4.4   4.8   0.3 99.0 99.00 
2025 02 24 08 40 266  1.9  2.7  0.41 10.00  4.87  81 1019.2   4.4   4.8   0.4 99.0 99.00 
2025 02 24 08 50 269  2.0  2.5 99.00 99.00 99.00 999 1019.2   4.4   4.8   0.3 99.0 99.00 
2025 02 24 09 00 258  2.2  2.6 99.00 99.00 99.00 999 1019.4   4.4   4.8   0.3 99.0 99.00 
2025 02 24 09 10 267  2.0  2.7  0.46 10.00  5.62  62 1019.5   4.5   4.8   0.6 99.0 99.00 
2025 02 24 09 20 273  1.9  2.5 99.00 99.00 99.00 999 1019.5   4.4   4.8   0.4 99.0 99.00 
2025 02 24 09 30 279  1.7  2.3 99.00 99.00 99.00 999 1019.5   4.5   4.8   0.4 99.0 99.00 
2025 02 24 09 40 305  1.6  2.7  0.41 10.00  5.38  51 1019.4   4.5   4.8   0.3 99.0 99.00 
2025 02 24 09 50 344  3.3  4.2 99.00 99.00 99.00 999 1019.3   4.5   4.8   0.4 99.0 99.00 
2025 02 24 10 00 358  3.6  4.4 99.00 99.00 99.00 999 1019.2   4.5   4.8   0.4 99.0 99.00 
2025 02 24 10 10 359  3.6  4.5  0.38  9.09  5.54 104 1019.4   4.5   4.8   0.3 99.0 99.00 
2025 02 24 10 20 359  3.4  4.0 99.00 99.00 99.00 999 1019.5   4.4   4.8   0.3 99.0 99.00 
2025 02 24 10 30 354  3.2  3.7 99.00 99.00 99.00 999 1019.5   4.3   4.8   0.1 99.0 99.00 
2025 02 24 10 40   1  2.9  3.5  0.39 10.81  5.95 114 1019.6   4.4   4.8   0.7 99.0 99.00 
2025 02 24 10 50   6  2.7  3.4 99.00 99.00 99.00 999 1019.7   4.3   4.8   0.3 99.0 99.00 
2025 02 24 11 00  14  2.2  2.9 99.00 99.00 99.00 999 1019.8   4.4   4.8   0.2 99.0 99.00 
2025 02 24 11 10  20  1.8  2.5  0.38 10.81  5.72 138 1019.9   4.4   4.9  -0.2 99.0 99.00 
2025 02 24 11 20  33  1.8  2.6 99.00 99.00 99.00 999 1019.9   4.4   4.9  -0.2 99.0 99.00 
2025 02 24 11 30  26  2.0  2.5 99.00 99.00 99.00 999 1020.0   4.4   4.9  -0.2 99.0 99.00 
2025 02 24 11 40  23  2.3  2.9  0.37 10.81  6.46 133 1020.1   4.4   4.9  -0.3 99.0 99.00 
2025 02 24 11 50  38  2.1  2.5 99.00 99.00 99.00 999 1020.3   4.4   4.9   0.0 99.0 99.00 
2025 02 24 12 00  71  2.1  2.8 99.00 99.00 99.00 999 1020.3   4.4   4.9   0.1 99.0 99.00 
2025 02 24 12 10  92  1.9  2.3  0.36 10.81  6.22 309 1020.3   4.5   4.9   0.2 99.0 99.00 
2025 02 24 12 20  88  1.9  2.5 99.00 99.00 99.00 999 1020.3   4.7   4.9   0.2 99.0 99.00 
2025 02 24 12 30  97  2.0  2.4 99.00 99.00 99.00 999 1020.4   5.0   4.9   0.5 99.0 99.00 
2025 02 24 12 40  98  1.6  2.2  0.41 10.00  7.20 125 1020.6   5.3   4.9   0.6 99.0 99.00 
2025 02 24 12 50 108  1.7  2.3 99.00 99.00 99.00 999 1020.5   5.4   4.9   0.7 99.0 99.00 
2025 02 24 13 00 106  1.5  2.0 99.00 99.00 99.00 999 1020.7   5.6   4.9   1.0 99.0 99.00 
2025 02 24 13 10 110  1.1  1.7  0.38 10.00  7.11 118 1020.8   5.8   4.9   0.8 99.0 99.00 
2025 02 24 13 20 111  1.1  1.5 99.00 99.00 99.00 999 1020.7   6.0   4.9   1.1 99.0 99.00 
2025 02 24 13 30 110  1.6  2.1 99.00 99.00 99.00 999 1020.8   6.0   4.9   1.3 99.0 99.00 
2025 02 24 13 40 109  1.9  2.4  0.36 10.81  6.79 100 1020.7   5.9   4.9   1.2 99.0 99.00 
2025 02 24 13 50 120  1.7  2.4 99.00 99.00 99.00 999 1020.8   6.0   4.9   1.6 99.0 99.00 
2025 02 24 14 00 127  1.7  2.0 99.00 99.00 99.00 999 1020.7   6.2   4.9   2.0 99.0 99.00 
2025 02 24 14 10 126  1.4  2.0  0.38 12.12  7.34  89 1020.8   6.3   4.9   1.9 99.0 99.00 
2025 02 24 14 20 130  1.2  1.5 99.00 99.00 99.00 999 1020.8   6.5   4.9   2.0 99.0 99.00 
2025 02 24 14 30 131  1.3  1.7 99.00 99.00 99.00 999 1020.7   6.6   4.9   2.4 99.0 99.00 
2025 02 24 14 40 133  1.3  1.7  0.39 10.00  7.16  98 1020.8   6.6   5.0   2.3 99.0 99.00 
2025 02 24 14 50 130  1.0  1.4 99.00 99.00 99.00 999 1020.7   6.7   5.0   2.4 99.0 99.00 
2025 02 24 15 00 134  1.2  1.5 99.00 99.00 99.00 999 1020.7   6.8   5.0   2.5 99.0 99.00 
2025 02 24 15 10 139  1.4  2.0 99.00 99.00 99.00 999 1020.7   6.8   5.0   2.6 99.0 99.00 
2025 02 24 15 20 138  1.5  1.9 99.00 99.00 99.00 999 1020.7   6.8   5.1   2.7 99.0 99.00 
2025 02 24 15 30 141  1.6  1.9 99.00 99.00 99.00 999 1020.6   6.8   5.1   2.8 99.0 99.00 
2025 02 24 15 40 133  1.7  2.2  0.37 11.43  6.92 106 1020.5   6.8   5.1   3.0 99.0 99.00 
2025 02 24 15 50 127  1.9  2.4 99.00 99.00 99.00 999 1020.6   6.8   5.1   3.1 99.0 99.00 
2025 02 24 16 00 126  2.1  2.7 99.00 99.00 99.00 999 1020.5   6.9   5.2   3.2 99.0 99.00 
2025 02 24 16 10 116  2.1  2.5  0.44 10.81  7.20 111 1020.5   6.9   5.2   3.3 99.0 99.00 
2025 02 24 16 20 123  2.0  2.4 99.00 99.00 99.00 999 1020.5   6.9   5.2   3.3 99.0 99.00 
2025 02 24 16 30 127  2.4  2.9 99.00 99.00 99.00 999 1020.4   6.9   5.3   3.3 99.0 99.00 
2025 02 24 16 40 139  2.4  3.0  0.40  9.09  7.24 142 1020.4   6.9   5.3   3.0 99.0 99.00 
2025 02 24 16 50 149  2.4  2.9 99.00 99.00 99.00 999 1020.2   7.0   5.4   3.0 99.0 99.00 
2025 02 24 17 00 153  2.3  2.9 99.00 99.00 99.00 999 1020.0   7.1   5.6   3.1 99.0 99.00 
2025 02 24 17 10 161  2.3  2.8  0.40 10.00  7.36  98 1020.0   7.1   5.7   3.2 99.0 99.00 
2025 02 24 17 20 169  2.6  3.2 99.00 99.00 99.00 999 1019.7   7.1   5.7   3.5 99.0 99.00 
2025 02 24 17 30 165  3.0  3.5 99.00 99.00 99.00 999 1019.4   7.1   5.8   3.6 99.0 99.00 
2025 02 24 17 40 160  3.6  4.5  0.41 12.12  7.20  38 1019.1   7.0   5.9   3.6 99.0 99.00 
2025 02 24 17 50 161  4.0  4.6 99.00 99.00 99.00 999 1018.9   6.9   5.9   3.4 99.0 99.00 
2025 02 24 18 00 164  3.7  4.4 99.00 99.00 99.00 999 1018.7   6.8   5.9   3.2 99.0 99.00 
2025 02 24 18 10 161  3.6  4.4  0.38 10.00  7.07  79 1018.5   6.9   5.8   3.4 99.0 99.00 
2025 02 24 18 20 162  3.9  4.5 99.00 99.00 99.00 999 1018.3   6.9   5.8   3.5 99.0 99.00 
2025 02 24 18 30 171  3.5  4.2 99.00 99.00 99.00 999 1018.0   7.0   5.9   3.8 99.0 99.00 
2025 02 24 18 40 169  3.7  4.7  0.40 10.00  6.25  82 1017.7   7.0   5.9   4.0 99.0 99.00 
2025 02 24 18 50 167  3.5  4.1 99.00 99.00 99.00 999 1017.5   7.0   5.9   4.1 99.0 99.00 
2025 02 24 19 00 167  3.6  4.4 99.00 99.00 99.00 999 1017.5   7.1   5.9   4.3 99.0 99.00 
2025 02 24 19 10 171  3.7  4.2  0.40 10.00  6.70  76 1017.5   7.1   6.0   4.3 99.0 99.00 
2025 02 24 19 20 175  3.7  4.4 99.00 99.00 99.00 999 1017.5   7.1   5.9   4.4 99.0 99.00 
2025 02 24 19 30 178  3.9  4.6 99.00 99.00 99.00 999 1017.5   7.2   6.0   4.5 99.0 99.00 
2025 02 24 19 40 176  3.9  4.6  0.39  9.09  6.41 105 1017.4   7.2   6.1   4.5 99.0 99.00 
2025 02 24 19 50 174  3.9  4.5 99.00 99.00 99.00 999 1017.4   7.1   6.0   4.4 99.0 99.00 
2025 02 24 20 00 175  3.5  4.4 99.00 99.00 99.00 999 1017.5   7.2   6.1   4.4 99.0 99.00 
2025 02 24 20 10 177  3.3  4.0  0.41 10.00  6.02 101 1017.4   7.2   6.1   4.4 99.0 99.00 
2025 02 24 20 20 181  3.4  4.0 99.00 99.00 99.00 999 1017.4   7.2   6.1   4.4 99.0 99.00 
2025 02 24 20 30 181  3.6  4.3 99.00 99.00 99.00 999 1017.4   7.1   6.2   4.3 99.0 99.00 
2025 02 24 20 40 182  3.7  4.4  0.45 11.43  5.30  64 1017.3   7.1   6.2   4.3 99.0 99.00 
2025 02 24 20 50 182  3.7  4.3 99.00 99.00 99.00 999 1017.2   7.1   6.2   4.3 99.0 99.00 
2025 02 24 21 00 181  3.6  4.3 99.00 99.00 99.00 999 1017.0   7.1   6.2   4.5 99.0 99.00 
2025 02 24 21 10 185  3.4  4.2  0.42 10.81  4.78  89 1016.9   7.0   6.2   4.5 99.0 99.00 
2025 02 24 21 20 186  3.1  3.8 99.00 99.00 99.00 999 1016.7   7.0   6.1   4.8 99.0 99.00 
2025 02 24 21 30 185  3.3  4.0 99.00 99.00 99.00 999 1016.6   6.9   6.2   4.8 99.0 99.00 
2025 02 24 21 40 179  3.4  4.1  0.43 10.81  4.72  75 1016.2   6.8   6.1   4.8 99.0 99.00 
2025 02 24 21 50 180  3.5  4.1 99.00 99.00 99.00 999 1016.4   6.7   6.2   4.7 99.0 99.00 
2025 02 24 22 00 189  3.4  4.0 99.00 99.00 99.00 999 1016.5   6.7   6.1   4.6 99.0 99.00 
2025 02 24 22 10 190  3.4  4.0  0.42 10.00  5.05  51 1016.4   6.6 999.0   4.5 99.0 99.00 
2025 02 24 22 20 192  3.4  4.0 99.00 99.00 99.00 999 1016.4   6.5   6.1   4.5 99.0 99.00 
2025 02 24 22 30 198  3.8  4.8 99.00 99.00 99.00 999 1016.4   6.5   6.1   4.4 99.0 99.00 
2025 02 24 22 40 184  4.4  5.5  0.46 10.00  4.89  64 1015.9   6.4   5.9   4.3 99.0 99.00 
2025 02 24 22 50 181  4.6  5.4 99.00 99.00 99.00 999 1016.1   6.3   5.9   4.3 99.0 99.00 
2025 02 24 23 00 184  5.0  5.9 99.00 99.00 99.00 999 1015.9   6.3   5.9   4.3 99.0 99.00 
2025 02 24 23 10 182  5.2  6.3  0.43 12.12  4.89  87 1016.0   6.2   5.8   4.3 99.0 99.00 
2025 02 24 23 20 188  5.0  5.9 99.00 99.00 99.00 999 1016.2   6.2   5.8   4.2 99.0 99.00 
2025 02 24 23 30 189  5.0  5.8 99.00 99.00 99.00 999 1016.2   6.2   5.8   4.3 99.0 99.00 
2025 02 24 23 40 184  4.6  5.4  0.49 11.43  4.38  58 1016.3   6.3   5.7   4.4 99.0 99.00 
2025 02 24 23 50 182  4.9  5.9 99.00 99.00 99.00 999 1016.3   6.3   5.7   4.5 99.0 99.00 
2025 02 25 00 00 180  4.8  5.8 99.00 99.00 99.00 999 1016.3   6.3   5.6   4.5 99.0 99.00 
2025 02 25 00 10 178  4.8  5.7  0.44 11.43  4.14  79 1016.3   6.3   5.6   4.5 99.0 99.00 
2025 02 25 00 20 176  4.9  5.9 99.00 99.00 99.00 999 1016.2   6.3   5.5   4.5 99.0 99.00 
2025 02 25 00 30 174  5.0  5.9 99.00 99.00 99.00 999 1016.2   6.3   5.4   4.5 99.0 99.00 
2025 02 25 00 40 174  5.2  6.1  0.45 10.81  4.13 102 1015.9   6.4   5.4   4.5 99.0 99.00 
2025 02 25 00 50 174  5.5  6.6 99.00 99.00 99.00 999 1015.9   6.4   5.3   4.4 99.0 99.00 
2025 02 25 01 00 174  5.8  6.8 99.00 99.00 99.00 999 1015.9   6.5   5.2   4.5 99.0 99.00 
2025 02 25 01 10 173  5.7  6.8  0.51 11.43  3.86 115 1015.9   6.5   5.2   4.4 99.0 99.00 
2025 02 25 01 20 176  5.5  6.6 99.00 99.00 99.00 999 1015.9   6.5   5.2   4.3 99.0 99.00 
2025 02 25 01 30 175  5.5  6.7 99.00 99.00 99.00 999 1016.1   6.6   5.1   4.2 99.0 99.00 
2025 02 25 01 40 181  5.4  6.5  0.54 12.12  3.99 109 1016.1   6.6   5.1   4.3 99.0 99.00 
2025 02 25 01 50 180  5.5  6.5 99.00 99.00 99.00 999 1016.2   6.6   5.1   4.3 99.0 99.00 
2025 02 25 02 00 179  5.5  6.5 99.00 99.00 99.00 999 1016.1   6.6   5.1   4.4 99.0 99.00 
2025 02 25 02 10 179  5.4  6.4  0.53 10.81  4.05 136 1016.0   6.6   5.1   4.4 99.0 99.00 
2025 02 25 02 20 179  5.4  6.4 99.00 99.00 99.00 999 1015.9   6.6   5.1   4.4 99.0 99.00 
2025 02 25 02 30 174  5.4  6.2 99.00 99.00 99.00 999 1015.8   6.6   5.0   4.4 99.0 99.00 
2025 02 25 02 40 176  5.3  6.2  0.55 13.79  3.81 149 1015.7   6.6   5.0   4.5 99.0 99.00 
2025 02 25 02 50 176  5.6  6.5 99.00 99.00 99.00 999 1015.7   6.6   5.0   4.6 99.0 99.00 
2025 02 25 03 00 174  5.6  6.6 99.00 99.00 99.00 999 1015.5   6.6   5.1   4.6 99.0 99.00 
2025 02 25 03 10 174  5.7  6.6  0.54 12.12  3.71 129 1015.4   6.6   5.1   4.6 99.0 99.00 
2025 02 25 03 20 175  5.6  6.6 99.00 99.00 99.00 999 1015.4   6.6   5.1   4.7 99.0 99.00 
2025 02 25 03 30 175  5.6  6.7 99.00 99.00 99.00 999 1015.2   6.6   5.1   4.7 99.0 99.00 
2025 02 25 03 40 176  5.6  6.5  0.55 11.43  3.66  78 1015.1   6.6   5.1   4.7 99.0 99.00 
2025 02 25 03 50 176  5.4  6.1 99.00 99.00 99.00 999 1015.1   6.6   5.1   4.7 99.0 99.00 
2025 02 25 04 00 178  5.6  6.5 99.00 99.00 99.00 999 1015.1   6.7   5.1   4.7 99.0 99.00 
2025 02 25 04 10 178  5.7  6.9  0.59  3.23  3.76 152 1015.0   6.7   5.1   4.6 99.0 99.00 
2025 02 25 04 20 177  5.8  6.8 99.00 99.00 99.00 999 1014.9   6.7   5.1   4.6 99.0 99.00 
2025 02 25 04 30 176  6.0  7.1 99.00 99.00 99.00 999 1015.0   6.7   5.1   4.7 99.0 99.00 
2025 02 25 04 40 178  5.7  6.8  0.59  3.23  3.61 155 1014.8   6.7   5.1   4.7 99.0 99.00 
2025 02 25 04 50 180  5.7  7.0 99.00 99.00 99.00 999 1014.8   6.8   5.1   4.8 99.0 99.00 
2025 02 25 05 00 179  6.0  7.4 99.00 99.00 99.00 999 1014.6   6.8   5.1   4.8 99.0 99.00 
2025 02 25 05 10 180  6.0  7.0  0.65  3.33  3.60 159 1014.4   6.8   5.1   4.8 99.0 99.00 
2025 02 25 05 20 178  5.9  7.0 99.00 99.00 99.00 999 1014.3   6.8   5.1   4.8 99.0 99.00 
2025 02 25 05 30 176  5.6  6.5 99.00 99.00 99.00 999 1014.2   6.7   5.1   4.8 99.0 99.00 
2025 02 25 05 40 177  5.3  6.3  0.62  3.45  3.49 159 1014.2   6.8   5.1   4.8 99.0 99.00 
2025 02 25 05 50 178  5.1  5.9 99.00 99.00 99.00 999 1014.0   6.7   5.1   4.8 99.0 99.00 
2025 02 25 06 00 172  5.2  5.8 99.00 99.00 99.00 999 1013.8   6.7   5.1   4.9 99.0 99.00 
2025 02 25 06 10 173  5.3  6.0  0.67  3.45  3.61 167 1013.7   6.7   5.1   4.9 99.0 99.00 
2025 02 25 06 20 176  5.0  5.8 99.00 99.00 99.00 999 1013.7   6.7   5.1   4.9 99.0 99.00 
2025 02 25 06 30 174  5.1  6.0 99.00 99.00 99.00 999 1013.4   6.7   5.1   4.9 99.0 99.00 
2025 02 25 06 40 176  4.9  5.6  0.63 12.12  3.85  72 1013.4   6.7   5.1   4.9 99.0 99.00 
2025 02 25 06 50 179  4.5  5.4 99.00 99.00 99.00 999 1013.3   6.7   5.1   5.0 99.0 99.00 
2025 02 25 07 00 183  4.9  5.6 99.00 99.00 99.00 999 1013.4   6.7   5.1   5.0 99.0 99.00 
2025 02 25 07 10 183  4.9  5.6  0.63  3.45  3.72 163 1013.3   6.7   5.1   5.0 99.0 99.00 
2025 02 25 07 20 181  4.8  5.8 99.00 99.00 99.00 999 1013.2   6.6   5.1   5.0 99.0 99.00 
2025 02 25 07 30 176  5.2  6.0 99.00 99.00 99.00 999 1013.0   6.6   5.1   5.0 99.0 99.00 
2025 02 25 07 40 176  5.2  5.9  0.61  3.70  3.72 161 1012.8   6.6   5.1   5.0 99.0 99.00 
2025 02 25 07 50 176  5.4  6.1 99.00 99.00 99.00 999 1012.8   6.6   5.1   5.0 99.0 99.00 
2025 02 25 08 00 177  5.5  6.5 99.00 99.00 99.00 999 1012.6   6.6   5.1   5.0 99.0 99.00 
2025 02 25 08 10 179  6.0  7.1  0.64 11.43  3.89  61 1012.5   6.7   5.1   5.0 99.0 99.00 
2025 02 25 08 20 181  6.1  8.0 99.00 99.00 99.00 999 1012.4   6.9   5.1   4.9 99.0 99.00 
2025 02 25 08 30 181  5.6  6.5 99.00 99.00 99.00 999 1012.4   6.9   5.1   5.0 99.0 99.00 
2025 02 25 08 40 181  5.8  8.3  0.67 11.43  3.66  90 1012.3   6.9   5.1   5.0 99.0 99.00 
2025 02 25 08 50 182  5.3  6.2 99.00 99.00 99.00 999 1012.3   6.9   5.1   5.0 99.0 99.00 
2025 02 25 09 00 183  5.6  6.6 99.00 99.00 99.00 999 1012.2   6.9   5.1   4.9 99.0 99.00 
2025 02 25 09 10 184  5.6  6.6  0.65 12.90  3.70  29 1012.3   6.9   5.1   4.8 99.0 99.00 
2025 02 25 09 20 188  5.9  7.0 99.00 99.00 99.00 999 1012.2   6.9   5.1   4.8 99.0 99.00 
2025 02 25 09 30 187  6.5  7.6 99.00 99.00 99.00 999 1012.2   7.0   5.1   4.6 99.0 99.00 
2025 02 25 09 40 187  6.6  7.7  0.62 11.43  3.63  67 1012.3   7.1   5.1   4.6 99.0 99.00 
2025 02 25 09 50 190  6.4  7.7 99.00 99.00 99.00 999 1012.3   7.2   5.1   4.6 99.0 99.00 
2025 02 25 10 00 188  6.3  7.5 99.00 99.00 99.00 999 1012.2   7.2   5.1   4.6 99.0 99.00 
2025 02 25 10 10 191  6.7  8.1  0.68 10.00  3.61  98 1012.3   7.4   5.2   4.6 99.0 99.00 
2025 02 25 10 20 195  6.9  8.3 99.00 99.00 99.00 999 1012.3   7.6   5.2   4.6 99.0 99.00 
2025 02 25 10 30 196  6.3  7.5 99.00 99.00 99.00 999 1012.4   7.4   5.2   4.7 99.0 99.00 
2025 02 25 10 40 199  5.9  7.2  0.70  3.57  3.49 170 1012.3   7.3   5.2   4.7 99.0 99.00 
2025 02 25 10 50 200  5.8  6.9 99.00 99.00 99.00 999 1012.3   7.2   5.3   4.8 99.0 99.00 
2025 02 25 11 00 202  5.7  6.5 99.00 99.00 99.00 999 1012.1   7.2   5.3   4.8 99.0 99.00 
2025 02 25 11 10 203  5.3  6.3  0.66  3.57  3.62 170 1012.1   7.2   5.3   4.8 99.0 99.00 
2025 02 25 11 20 202  5.2  6.1 99.00 99.00 99.00 999 1011.9   7.2   5.3   4.8 99.0 99.00 
2025 02 25 11 30 202  5.2  5.9 99.00 99.00 99.00 999 1011.9   7.1   5.3   4.9 99.0 99.00 
2025 02 25 11 40 205  5.1  5.9  0.63  3.57  3.84 172 1011.8   7.0   5.3   4.9 99.0 99.00 
2025 02 25 11 50 202  4.8  5.8 99.00 99.00 99.00 999 1011.6   7.0   5.3   4.9 99.0 99.00 
2025 02 25 12 00 201  4.7  6.0 99.00 99.00 99.00 999 1011.6   6.9   5.2   4.9 99.0 99.00 
2025 02 25 12 10 200  5.1  6.4  0.60  3.45  3.67 166 1011.6   7.1   5.2   5.0 99.0 99.00 
2025 02 25 12 20 197  5.2  6.2 99.00 99.00 99.00 999 1011.7   7.0   5.2   5.0 99.0 99.00 
2025 02 25 12 30 200  5.0  6.1 99.00 99.00 99.00 999 1011.5   7.0   5.2   5.0 99.0 99.00 
2025 02 25 12 40 195  4.9  5.6  0.65  3.85  3.82 173 1011.4   7.1   5.2   5.0 99.0 99.00 
2025 02 25 12 50 195  4.7  5.5 99.00 99.00 99.00 999 1011.4   7.1   5.2   5.1 99.0 99.00 
2025 02 25 13 00 197  4.7  5.6 99.00 99.00 99.00 999 1011.5   7.1   5.2   5.1 99.0 99.00 
2025 02 25 13 10 198  4.9  5.9  0.60  3.70  3.89 178 1011.3   7.1   5.3   5.1 99.0 99.00 
2025 02 25 13 20 198  5.1  6.8 99.00 99.00 99.00 999 1011.2   7.2   5.3   5.3 99.0 99.00 
2025 02 25 13 30 196  5.6  7.1 99.00 99.00 99.00 999 1011.4   7.3   5.3   5.2 99.0 99.00 
2025 02 25 13 40 197  5.3  6.5  0.59 12.90  3.89 116 1011.6   7.2   5.3   5.3 99.0 99.00 
2025 02 25 13 50 199  5.5  6.6 99.00 99.00 99.00 999 1011.5   7.3   5.3   5.3 99.0 99.00 
2025 02 25 14 00 200  5.4  6.5 99.00 99.00 99.00 999 1011.3   7.4   5.3   5.4 99.0 99.00 
2025 02 25 14 10 200  5.5  6.7  0.57 10.81  3.96 131 1011.3   7.3   5.3   5.3 99.0 99.00 
2025 02 25 14 20 206  5.8  7.6 99.00 99.00 99.00 999 1011.3   7.5   5.3   5.3 99.0 99.00 
2025 02 25 14 30 196  5.8  6.9 99.00 99.00 99.00 999 1011.3   7.4   5.3   5.3 99.0 99.00 
2025 02 25 14 40 196  5.3  6.2  0.57 13.79  3.98 126 1011.2   7.3   5.2   5.2 99.0 99.00 
2025 02 25 14 50 200  5.4  6.6 99.00 99.00 99.00 999 1011.0   7.5   5.2   5.3 99.0 99.00 
2025 02 25 15 00 201  5.4  6.3 99.00 99.00 99.00 999 1011.1   7.4   5.2   5.2 99.0 99.00 
2025 02 25 15 10 197  5.8  7.0  0.59 12.90  3.89 114 1010.7   7.5   5.1   5.3 99.0 99.00 
2025 02 25 15 20 196  5.5  6.4 99.00 99.00 99.00 999 1010.7   7.4   5.1   5.3 99.0 99.00 
2025 02 25 15 30 193  5.2  6.3 99.00 99.00 99.00 999 1010.7   7.3   5.1   5.3 99.0 99.00 
2025 02 25 15 40 193  5.3  6.3  0.56 11.43  3.85 109 1010.6   7.3   5.1   5.3 99.0 99.00 
2025 02 25 15 50 192  5.4  6.8 99.00 99.00 99.00 999 1010.4   7.4   5.1   5.3 99.0 99.00 
2025 02 25 16 00 193  5.7  6.6 99.00 99.00 99.00 999 1010.4   7.4   5.1   5.3 99.0 99.00 
2025 02 25 16 10 196  5.3  6.1  0.58  9.09  3.95 136 1010.4   7.4   5.1   5.4 99.0 99.00 
2025 02 25 16 20 192  5.5  6.6 99.00 99.00 99.00 999 1010.5   7.4   5.1   5.4 99.0 99.00 
2025 02 25 16 30 193  5.6  6.5 99.00 99.00 99.00 999 1010.4   7.4   5.1   5.4 99.0 99.00 
2025 02 25 16 40 187  5.9  6.9  0.59 11.43  3.84 101 1010.2   7.5   5.1   5.6 99.0 99.00 
2025 02 25 16 50 184  6.0  7.0 99.00 99.00 99.00 999 1010.2   7.6   5.2   5.7 99.0 99.00 
2025 02 25 17 00 182  6.7  7.9 99.00 99.00 99.00 999 1009.6   7.8   5.2   5.8 99.0 99.00 
2025 02 25 17 10 182  7.0  8.2  0.66 12.90  3.76 344 1009.5   7.9   5.2   5.9 99.0 99.00 
2025 02 25 17 20 190  6.3  7.7 99.00 99.00 99.00 999 1009.1   7.9   5.2   5.9 99.0 99.00 
2025 02 25 17 30 190  6.3  7.6 99.00 99.00 99.00 999 1008.6   7.8   5.2   5.9 99.0 99.00 
2025 02 25 17 40 188  6.4  7.7  0.62 10.81  3.69  69 1008.2   7.8   5.2   6.0 99.0 99.00 
2025 02 25 17 50 192  5.9  7.2 99.00 99.00 99.00 999 1008.1   7.7   5.3   5.9 99.0 99.00 
2025 02 25 18 00 195  5.6  6.6 99.00 99.00 99.00 999 1007.9   7.7   5.3   5.9 99.0 99.00 
2025 02 25 18 10 194  5.8  7.0  0.66  3.57  3.74 189 1007.5   7.7   5.3   5.9 99.0 99.00 
2025 02 25 18 20 190  5.9  6.9 99.00 99.00 99.00 999 1007.1   7.8   5.3   5.9 99.0 99.00 
2025 02 25 18 30 184  6.3  7.5 99.00 99.00 99.00 999 1006.4   7.7   5.3   5.9 99.0 99.00 
2025 02 25 18 40 183  6.6  7.9  0.66  3.45  3.67 188 1006.5   7.8   5.3   5.9 99.0 99.00 
2025 02 25 18 50 189  5.8  7.1 99.00 99.00 99.00 999 1006.7   7.8   5.3   5.9 99.0 99.00 
2025 02 25 19 00 190  5.7  6.6 99.00 99.00 99.00 999 1006.6   7.7   5.3   5.9 99.0 99.00 
2025 02 25 19 10 194  5.5  6.8  0.63  3.33  3.70 188 1006.6   7.6   5.3   5.8 99.0 99.00 
2025 02 25 19 20 187  5.2  6.0 99.00 99.00 99.00 999 1006.3   7.4   5.3   5.7 99.0 99.00 
2025 02 25 19 30 183  6.0  7.3 99.00 99.00 99.00 999 1006.0   7.4   5.3   5.7 99.0 99.00 
2025 02 25 19 40 177  6.3  7.5  0.62 12.90  3.89 101 1005.9   7.4   5.3   5.7 99.0 99.00 
2025 02 25 19 50 177  7.0  8.0 99.00 99.00 99.00 999 1005.8   7.5   5.3   5.7 99.0 99.00 
2025 02 25 20 00 172  7.2  9.0 99.00 99.00 99.00 999 1005.9   7.6   5.3   5.7 99.0 99.00 
2025 02 25 20 10 173  7.3  8.9  0.69  3.23  3.57 189 1005.9   7.8   5.4   5.9 99.0 99.00 
2025 02 25 20 20 179  6.8  8.2 99.00 99.00 99.00 999 1005.7   7.9   5.4   6.0 99.0 99.00 
2025 02 25 20 30 176  7.1  8.6 99.00 99.00 99.00 999 1005.7   8.0 999.0   6.1 99.0 99.00 
2025 02 25 20 40 176  6.8  7.9  0.67  3.45  3.61 195 1005.8   8.0   5.4   6.1 99.0 99.00 
2025 02 25 20 50 189  6.1  7.4 99.00 99.00 99.00 999 1006.3   8.0   5.4   6.1 99.0 99.00 
2025 02 25 21 00 192  5.7  6.9 99.00 99.00 99.00 999 1006.4   7.8   5.4   6.0 99.0 99.00 
2025 02 25 21 10 189  5.8  6.8  0.76  3.45  3.60 181 1006.4   7.7   5.5   6.0 99.0 99.00 
2025 02 25 21 20 188  6.1  7.1 99.00 99.00 99.00 999 1006.5   7.7   5.5   6.1 99.0 99.00 
2025 02 25 21 30 188  5.9  7.1 99.00 99.00 99.00 999 1006.6   7.7   5.5   6.1 99.0 99.00 
2025 02 25 21 40 190  5.8  6.8  0.74  3.45  3.63 184 1006.4   7.8   5.5   6.2 99.0 99.00 
2025 02 25 21 50 187  5.7  6.9 99.00 99.00 99.00 999 1006.3   7.9   5.5   6.3 99.0 99.00 
2025 02 25 22 00 193  5.6  6.5 99.00 99.00 99.00 999 1006.5   7.8   5.5   6.2 99.0 99.00 
2025 02 25 22 10 201  5.2  6.1  0.68  3.70  3.69 183 1006.6   7.7   5.6   6.1 99.0 99.00 
2025 02 25 22 20 208  4.7  5.8 99.00 99.00 99.00 999 1006.8   7.5   5.6   6.0 99.0 99.00 
2025 02 25 22 30 213  5.0  6.5 99.00 99.00 99.00 999 1006.8   7.4   5.6   5.9 99.0 99.00 
2025 02 25 22 40 215  5.2  6.8  0.64  3.57  3.88 175 1007.0   7.3   5.6   5.8 99.0 99.00 
2025 02 25 22 50 219  5.0  6.4 99.00 99.00 99.00 999 1007.3   7.2   5.5   5.7 99.0 99.00 
2025 02 25 23 00 218  5.2  6.1 99.00 99.00 99.00 999 1007.5   7.1   5.5   5.7 99.0 99.00 
2025 02 25 23 10 219  5.4  7.0  0.62  3.45  3.85 184 1007.4   7.0   5.5   5.7 99.0 99.00 
2025 02 25 23 20 232  5.0  6.8 99.00 99.00 99.00 999 1007.7   7.2   5.5   5.6 99.0 99.00 
2025 02 25 23 30 237  5.2  7.1 99.00 99.00 99.00 999 1008.0   7.2   5.5   5.6 99.0 99.00 
2025 02 25 23 40 235  5.7  7.4  0.65 12.12  3.93  70 1008.0   7.5   5.5   5.5 99.0 99.00 
2025 02 25 23 50 240  5.2  6.9 99.00 99.00 99.00 999 1008.1   7.7   5.5   5.6 99.0 99.00 
2025 02 26 00 00 237  5.0  5.9 99.00 99.00 99.00 999 1007.9   7.3   5.6   5.4 99.0 99.00 
2025 02 26 00 10 238  4.6  5.6  0.65  3.45  3.85 185 1008.0   7.2   5.5   5.4 99.0 99.00 
2025 02 26 00 20 239  4.2  5.1 99.00 99.00 99.00 999 1008.2   7.1   5.5   5.4 99.0 99.00 
2025 02 26 00 30 242  4.3  5.2 99.00 99.00 99.00 999 1008.3   7.0   5.4   5.3 99.0 99.00 
2025 02 26 00 40 251  4.1  5.0  0.60  3.45  3.83 194 1008.3   7.0   5.4   5.4 99.0 99.00 
2025 02 26 00 50 252  3.8  4.4 99.00 99.00 99.00 999 1008.6   7.0   5.4   5.3 99.0 99.00 
2025 02 26 01 00 252  3.7  4.5 99.00 99.00 99.00 999 1008.8   7.0   5.4   5.4 99.0 99.00 
2025 02 26 01 10 278  3.3  4.5  0.56 10.81  4.02  78 1008.8   7.0   5.4   5.5 99.0 99.00 
2025 02 26 01 20 292  2.5  3.2 99.00 99.00 99.00 999 1009.0   7.1   5.4   5.6 99.0 99.00 
2025 02 26 01 30 286  2.6  3.5 99.00 99.00 99.00 999 1009.0   7.1   5.4   5.5 99.0 99.00 
2025 02 26 01 40 281  3.2  3.7  0.56 12.90  4.36  91 1009.0   7.2 999.0   5.5 99.0 99.00 
2025 02 26 01 50 293  3.3  3.8 99.00 99.00 99.00 999 1009.0   7.3   5.3   5.4 99.0 99.00 
2025 02 26 02 00 302  3.4  4.1 99.00 99.00 99.00 999 1009.1   7.5   5.3   5.4 99.0 99.00 
2025 02 26 02 10 311  3.4  3.9  0.53 12.12  4.63 116 1009.1   7.4   5.3   5.2 99.0 99.00 
2025 02 26 02 20 317  3.2  3.8 99.00 99.00 99.00 999 1009.1   7.4   5.3   5.0 99.0 99.00 
2025 02 26 02 30 320  3.4  3.9 99.00 99.00 99.00 999 1009.3   7.4   5.2   4.9 99.0 99.00 
2025 02 26 02 40 319  3.3  3.8  0.51  7.14  4.50 133 1009.4   7.3   5.2   4.8 99.0 99.00 
2025 02 26 02 50 314  3.2  3.8 99.00 99.00 99.00 999 1009.4   7.3   5.2   4.8 99.0 99.00 
2025 02 26 03 00 325  3.1  3.7 99.00 99.00 99.00 999 1009.3   7.2   5.2   4.6 99.0 99.00 
2025 02 26 03 10 334  3.6  4.2  0.50 10.00  4.62 116 1009.4   7.2   5.2   4.5 99.0 99.00 
2025 02 26 03 20 339  3.7  4.3 99.00 99.00 99.00 999 1009.3   7.1   5.2   4.5 99.0 99.00 
2025 02 26 03 30 345  3.6  4.2 99.00 99.00 99.00 999 1009.2   7.0   5.2   4.5 99.0 99.00 
2025 02 26 03 40 347  3.3  4.1  0.49 10.81  4.76 103 1009.3   7.0   5.2   4.6 99.0 99.00 
2025 02 26 03 50 342  2.6  3.0 99.00 99.00 99.00 999 1009.4   6.8   5.1   4.6 99.0 99.00 
2025 02 26 04 00 345  2.6  2.9 99.00 99.00 99.00 999 1009.2   6.7   5.1   4.5 99.0 99.00 
2025 02 26 04 10 329  2.5  3.0  0.52 12.12  5.34 106 1009.1   6.6   4.9   4.5 99.0 99.00 
2025 02 26 04 20 326  3.1  3.9 99.00 99.00 99.00 999 1009.1   6.9   4.9   4.4 99.0 99.00 
2025 02 26 04 30 321  3.6  4.5 99.00 99.00 99.00 999 1009.1   7.0   4.9   4.3 99.0 99.00 
2025 02 26 04 40 333  4.7  6.1  0.49 11.43  5.09 125 1009.0   6.9   4.9   4.4 99.0 99.00 
2025 02 26 04 50 337  5.3  6.0 99.00 99.00 99.00 999 1009.1   7.3   4.9   4.4 99.0 99.00 
2025 02 26 05 00 339  5.0  5.8 99.00 99.00 99.00 999 1009.2   7.5   4.9   4.4 99.0 99.00 
2025 02 26 05 10 343  4.6  5.1  0.47 11.43  5.36 136 1009.2   7.2   4.9   4.4 99.0 99.00 
2025 02 26 05 20 344  4.5  5.3 99.00 99.00 99.00 999 1009.3   7.1   4.9   4.5 99.0 99.00 
2025 02 26 05 30 343  4.5  5.3 99.00 99.00 99.00 999 1009.3   7.3   5.0   4.5 99.0 99.00 
2025 02 26 05 40 346  4.4  5.0  0.49  9.09  5.61 135 1009.3   7.7   5.0   4.5 99.0 99.00 
2025 02 26 05 50 352  4.0  4.9 99.00 99.00 99.00 999 1009.3   7.7   5.0   4.4 99.0 99.00 
2025 02 26 06 00 355  3.6  4.1 99.00 99.00 99.00 999 1009.2   7.5   5.0   4.5 99.0 99.00 
2025 02 26 06 10 352  3.1  3.7  0.46  9.09  5.47 162 1009.1   7.1   5.0   4.4 99.0 99.00 
2025 02 26 06 20 350  2.8  3.3 99.00 99.00 99.00 999 1009.1   6.8   5.0   4.5 99.0 99.00 
2025 02 26 06 30 342  3.2  3.9 99.00 99.00 99.00 999 1009.1   6.6   5.0   4.5 99.0 99.00 
2025 02 26 06 40 331  3.4  3.9  0.49  9.09  5.82 149 1009.1   6.6   5.0   4.5 99.0 99.00 
2025 02 26 06 50 327  3.4  3.9 99.00 99.00 99.00 999 1009.1   6.4   5.0   4.4 99.0 99.00 
2025 02 26 07 00 329  3.6  4.4 99.00 99.00 99.00 999 1009.3   6.3   5.0   4.4 99.0 99.00 
2025 02 26 07 10 331  3.7  4.4  0.48 12.12  5.80  92 1009.2   6.4   5.0   4.4 99.0 99.00 
2025 02 26 07 20 333  3.7  4.3 99.00 99.00 99.00 999 1009.2   6.5   5.0   4.4 99.0 99.00 
2025 02 26 07 30 334  3.8  4.4 99.00 99.00 99.00 999 1009.3   6.6   5.0   4.3 99.0 99.00 
2025 02 26 07 40 327  3.8  4.5  0.48 12.12  5.64 130 1009.1   6.5   5.0   4.3 99.0 99.00 
2025 02 26 07 50 327  4.2  5.0 99.00 99.00 99.00 999 1009.1   6.4   5.1   4.3 99.0 99.00 
2025 02 26 08 00 332  4.7  5.5 99.00 99.00 99.00 999 1009.1   6.4   5.1   4.3 99.0 99.00 
2025 02 26 08 10 335  5.2  6.4  0.45 12.12  5.07 108 1009.1   6.5   5.2   4.3 99.0 99.00 
2025 02 26 08 20 336  5.6  6.9 99.00 99.00 99.00 999 1009.1   6.7   5.2   4.3 99.0 99.00 
2025 02 26 08 30 335  5.6  6.5 99.00 99.00 99.00 999 1009.2   6.9   5.3   4.3 99.0 99.00 
2025 02 26 08 40 333  5.7  6.5  0.51 12.12  4.20 163 1009.3   6.9   5.3   4.3 99.0 99.00 
2025 02 26 08 50 334  5.8  6.9 99.00 99.00 99.00 999 1009.3   6.9   5.4   4.3 99.0 99.00 
2025 02 26 09 00 333  5.6  6.6 99.00 99.00 99.00 999 1009.4   6.8   5.5   4.3 99.0 99.00 
2025 02 26 09 10 334  5.4  6.4  0.53 11.43  4.30 116 1009.4   6.8   5.5   4.3 99.0 99.00 
2025 02 26 09 20 331  5.3  6.4 99.00 99.00 99.00 999 1009.6   6.9   5.5   4.3 99.0 99.00 
2025 02 26 09 30 329  5.2  6.3 99.00 99.00 99.00 999 1009.8   7.0   5.6   4.3 99.0 99.00 
2025 02 26 09 40 326  5.5  6.8  0.49 11.43  4.13  94 1009.9   7.1   5.6   4.3 99.0 99.00 
2025 02 26 09 50 332  5.7  7.3 99.00 99.00 99.00 999 1010.0   7.3   5.6   4.6 99.0 99.00 
2025 02 26 10 00 335  5.6  6.8 99.00 99.00 99.00 999 1010.2   7.1   5.6   4.5 99.0 99.00 
2025 02 26 10 10 334  5.3  6.3  0.50 11.43  3.95 100 1010.3   7.1   5.6   4.5 99.0 99.00 
2025 02 26 10 20 329  4.7  6.0 99.00 99.00 99.00 999 1010.5   7.0   5.6   4.5 99.0 99.00 
2025 02 26 10 30 326  4.9  5.9 99.00 99.00 99.00 999 1010.8   6.8 999.0   4.4 99.0 99.00 
2025 02 26 10 40 317  4.1  5.0  0.51 12.12  4.08 179 1011.1   6.7   5.6   4.4 99.0 99.00 
2025 02 26 10 50 315  4.0  4.6 99.00 99.00 99.00 999 1011.3   6.6   5.6   4.4 99.0 99.00 
2025 02 26 11 00 310  3.8  4.6 99.00 99.00 99.00 999 1011.5   6.6   5.6   4.4 99.0 99.00 
2025 02 26 11 10 306  3.7  4.4  0.54 10.81  3.96  30 1011.8   6.5   5.6   4.5 99.0 99.00 
2025 02 26 11 20 310  3.7  4.3 99.00 99.00 99.00 999 1011.9   6.4   5.6   4.4 99.0 99.00 
2025 02 26 11 30 308  3.8  4.6 99.00 99.00 99.00 999 1012.1   6.4   5.6   4.5 99.0 99.00 
2025 02 26 11 40 304  3.7  4.6  0.46  9.09  4.22 135 1012.5   6.4   5.6   4.5 99.0 99.00 
2025 02 26 11 50 301  3.7  4.6 99.00 99.00 99.00 999 1012.8   6.4   5.6   4.5 99.0 99.00 
2025 02 26 12 00 300  3.6  4.5 99.00 99.00 99.00 999 1013.0   6.6   5.6   4.5 99.0 99.00 
2025 02 26 12 10 297  2.9  3.5  0.48 10.81  4.03  49 1013.2   6.7   5.6   4.6 99.0 99.00 
2025 02 26 12 20 291  2.7  3.3 99.00 99.00 99.00 999 1013.4   6.7   5.6   4.6 99.0 99.00 
2025 02 26 12 30 298  2.6  3.3 99.00 99.00 99.00 999 1013.7   6.8   5.6   4.6 99.0 99.00 
2025 02 26 12 40 305  2.6  3.3  0.46 12.12  4.12 115 1013.8   6.9   5.6   4.5 99.0 99.00 
2025 02 26 12 50 304  2.6  3.2 99.00 99.00 99.00 999 1013.8   6.9   5.6   4.4 99.0 99.00 
2025 02 26 13 00 310  2.2  2.7 99.00 99.00 99.00 999 1013.9   6.9   5.6   4.6 99.0 99.00 
2025 02 26 13 10 319  2.1  3.0  0.42 12.12  4.62 336 1014.0   7.0   5.6   4.7 99.0 99.00 
2025 02 26 13 20 330  2.8  3.3 99.00 99.00 99.00 999 1014.2   7.1   5.6   4.7 99.0 99.00 
2025 02 26 13 30 326  2.9  3.4 99.00 99.00 99.00 999 1014.2   7.2   5.6   4.7 99.0 99.00 
2025 02 26 13 40 330  3.3  4.0  0.43  8.33  4.80 144 1014.3   7.4   5.7   4.8 99.0 99.00 
2025 02 26 13 50 331  3.6  4.1 99.00 99.00 99.00 999 1014.4   7.5   5.6   4.8 99.0 99.00 
2025 02 26 14 00 328  3.6  4.2 99.00 99.00 99.00 999 1014.5   7.5   5.7   4.9 99.0 99.00 
2025 02 26 14 10 332  3.6  4.3  0.42  9.09  4.96 163 1014.6   7.4   5.7   4.8 99.0 99.00 
2025 02 26 14 20 341  3.9  4.6 99.00 99.00 99.00 999 1014.7   7.4   5.7   4.8 99.0 99.00 
2025 02 26 14 30 334  3.5  4.2 99.00 99.00 99.00 999 1014.8   7.3   5.7   4.8 99.0 99.00 
2025 02 26 14 40 327  3.3  3.9  0.44 11.43  5.47  79 1014.7   7.3   5.7   4.8 99.0 99.00 
2025 02 26 14 50 327  3.2  3.7 99.00 99.00 99.00 999 1014.9   7.3   5.7   4.8 99.0 99.00 
2025 02 26 15 00 328  2.9  3.5 99.00 99.00 99.00 999 1015.0   7.2   5.7   4.9 99.0 99.00 
2025 02 26 15 10 328  2.5  3.3  0.42 12.12  5.30 100 1015.2   7.2   5.7   4.9 99.0 99.00 
2025 02 26 15 20 308  1.6  2.3 99.00 99.00 99.00 999 1015.4   7.3   5.8   5.0 99.0 99.00 
2025 02 26 15 30 253  1.3  1.7 99.00 99.00 99.00 999 1015.6   7.4   5.7   5.1 99.0 99.00 
2025 02 26 15 40 223  1.3  1.6  0.39 12.90  5.74 117 1015.6   7.5   5.8   5.3 99.0 99.00 
2025 02 26 15 50 230  1.7  2.0 99.00 99.00 99.00 999 1015.9   7.5   5.8   5.2 99.0 99.00 
2025 02 26 16 00 236  2.0  2.3 99.00 99.00 99.00 999 1016.1   7.5   5.8   5.2 99.0 99.00 
2025 02 26 16 10 237  2.3  2.7  0.41 12.90  6.05  80 1016.4   7.4   5.7   5.2 99.0 99.00 
2025 02 26 16 20 251  1.7  2.4 99.00 99.00 99.00 999 1016.1   7.4   5.7   5.2 99.0 99.00 
2025 02 26 16 30 247  1.2  1.7 99.00 99.00 99.00 999 1016.1   7.6   5.8   5.3 99.0 99.00 
2025 02 26 16 40 205  2.0  2.9  0.40 12.90  5.48 107 1016.1   7.8   5.8   5.3 99.0 99.00 
2025 02 26 16 50 187  3.0  4.2 99.00 99.00 99.00 999 1016.1   7.7   5.9   5.4 99.0 99.00 
2025 02 26 17 00 185  3.0  4.4 99.00 99.00 99.00 999 1016.2   7.8   5.8   5.4 99.0 99.00 
2025 02 26 17 10 171  2.9  3.6  0.42 12.12  5.09 102 1015.9   7.7   5.7   5.6 99.0 99.00 
2025 02 26 17 20 153  2.7  3.2 99.00 99.00 99.00 999 1015.7   7.6   5.7   5.6 99.0 99.00 
2025 02 26 17 30 158  3.0  3.5 99.00 99.00 99.00 999 1015.7   7.7   5.7   5.7 99.0 99.00 
2025 02 26 17 40 171  2.9  3.9  0.38 10.81  5.84 101 1015.6   7.8   5.7   5.8 99.0 99.00 
2025 02 26 17 50 171  2.9  3.4 99.00 99.00 99.00 999 1015.4   7.8   5.8   5.8 99.0 99.00 
2025 02 26 18 00 187  3.0  3.5 99.00 99.00 99.00 999 1015.4   7.7   5.8   5.9 99.0 99.00 
2025 02 26 18 10 191  3.1  4.0  0.39 11.43  6.07  97 1015.3   7.6   5.8   5.8 99.0 99.00 
2025 02 26 18 20 189  2.7  3.5 99.00 99.00 99.00 999 1015.3   7.7   5.9   5.9 99.0 99.00 
2025 02 26 18 30 185  3.0  3.4 99.00 99.00 99.00 999 1015.3   7.7   5.9   5.8 99.0 99.00 
2025 02 26 18 40 178  3.1  3.5  0.38 10.81  6.29  25 1015.1   7.6   5.8   5.8 99.0 99.00 
2025 02 26 18 50 173  2.9  3.5 99.00 99.00 99.00 999 1015.1   7.6   5.8   5.7 99.0 99.00 
2025 02 26 19 00 169  2.6  3.1 99.00 99.00 99.00 999 1015.0   7.7   6.2   5.8 99.0 99.00 
2025 02 26 19 10 172  2.9  3.8  0.38 10.81  6.22 106 1015.0   7.8   6.3   5.8 99.0 99.00 
2025 02 26 19 20 169  3.2  3.8 99.00 99.00 99.00 999 1015.0   7.8   6.3   5.8 99.0 99.00 
2025 02 26 19 30 165  3.3  3.9 99.00 99.00 99.00 999 1015.0   7.8   6.3   5.9 99.0 99.00 
2025 02 26 19 40 169  3.7  4.4  0.37 11.43  6.29  76 1015.0   7.9   6.3   6.0 99.0 99.00 
2025 02 26 19 50 174  4.3  4.9 99.00 99.00 99.00 999 1015.1   7.9   6.4   5.9 99.0 99.00 
2025 02 26 20 00 178  4.2  4.9 99.00 99.00 99.00 999 1015.0   7.9   6.4   5.9 99.0 99.00 
2025 02 26 20 10 178  4.4  5.1  0.36 12.12  6.45  86 1015.1   7.9   6.4   5.9 99.0 99.00 
2025 02 26 20 20 178  4.3  5.0 99.00 99.00 99.00 999 1015.3   7.9   6.5   5.8 99.0 99.00 
2025 02 26 20 30 181  4.6  5.6 99.00 99.00 99.00 999 1015.4   7.9   6.4   5.8 99.0 99.00 
2025 02 26 20 40 182  5.2  6.5  0.37 12.12  5.92  74 1015.4   8.0   6.2   5.8 99.0 99.00 
2025 02 26 20 50 186  5.7  6.6 99.00 99.00 99.00 999 1015.4   8.0   6.2   5.7 99.0 99.00 
2025 02 26 21 00 182  5.6  6.7 99.00 99.00 99.00 999 1015.4   8.0   6.2   5.7 99.0 99.00 
2025 02 26 21 10 180  5.6  6.8  0.37 12.12  4.66 110 1015.5   7.9   6.1   5.8 99.0 99.00 
2025 02 26 21 20 186  6.0  7.6 99.00 99.00 99.00 999 1015.5   7.9   6.2   5.7 99.0 99.00 
2025 02 26 21 30 185  5.7  7.4 99.00 99.00 99.00 999 1015.6   8.1   6.3   5.8 99.0 99.00 
2025 02 26 21 40 186  5.4  6.4  0.42 12.90  3.46 110 1015.4   8.0   6.3   5.8 99.0 99.00 
2025 02 26 21 50 182  5.4  6.4 99.00 99.00 99.00 999 1015.3   8.1   6.2   6.0 99.0 99.00 
2025 02 26 22 00 186  5.4  6.8 99.00 99.00 99.00 999 1015.3   8.0   6.3   6.1 99.0 99.00 
2025 02 26 22 10 193  6.2  7.4  0.45 12.12  3.32 150 1015.3   7.9   6.2   6.2 99.0 99.00 
2025 02 26 22 20 195  6.6  7.7 99.00 99.00 99.00 999 1015.3   7.7   6.2   6.1 99.0 99.00 
2025 02 26 22 30 197  6.7  7.6 99.00 99.00 99.00 999 1015.5   7.7   6.2   6.0 99.0 99.00 
2025 02 26 22 40 196  6.9  7.8  0.49 12.90  3.35 272 1015.6   7.8   6.2   6.0 99.0 99.00 
2025 02 26 22 50 194  6.9  8.0 99.00 99.00 99.00 999 1015.6   7.7   6.2   6.0 99.0 99.00 
2025 02 26 23 00 194  6.7  8.0 99.00 99.00 99.00 999 1015.8   7.6   6.2   6.0 99.0 99.00 
2025 02 26 23 10 194  6.3  7.4  0.53 11.43  3.30  57 1015.9   7.6   6.1   6.1 99.0 99.00 
2025 02 26 23 20 196  6.4  7.9 99.00 99.00 99.00 999 1016.1   7.6   6.1   6.0 99.0 99.00 
2025 02 26 23 30 193  6.0  7.1 99.00 99.00 99.00 999 1015.9   7.5   6.1   6.0 99.0 99.00 
2025 02 26 23 40 191  6.6  8.3  0.53  2.74  3.15 193 1016.0   7.5   6.2   6.0 99.0 99.00 
2025 02 26 23 50 192  6.6  7.5 99.00 99.00 99.00 999 1015.9   7.5 999.0   6.0 99.0 99.00 
2025 02 27 00 00 194  6.7  8.1 99.00 99.00 99.00 999 1016.0   7.5   6.1   5.9 99.0 99.00 
2025 02 27 00 10 195  7.0  8.3  0.57  3.33  3.21 208 1016.0   7.7   6.2   5.8 99.0 99.00 
2025 02 27 00 20 193  6.8  8.4 99.00 99.00 99.00 999 1015.9   7.9   6.2   5.8 99.0 99.00 
2025 02 27 00 30 190  6.9  8.2 99.00 99.00 99.00 999 1015.8   7.9   6.3   5.8 99.0 99.00 
2025 02 27 00 40 189  6.8  8.0  0.59  3.23  3.27 200 1015.9   7.9   6.3   5.7 99.0 99.00 
2025 02 27 00 50 186  6.8  7.9 99.00 99.00 99.00 999 1015.7   8.0   6.3   5.7 99.0 99.00 
2025 02 27 01 00 184  7.0  8.2 99.00 99.00 99.00 999 1015.6   8.0   6.2   5.7 99.0 99.00 
2025 02 27 01 10 182  6.7  8.2  0.68  3.23  3.28 180 1015.6   8.0   6.2   5.8 99.0 99.00 
2025 02 27 01 20 181  6.9  8.0 99.00 99.00 99.00 999 1015.9   8.0   6.2   5.8 99.0 99.00 
2025 02 27 01 30 183  6.8  8.1 99.00 99.00 99.00 999 1015.9   7.9   6.1   5.8 99.0 99.00 
2025 02 27 01 40 184  6.5  7.7  0.70  3.23  3.22 185 1016.2   7.9   6.0   5.8 99.0 99.00 
2025 02 27 01 50 182  5.8  7.0 99.00 99.00 99.00 999 1016.2   7.8   6.0   5.8 99.0 99.00 
2025 02 27 02 00 177  5.8  6.8 99.00 99.00 99.00 999 1016.1   7.7   6.0   5.8 99.0 99.00 
2025 02 27 02 10 176  6.0  7.2  0.66  3.23  3.42 175 1016.1   7.7   6.0   5.8 99.0 99.00 
2025 02 27 02 20 177  6.0  6.9 99.00 99.00 99.00 999 1016.0   7.7   5.9   5.9 99.0 99.00 
2025 02 27 02 30 173  6.1  7.1 99.00 99.00 99.00 999 1015.9   7.6   5.9   5.8 99.0 99.00 
2025 02 27 02 40 171  6.2  7.4  0.56  3.23  3.33 171 1015.9   7.6   5.9   5.9 99.0 99.00 
2025 02 27 02 50 169  5.5  6.5 99.00 99.00 99.00 999 1015.8   7.6   5.9   5.9 99.0 99.00 
2025 02 27 03 00 170  5.3  6.3 99.00 99.00 99.00 999 1015.9   7.6   5.7   5.9 99.0 99.00 
2025 02 27 03 10 168  4.9  5.8  0.60  3.23  3.45 193 1015.8   7.6   5.6   5.8 99.0 99.00 
2025 02 27 03 20 169  5.5  6.4 99.00 99.00 99.00 999 1015.7   7.6   5.6   5.8 99.0 99.00 
2025 02 27 03 30 167  5.7  6.8 99.00 99.00 99.00 999 1015.6   7.6   5.6   5.8 99.0 99.00 
2025 02 27 03 40 164  5.7  6.8  0.59 12.12  3.50 108 1015.5   7.7   5.6   5.8 99.0 99.00 
2025 02 27 03 50 163  5.2  6.4 99.00 99.00 99.00 999 1015.5   7.7   5.6   5.8 99.0 99.00 
2025 02 27 04 00 161  5.1  6.0 99.00 99.00 99.00 999 1015.4   7.7   5.5   5.7 99.0 99.00 
2025 02 27 04 10 160  5.0  6.0  0.59 11.43  3.62  93 1015.3   7.7   5.5   5.7 99.0 99.00 
2025 02 27 04 20 154  4.7  5.6 99.00 99.00 99.00 999 1015.1   7.7   5.5   5.8 99.0 99.00 
2025 02 27 04 30 150  4.0  5.0 99.00 99.00 99.00 999 1015.2   7.7   5.4   5.8 99.0 99.00 
2025 02 27 04 40 144  3.7  4.5  0.63 12.12  3.92 120 1015.2   7.7   5.4   5.7 99.0 99.00 
2025 02 27 04 50 141  3.9  4.8 99.00 99.00 99.00 999 1015.1   7.8   5.4   5.8 99.0 99.00 
2025 02 27 05 00 142  4.3  5.0 99.00 99.00 99.00 999 1014.9   7.8   5.4   5.8 99.0 99.00 
2025 02 27 05 10 142  4.6  5.5  0.61 11.43  3.89 125 1014.8   7.8   5.4   5.8 99.0 99.00 
2025 02 27 05 20 144  4.7  5.5 99.00 99.00 99.00 999 1014.7   7.8   5.4   5.9 99.0 99.00 
2025 02 27 05 30 145  4.7  5.6 99.00 99.00 99.00 999 1014.7   7.9   5.4   6.0 99.0 99.00 
2025 02 27 05 40 142  4.8  5.6  0.63 11.43  3.89  99 1014.6   7.9   5.4   6.1 99.0 99.00 
2025 02 27 05 50 143  5.1  6.1 99.00 99.00 99.00 999 1014.4   8.0   5.3   6.2 99.0 99.00 
2025 02 27 06 00 141  5.1  6.3 99.00 99.00 99.00 999 1014.2   7.9 999.0   6.2 99.0 99.00 
2025 02 27 06 10 142  5.1  6.0  0.66 10.81  4.19 108 1014.0   7.8   5.3   6.3 99.0 99.00 
2025 02 27 06 20 145  5.5  6.5 99.00 99.00 99.00 999 1013.9   8.0   5.3   6.5 99.0 99.00 
2025 02 27 06 30 149  5.7  6.8 99.00 99.00 99.00 999 1013.8   8.2   5.3   6.7 99.0 99.00 
2025 02 27 06 40 147  5.5  6.8  0.64 10.81  4.12 138 1013.6   8.0   5.3   6.6 99.0 99.00 
2025 02 27 06 50 151  5.7  7.0 99.00 99.00 99.00 999 1013.4   8.1   5.3   6.8 99.0 99.00 
2025 02 27 07 00 156  5.7  7.5 99.00 99.00 99.00 999 1013.2   8.2   5.3   7.0 99.0 99.00 
2025 02 27 07 10 157  6.7  8.3  0.77 10.81  4.27 119 1013.0   8.5   5.3   7.3 99.0 99.00 
2025 02 27 07 20 161  6.5  7.5 99.00 99.00 99.00 999 1012.9   8.4   5.3   7.2 99.0 99.00 
2025 02 27 07 30 161  6.3  7.7 99.00 99.00 99.00 999 1012.6   8.3   5.3   7.2 99.0 99.00 
2025 02 27 07 40 162  6.6  8.0  0.80 10.00  4.13 146 1012.3   8.3   5.3   7.2 99.0 99.00 
2025 02 27 07 50 166  6.1  7.0 99.00 99.00 99.00 999 1012.2   8.2   5.3   7.2 99.0 99.00 
2025 02 27 08 00 171  6.1  7.0 99.00 99.00 99.00 999 1012.1   8.3   5.3   7.3 99.0 99.00 
2025 02 27 08 10 172  5.9  6.9  0.93 10.00  4.78 138 1011.9   8.1   5.4   7.1 99.0 99.00 
2025 02 27 08 20 175  5.8  6.8 99.00 99.00 99.00 999 1011.8   8.0   5.4   7.1 99.0 99.00 
2025 02 27 08 30 179  6.0  7.5 99.00 99.00 99.00 999 1011.6   8.1   5.4   7.2 99.0 99.00 
2025 02 27 08 40 184  6.5  7.5  0.95 10.00  4.45 138 1011.5   8.3   5.4   7.3 99.0 99.00 
2025 02 27 08 50 186  6.7  8.3 99.00 99.00 99.00 999 1011.3   8.3   5.4   7.3 99.0 99.00 
2025 02 27 09 00 187  7.0  8.2 99.00 99.00 99.00 999 1011.2   8.3   5.5   7.3 99.0 99.00 
2025 02 27 09 10 187  7.3  8.4  0.92 10.00  4.23 127 1011.0   8.2   5.5   7.1 99.0 99.00 
2025 02 27 09 20 188  7.2  8.5 99.00 99.00 99.00 999 1011.0   8.2   5.6   7.1 99.0 99.00 
2025 02 27 09 30 189  7.3  8.5 99.00 99.00 99.00 999 1010.9   8.2   5.6   7.1 99.0 99.00 
2025 02 27 09 40 190  7.6  9.0  1.02 10.00  4.41 145 1010.8   8.4   5.6   7.3 99.0 99.00 
2025 02 27 09 50 188  8.2  9.5 99.00 99.00 99.00 999 1010.7   8.5   5.7   7.3 99.0 99.00 
2025 02 27 10 00 190  8.4  9.6 99.00 99.00 99.00 999 1010.7   8.4   5.7   7.2 99.0 99.00 
2025 02 27 10 10 190  8.4  9.9  1.09  9.09  4.70 132 1010.5   8.3   5.7   7.1 99.0 99.00 
2025 02 27 10 20 191  8.4 10.0 99.00 99.00 99.00 999 1010.5   8.3   5.7   7.1 99.0 99.00 
2025 02 27 10 30 192  8.4 10.0 99.00 99.00 99.00 999 1010.5   8.2   5.7   7.0 99.0 99.00 
2025 02 27 10 40 192  8.9 10.8  1.15  9.09  4.42 122 1010.4   8.4   5.7   7.2 99.0 99.00 
2025 02 27 10 50 191  9.0 11.1 99.00 99.00 99.00 999 1010.2   8.4   5.7   7.2 99.0 99.00 
2025 02 27 11 00 193  9.0 10.5 99.00 99.00 99.00 999 1010.3   8.5   5.7   7.2 99.0 99.00 
2025 02 27 11 10 193  8.6 10.3  1.26 10.00  4.63 134 1010.2   8.4   5.7   7.1 99.0 99.00 
2025 02 27 11 20 192  9.0 10.6 99.00 99.00 99.00 999 1009.9   8.5   5.7   7.3 99.0 99.00 
2025 02 27 11 30 192  9.0 11.0 99.00 99.00 99.00 999 1009.7   8.4   5.7   7.2 99.0 99.00 
2025 02 27 11 40 192  9.4 11.1  1.23  9.09  4.62 116 1009.6   8.4   5.7   7.3 99.0 99.00 
2025 02 27 11 50 193  9.5 11.4 99.00 99.00 99.00 999 1009.6   8.5   5.8   7.4 99.0 99.00 
2025 02 27 12 00 193  9.1 11.3 99.00 99.00 99.00 999 1009.4   8.5   5.8   7.4 99.0 99.00 
2025 02 27 12 10 193  9.1 10.7  1.38 10.00  4.65 128 1009.4   8.6   5.8   7.4 99.0 99.00 
2025 02 27 12 20 194  9.4 11.1 99.00 99.00 99.00 999 1009.3   8.7   5.7   7.5 99.0 99.00 
2025 02 27 12 30 194  9.7 12.0 99.00 99.00 99.00 999 1009.3   8.7   5.6   7.5 99.0 99.00 
2025 02 27 12 40 193  9.7 11.7  1.48  9.09  4.95 124 1009.2   8.8   5.5   7.6 99.0 99.00 
2025 02 27 12 50 193  9.8 12.3 99.00 99.00 99.00 999 1009.2   8.8   5.5   7.6 99.0 99.00 
2025 02 27 13 00 196  9.7 12.2 99.00 99.00 99.00 999 1009.1   8.8   5.5   7.6 99.0 99.00 
2025 02 27 13 10 199  9.4 11.4  1.42 11.43  4.50 139 1009.1   8.8   5.6   7.7 99.0 99.00 
2025 02 27 13 20 202  9.4 11.5 99.00 99.00 99.00 999 1009.1   8.9   5.7   7.7 99.0 99.00 
2025 02 27 13 30 206  9.3 11.2 99.00 99.00 99.00 999 1009.3   8.9   5.5   7.7 99.0 99.00 
2025 02 27 13 40 213  9.0 10.8  1.59  5.00  4.72 190 1009.2   8.9   5.5   7.7 99.0 99.00 
2025 02 27 13 50 212  8.9 10.6 99.00 99.00 99.00 999 1009.2   8.8   5.4   7.6 99.0 99.00 
2025 02 27 14 00 215  8.6 10.3 99.00 99.00 99.00 999 1009.1   8.8   5.4   7.6 99.0 99.00 
2025 02 27 14 10 209  9.3 11.1  1.51 10.00  4.71 119 1008.8   8.7   5.4   7.6 99.0 99.00 
2025 02 27 14 20 206  9.7 11.5 99.00 99.00 99.00 999 1008.5   8.9   5.4   7.8 99.0 99.00 
2025 02 27 14 30 206  9.6 11.4 99.00 99.00 99.00 999 1008.4   9.0   5.4   7.8 99.0 99.00 
2025 02 27 14 40 206  9.2 10.9  1.57  4.76  4.69 195 1008.3   8.9   5.4   7.7 99.0 99.00 
2025 02 27 14 50 203  9.3 11.4 99.00 99.00 99.00 999 1008.2   8.9   5.4   7.7 99.0 99.00 
2025 02 27 15 00 202  9.1 10.7 99.00 99.00 99.00 999 1007.9   8.9   5.5   7.7 99.0 99.00 
2025 02 27 15 10 204  9.2 11.0  1.55  5.00  4.85 196 1007.9   9.0   5.5   7.8 99.0 99.00 
2025 02 27 15 20 202  9.1 10.8 99.00 99.00 99.00 999 1007.8   9.0   5.5   7.8 99.0 99.00 
2025 02 27 15 30 202  9.6 11.6 99.00 99.00 99.00 999 1007.8   9.1   5.4   7.9 99.0 99.00 
2025 02 27 15 40 203 10.3 12.2  1.63 10.81  4.93 122 1007.7   9.2   5.5   8.1 99.0 99.00 
2025 02 27 15 50 203 10.3 12.9 99.00 99.00 99.00 999 1007.6   9.3   5.4   8.2 99.0 99.00 
2025 02 27 16 00 198 10.5 12.6 99.00 99.00 99.00 999 1007.5   9.2   5.4   8.2 99.0 99.00 
2025 02 27 16 10 197 10.0 12.1  1.80  6.25  5.14 175 1007.3   9.1   5.4   8.1 99.0 99.00 
2025 02 27 16 20 199 10.2 12.6 99.00 99.00 99.00 999 1007.2   9.1   5.4   8.1 99.0 99.00 
2025 02 27 16 30 195 10.0 13.0 99.00 99.00 99.00 999 1007.2   9.0   5.4   8.0 99.0 99.00 
2025 02 27 16 40 194  9.3 11.5  2.04  5.88  5.31 187 1007.0   8.9   5.4   8.0 99.0 99.00 
2025 02 27 16 50 195  9.4 11.5 99.00 99.00 99.00 999 1006.7   9.0   5.3   8.2 99.0 99.00 
2025 02 27 17 00 193  9.5 12.6 99.00 99.00 99.00 999 1006.4   9.0   5.3   8.1 99.0 99.00 
2025 02 27 17 10 199  9.9 12.7  1.86  5.56  5.18 187 1006.4   9.2   5.3   8.2 99.0 99.00 
2025 02 27 17 20 201  9.7 11.9 99.00 99.00 99.00 999 1006.2   9.3   5.3   8.2 99.0 99.00 
2025 02 27 17 30 201  9.6 11.8 99.00 99.00 99.00 999 1005.9   9.3   5.3   8.1 99.0 99.00 
2025 02 27 17 40 210  8.6 11.2  1.82  6.25  5.22 180 1006.1   9.2   5.3   8.0 99.0 99.00 
2025 02 27 17 50 256  6.3  8.2 99.00 99.00 99.00 999 1006.3   8.6   5.2   7.3 99.0 99.00 
2025 02 27 18 00 247  5.9  7.6 99.00 99.00 99.00 999 1006.1   8.1   5.3   7.1 99.0 99.00 
2025 02 27 18 10 248  5.5  6.9  1.83  5.88  5.38 177 1006.0   7.8   5.3   6.9 99.0 99.00 
2025 02 27 18 20 244  4.8  6.1 99.00 99.00 99.00 999 1005.7   7.5   5.3   6.7 99.0 99.00 
2025 02 27 18 30 235  5.0  6.1 99.00 99.00 99.00 999 1005.6   7.4   5.3   6.7 99.0 99.00 
2025 02 27 18 40 233  5.1  6.3  1.79  6.25  5.41 176 1005.5   7.3   5.2   6.6 99.0 99.00 
2025 02 27 18 50 228  5.2  6.6 99.00 99.00 99.00 999 1005.3   7.3   5.3   6.6 99.0 99.00 
2025 02 27 19 00 221  5.4  6.5 99.00 99.00 99.00 999 1005.3   7.5   5.3   6.8 99.0 99.00 
2025 02 27 19 10 215  5.8  7.0  1.91  6.25  5.79 180 1005.0   7.5   5.3   6.8 99.0 99.00 
2025 02 27 19 20 211  6.1  7.5 99.00 99.00 99.00 999 1004.9   7.7   5.3   7.0 99.0 99.00 
2025 02 27 19 30 210  7.0  8.6 99.00 99.00 99.00 999 1004.9   8.1   5.3   7.3 99.0 99.00 
2025 02 27 19 40 205  6.6  8.0  1.91  5.88  5.41 172 1004.7   8.0   5.3   7.1 99.0 99.00 
2025 02 27 19 50 199  6.7  8.2 99.00 99.00 99.00 999 1004.5   8.1   5.3   7.2 99.0 99.00 
2025 02 27 20 00 203  6.5  8.0 99.00 99.00 99.00 999 1004.5   8.2   5.3   7.3 99.0 99.00 
2025 02 27 20 10 205  6.6  8.2  1.90  6.67  5.50 171 1004.7   8.3   5.3   7.3 99.0 99.00 
2025 02 27 20 20 205  6.1  7.6 99.00 99.00 99.00 999 1004.4   8.2   5.3   7.2 99.0 99.00 
2025 02 27 20 30 203  5.6  6.6 99.00 99.00 99.00 999 1004.6   8.2   5.3   7.2 99.0 99.00 
2025 02 27 20 40 206  5.3  6.9  1.83  6.25  5.38 178 1004.4   8.0   5.3   7.1 99.0 99.00 
2025 02 27 20 50 204  4.8  5.8 99.00 99.00 99.00 999 1004.3   8.0   5.3   7.1 99.0 99.00 
2025 02 27 21 00 202  5.3  6.7 99.00 99.00 99.00 999 1004.3   7.9   5.4   7.0 99.0 99.00 
2025 02 27 21 10 203  5.4  6.4  1.88  6.25  5.72 178 1004.3   8.0   5.4   7.1 99.0 99.00 
2025 02 27 21 20 210  5.2  6.2 99.00 99.00 99.00 999 1004.3   8.0   5.3   7.0 99.0 99.00 
2025 02 27 21 30 206  5.3  6.5 99.00 99.00 99.00 999 1004.3   8.0   5.4   7.0 99.0 99.00 
2025 02 27 21 40 208  5.4  6.6  1.92  6.67  5.71 172 1004.4   7.9   5.4   6.8 99.0 99.00 
2025 02 27 21 50 210  5.9  7.2 99.00 99.00 99.00 999 1004.3   8.0   5.4   6.9 99.0 99.00 
2025 02 27 22 00 210  5.8  7.0 99.00 99.00 99.00 999 1004.1   8.0   5.4   6.8 99.0 99.00 
2025 02 27 22 10 206  5.7  7.3  1.77  8.33  5.48 141 1004.1   8.0   5.4   6.7 99.0 99.00 
2025 02 27 22 20 209  5.0  6.5 99.00 99.00 99.00 999 1004.0   8.1   5.4   6.6 99.0 99.00 
2025 02 27 22 30 202  5.9  7.7 99.00 99.00 99.00 999 1003.9   8.1   5.4   6.6 99.0 99.00 
2025 02 27 22 40 205  6.9  8.6  1.76  6.67  5.65 172 1003.7   8.8   5.4   7.0 99.0 99.00 
2025 02 27 22 50 211  6.7  7.8 99.00 99.00 99.00 999 1003.7   9.0   5.4   7.0 99.0 99.00 
2025 02 27 23 00 226  7.5 10.5 99.00 99.00 99.00 999 1003.5  10.5   5.4   7.6 99.0 99.00 
2025 02 27 23 10 221  7.2  8.6  1.77  9.09  5.65 141 1003.5  10.6   5.5   7.4 99.0 99.00 
2025 02 27 23 20 220  7.0  8.5 99.00 99.00 99.00 999 1003.5  10.4   5.5   7.0 99.0 99.00 
2025 02 27 23 30 223  6.4  7.7 99.00 99.00 99.00 999 1003.6  10.2   5.5   6.9 99.0 99.00 
2025 02 27 23 40 210  6.9  9.5  1.95  6.67  5.88 159 1003.3   9.8   5.5   7.0 99.0 99.00 
2025 02 27 23 50 217  6.4  8.1 99.00 99.00 99.00 999 1003.1   9.9   5.6   7.2 99.0 99.00 
2025 02 28 00 00 218  6.5  8.9 99.00 99.00 99.00 999 1002.9   9.9   5.6   7.3 99.0 99.00 
2025 02 28 00 10 221  5.8  7.2  2.03  9.09  5.79 130 1002.7   9.6   5.6   7.1 99.0 99.00 
2025 02 28 00 20 214  5.8  6.8 99.00 99.00 99.00 999 1002.8   9.6   5.6   7.1 99.0 99.00 
2025 02 28 00 30 216  5.9  7.0 99.00 99.00 99.00 999 1003.0   9.7   5.6   7.3 99.0 99.00 
2025 02 28 00 40 225  5.9  7.3  2.01 10.00  5.84 111 1002.8   9.9   5.5   7.3 99.0 99.00 
2025 02 28 00 50 230  5.3  6.5 99.00 99.00 99.00 999 1003.2   9.6 999.0   7.0 99.0 99.00 
2025 02 28 01 00 251  6.5  9.1 99.00 99.00 99.00 999 1003.7   9.9   5.5   7.3 99.0 99.00 
2025 02 28 01 10 290  7.3 11.5  2.18 10.00  6.29 110 1004.5  10.7   5.6   7.6 99.0 99.00 
2025 02 28 01 20 317  7.5 10.5 99.00 99.00 99.00 999 1004.1  10.1   5.6   7.2 99.0 99.00 
2025 02 28 01 30 318  7.2 10.5 99.00 99.00 99.00 999 1004.3   9.3   5.6   6.9 99.0 99.00 
2025 02 28 01 40 319  6.7  9.4  1.85 10.00  6.12 124 1004.3   9.0   5.6   6.8 99.0 99.00 
2025 02 28 01 50 316  6.2  8.0 99.00 99.00 99.00 999 1004.8   8.8   5.6   6.8 99.0 99.00 
2025 02 28 02 00 318  5.6  7.8 99.00 99.00 99.00 999 1004.6   8.5   5.6   6.7 99.0 99.00 
2025 02 28 02 10 318  5.8  8.3  1.84  9.09  5.83 136 1004.7   8.5   5.6   6.8 99.0 99.00 
2025 02 28 02 20 312  5.3  7.5 99.00 99.00 99.00 999 1004.6   8.5   5.5   6.8 99.0 99.00 
2025 02 28 02 30 319  4.8  6.5 99.00 99.00 99.00 999 1004.4   8.5   5.5   6.9 99.0 99.00 
2025 02 28 02 40 312  4.4  6.0  1.72  8.33  5.93 147 1004.8   8.3   5.5   6.8 99.0 99.00 
2025 02 28 02 50 317  5.1  7.2 99.00 99.00 99.00 999 1005.0   8.3   5.5   6.9 99.0 99.00 
2025 02 28 03 00 309  4.8  6.3 99.00 99.00 99.00 999 1005.0   8.2   5.5   6.7 99.0 99.00 
2025 02 28 03 10 310  4.2  5.9  1.70  9.09  6.10 140 1004.8   8.1   5.5   6.6 99.0 99.00 
2025 02 28 03 20 304  3.7  5.3 99.00 99.00 99.00 999 1005.0   7.8   5.5   6.5 99.0 99.00 
2025 02 28 03 30 312  5.8  8.5 99.00 99.00 99.00 999 1004.8   8.3   5.5   6.7 99.0 99.00 
2025 02 28 03 40 309  5.5  7.8  1.67  9.09  5.92 141 1004.9   8.6   5.5   6.3 99.0 99.00 
2025 02 28 03 50 301  5.9  8.5 99.00 99.00 99.00 999 1004.9   8.4   5.5   6.1 99.0 99.00 
2025 02 28 04 00 301  7.2  9.8 99.00 99.00 99.00 999 1004.8   8.5   5.6   5.4 99.0 99.00 
2025 02 28 04 10 303  6.3  8.2  1.69 10.00  5.92 132 1004.8   8.5   5.6   5.1 99.0 99.00 
2025 02 28 04 20 305  6.9  9.0 99.00 99.00 99.00 999 1005.0   8.5   5.6   5.0 99.0 99.00 
2025 02 28 04 30 305  6.3  8.4 99.00 99.00 99.00 999 1005.1   8.5   5.6   4.9 99.0 99.00 
2025 02 28 04 40 303  5.1  6.5  1.58 10.00  5.51 131 1005.2   8.3   5.6   5.0 99.0 99.00 
2025 02 28 04 50 301  4.8  7.0 99.00 99.00 99.00 999 1005.5   8.1   5.6   4.9 99.0 99.00 
2025 02 28 05 00 303  4.2  6.0 99.00 99.00 99.00 999 1005.4   8.0   5.6   4.8 99.0 99.00 
2025 02 28 05 10 311  3.6  5.1  1.64  9.09  5.71 144 1005.5   7.8   5.6   4.8 99.0 99.00 
2025 02 28 05 20 318  3.3  4.6 99.00 99.00 99.00 999 1005.7   7.5   5.6   4.8 99.0 99.00 
2025 02 28 05 30 320  3.3  4.5 99.00 99.00 99.00 999 1005.8   7.4   5.6   4.8 99.0 99.00 
2025 02 28 05 40 309  2.8  4.8  1.65  9.09  6.03 155 1006.1   7.2   5.6   4.8 99.0 99.00 
2025 02 28 05 50 305  2.3  3.8 99.00 99.00 99.00 999 1005.9   7.0   5.6   4.8 99.0 99.00 
2025 02 28 06 00 303  1.9  3.0 99.00 99.00 99.00 999 1005.9   6.9   5.6   4.9 99.0 99.00 
2025 02 28 06 10 324  1.4  2.8  1.76  9.09  6.10 149 1006.1   6.8   5.6   4.8 99.0 99.00 
2025 02 28 06 20 313  0.9  2.2 99.00 99.00 99.00 999 1005.9   6.8   5.6   4.8 99.0 99.00 
2025 02 28 06 30 307  1.4  2.8 99.00 99.00 99.00 999 1005.8   7.0   5.6   4.8 99.0 99.00 
2025 02 28 06 40 292  2.7  3.9  1.78  9.09  6.13 148 1005.6   7.4   5.6   4.9 99.0 99.00 
2025 02 28 06 50 281  3.0  4.3 99.00 99.00 99.00 999 1005.8   7.7   5.5   4.9 99.0 99.00 
2025 02 28 07 00 276  1.8  3.4 99.00 99.00 99.00 999 1006.0   7.3   5.5   4.9 99.0 99.00 
2025 02 28 07 10 326  1.4  2.8  1.73  8.33  5.97 155 1005.8   7.0   5.5   4.9 99.0 99.00 
2025 02 28 07 20 296  1.6  2.9 99.00 99.00 99.00 999 1005.8   7.0   5.5   4.7 99.0 99.00 
2025 02 28 07 30 296  2.0  3.7 99.00 99.00 99.00 999 1005.8   7.0   5.5   4.7 99.0 99.00 
2025 02 28 07 40 313  1.1  2.5  1.84  8.33  6.34 154 1005.5   6.8   5.4   4.7 99.0 99.00 
2025 02 28 07 50 342  1.4  3.3 99.00 99.00 99.00 999 1005.3   6.6   5.5   4.7 99.0 99.00 
2025 02 28 08 00 318  2.6  5.1 99.00 99.00 99.00 999 1005.1   6.8   5.5   4.6 99.0 99.00 
2025 02 28 08 10 288  3.9  6.4  1.67  9.09  6.21 144 1005.0   7.1   5.5   4.5 99.0 99.00 
2025 02 28 08 20 292  3.5  5.5 99.00 99.00 99.00 999 1004.9   6.9   5.5   4.5 99.0 99.00 
2025 02 28 08 30 323  2.2  4.0 99.00 99.00 99.00 999 1005.0   6.7   5.5   4.7 99.0 99.00 
2025 02 28 08 40 304  2.2  4.5  1.97  9.09  6.80 138 1005.0   6.6   5.6   4.7 99.0 99.00 
2025 02 28 08 50 274  3.5  4.8 99.00 99.00 99.00 999 1005.0   7.0   5.6   4.5 99.0 99.00 
2025 02 28 09 00 269  3.4  4.7 99.00 99.00 99.00 999 1005.2   7.1   5.6   4.5 99.0 99.00 
2025 02 28 09 10 263  3.4  4.4  1.69  9.09  6.45 154 1005.4   7.1   5.6   4.6 99.0 99.00 
2025 02 28 09 20 254  3.6  4.5 99.00 99.00 99.00 999 1005.7   6.9   5.4   4.7 99.0 99.00 
2025 02 28 09 30 257  3.7  4.6 99.00 99.00 99.00 999 1005.9   6.8   5.4   4.6 99.0 99.00 
2025 02 28 09 40 258  3.3  4.1  1.62  8.33  6.27 160 1006.2   6.8   5.4   4.5 99.0 99.00 
2025 02 28 09 50 263  3.7  4.7 99.00 99.00 99.00 999 1006.4   6.8   5.3   4.5 99.0 99.00 
2025 02 28 10 00 268  3.6  4.5 99.00 99.00 99.00 999 1006.6   6.8   5.3   4.4 99.0 99.00 
2025 02 28 10 10 267  4.3  6.1  1.60  8.33  6.27 161 1006.9   6.9   5.3   4.4 99.0 99.00 
2025 02 28 10 20 260  4.8  6.0 99.00 99.00 99.00 999 1007.0   6.8   5.4   4.4 99.0 99.00 
2025 02 28 10 30 263  4.6  6.0 99.00 99.00 99.00 999 1007.2   6.7   5.4   4.3 99.0 99.00 
2025 02 28 10 40 270  5.1  7.0  1.68  8.33  6.49 163 1007.3   7.0   5.4   4.1 99.0 99.00 
2025 02 28 10 50 278  6.0  7.1 99.00 99.00 99.00 999 1007.4   7.3   5.5   4.0 99.0 99.00 
2025 02 28 11 00 283  6.2  8.1 99.00 99.00 99.00 999 1007.6   7.3   5.5   3.8 99.0 99.00 
2025 02 28 11 10 284  6.1  7.6  1.56  8.33  6.32 157 1007.6   7.2   5.6   3.7 99.0 99.00 
2025 02 28 11 20 280  5.6  7.0 99.00 99.00 99.00 999 1007.7   7.0   5.7   3.8 99.0 99.00 
2025 02 28 11 30 272  4.5  6.0 99.00 99.00 99.00 999 1007.8   6.8   5.7   4.0 99.0 99.00 
2025 02 28 11 40 268  4.5  5.6  1.40  8.33  6.08 161 1007.8   6.7   5.7   4.0 99.0 99.00 
2025 02 28 11 50 270  5.1  6.5 99.00 99.00 99.00 999 1007.9   6.8   5.7   3.9 99.0 99.00 
2025 02 28 12 00 273  6.1  7.9 99.00 99.00 99.00 999 1008.1   6.8   5.8   3.8 99.0 99.00 
2025 02 28 12 10 279  6.9  8.6  1.31  8.33  5.80 156 1008.2   7.0   5.8   3.5 99.0 99.00 
2025 02 28 12 20 284  7.6  9.4 99.00 99.00 99.00 999 1008.5   7.0   5.8   3.6 99.0 99.00 
2025 02 28 12 30 283  7.7  9.6 99.00 99.00 99.00 999 1008.6   6.9   5.8   3.6 99.0 99.00 
2025 02 28 12 40 283  7.3  9.7  1.32  8.33  5.59 149 1009.1   6.9   5.7   3.7 99.0 99.00 
2025 02 28 12 50 288  7.6  9.8 99.00 99.00 99.00 999 1009.3   7.0   5.6   3.8 99.0 99.00 
2025 02 28 13 00 291  6.8  9.1 99.00 99.00 99.00 999 1009.2   6.9   5.7   3.7 99.0 99.00 
2025 02 28 13 10 294  7.2  9.4  1.41  8.33  5.63 148 1009.4   7.0   5.7   3.7 99.0 99.00 
2025 02 28 13 20 296  6.4  8.1 99.00 99.00 99.00 999 1009.7   6.9   5.7   3.7 99.0 99.00 
2025 02 28 13 30 295  6.3  8.1 99.00 99.00 99.00 999 1009.7   7.0   5.7   3.8 99.0 99.00 
2025 02 28 13 40 293  5.7  7.2  1.33  8.33  5.22 141 1009.7   6.9   5.8   3.9 99.0 99.00 
2025 02 28 13 50 292  5.5  6.9 99.00 99.00 99.00 999 1009.7   6.9   5.8   4.0 99.0 99.00 
2025 02 28 14 00 289  5.4  6.9 99.00 99.00 99.00 999 1009.8   6.8   5.8   4.0 99.0 99.00 
2025 02 28 14 10 288  5.0  6.6  1.29  9.09  5.46 142 1009.8   6.8   5.8   4.1 99.0 99.00 
2025 02 28 14 20 287  4.9  6.4 99.00 99.00 99.00 999 1009.9   6.8   5.8   4.1 99.0 99.00 
2025 02 28 14 30 282  4.5  5.6 99.00 99.00 99.00 999 1009.8   6.8   5.8   4.2 99.0 99.00 
2025 02 28 14 40 274  4.0  4.9  1.23  9.09  5.51 137 1009.9   6.8   5.8   4.2 99.0 99.00 
2025 02 28 14 50 275  3.9  4.9 99.00 99.00 99.00 999 1010.0   6.9   5.8   4.2 99.0 99.00 
2025 02 28 15 00 273  4.0  5.0 99.00 99.00 99.00 999 1010.2   7.0   5.8   4.2 99.0 99.00 
2025 02 28 15 10 283  3.9  4.8  1.14  8.33  5.23 141 1010.4   7.0   5.8   4.2 99.0 99.00 
2025 02 28 15 20 288  4.0  5.1 99.00 99.00 99.00 999 1010.8   7.0   5.8   4.2 99.0 99.00 
2025 02 28 15 30 295  4.1  5.4 99.00 99.00 99.00 999 1010.8   7.0   5.8   4.2 99.0 99.00 
2025 02 28 15 40 295  3.7  5.3  1.22  8.33  5.58 149 1010.8   7.1   5.8   4.1 99.0 99.00 
2025 02 28 15 50 308  2.9  3.8 99.00 99.00 99.00 999 1010.5   7.1   5.8   4.2 99.0 99.00 
2025 02 28 16 00 309  1.7  3.0 99.00 99.00 99.00 999 1010.3   7.2   5.8   4.5 99.0 99.00 
2025 02 28 16 10 319  1.5  2.0  1.16  9.09  5.54 143 1010.4   7.3   5.8   4.5 99.0 99.00 
2025 02 28 16 20 320  1.7  2.7 99.00 99.00 99.00 999 1010.5   7.3   5.8   4.4 99.0 99.00 
2025 02 28 16 30 303  2.3  4.6 99.00 99.00 99.00 999 1010.6   7.3   5.9   4.3 99.0 99.00 
2025 02 28 16 40 297  2.3  3.3  1.11  9.09  5.69 151 1010.7   7.4   5.9   3.7 99.0 99.00 
2025 02 28 16 50 298  2.1  3.3 99.00 99.00 99.00 999 1010.6   7.6   5.9   3.9 99.0 99.00 
2025 02 28 17 00 306  2.4  3.7 99.00 99.00 99.00 999 1010.5   7.7   5.9   3.7 99.0 99.00 
2025 02 28 17 10 296  2.7  4.4  1.16  8.33  5.89 165 1010.3   7.7   5.9   3.9 99.0 99.00 
2025 02 28 17 20 291  3.3  4.4 99.00 99.00 99.00 999 1010.1   7.6   6.0   3.8 99.0 99.00 
2025 02 28 17 30 304  3.5  4.5 99.00 99.00 99.00 999 1009.9   7.7   6.1   3.8 99.0 99.00 
2025 02 28 17 40 306  3.1  4.3  1.05  9.09  5.63 146 1009.9   7.5   6.2   3.8 99.0 99.00 
2025 02 28 17 50 316  3.1  4.1 99.00 99.00 99.00 999 1009.9   7.4   6.1   4.0 99.0 99.00 
2025 02 28 18 00 313  3.1  4.3 99.00 99.00 99.00 999 1010.0   7.4   6.1   3.9 99.0 99.00 
2025 02 28 18 10 316  3.3  4.4  1.06  8.33  5.66 142 1009.9   7.4   6.0   3.8 99.0 99.00 
2025 02 28 18 20 319  2.7  3.6 99.00 99.00 99.00 999 1009.9   7.4   6.1   3.8 99.0 99.00 
2025 02 28 18 30 329  2.1  2.9 99.00 99.00 99.00 999 1009.5   7.5   6.0   3.8 99.0 99.00 
2025 02 28 18 40 335  1.9  3.0  1.10  8.33  5.74 152 1009.5   7.5   6.0   4.2 99.0 99.00 
2025 02 28 18 50 336  1.6  2.6 99.00 99.00 99.00 999 1009.4   7.5   6.1   4.1 99.0 99.00 
2025 02 28 19 00 331  1.2  2.2 99.00 99.00 99.00 999 1009.5   7.6   6.0   3.8 99.0 99.00 
2025 02 28 19 10   4  0.2  0.8  1.11  8.33  6.02 157 1009.5   8.1   6.1   4.3 99.0 99.00 
2025 02 28 19 20 333  1.2  2.1 99.00 99.00 99.00 999 1009.5   8.3   6.1   3.9 99.0 99.00 
2025 02 28 19 30 320  0.6  1.9 99.00 99.00 99.00 999 1009.5   8.2   6.1   3.5 99.0 99.00 
2025 02 28 19 40 235  0.2  0.8  1.02  8.33  5.74 153 1009.6   9.1   6.1   4.0 99.0 99.00 
2025 02 28 19 50 162  1.0  1.8 99.00 99.00 99.00 999 1009.4   8.9   6.0   4.4 99.0 99.00 
2025 02 28 20 00 157  1.3  1.9 99.00 99.00 99.00 999 1009.4   8.3   6.0   4.1 99.0 99.00 
2025 02 28 20 10 157  2.3  3.7  1.04  8.33  5.80 159 1009.3   8.0   6.0   4.5 99.0 99.00 
2025 02 28 20 20 170  2.5  4.0 99.00 99.00 99.00 999 1009.2   7.8   6.0   4.4 99.0 99.00 
2025 02 28 20 30 158  3.4  4.5 99.00 99.00 99.00 999 1009.1   7.8   6.0   4.6 99.0 99.00 
2025 02 28 20 40 143  3.0  4.1  0.91  8.33  5.69 162 1009.1   7.8   6.0   4.6 99.0 99.00 
2025 02 28 20 50 143  2.9  4.0 99.00 99.00 99.00 999 1009.1   7.8   6.1   4.9 99.0 99.00 
2025 02 28 21 00 147  2.8  3.8 99.00 99.00 99.00 999 1008.8   7.8   6.1   4.6 99.0 99.00 
2025 02 28 21 10 141  2.7  3.6  0.98  7.69  5.94 155 1008.8   7.8   6.1   4.4 99.0 99.00 
2025 02 28 21 20 137  2.1  2.8 99.00 99.00 99.00 999 1008.6   7.8   6.1   4.7 99.0 99.00 
2025 02 28 21 30 135  2.1  3.7 99.00 99.00 99.00 999 1008.5   7.8   6.2   4.5 99.0 99.00 
2025 02 28 21 40 139  1.9  2.9  0.97  8.33  5.97 152 1008.5   7.9   6.3   4.8 99.0 99.00 
2025 02 28 21 50 121  2.7  3.9 99.00 99.00 99.00 999 1008.3   7.7   6.4   4.9 99.0 99.00 
2025 02 28 22 00 128  2.6  3.3 99.00 99.00 99.00 999 1008.5   7.6   6.4   5.1 99.0 99.00 
2025 02 28 22 10 142  3.1  3.8  0.84  8.33  5.93 141 1008.7   7.5   6.3   5.0 99.0 99.00 
2025 02 28 22 20 143  3.1  4.2 99.00 99.00 99.00 999 1008.9   7.5   6.4   5.1 99.0 99.00 
2025 02 28 22 30 151  3.4  4.1 99.00 99.00 99.00 999 1009.1   7.4   6.3   5.0 99.0 99.00 
2025 02 28 22 40 168  2.8  3.7  0.92  8.33  6.26 156 1009.3   7.3   6.1   4.7 99.0 99.00 
2025 02 28 22 50 163  2.3  3.2 99.00 99.00 99.00 999 1009.1   7.3   6.3   4.8 99.0 99.00 
2025 02 28 23 00 168  1.6  2.2 99.00 99.00 99.00 999 1009.2   7.2   6.1   4.8 99.0 99.00 
2025 02 28 23 10 172  1.8  2.6  0.87  8.33  6.08 136 1009.2   7.1   6.2   4.6 99.0 99.00 
2025 02 28 23 20 169  1.5  2.0 99.00 99.00 99.00 999 1009.3   7.1   5.9   4.6 99.0 99.00 
2025 02 28 23 30 170  2.1  2.5 99.00 99.00 99.00 999 1009.4   7.0   6.1   4.7 99.0 99.00 
2025 02 28 23 40 181  2.5  3.2  0.75  7.14  5.58 168 1009.3   7.0   6.2   4.8 99.0 99.00 
2025 02 28 23 50 183  4.8  7.3 99.00 99.00 99.00 999 1009.5   7.0   6.4   4.5 99.0 99.00 
2025 01 01 00 00 127  9.2 12.6 99.00 99.00 99.00 999 1000.9  13.0  10.3  11.8 99.0 99.00 
2025 01 01 00 10 134  9.8 12.3  1.33  5.00  4.46 140 1000.9  13.3  10.3  12.2 99.0 99.00 
2025 01 01 00 20 133 10.2 12.6 99.00 99.00 99.00 999 1000.8  13.4  10.3  12.3 99.0 99.00 
2025 01 01 00 30 146  9.0 10.8 99.00 99.00 99.00 999 1001.1  13.4 999.0  12.4 99.0 99.00 
2025 01 01 00 40 157  9.6 12.3  1.44  7.69  4.55 153 1001.1  14.0  10.3  13.1 99.0 99.00 
2025 01 01 00 50 154  9.2 13.2 99.00 99.00 99.00 999 1001.1  14.0  10.3  12.9 99.0 99.00 
2025 01 01 01 00 155  7.5  9.4 99.00 99.00 99.00 999 1000.7  13.3  10.3  12.5 99.0 99.00 
2025 01 01 01 10 156  7.1  8.9  1.35  5.00  4.47 141 1000.9  13.2  10.4  12.6 99.0 99.00 
2025 01 01 01 20 159  7.1  8.8 99.00 99.00 99.00 999 1000.9  13.2  10.4  12.6 99.0 99.00 
2025 01 01 01 30 164  6.7  7.7 99.00 99.00 99.00 999 1000.9  13.2  10.4  12.7 99.0 99.00 
2025 01 01 01 40 170  5.6  7.1  1.39  7.69  4.55 149 1000.9  13.0  10.3  12.5 99.0 99.00 
2025 01 01 01 50 183  5.3  8.2 99.00 99.00 99.00 999 1000.8  12.7  10.3  12.3 99.0 99.00 
2025 01 01 02 00 169  6.4  8.1 99.00 99.00 99.00 999 1000.6  12.9  10.3  12.6 99.0 99.00 
2025 01 01 02 10 167  6.7  7.9  1.34  5.00  4.62 149 1000.4  12.9  10.3  12.6 99.0 99.00 
2025 01 01 02 20 222  6.3  9.2 99.00 99.00 99.00 999 1001.4  12.8  10.3  12.4 99.0 99.00 
2025 01 01 02 30 284  4.4 10.0 99.00 99.00 99.00 999 1001.4  12.6  10.3  11.8 99.0 99.00 
2025 01 01 02 40 297  4.3  6.3  1.20  4.76  4.77 125 1001.2  12.3  10.3  11.2 99.0 99.00 
2025 01 01 02 50 306  2.4  4.3 99.00 99.00 99.00 999 1001.3  11.9  10.3  10.2 99.0 99.00 
2025 01 01 03 00 334  1.9  3.3 99.00 99.00 99.00 999 1001.1  11.8  10.3   9.8 99.0 99.00 
2025 01 01 03 10 335  2.5  4.0  1.09  4.76  4.67 138 1001.3  11.7  10.3   9.8 99.0 99.00 
2025 01 01 03 20 324  2.0  3.0 99.00 99.00 99.00 999 1001.1  11.6  10.3   9.9 99.0 99.00 
2025 01 01 03 30 332  2.7  4.0 99.00 99.00 99.00 999 1000.6  11.6  10.3   9.9 99.0 99.00 
2025 01 01 03 40 322  2.3  3.7  1.17  5.00  4.81 132 1000.8  11.6  10.3   9.8 99.0 99.00 
2025 01 01 03 50 307  3.1  4.8 99.00 99.00 99.00 999 1000.9  11.5  10.3   9.7 99.0 99.00 
2025 01 01 04 00 292  3.1  4.6 99.00 99.00 99.00 999 1000.3  11.4  10.3   9.8 99.0 99.00 
2025 01 01 04 10 277  2.6  3.7  1.12  4.76  4.88 132 1000.2  11.2  10.3   9.8 99.0 99.00 
2025 01 01 04 20 239  2.0  2.7 99.00 99.00 99.00 999 1000.3  11.0  10.2   9.8 99.0 99.00 
2025 01 01 04 30 212  2.6  3.4 99.00 99.00 99.00 999 1000.1  10.9  10.2   9.9 99.0 99.00 
2025 01 01 04 40 186  3.0  4.1  1.07  5.00  4.92 144 1000.0  10.9  10.2  10.0 99.0 99.00 
2025 01 01 04 50 199  3.1  4.2 99.00 99.00 99.00 999  999.8  11.0  10.2   9.9 99.0 99.00 
2025 01 01 05 00 203  3.2  4.0 99.00 99.00 99.00 999  999.9  11.0  10.2   9.9 99.0 99.00 
2025 01 01 05 10 212  3.7  5.2  1.05  7.69  4.83 153 1000.3  11.0  10.2   9.9 99.0 99.00 
2025 01 01 05 20 219  5.0  6.6 99.00 99.00 99.00 999 1000.3  11.2  10.2  10.0 99.0 99.00 
2025 01 01 05 30 234  5.7  7.5 99.00 99.00 99.00 999 1000.2  11.4  10.2  10.0 99.0 99.00 
2025 01 01 05 40 233  6.5  8.4  1.06  7.69  4.99 143 1000.3  11.5  10.2  10.2 99.0 99.00 
2025 01 01 05 50 231  7.2  8.6 99.00 99.00 99.00 999 1000.0  11.6  10.2  10.3 99.0 99.00 
2025 01 01 06 00 234  7.4  9.1 99.00 99.00 99.00 999 1000.1  11.7  10.2  10.3 99.0 99.00 
2025 01 01 06 10 237  7.4  8.9  1.05  5.00  4.78 135 1000.2  11.6  10.2  10.3 99.0 99.00 
2025 01 01 06 20 234  7.2  9.1 99.00 99.00 99.00 999 1000.2  11.5  10.2  10.2 99.0 99.00 
2025 01 01 06 30 231  7.5  9.3 99.00 99.00 99.00 999 1000.4  11.4  10.1  10.1 99.0 99.00 
2025 01 01 06 40 230  7.3  8.6  1.00  7.69  4.49 138 1000.5  11.3  10.2  10.0 99.0 99.00 
2025 01 01 06 50 230  7.2  8.7 99.00 99.00 99.00 999 1000.6  11.1  10.1   9.9 99.0 99.00 
2025 01 01 07 00 233  6.6  7.9 99.00 99.00 99.00 999 1000.6  10.9  10.1   9.8 99.0 99.00 
2025 01 01 07 10 238  7.1  8.6  1.03  7.69  4.47 134 1000.7  11.0  10.1   9.9 99.0 99.00 
2025 01 01 07 20 242  6.8  8.2 99.00 99.00 99.00 999 1000.8  11.0  10.1   9.9 99.0 99.00 
2025 01 01 07 30 247  6.8  8.9 99.00 99.00 99.00 999 1000.9  10.9  10.1   9.8 99.0 99.00 
2025 01 01 07 40 247  6.1  7.4  0.99  7.69  4.38 131 1001.0  10.7  10.1   9.7 99.0 99.00 
2025 01 01 07 50 249  5.7  7.0 99.00 99.00 99.00 999 1001.0  10.6  10.1   9.6 99.0 99.00 
2025 01 01 08 00 254  5.7  6.7 99.00 99.00 99.00 999 1001.0  10.5  10.1   9.5 99.0 99.00 
2025 01 01 08 10 257  5.5  6.8  0.95  7.69  4.51 116 1001.0  10.5  10.1   9.5 99.0 99.00 
2025 01 01 08 20 256  5.6  6.5 99.00 99.00 99.00 999 1000.9  10.4  10.1   9.4 99.0 99.00 
2025 01 01 08 30 258  5.6  6.6 99.00 99.00 99.00 999 1000.9  10.4  10.1   9.3 99.0 99.00 
2025 01 01 08 40 255  5.3  6.4  0.95  7.14  4.42 125 1000.9  10.3  10.1   9.3 99.0 99.00 
2025 01 01 08 50 253  5.3  6.4 99.00 99.00 99.00 999 1000.9  10.2  10.1   9.2 99.0 99.00 
2025 01 01 09 00 252  4.9  6.0 99.00 99.00 99.00 999 1000.9  10.2  10.1   9.3 99.0 99.00 
2025 01 01 09 10 253  4.9  6.1  0.93  7.14  4.67 143 1001.0  10.1  10.1   9.3 99.0 99.00 
2025 01 01 09 20 251  5.2  6.4 99.00 99.00 99.00 999 1001.1  10.1  10.1   9.2 99.0 99.00 
2025 01 01 09 30 245  5.3  6.6 99.00 99.00 99.00 999 1001.3  10.1  10.1   9.2 99.0 99.00 
2025 01 01 09 40 246  5.6  6.7  1.00  7.14  4.78 145 1001.2  10.1  10.1   9.2 99.0 99.00 
2025 01 01 09 50 244  5.4  6.6 99.00 99.00 99.00 999 1001.3  10.0  10.1   9.2 99.0 99.00 
2025 01 01 10 00 245  5.2  6.6 99.00 99.00 99.00 999 1001.3  10.0  10.2   9.2 99.0 99.00 
2025 01 01 10 10 244  5.2  6.3  1.12  7.14  5.22 145 1001.4  10.0  10.2   9.2 99.0 99.00 
2025 01 01 10 20 246  5.1  6.0 99.00 99.00 99.00 999 1001.5  10.1  10.3   9.3 99.0 99.00 
2025 01 01 10 30 247  5.2  6.4 99.00 99.00 99.00 999 1001.5  10.1  10.3   9.3 99.0 99.00 
2025 01 01 10 40 248  5.0  6.0  1.17  7.14  5.28 143 1001.6  10.1  10.3   9.2 99.0 99.00 
2025 01 01 10 50 245  4.9  5.9 99.00 99.00 99.00 999 1001.7  10.1  10.3   9.3 99.0 99.00 
2025 01 01 11 00 244  4.5  5.6 99.00 99.00 99.00 999 1001.7  10.1  10.3   9.3 99.0 99.00 
2025 01 01 11 10 250  4.7  5.9  1.24  7.69  5.56 137 1001.7  10.1  10.3   9.3 99.0 99.00 
2025 01 01 11 20 253  4.8  5.9 99.00 99.00 99.00 999 1001.8  10.1  10.3   9.3 99.0 99.00 
2025 01 01 11 30 252  4.5  5.4 99.00 99.00 99.00 999 1001.8  10.1  10.4   9.3 99.0 99.00 
2025 01 01 11 40 252  4.6  5.9  1.23  7.14  5.50 132 1001.9  10.1  10.4   9.3 99.0 99.00 
2025 01 01 11 50 257  5.0  6.5 99.00 99.00 99.00 999 1002.0  10.1  10.4   9.3 99.0 99.00 
2025 01 01 12 00 260  4.7  5.9 99.00 99.00 99.00 999 1002.0  10.2  10.4   9.4 99.0 99.00 
2025 01 01 12 10 256  4.9  6.0  1.22  7.14  5.45 139 1002.2  10.2  10.4   9.4 99.0 99.00 
2025 01 01 12 20 257  4.8  6.1 99.00 99.00 99.00 999 1002.2  10.1  10.4   9.5 99.0 99.00 
2025 01 01 12 30 256  4.5  5.8 99.00 99.00 99.00 999 1002.1  10.1  10.4   9.5 99.0 99.00 
2025 01 01 12 40 265  4.8  6.0  1.32  7.69  5.72 136 1002.3  10.1  10.4   9.4 99.0 99.00 
2025 01 01 12 50 270  5.9  7.5 99.00 99.00 99.00 999 1002.6  10.2  10.4   9.5 99.0 99.00 
2025 01 01 13 00 269  7.4 10.7 99.00 99.00 99.00 999 1003.0  10.2  10.4   9.4 99.0 99.00 
2025 01 01 13 10 276  8.9 11.6  1.25  7.69  5.39 150 1003.1  10.1  10.4   9.3 99.0 99.00 
2025 01 01 13 20 285  9.5 12.6 99.00 99.00 99.00 999 1003.3   9.9  10.4   8.5 99.0 99.00 
2025 01 01 13 30 282  9.3 12.1 99.00 99.00 99.00 999 1003.5   9.9  10.4   8.1 99.0 99.00 
2025 01 01 13 40 281  8.7 11.7  1.25  7.69  5.02 135 1003.6  10.1  10.4   8.0 99.0 99.00 
2025 01 01 13 50 276  9.4 12.3 99.00 99.00 99.00 999 1003.8  10.1  10.4   7.6 99.0 99.00 
2025 01 01 14 00 273 10.6 14.3 99.00 99.00 99.00 999 1003.9  10.1  10.4   7.3 99.0 99.00 
2025 01 01 14 10 281 11.5 14.4  1.27  7.14  4.66 144 1003.9  10.1  10.4   6.8 99.0 99.00 
2025 01 01 14 20 286 11.4 14.8 99.00 99.00 99.00 999 1004.2  10.1  10.4   6.4 99.0 99.00 
2025 01 01 14 30 281 11.0 14.2 99.00 99.00 99.00 999 1004.4   9.9  10.4   6.1 99.0 99.00 
2025 01 01 14 40 279 10.8 13.8  1.31  7.69  4.30 140 1004.7  10.0  10.4   6.0 99.0 99.00 
2025 01 01 14 50 277 10.1 12.7 99.00 99.00 99.00 999 1004.9  10.0  10.5   6.1 99.0 99.00 
2025 01 01 15 00 277  8.9 11.1 99.00 99.00 99.00 999 1004.9  10.0  10.5   6.3 99.0 99.00 
2025 01 01 15 10 271  9.8 12.5  1.38  7.69  4.55 136 1004.9  10.0  10.5   6.4 99.0 99.00 
2025 01 01 15 20 272 11.7 14.8 99.00 99.00 99.00 999 1005.0  10.0  10.5   6.0 99.0 99.00 
2025 01 01 15 30 272 11.8 15.4 99.00 99.00 99.00 999 1005.0   9.9  10.6   5.7 99.0 99.00 
2025 01 01 15 40 276 11.8 15.7  1.54  4.35  4.37 284 1004.8   9.8  10.6   5.3 99.0 99.00 
2025 01 01 15 50 275 11.8 16.8 99.00 99.00 99.00 999 1004.9   9.8  10.6   5.3 99.0 99.00 
2025 01 01 16 00 275 13.2 16.9 99.00 99.00 99.00 999 1004.9   9.7  10.6   4.9 99.0 99.00 
2025 01 01 16 10 278 12.3 15.1  1.73  4.55  4.58 289 1004.8   9.7  10.6   5.0 99.0 99.00 
2025 01 01 16 20 278 12.7 16.3 99.00 99.00 99.00 999 1004.9   9.6  10.6   4.8 99.0 99.00 
2025 01 01 16 30 276 13.1 16.5 99.00 99.00 99.00 999 1004.9   9.6  10.6   4.6 99.0 99.00 
2025 01 01 16 40 280 12.5 15.4  1.79  5.00  4.54 291 1004.7   9.6  10.6   4.7 99.0 99.00 
2025 01 01 16 50 282 12.6 15.9 99.00 99.00 99.00 999 1004.9   9.6  10.6   4.6 99.0 99.00 
2025 01 01 17 00 275 11.0 14.6 99.00 99.00 99.00 999 1005.1   9.6  10.4   4.8 99.0 99.00 
2025 01 01 17 10 280 11.6 15.1  1.78  4.76  4.55 297 1005.0   9.7  10.4   4.8 99.0 99.00 
2025 01 01 17 20 278 11.8 14.3 99.00 99.00 99.00 999 1005.1   9.7  10.4   4.8 99.0 99.00 
2025 01 01 17 30 276 11.9 15.3 99.00 99.00 99.00 999 1005.1   9.7  10.4   4.7 99.0 99.00 
2025 01 01 17 40 277 11.0 14.9  1.87  4.76  4.60 292 1005.1   9.7  10.4   4.8 99.0 99.00 
2025 01 01 17 50 280 12.0 14.9 99.00 99.00 99.00 999 1004.9   9.8  10.4   4.8 99.0 99.00 
2025 01 01 18 00 284 13.0 16.9 99.00 99.00 99.00 999 1004.9   9.8  10.4   4.6 99.0 99.00 
2025 01 01 18 10 282 13.0 16.5  1.84  4.76  4.48 297 1005.2   9.9  10.4   4.4 99.0 99.00 
2025 01 01 18 20 281 12.9 16.7 99.00 99.00 99.00 999 1005.2  10.0  10.3   4.5 99.0 99.00 
2025 01 01 18 30 282 12.8 16.2 99.00 99.00 99.00 999 1005.3  10.1  10.3   4.9 99.0 99.00 
2025 01 01 18 40 283 12.3 16.0  1.76  5.26  4.51 313 1005.4  10.1  10.3   4.9 99.0 99.00 
2025 01 01 18 50 280 13.1 17.1 99.00 99.00 99.00 999 1005.7  10.1  10.3   4.4 99.0 99.00 
2025 01 01 19 00 283 13.5 16.6 99.00 99.00 99.00 999 1005.8  10.2  10.3   4.5 99.0 99.00 
2025 01 01 19 10 282 12.8 16.0  1.90  4.76  4.60 299 1006.1  10.2  10.3   4.5 99.0 99.00 
2025 01 01 19 20 281 13.4 17.2 99.00 99.00 99.00 999 1006.2  10.2  10.3   4.6 99.0 99.00 
2025 01 01 19 30 279 13.2 17.3 99.00 99.00 99.00 999 1006.4  10.2  10.3   4.5 99.0 99.00 
2025 01 01 19 40 284 12.3 15.3  1.88  5.26  4.51 304 1006.6  10.2  10.3   4.7 99.0 99.00 
2025 01 01 19 50 283 12.1 17.3 99.00 99.00 99.00 999 1006.4  10.2  10.3   4.6 99.0 99.00 
2025 01 01 20 00 284 13.4 17.3 99.00 99.00 99.00 999 1006.6  10.3 999.0   4.5 99.0 99.00 
2025 01 01 20 10 288 13.9 18.0  1.94  5.56  4.56 307 1006.8  10.3  10.3   4.1 99.0 99.00 
2025 01 01 20 20 290 13.1 16.4 99.00 99.00 99.00 999 1007.0  10.2  10.3   4.3 99.0 99.00 
2025 01 01 20 30 293 13.4 17.1 99.00 99.00 99.00 999 1007.2  10.1  10.3   4.1 99.0 99.00 
2025 01 01 20 40 289 13.8 17.0  2.03  5.26  4.69 311 1007.4  10.1  10.3   4.1 99.0 99.00 
2025 01 01 20 50 288 14.1 17.5 99.00 99.00 99.00 999 1007.5  10.0  10.3   3.8 99.0 99.00 
2025 01 01 21 00 290 13.0 16.4 99.00 99.00 99.00 999 1007.8   9.9  10.3   4.0 99.0 99.00 
2025 01 01 21 10 294 14.1 18.4  2.01  5.56  4.83 305 1008.0   9.8  10.3   3.8 99.0 99.00 
2025 01 01 21 20 297 14.5 18.1 99.00 99.00 99.00 999 1008.3   9.7  10.3   3.1 99.0 99.00 
2025 01 01 21 30 296 14.0 18.4 99.00 99.00 99.00 999 1008.6   9.6  10.3   3.5 99.0 99.00 
2025 01 01 21 40 292 15.0 19.6  2.14  5.56  4.85 308 1008.8   9.4  10.3   2.9 99.0 99.00 
2025 01 01 21 50 292 14.4 18.5 99.00 99.00 99.00 999 1008.9   9.3  10.3   2.8 99.0 99.00 
2025 01 01 22 00 292 13.6 17.9 99.00 99.00 99.00 999 1009.1   9.2  10.3   3.1 99.0 99.00 
2025 01 01 22 10 292 14.0 18.5  1.95  5.56  4.86 305 1009.3   9.2  10.3   3.3 99.0 99.00 
2025 01 01 22 20 294 14.6 20.5 99.00 99.00 99.00 999 1009.4   9.0  10.3   2.8 99.0 99.00 
2025 01 01 22 30 293 14.3 18.2 99.00 99.00 99.00 999 1009.8   8.9  10.3   2.7 99.0 99.00 
2025 01 01 22 40 291 14.9 18.7  1.97  5.56  4.82 302 1010.1   8.8  10.3   2.7 99.0 99.00 
2025 01 01 22 50 288 14.0 19.5 99.00 99.00 99.00 999 1010.5   8.7  10.4   2.7 99.0 99.00 
2025 01 01 23 00 284 13.8 17.9 99.00 99.00 99.00 999 1010.6   8.6  10.4   2.7 99.0 99.00 
2025 01 01 23 10 292 13.6 18.1  2.00  5.88  4.82 313 1010.8   8.5  10.4   2.5 99.0 99.00 
2025 01 01 23 20 293 14.8 19.1 99.00 99.00 99.00 999 1011.1   8.4  10.4   2.0 99.0 99.00 
2025 01 01 23 30 294 14.2 18.5 99.00 99.00 99.00 999 1011.3   8.3  10.4   2.1 99.0 99.00 
2025 01 01 23 40 289 15.1 20.5  1.95  5.88  4.94 324 1011.4   8.3  10.4   1.8 99.0 99.00 
2025 01 01 23 50 287 14.9 19.8 99.00 99.00 99.00 999 1011.6   8.2  10.4   1.6 99.0 99.00 
2025 01 02 00 00 287 13.9 17.6 99.00 99.00 99.00 999 1011.7   8.2  10.5   1.9 99.0 99.00 
2025 01 02 00 10 282 13.2 17.2  1.93  5.88  4.87 327 1011.8   8.3  10.5   1.9 99.0 99.00 
2025 01 02 00 20 280 13.8 17.3 99.00 99.00 99.00 999 1011.8   8.3  10.6   1.5 99.0 99.00 
2025 01 02 00 30 282 13.8 17.9 99.00 99.00 99.00 999 1012.1   8.2  10.6   1.6 99.0 99.00 
2025 01 02 00 40 282 13.7 17.5  1.76  5.56  4.79 323 1012.1   8.2  10.6   1.4 99.0 99.00 
2025 01 02 00 50 276 13.1 16.1 99.00 99.00 99.00 999 1012.3   8.2  10.6   1.4 99.0 99.00 
2025 01 02 01 00 274 12.1 15.5 99.00 99.00 99.00 999 1012.5   8.1  10.6   1.6 99.0 99.00 
2025 01 02 01 10 275 12.1 15.7  1.69  5.88  4.75 326 1012.5   8.1  10.6   1.6 99.0 99.00 
2025 01 02 01 20 279 12.1 15.7 99.00 99.00 99.00 999 1012.5   8.1  10.6   1.4 99.0 99.00 
2025 01 02 01 30 278 11.7 15.4 99.00 99.00 99.00 999 1012.6   8.1  10.6   1.7 99.0 99.00 
2025 01 02 01 40 279 12.9 16.0  1.48  5.56  4.51 319 1012.6   8.0  10.6   1.0 99.0 99.00 
2025 01 02 01 50 273 12.3 15.2 99.00 99.00 99.00 999 1012.7   7.9  10.6   1.2 99.0 99.00 
2025 01 02 02 00 270 12.0 15.3 99.00 99.00 99.00 999 1012.9   7.7  10.6   1.5 99.0 99.00 
2025 01 02 02 10 271 11.9 15.2  1.52  5.56  4.48 333 1012.9   7.7  10.6   1.9 99.0 99.00 
2025 01 02 02 20 271 11.7 14.7 99.00 99.00 99.00 999 1012.9   7.6  10.6   1.8 99.0 99.00 
2025 01 02 02 30 267 11.6 14.4 99.00 99.00 99.00 999 1013.1   7.6  10.6   1.8 99.0 99.00 
2025 01 02 02 40 267 11.6 15.3  1.49  5.56  4.40 332 1013.1   7.5  10.6   1.6 99.0 99.00 
2025 01 02 02 50 266 11.5 14.0 99.00 99.00 99.00 999 1013.1   7.5  10.6   1.9 99.0 99.00 
2025 01 02 03 00 264 11.3 13.6 99.00 99.00 99.00 999 1013.2   7.4  10.6   1.9 99.0 99.00 
2025 01 02 03 10 265 11.3 14.2  1.38  5.00  4.12 324 1013.3   7.4  10.6   1.9 99.0 99.00 
2025 01 02 03 20 265 11.1 13.9 99.00 99.00 99.00 999 1013.4   7.4  10.6   2.0 99.0 99.00 
2025 01 02 03 30 262 11.8 14.9 99.00 99.00 99.00 999 1013.3   7.4  10.6   1.8 99.0 99.00 
2025 01 02 03 40 264 11.9 15.1  1.37  4.00  4.11 254 1013.4   7.4  10.6   1.9 99.0 99.00 
2025 01 02 03 50 263 11.7 14.6 99.00 99.00 99.00 999 1013.4   7.3  10.6   1.8 99.0 99.00 
2025 01 02 04 00 264 11.8 13.8 99.00 99.00 99.00 999 1013.6   7.2  10.5   1.8 99.0 99.00 
2025 01 02 04 10 262 11.5 14.2  1.24  5.00  3.98 325 1013.6   7.1  10.5   1.6 99.0 99.00 
2025 01 02 04 20 266 11.1 14.3 99.00 99.00 99.00 999 1013.7   7.2  10.5   1.8 99.0 99.00 
2025 01 02 04 30 265 11.7 14.8 99.00 99.00 99.00 999 1013.9   7.1  10.5   1.6 99.0 99.00 
2025 01 02 04 40 265 11.1 14.6  1.29  4.35  3.93 271 1014.1   7.1  10.5   1.8 99.0 99.00 
2025 01 02 04 50 266 11.1 14.1 99.00 99.00 99.00 999 1014.1   7.1  10.5   1.5 99.0 99.00 
2025 01 02 05 00 268 10.7 12.7 99.00 99.00 99.00 999 1014.1   7.1  10.5   1.6 99.0 99.00 
2025 01 02 05 10 265 10.9 14.4  1.26  4.17  3.93 275 1014.2   7.0  10.5   1.4 99.0 99.00 
2025 01 02 05 20 269 10.7 13.6 99.00 99.00 99.00 999 1014.1   7.1  10.5   1.9 99.0 99.00 
2025 01 02 05 30 269 10.8 14.6 99.00 99.00 99.00 999 1014.1   7.0  10.5   1.7 99.0 99.00 
2025 01 02 05 40 270 10.4 13.6  1.14  4.55  3.85 301 1014.2   6.9  10.4   1.6 99.0 99.00 
2025 01 02 05 50 268 10.5 12.9 99.00 99.00 99.00 999 1014.2   6.9  10.4   1.6 99.0 99.00 
2025 01 02 06 00 267 10.8 13.7 99.00 99.00 99.00 999 1014.2   7.0  10.4   1.5 99.0 99.00 
2025 01 02 06 10 269 11.2 14.4  1.18  4.00  3.77 261 1014.3   6.9  10.4   1.5 99.0 99.00 
2025 01 02 06 20 268 11.6 16.1 99.00 99.00 99.00 999 1014.4   6.8  10.4   1.3 99.0 99.00 
2025 01 02 06 30 271 11.4 14.4 99.00 99.00 99.00 999 1014.6   6.7  10.4   1.3 99.0 99.00 
2025 01 02 06 40 271 11.5 14.4  1.20  4.35  3.80 299 1014.7   6.7  10.4   1.2 99.0 99.00 
2025 01 02 06 50 270 11.5 13.9 99.00 99.00 99.00 999 1014.8   6.7  10.4   1.2 99.0 99.00 
2025 01 02 07 00 274 11.3 14.5 99.00 99.00 99.00 999 1015.0   6.5  10.4   1.3 99.0 99.00 
2025 01 02 07 10 274 10.9 14.0  1.26  3.85  3.76 269 1015.2   6.5  10.4   1.4 99.0 99.00 
2025 01 02 07 20 276 11.1 13.8 99.00 99.00 99.00 999 1015.3   6.4  10.4   1.0 99.0 99.00 
2025 01 02 07 30 274 10.3 13.4 99.00 99.00 99.00 999 1015.4   6.4  10.4   1.2 99.0 99.00 
2025 01 02 07 40 276 11.1 14.6  1.17  4.00  3.79 254 1015.5   6.2  10.4   0.8 99.0 99.00 
2025 01 02 07 50 278 11.8 15.4 99.00 99.00 99.00 999 1015.7   6.1  10.4   0.6 99.0 99.00 
2025 01 02 08 00 280 13.1 16.8 99.00 99.00 99.00 999 1015.7   5.9  10.3   0.6 99.0 99.00 
2025 01 02 08 10 283 13.6 17.4  1.18  4.00  3.76 281 1015.7   5.9  10.3   0.6 99.0 99.00 
2025 01 02 08 20 290 13.1 16.3 99.00 99.00 99.00 999 1015.8   5.8  10.3   0.2 99.0 99.00 
2025 01 02 08 30 285 12.9 15.7 99.00 99.00 99.00 999 1015.8   5.7  10.3   0.2 99.0 99.00 
2025 01 02 08 40 289 12.1 15.0  1.38  4.17  3.93 291 1015.9   5.6  10.3   0.0 99.0 99.00 
2025 01 02 08 50 299 12.8 15.8 99.00 99.00 99.00 999 1015.9   5.4  10.3  -0.4 99.0 99.00 
2025 01 02 09 00 297 12.6 15.2 99.00 99.00 99.00 999 1015.9   5.3  10.3  -1.1 99.0 99.00 
2025 01 02 09 10 297 12.3 14.9  1.48  5.00  4.20 306 1015.9   5.1  10.3  -1.5 99.0 99.00 
2025 01 02 09 20 295 11.7 15.4 99.00 99.00 99.00 999 1016.3   5.1  10.3  -1.3 99.0 99.00 
2025 01 02 09 30 286 11.2 14.1 99.00 99.00 99.00 999 1016.4   5.1  10.3  -1.0 99.0 99.00 
2025 01 02 09 40 276 10.9 13.9  1.56  4.76  4.36 298 1016.7   5.1  10.3  -0.7 99.0 99.00 
2025 01 02 09 50 286 11.6 15.1 99.00 99.00 99.00 999 1016.7   4.9  10.3  -1.3 99.0 99.00 
2025 01 02 10 00 298 13.6 18.3 99.00 99.00 99.00 999 1016.6   5.0  10.3  -1.3 99.0 99.00 
2025 01 02 10 10 294 14.3 18.1  1.73  5.26  4.59 320 1016.8   4.8  10.3  -1.9 99.0 99.00 
2025 01 02 10 20 298 13.8 17.5 99.00 99.00 99.00 999 1016.9   4.7  10.3  -2.4 99.0 99.00 
2025 01 02 10 30 289 13.7 17.3 99.00 99.00 99.00 999 1016.8   4.7  10.2  -2.3 99.0 99.00 
2025 01 02 10 40 289 13.8 17.4  1.78  5.88  4.76 329 1017.0   4.7  10.2  -2.2 99.0 99.00 
2025 01 02 10 50 295 13.7 18.4 99.00 99.00 99.00 999 1017.1   4.6  10.2  -2.5 99.0 99.00 
2025 01 02 11 00 296 13.0 16.9 99.00 99.00 99.00 999 1017.1   4.6  10.2  -2.2 99.0 99.00 
2025 01 02 11 10 291 12.2 15.3  1.79  5.88  4.77 327 1017.4   4.7  10.3  -1.7 99.0 99.00 
2025 01 02 11 20 282 12.6 16.0 99.00 99.00 99.00 999 1017.6   4.4  10.3  -2.7 99.0 99.00 
2025 01 02 11 30 288 11.8 15.8 99.00 99.00 99.00 999 1017.6   4.3  10.3  -2.6 99.0 99.00 
2025 01 02 11 40 292 11.7 16.0  1.63  5.56  4.76 320 1017.6   4.3  10.3  -2.6 99.0 99.00 
2025 01 02 11 50 292 12.3 17.4 99.00 99.00 99.00 999 1017.7   4.3  10.3  -2.5 99.0 99.00 
2025 01 02 12 00 290 12.1 15.4 99.00 99.00 99.00 999 1017.9   4.3  10.2  -2.5 99.0 99.00 
2025 01 02 12 10 289 12.0 16.1  1.62  5.56  4.67 322 1018.0   4.3  10.2  -2.3 99.0 99.00 
2025 01 02 12 20 293 12.0 15.1 99.00 99.00 99.00 999 1018.1   4.3  10.2  -2.2 99.0 99.00 
2025 01 02 12 30 288 11.6 15.7 99.00 99.00 99.00 999 1018.2   4.2  10.2  -2.5 99.0 99.00 
2025 01 02 12 40 287 10.8 14.1  1.50  5.56  4.63 326 1018.4   4.2  10.3  -2.4 99.0 99.00 
2025 01 02 12 50 289 11.3 14.9 99.00 99.00 99.00 999 1018.5   4.2  10.3  -2.5 99.0 99.00 
2025 01 02 13 00 284 10.8 14.9 99.00 99.00 99.00 999 1018.7   4.2  10.3  -2.4 99.0 99.00 
2025 01 02 13 10 282 10.7 13.6  1.38  5.26  4.51 322 1018.8   4.3  10.3  -2.0 99.0 99.00 
2025 01 02 13 20 284 11.0 13.5 99.00 99.00 99.00 999 1018.7   4.3  10.3  -2.2 99.0 99.00 
2025 01 02 13 30 289 10.9 15.1 99.00 99.00 99.00 999 1018.9   4.3  10.3  -2.4 99.0 99.00 
2025 01 02 13 40 287 10.7 13.4  1.26  5.26  4.26 332 1018.9   4.1  10.3  -2.7 99.0 99.00 
2025 01 02 13 50 287 10.9 14.9 99.00 99.00 99.00 999 1019.0   4.3  10.3  -2.1 99.0 99.00 
2025 01 02 14 00 293 11.7 15.7 99.00 99.00 99.00 999 1019.2   4.2  10.3  -2.2 99.0 99.00 
2025 01 02 14 10 292 11.3 14.1  1.34  5.56  4.30 335 1019.3   4.3  10.3  -2.0 99.0 99.00 
2025 01 02 14 20 293 11.4 14.5 99.00 99.00 99.00 999 1019.6   4.3  10.3  -2.1 99.0 99.00 
2025 01 02 14 30 292 11.1 13.7 99.00 99.00 99.00 999 1019.8   4.4  10.3  -1.9 99.0 99.00 
2025 01 02 14 40 293 11.4 14.2  1.26  5.26  4.11 330 1020.1   4.4  10.3  -2.2 99.0 99.00 
2025 01 02 14 50 291 11.7 15.4 99.00 99.00 99.00 999 1020.2   4.6  10.3  -1.9 99.0 99.00 
2025 01 02 15 00 295 12.0 15.5 99.00 99.00 99.00 999 1020.1   4.6  10.3  -2.1 99.0 99.00 
2025 01 02 15 10 294 11.3 15.4  1.34  5.26  4.17 336 1020.1   4.8  10.3  -1.7 99.0 99.00 
2025 01 02 15 20 292 11.9 15.4 99.00 99.00 99.00 999 1020.1   4.9  10.3  -1.9 99.0 99.00 
2025 01 02 15 30 296 11.9 15.7 99.00 99.00 99.00 999 1020.1   5.0  10.3  -2.0 99.0 99.00 
2025 01 02 15 40 294 12.3 15.7  1.39  5.26  4.17 338 1019.7   5.1 999.0  -2.0 99.0 99.00 
2025 01 02 15 50 296 11.6 14.3 99.00 99.00 99.00 999 1019.4   5.1  10.3  -2.2 99.0 99.00 
2025 01 02 16 00 295 11.5 15.2 99.00 99.00 99.00 999 1019.4   5.2  10.3  -1.9 99.0 99.00 
2025 01 02 16 10 291 11.5 14.5  1.43  5.26  4.12 331 1019.4   5.3  10.3  -2.2 99.0 99.00 
2025 01 02 16 20 289 11.6 14.2 99.00 99.00 99.00 999 1019.0   5.2  10.3  -2.7 99.0 99.00 
2025 01 02 16 30 292 11.6 14.6 99.00 99.00 99.00 999 1018.8   5.3  10.3  -2.5 99.0 99.00 
2025 01 02 16 40 288 11.1 14.1  1.55  5.00  4.34 327 1018.9   5.4  10.3  -2.5 99.0 99.00 
2025 01 02 16 50 289 11.3 13.9 99.00 99.00 99.00 999 1018.9   5.4  10.3  -2.8 99.0 99.00 
2025 01 02 17 00 286 10.9 14.3 99.00 99.00 99.00 999 1018.7   5.6  10.3  -2.1 99.0 99.00 
2025 01 02 17 10 289 10.9 13.8  1.46  5.26  4.30 321 1018.4   5.4  10.3  -3.2 99.0 99.00 
2025 01 02 17 20 295 10.8 13.5 99.00 99.00 99.00 999 1018.1   5.5  10.2  -2.6 99.0 99.00 
2025 01 02 17 30 286 10.8 13.1 99.00 99.00 99.00 999 1018.1   5.6  10.2  -2.4 99.0 99.00 
2025 01 02 17 40 281 10.6 13.9  1.52  5.00  4.30 326 1017.8   5.5  10.2  -3.0 99.0 99.00 
2025 01 02 17 50 291 11.2 14.2 99.00 99.00 99.00 999 1017.8   5.6  10.2  -2.4 99.0 99.00 
2025 01 02 18 00 293 11.0 13.3 99.00 99.00 99.00 999 1017.6   5.6  10.2  -2.9 99.0 99.00 
2025 01 02 18 10 293 11.0 13.9  1.35  5.26  4.29 327 1017.2   5.6  10.2  -2.5 99.0 99.00 
2025 01 02 18 20 292 11.1 13.8 99.00 99.00 99.00 999 1017.5   5.6  10.2  -2.5 99.0 99.00 
2025 01 02 18 30 292 10.9 14.2 99.00 99.00 99.00 999 1017.5   5.6  10.2  -1.9 99.0 99.00 
2025 01 02 18 40 291 10.9 13.4  1.43  5.26  4.21 332 1017.8   5.6  10.2  -1.7 99.0 99.00 
2025 01 02 18 50 282 10.5 13.3 99.00 99.00 99.00 999 1017.8   5.5  10.2  -1.6 99.0 99.00 
2025 01 02 19 00 281 10.6 14.1 99.00 99.00 99.00 999 1017.8   5.7  10.2  -1.3 99.0 99.00 
2025 01 02 19 10 280 10.9 13.9  1.38  5.26  4.29 331 1018.0   5.7  10.2  -1.5 99.0 99.00 
2025 01 02 19 20 282 10.9 13.2 99.00 99.00 99.00 999 1017.8   5.7  10.2  -1.3 99.0 99.00 
2025 01 02 19 30 283 11.0 13.4 99.00 99.00 99.00 999 1017.9   5.6  10.2  -2.1 99.0 99.00 
2025 01 02 19 40 290 10.5 14.3  1.43  5.26  4.33 326 1017.8   5.5  10.2  -2.0 99.0 99.00 
2025 01 02 19 50 288 11.1 13.8 99.00 99.00 99.00 999 1017.9   5.6  10.2  -1.6 99.0 99.00 
2025 01 02 20 00 286 10.7 13.6 99.00 99.00 99.00 999 1018.1   5.5  10.2  -1.9 99.0 99.00 
2025 01 02 20 10 287 10.8 13.8  1.55  5.88  4.46 340 1018.4   5.5  10.2  -1.4 99.0 99.00 
2025 01 02 20 20 285 10.8 13.9 99.00 99.00 99.00 999 1018.0   5.4  10.1  -1.9 99.0 99.00 
2025 01 02 20 30 283 10.8 13.6 99.00 99.00 99.00 999 1018.2   5.4  10.1  -1.8 99.0 99.00 
2025 01 02 20 40 284 11.0 13.7  1.49  5.56  4.41 328 1018.3   5.3  10.1  -1.7 99.0 99.00 
2025 01 02 20 50 283 10.7 14.1 99.00 99.00 99.00 999 1018.4   5.3  10.2  -2.2 99.0 99.00 
2025 01 02 21 00 276 10.6 13.3 99.00 99.00 99.00 999 1018.4   5.2  10.1  -2.3 99.0 99.00 
2025 01 02 21 10 277 11.0 14.4  1.51  5.56  4.42 336 1018.5   5.4  10.1  -1.5 99.0 99.00 
2025 01 02 21 20 278 11.1 14.6 99.00 99.00 99.00 999 1018.7   5.3  10.1  -1.9 99.0 99.00 
2025 01 02 21 30 286 10.6 13.7 99.00 99.00 99.00 999 1019.0   5.3  10.1  -2.0 99.0 99.00 
2025 01 02 21 40 283 10.6 13.6  1.32  5.26  4.16 327 1018.9   5.2  10.1  -2.0 99.0 99.00 
2025 01 02 21 50 287 11.0 13.7 99.00 99.00 99.00 999 1019.0   5.2  10.1  -2.2 99.0 99.00 
2025 01 02 22 00 293 10.8 14.1 99.00 99.00 99.00 999 1019.2   5.2  10.1  -2.1 99.0 99.00 
2025 01 02 22 10 296 11.4 14.4  1.54  5.26  4.42 321 1019.3   5.3  10.1  -1.6 99.0 99.00 
2025 01 02 22 20 294 10.9 14.2 99.00 99.00 99.00 999 1019.2   5.2  10.1  -1.7 99.0 99.00 
2025 01 02 22 30 291 11.2 14.8 99.00 99.00 99.00 999 1019.3   5.2  10.1  -2.0 99.0 99.00 
2025 01 02 22 40 298 11.8 13.9  1.54  5.56  4.53 330 1019.4   5.0  10.1  -2.5 99.0 99.00 
2025 01 02 22 50 291 11.6 14.6 99.00 99.00 99.00 999 1019.5   5.1  10.1  -1.9 99.0 99.00 
2025 01 02 23 00 293 11.8 14.9 99.00 99.00 99.00 999 1019.7   5.0  10.1  -2.2 99.0 99.00 
2025 01 02 23 10 293 11.5 14.9  1.58  5.56  4.61 330 1019.8   4.9  10.1  -1.9 99.0 99.00 
2025 01 02 23 20 297 11.5 14.4 99.00 99.00 99.00 999 1019.9   4.9  10.1  -2.0 99.0 99.00 
2025 01 02 23 30 294 11.3 14.7 99.00 99.00 99.00 999 1020.0   4.8  10.1  -2.0 99.0 99.00 
2025 01 02 23 40 294 10.9 13.6  1.44  5.88  4.59 338 1020.0   4.8  10.1  -2.1 99.0 99.00 
2025 01 02 23 50 285 10.7 13.1 99.00 99.00 99.00 999 1020.0   4.8  10.1  -1.8 99.0 99.00 
2025 01 03 00 00 287 10.2 12.3 99.00 99.00 99.00 999 1020.1   4.8  10.1  -1.8 99.0 99.00 
2025 01 03 00 10 284  9.8 12.6  1.34  5.56  4.54 331 1020.2   4.9  10.1  -1.2 99.0 99.00 
2025 01 03 00 20 289  9.8 13.4 99.00 99.00 99.00 999 1020.2   4.7  10.1  -1.8 99.0 99.00 
2025 01 03 00 30 285  8.9 11.6 99.00 99.00 99.00 999 1020.2   4.7  10.2  -1.6 99.0 99.00 
2025 01 03 00 40 288  9.2 12.2  1.29  5.88  4.53 340 1020.1   4.6  10.1  -1.8 99.0 99.00 
2025 01 03 00 50 285  8.7 12.0 99.00 99.00 99.00 999 1020.0   4.7  10.2  -1.3 99.0 99.00 
2025 01 03 01 00 287  8.9 12.1 99.00 99.00 99.00 999 1020.0   4.5  10.2  -1.8 99.0 99.00 
2025 01 03 01 10 292  8.9 11.5  1.13  5.26  4.35 335 1020.0   4.4  10.2  -2.0 99.0 99.00 
2025 01 03 01 20 286  8.9 11.2 99.00 99.00 99.00 999 1020.0   4.5  10.2  -1.5 99.0 99.00 
2025 01 03 01 30 294  9.2 12.5 99.00 99.00 99.00 999 1020.0   4.5  10.2  -1.7 99.0 99.00 
2025 01 03 01 40 286  9.1 11.6  1.05  5.26  4.08 334 1019.9   4.5  10.1  -1.4 99.0 99.00 
2025 01 03 01 50 291  9.4 11.7 99.00 99.00 99.00 999 1019.7   4.6  10.2  -1.2 99.0 99.00 
2025 01 03 02 00 296  9.5 12.1 99.00 99.00 99.00 999 1019.8   4.6  10.2  -1.1 99.0 99.00 
2025 01 03 02 10 291  9.9 12.6  1.04  5.00  4.15 338 1019.8   4.6  10.2  -1.2 99.0 99.00 
2025 01 03 02 20 289  9.5 12.3 99.00 99.00 99.00 999 1019.8   4.4  10.2  -1.6 99.0 99.00 
2025 01 03 02 30 290  9.1 12.0 99.00 99.00 99.00 999 1019.7   4.4  10.2  -1.4 99.0 99.00 
2025 01 03 02 40 290  9.6 11.5  1.09  5.26  4.13 343 1019.5   4.5  10.2  -1.1 99.0 99.00 
2025 01 03 02 50 296  9.7 12.2 99.00 99.00 99.00 999 1019.5   4.7  10.1  -0.5 99.0 99.00 
2025 01 03 03 00 293 10.1 12.5 99.00 99.00 99.00 999 1019.5   4.7  10.1  -0.8 99.0 99.00 
2025 01 03 03 10 295  9.6 13.2  1.03  5.00  4.05 337 1019.6   4.8  10.0  -0.6 99.0 99.00 
2025 01 03 03 20 296 10.0 12.7 99.00 99.00 99.00 999 1019.7   4.7  10.0  -1.0 99.0 99.00 
2025 01 03 03 30 293  9.3 11.6 99.00 99.00 99.00 999 1019.7   4.8  10.0  -0.6 99.0 99.00 
2025 01 03 03 40 291 10.0 12.7  1.04  5.00  3.99 343 1019.8   4.7  10.0  -1.1 99.0 99.00 
2025 01 03 03 50 293  9.6 12.2 99.00 99.00 99.00 999 1019.6   4.8  10.0  -0.8 99.0 99.00 
2025 01 03 04 00 289  9.5 12.1 99.00 99.00 99.00 999 1019.6   4.8  10.0  -0.9 99.0 99.00 
2025 01 03 04 10 287  9.2 11.3  0.97  4.76  3.92 335 1019.5   4.9   9.9  -0.9 99.0 99.00 
2025 01 03 04 20 285  9.0 10.6 99.00 99.00 99.00 999 1019.5   4.8   9.9  -1.3 99.0 99.00 
2025 01 03 04 30 279  8.8 11.0 99.00 99.00 99.00 999 1019.6   4.7   9.9  -1.4 99.0 99.00 
2025 01 03 04 40 278  8.3 10.3  1.00  5.26  3.98 344 1019.5   4.8   9.9  -1.2 99.0 99.00 
2025 01 03 04 50 280  8.7 10.7 99.00 99.00 99.00 999 1019.5   4.7   9.9  -1.3 99.0 99.00 
2025 01 03 05 00 278  8.5 11.1 99.00 99.00 99.00 999 1019.4   4.8   9.9  -1.1 99.0 99.00 
2025 01 03 05 10 287  8.6 10.7  0.90  5.00  3.78 336 1019.2   4.8   9.9  -1.0 99.0 99.00 
2025 01 03 05 20 289  9.4 11.8 99.00 99.00 99.00 999 1019.2   4.7   9.8  -1.0 99.0 99.00 
2025 01 03 05 30 294  9.1 11.0 99.00 99.00 99.00 999 1019.1   4.6   9.8  -1.1 99.0 99.00 
2025 01 03 05 40 296  8.2 10.8  0.88  4.35  3.59 329 1019.1   4.4   9.8  -1.1 99.0 99.00 
2025 01 03 05 50 296  8.3  9.8 99.00 99.00 99.00 999 1019.2   4.4   9.8  -1.2 99.0 99.00 
2025 01 03 06 00 293  8.5 10.3 99.00 99.00 99.00 999 1019.1   4.4   9.8  -1.3 99.0 99.00 
2025 01 03 06 10 296  8.8 10.8  0.81  4.55  3.54 341 1019.1   4.4   9.8  -1.4 99.0 99.00 
2025 01 03 06 20 298  9.1 11.3 99.00 99.00 99.00 999 1019.0   4.5   9.7  -0.9 99.0 99.00 
2025 01 03 06 30 295  9.0 11.1 99.00 99.00 99.00 999 1019.0   4.5   9.7  -0.9 99.0 99.00 
2025 01 03 06 40 294  9.4 11.8  0.85  4.35  3.50 331 1019.1   4.5   9.7  -1.1 99.0 99.00 
2025 01 03 06 50 296  9.4 11.4 99.00 99.00 99.00 999 1019.1   4.5   9.7  -1.0 99.0 99.00 
2025 01 03 07 00 297  9.8 12.3 99.00 99.00 99.00 999 1019.1   4.6   9.7  -0.5 99.0 99.00 
2025 01 03 07 10 296 10.5 13.1  0.91  4.35  3.46 338 1019.1   4.5   9.7  -1.0 99.0 99.00 
2025 01 03 07 20 295 10.6 12.9 99.00 99.00 99.00 999 1019.2   4.5   9.7  -0.8 99.0 99.00 
2025 01 03 07 30 290 10.8 13.1 99.00 99.00 99.00 999 1019.2   4.5   9.7  -0.9 99.0 99.00 
2025 01 03 07 40 290 10.8 13.3  1.01  4.35  3.65 339 1019.2   4.4   9.7  -1.1 99.0 99.00 
2025 01 03 07 50 294 10.6 13.2 99.00 99.00 99.00 999 1019.2   4.4   9.7  -1.0 99.0 99.00 
2025 01 03 08 00 297 11.0 13.4 99.00 99.00 99.00 999 1019.3   4.2   9.7  -1.1 99.0 99.00 
2025 01 03 08 10 293 11.0 13.9  1.08  4.35  3.67 328 1019.3   4.1   9.7  -1.1 99.0 99.00 
2025 01 03 08 20 292 11.4 14.4 99.00 99.00 99.00 999 1019.2   4.0   9.7  -1.7 99.0 99.00 
2025 01 03 08 30 296 10.7 14.2 99.00 99.00 99.00 999 1019.3   3.8   9.7  -1.7 99.0 99.00 
2025 01 03 08 40 296 10.6 12.9  1.04  4.55  3.70 333 1019.1   3.7   9.6  -2.0 99.0 99.00 
2025 01 03 08 50 298 10.3 12.7 99.00 99.00 99.00 999 1019.2   3.6   9.6  -2.0 99.0 99.00 
2025 01 03 09 00 299 10.2 12.9 99.00 99.00 99.00 999 1019.1   3.5   9.6  -2.0 99.0 99.00 
2025 01 03 09 10 300 10.4 13.2  1.05  4.55  3.84 326 1019.2   3.5   9.6  -2.1 99.0 99.00 
2025 01 03 09 20 296  9.9 12.5 99.00 99.00 99.00 999 1019.2   3.4   9.6  -2.0 99.0 99.00 
2025 01 03 09 30 288  9.7 12.3 99.00 99.00 99.00 999 1019.3   3.3   9.6  -2.0 99.0 99.00 
2025 01 03 09 40 293  9.1 12.4  1.21  5.00  4.04 342 1019.4   3.2   9.6  -2.2 99.0 99.00 
2025 01 03 09 50 291  9.8 11.9 99.00 99.00 99.00 999 1019.4   3.0   9.6  -2.7 99.0 99.00 
2025 01 03 10 00 289  9.0 12.4 99.00 99.00 99.00 999 1019.5   3.0   9.6  -2.5 99.0 99.00 
2025 01 03 10 10 302  9.2 12.0  1.15  4.55  4.05 338 1019.4   2.8   9.6  -2.8 99.0 99.00 
2025 01 03 10 20 297  9.2 12.2 99.00 99.00 99.00 999 1019.4   2.8   9.6  -2.5 99.0 99.00 
2025 01 03 10 30 290  8.8 10.6 99.00 99.00 99.00 999 1019.3   2.8   9.6  -2.4 99.0 99.00 
2025 01 03 10 40 302  8.8 11.6  1.08  4.55  4.06 334 1019.3   2.7   9.6  -2.4 99.0 99.00 
2025 01 03 10 50 298  8.5 11.5 99.00 99.00 99.00 999 1019.2   2.6   9.6  -2.5 99.0 99.00 
2025 01 03 11 00 302  9.0 11.5 99.00 99.00 99.00 999 1019.2   2.5   9.6  -2.8 99.0 99.00 
2025 01 03 11 10 305  8.6 10.8  1.10  5.00  4.21 339 1019.2   2.5   9.6  -2.7 99.0 99.00 
2025 01 03 11 20 307  8.6 11.9 99.00 99.00 99.00 999 1019.2   2.5   9.6  -2.7 99.0 99.00 
2025 01 03 11 30 306  8.5 11.1 99.00 99.00 99.00 999 1019.2   2.4   9.6  -2.9 99.0 99.00 
2025 01 03 11 40 304  8.2 10.1  0.98  4.76  4.11 337 1019.2   2.4   9.6  -2.7 99.0 99.00 
2025 01 03 11 50 301  8.6 11.7 99.00 99.00 99.00 999 1019.2   2.4   9.5  -2.8 99.0 99.00 
2025 01 03 12 00 296  8.5 10.7 99.00 99.00 99.00 999 1019.2   2.4   9.5  -2.6 99.0 99.00 
2025 01 03 12 10 298  9.2 11.5  1.01  5.56  4.20 347 1019.2   2.4   9.5  -2.9 99.0 99.00 
2025 01 03 12 20 296  8.8 11.1 99.00 99.00 99.00 999 1019.0   2.4   9.5  -2.8 99.0 99.00 
2025 01 03 12 30 303  8.9 11.5 99.00 99.00 99.00 999 1019.1   2.2   9.5  -3.4 99.0 99.00 
2025 01 03 12 40 301  8.5 12.0  1.04  5.00  4.22 333 1018.9   2.3   9.5  -3.0 99.0 99.00 
2025 01 03 12 50 297  8.5 11.3 99.00 99.00 99.00 999 1019.1   2.3   9.5  -3.1 99.0 99.00 
2025 01 03 13 00 300  8.6 11.5 99.00 99.00 99.00 999 1019.0   2.2   9.7  -3.2 99.0 99.00 
2025 01 03 13 10 293  8.5 11.0  0.98  5.00  4.20 339 1019.1   2.3   9.8  -3.0 99.0 99.00 
2025 01 03 13 20 295  8.2 11.1 99.00 99.00 99.00 999 1019.1   2.3   9.8  -3.1 99.0 99.00 
2025 01 03 13 30 293  7.5 10.2 99.00 99.00 99.00 999 1018.9   2.4   9.6  -2.8 99.0 99.00 
2025 01 03 13 40 282  7.2  9.2  0.95  5.00  4.15 331 1018.9   2.3   9.4  -3.1 99.0 99.00 
2025 01 03 13 50 284  6.9  9.4 99.00 99.00 99.00 999 1018.8   2.3   9.4  -3.0 99.0 99.00 
2025 01 03 14 00 279  7.0  8.6 99.00 99.00 99.00 999 1018.8   2.3   9.3  -3.2 99.0 99.00 
2025 01 03 14 10 279  6.8  8.6  0.88  5.00  4.00 340 1018.8   2.4   9.3  -3.0 99.0 99.00 
2025 01 03 14 20 285  6.6  8.5 99.00 99.00 99.00 999 1018.8   2.4   9.3  -3.0 99.0 99.00 
2025 01 03 14 30 277  6.7  9.0 99.00 99.00 99.00 999 1018.7   2.4   9.3  -3.1 99.0 99.00 
2025 01 03 14 40 273  5.5  7.7  0.85  4.76  4.01 333 1018.5   2.4   9.3  -3.0 99.0 99.00 
2025 01 03 14 50 278  4.8  6.6 99.00 99.00 99.00 999 1018.4   2.4   9.3  -2.9 99.0 99.00 
2025 01 03 15 00 271  4.6  6.5 99.00 99.00 99.00 999 1018.1   2.4   9.3  -3.0 99.0 99.00 
2025 01 03 15 10 267  4.8  7.0  0.80  4.55  3.98 345 1018.0   2.5   9.3  -3.0 99.0 99.00 
2025 01 03 15 20 267  4.6  6.0 99.00 99.00 99.00 999 1017.7   2.7   9.3  -2.6 99.0 99.00 
2025 01 03 15 30 262  4.9  6.7 99.00 99.00 99.00 999 1017.4   2.8   9.4  -2.7 99.0 99.00 
2025 01 03 15 40 259  5.1  6.5  0.70 14.81  3.94 117 1017.1   2.9   9.4  -2.6 99.0 99.00 
2025 01 03 15 50 252  5.0  6.5 99.00 99.00 99.00 999 1016.9   3.0   9.4  -2.5 99.0 99.00 
2025 01 03 16 00 246  4.9  6.2 99.00 99.00 99.00 999 1016.7   3.2   9.4  -2.1 99.0 99.00 
2025 01 03 16 10 237  5.4  7.4  0.63  5.00  3.78 344 1016.3   3.2   9.4  -2.4 99.0 99.00 
2025 01 03 16 20 233  5.5  7.0 99.00 99.00 99.00 999 1015.9   3.2   9.4  -2.4 99.0 99.00 
2025 01 03 16 30 226  5.3  6.9 99.00 99.00 99.00 999 1015.5   3.4   9.4  -2.0 99.0 99.00 
2025 01 03 16 40 226  5.3  7.0  0.59 14.81  3.51 203 1014.9   3.6   9.4  -1.8 99.0 99.00 
2025 01 03 16 50 225  5.0  6.9 99.00 99.00 99.00 999 1014.4   3.6   9.4  -1.6 99.0 99.00 
2025 01 03 17 00 223  5.4  6.8 99.00 99.00 99.00 999 1014.0   3.7   9.4  -1.4 99.0 99.00 
2025 01 03 17 10 224  5.5  7.0  0.55  3.70  3.29 325 1013.7   3.8   9.4  -1.1 99.0 99.00 
2025 01 03 17 20 217  5.9  7.6 99.00 99.00 99.00 999 1013.3   4.0   9.4  -0.9 99.0 99.00 
2025 01 03 17 30 217  6.0  7.4 99.00 99.00 99.00 999 1013.0   4.1   9.4  -0.8 99.0 99.00 
2025 01 03 17 40 215  6.0  7.6  0.53 14.81  3.25 168 1012.7   4.3   9.4  -0.3 99.0 99.00 
2025 01 03 17 50 212  6.6  8.1 99.00 99.00 99.00 999 1012.6   4.5   9.4  -0.2 99.0 99.00 
2025 01 03 18 00 218  7.1  9.0 99.00 99.00 99.00 999 1012.3   4.8   9.3   0.2 99.0 99.00 
2025 01 03 18 10 220  7.7  9.8  0.62 13.79  3.18 126 1012.1   4.9   9.3   0.1 99.0 99.00 
2025 01 03 18 20 217  7.7  9.8 99.00 99.00 99.00 999 1011.8   5.0   9.3   0.3 99.0 99.00 
2025 01 03 18 30 214  8.3 10.8 99.00 99.00 99.00 999 1011.5   5.1   9.3   0.4 99.0 99.00 
2025 01 03 18 40 211  8.8 11.1  0.66  3.23  3.15 218 1011.2   5.2   9.3   0.1 99.0 99.00 
2025 01 03 18 50 213  8.8 10.9 99.00 99.00 99.00 999 1011.2   5.4   9.3   0.5 99.0 99.00 
2025 01 03 19 00 217  8.7 10.6 99.00 99.00 99.00 999 1011.1   5.5   9.3   0.3 99.0 99.00 
2025 01 03 19 10 220  8.6 10.9  0.76  3.33  3.28 212 1011.1   5.6   9.3   0.3 99.0 99.00 
2025 01 03 19 20 221  8.2  9.8 99.00 99.00 99.00 999 1010.9   5.8   9.3   0.4 99.0 99.00 
2025 01 03 19 30 219  8.1 10.3 99.00 99.00 99.00 999 1010.8   6.0   9.3   0.5 99.0 99.00 
2025 01 03 19 40 220  8.8 10.6  0.88  3.70  3.37 208 1010.6   6.1   9.3   0.7 99.0 99.00 
2025 01 03 19 50 217  9.4 11.1 99.00 99.00 99.00 999 1010.5   6.1   9.3   0.6 99.0 99.00 
2025 01 03 20 00 214  9.4 11.2 99.00 99.00 99.00 999 1010.5   6.1   9.3   0.5 99.0 99.00 
2025 01 03 20 10 215  9.1 11.7  0.87  3.85  3.51 211 1010.4   6.2   9.3   0.6 99.0 99.00 
2025 01 03 20 20 212  9.3 11.5 99.00 99.00 99.00 999 1010.3   6.3   9.2   1.0 99.0 99.00 
2025 01 03 20 30 210  8.7 11.0 99.00 99.00 99.00 999 1010.1   6.3   9.2   1.1 99.0 99.00 
2025 01 03 20 40 217  8.7 11.3  0.96  4.00  3.60 210 1009.9   6.3   9.2   0.7 99.0 99.00 
2025 01 03 20 50 225  8.4 10.6 99.00 99.00 99.00 999 1009.8   6.4   9.2   0.8 99.0 99.00 
2025 01 03 21 00 230  8.0 10.5 99.00 99.00 99.00 999 1009.8   6.5   9.2   0.9 99.0 99.00 
2025 01 03 21 10 231  9.2 12.3  0.94  4.17  3.70 204 1009.9   6.5   9.1   0.8 99.0 99.00 
2025 01 03 21 20 241  8.7 11.6 99.00 99.00 99.00 999 1009.9   6.6   9.1   1.1 99.0 99.00 
2025 01 03 21 30 249  8.3 10.8 99.00 99.00 99.00 999 1009.8   6.5   9.1   1.1 99.0 99.00 
2025 01 03 21 40 252  9.6 11.8  0.94  4.35  3.68 200 1009.7   6.6   9.1   1.1 99.0 99.00 
2025 01 03 21 50 258  9.3 12.0 99.00 99.00 99.00 999 1009.8   6.5   9.1   1.0 99.0 99.00 
2025 01 03 22 00 248  7.7  9.9 99.00 99.00 99.00 999 1009.7   6.3   9.0   0.6 99.0 99.00 
2025 01 03 22 10 248  8.3 10.3  0.87  3.85  3.50 211 1009.7   6.6   9.0   1.4 99.0 99.00 
2025 01 03 22 20 255  8.6 10.8 99.00 99.00 99.00 999 1009.7   6.6   9.1   1.3 99.0 99.00 
2025 01 03 22 30 258  8.5 11.0 99.00 99.00 99.00 999 1009.7   6.7   9.1   1.3 99.0 99.00 
2025 01 03 22 40 256  8.2 10.2  0.96  4.00  3.65 205 1009.7   6.6   9.1   1.2 99.0 99.00 
2025 01 03 22 50 259  8.6 11.2 99.00 99.00 99.00 999 1009.7   6.6   9.1   1.1 99.0 99.00 
2025 01 03 23 00 251 11.6 16.3 99.00 99.00 99.00 999 1009.9   6.5   9.1   1.4 99.0 99.00 
2025 01 03 23 10 259  9.8 13.7  0.87  4.17  3.54 202 1009.9   5.8   9.1   1.9 99.0 99.00 
2025 01 03 23 20 261  7.6  9.5 99.00 99.00 99.00 999 1009.7   5.3   9.1   1.7 99.0 99.00 
2025 01 03 23 30 240  8.4 10.2 99.00 99.00 99.00 999 1009.3   5.6   9.1   2.1 99.0 99.00 
2025 01 03 23 40 238  7.4  9.7  0.96  4.35  3.77 199 1009.2   5.6   9.1   2.0 99.0 99.00 
2025 01 03 23 50 248  9.5 18.1 99.00 99.00 99.00 999 1009.4   5.6   9.1   2.1 99.0 99.00 
2025 01 04 00 00 291 14.4 19.6 99.00 99.00 99.00 999 1009.9   4.1   9.1   2.5 99.0 99.00 
2025 01 04 00 10 298 12.8 15.3  1.04  4.55  3.57 193 1009.8   3.3   9.1   2.2 99.0 99.00 
2025 01 04 00 20 285 13.1 15.5 99.00 99.00 99.00 999 1009.8   3.3   9.1   2.1 99.0 99.00 
2025 01 04 00 30 283 12.8 15.2 99.00 99.00 99.00 999 1009.9   3.2   9.1   1.9 99.0 99.00 
2025 01 04 00 40 284 12.6 15.7  1.32  4.00  3.85 269 1009.9   3.5   9.1   2.1 99.0 99.00 
2025 01 04 00 50 284 12.3 15.3 99.00 99.00 99.00 999 1009.9   3.5   9.1   2.1 99.0 99.00 
2025 01 04 01 00 284 12.7 15.3 99.00 99.00 99.00 999 1010.0   3.4   9.1   2.1 99.0 99.00 
2025 01 04 01 10 282 11.8 15.5  1.56  4.55  4.17 268 1010.0   3.3   9.1   2.3 99.0 99.00 
2025 01 04 01 20 291 11.9 14.6 99.00 99.00 99.00 999 1009.7   3.3   9.1   2.1 99.0 99.00 
2025 01 04 01 30 294 12.4 16.0 99.00 99.00 99.00 999 1009.7   3.4   9.1   2.2 99.0 99.00 
2025 01 04 01 40 301 13.1 16.7  1.54  4.55  4.29 277 1009.9   3.3   9.1   2.0 99.0 99.00 
2025 01 04 01 50 297 12.4 15.3 99.00 99.00 99.00 999 1009.7   3.3   9.1   2.1 99.0 99.00 
2025 01 04 02 00 302 12.3 17.2 99.00 99.00 99.00 999 1009.8   3.2   9.1   2.0 99.0 99.00 
2025 01 04 02 10 300 13.2 17.3  1.55  5.26  4.42 295 1009.8   3.0   9.1   1.7 99.0 99.00 
2025 01 04 02 20 298 13.1 17.5 99.00 99.00 99.00 999 1010.0   3.2   9.1   1.2 99.0 99.00 
2025 01 04 02 30 301 12.8 16.2 99.00 99.00 99.00 999 1010.2   3.3   9.1   1.0 99.0 99.00 
2025 01 04 02 40 292 12.7 16.7  1.51  5.00  4.39 299 1010.3   3.2   9.1   1.4 99.0 99.00 
2025 01 04 02 50 296 13.2 17.2 99.00 99.00 99.00 999 1010.4   3.2   9.1   1.2 99.0 99.00 
2025 01 04 03 00 299 12.8 16.5 99.00 99.00 99.00 999 1010.2   3.2   9.1   0.6 99.0 99.00 
2025 01 04 03 10 297 12.7 15.7  1.74  4.76  4.49 301 1010.3   3.2   9.1   0.7 99.0 99.00 
2025 01 04 03 20 296 12.5 16.0 99.00 99.00 99.00 999 1010.1   3.1   9.1   0.3 99.0 99.00 
2025 01 04 03 30 294 13.3 16.8 99.00 99.00 99.00 999 1010.3   3.1   9.1   0.0 99.0 99.00 
2025 01 04 03 40 296 12.7 17.4  1.93  5.88  4.77 327 1010.5   3.0   9.2  -0.2 99.0 99.00 
2025 01 04 03 50 289 12.2 17.0 99.00 99.00 99.00 999 1010.4   2.9   9.2   0.2 99.0 99.00 
2025 01 04 04 00 283 12.8 16.2 99.00 99.00 99.00 999 1010.4   2.7   9.2   0.2 99.0 99.00 
2025 01 04 04 10 287 12.9 16.2  1.71  5.88  4.57 334 1010.5   2.6   9.2  -0.3 99.0 99.00 
2025 01 04 04 20 293 13.0 17.9 99.00 99.00 99.00 999 1010.4   2.5   9.2  -0.8 99.0 99.00 
2025 01 04 04 30 292 13.2 17.5 99.00 99.00 99.00 999 1010.5   2.5   9.3  -0.6 99.0 99.00 
2025 01 04 04 40 293 13.4 17.8  1.82  5.56  4.59 324 1010.4   2.4   9.3  -0.8 99.0 99.00 
2025 01 04 04 50 302 13.7 17.4 99.00 99.00 99.00 999 1010.3   2.2   9.3  -1.3 99.0 99.00 
2025 01 04 05 00 295 13.4 18.2 99.00 99.00 99.00 999 1010.5   2.3   9.3  -1.0 99.0 99.00 
2025 01 04 05 10 294 13.1 16.5  1.85  5.88  4.64 330 1010.7   2.1   9.3  -1.3 99.0 99.00 
2025 01 04 05 20 296 13.2 17.2 99.00 99.00 99.00 999 1010.5   2.2   9.3  -1.1 99.0 99.00 
2025 01 04 05 30 296 13.4 16.5 99.00 99.00 99.00 999 1010.6   2.1   9.3  -1.4 99.0 99.00 
2025 01 04 05 40 296 13.9 18.4  2.00  5.88  4.76 333 1010.6   2.0   9.3  -1.6 99.0 99.00 
2025 01 04 05 50 296 13.9 17.2 99.00 99.00 99.00 999 1010.7   1.9   9.3  -1.8 99.0 99.00 
2025 01 04 06 00 295 14.5 17.7 99.00 99.00 99.00 999 1010.8   1.8   9.3  -1.9 99.0 99.00 
2025 01 04 06 10 300 13.6 17.7  1.99  6.25  4.62 330 1011.0   1.7   9.3  -2.0 99.0 99.00 
2025 01 04 06 20 296 13.4 17.7 99.00 99.00 99.00 999 1011.2   1.8   9.3  -1.7 99.0 99.00 
2025 01 04 06 30 299 13.6 16.9 99.00 99.00 99.00 999 1011.3   1.6   9.3  -2.0 99.0 99.00 
2025 01 04 06 40 299 14.4 17.8  1.96  6.25  4.70 328 1011.6   1.6   9.3  -2.3 99.0 99.00 
2025 01 04 06 50 304 13.4 16.8 99.00 99.00 99.00 999 1011.8   1.7   9.3  -2.0 99.0 99.00 
2025 01 04 07 00 301 13.6 18.5 99.00 99.00 99.00 999 1011.9   1.7   9.3  -2.1 99.0 99.00 
2025 01 04 07 10 300 14.0 17.6  2.14  5.88  4.81 329 1012.1   1.6   9.3  -2.4 99.0 99.00 
2025 01 04 07 20 300 14.1 17.5 99.00 99.00 99.00 999 1012.3   1.6   9.3  -2.5 99.0 99.00 
2025 01 04 07 30 304 14.3 18.9 99.00 99.00 99.00 999 1012.4   1.5   9.3  -2.9 99.0 99.00 
2025 01 04 07 40 302 14.5 18.6  2.01  5.88  4.61 336 1012.5   1.6   9.2  -2.8 99.0 99.00 
2025 01 04 07 50 302 13.5 17.2 99.00 99.00 99.00 999 1012.6   1.6   9.2  -2.6 99.0 99.00 
2025 01 04 08 00 300 14.0 17.8 99.00 99.00 99.00 999 1012.8   1.4   9.2  -3.0 99.0 99.00 
2025 01 04 08 10 302 14.0 18.1  2.03  5.88  4.79 325 1012.8   1.4   9.2  -3.0 99.0 99.00 
2025 01 04 08 20 297 13.4 17.5 99.00 99.00 99.00 999 1012.9   1.3   9.2  -3.0 99.0 99.00 
2025 01 04 08 30 299 13.4 17.2 99.00 99.00 99.00 999 1012.9   1.2   9.2  -3.0 99.0 99.00 
2025 01 04 08 40 302 13.7 18.0  2.10  6.25  4.74 332 1012.9   1.2   9.2  -2.9 99.0 99.00 
2025 01 04 08 50 302 14.1 18.7 99.00 99.00 99.00 999 1012.9   1.3   9.2  -2.8 99.0 99.00 
2025 01 04 09 00 295 14.0 17.3 99.00 99.00 99.00 999 1013.1   1.3   9.2  -2.6 99.0 99.00 
2025 01 04 09 10 299 13.8 18.5  1.91  5.88  4.68 333 1013.1   1.2   9.2  -2.6 99.0 99.00 
2025 01 04 09 20 295 14.0 19.6 99.00 99.00 99.00 999 1013.3   1.2   9.1  -2.7 99.0 99.00 
2025 01 04 09 30 297 14.0 18.9 99.00 99.00 99.00 999 1013.5   1.1   9.1  -2.9 99.0 99.00 
2025 01 04 09 40 295 13.7 18.2  1.94  5.56  4.69 329 1013.6   1.0   9.1  -3.2 99.0 99.00 
2025 01 04 09 50 295 13.1 16.6 99.00 99.00 99.00 999 1013.7   1.2   9.1  -2.4 99.0 99.00 
2025 01 04 10 00 292 13.1 17.7 99.00 99.00 99.00 999 1013.9   1.1   9.1  -2.9 99.0 99.00 
2025 01 04 10 10 292 13.2 17.5  1.78  5.56  4.51 331 1014.0   1.0   9.1  -2.9 99.0 99.00 
2025 01 04 10 20 297 13.0 17.2 99.00 99.00 99.00 999 1014.1   1.0   9.1  -2.9 99.0 99.00 
2025 01 04 10 30 297 13.5 17.9 99.00 99.00 99.00 999 1014.1   1.0   9.2  -3.1 99.0 99.00 
2025 01 04 10 40 297 13.6 18.5  1.87  5.56  4.68 328 1014.2   1.1   9.2  -3.0 99.0 99.00 
2025 01 04 10 50 294 13.5 17.6 99.00 99.00 99.00 999 1014.3   1.0   9.2  -3.1 99.0 99.00 
2025 01 04 11 00 298 13.5 18.3 99.00 99.00 99.00 999 1014.4   1.0   9.2  -3.2 99.0 99.00 
2025 01 04 11 10 295 13.4 16.7  1.62  5.56  4.44 328 1014.6   0.9   9.2  -3.4 99.0 99.00 
2025 01 04 11 20 294 12.8 16.5 99.00 99.00 99.00 999 1014.7   0.9   9.2  -3.2 99.0 99.00 
2025 01 04 11 30 288 12.8 16.4 99.00 99.00 99.00 999 1015.0   0.9   9.2  -3.1 99.0 99.00 
2025 01 04 11 40 291 12.9 16.6  1.72  5.26  4.46 334 1015.0   0.8   9.2  -3.2 99.0 99.00 
2025 01 04 11 50 292 13.0 16.5 99.00 99.00 99.00 999 1015.0   0.8   9.2  -3.1 99.0 99.00 
2025 01 04 12 00 291 13.1 16.5 99.00 99.00 99.00 999 1015.1   0.8   9.2  -3.2 99.0 99.00 
2025 01 04 12 10 290 13.3 17.8  1.74  5.00  4.51 330 1015.2   0.9   9.3  -3.1 99.0 99.00 
2025 01 04 12 20 294 13.3 17.4 99.00 99.00 99.00 999 1015.1   0.9   9.3  -3.2 99.0 99.00 
2025 01 04 12 30 293 13.6 19.1 99.00 99.00 99.00 999 1015.1   0.9   9.3  -3.3 99.0 99.00 
2025 01 04 12 40 293 13.2 17.0  1.68  5.26  4.42 332 1015.1   1.1   9.3  -2.8 99.0 99.00 
2025 01 04 12 50 288 13.4 17.1 99.00 99.00 99.00 999 1015.2   1.0   9.3  -2.9 99.0 99.00 
2025 01 04 13 00 285 13.7 17.4 99.00 99.00 99.00 999 1015.2   0.9   9.3  -3.1 99.0 99.00 
2025 01 04 13 10 289 13.7 18.0  1.83  5.56  4.59 333 1015.3   0.9   9.3  -3.2 99.0 99.00 
2025 01 04 13 20 289 13.5 17.4 99.00 99.00 99.00 999 1015.4   1.0   9.3  -3.1 99.0 99.00 
2025 01 04 13 30 291 14.0 18.6 99.00 99.00 99.00 999 1015.5   1.0   9.3  -3.1 99.0 99.00 
2025 01 04 13 40 290 14.3 18.1  1.81  5.56  4.63 321 1015.6   1.0   9.3  -3.3 99.0 99.00 
2025 01 04 13 50 292 13.4 17.3 99.00 99.00 99.00 999 1015.8   1.3   9.3  -2.8 99.0 99.00 
2025 01 04 14 00 291 14.2 18.0 99.00 99.00 99.00 999 1015.8   1.1   9.3  -3.5 99.0 99.00 
2025 01 04 14 10 291 14.7 19.4  1.93  5.56  4.81 326 1015.9   1.1   9.3  -3.6 99.0 99.00 
2025 01 04 14 20 291 13.8 18.6 99.00 99.00 99.00 999 1015.9   1.1   9.3  -3.6 99.0 99.00 
2025 01 04 14 30 291 14.4 20.3 99.00 99.00 99.00 999 1015.9   1.0   9.3  -4.0 99.0 99.00 
2025 01 04 14 40 288 13.5 18.6  1.98  5.56  4.73 315 1015.9   1.2   9.3  -3.4 99.0 99.00 
2025 01 04 14 50 289 13.7 17.3 99.00 99.00 99.00 999 1015.9   1.2   9.3  -3.3 99.0 99.00 
2025 01 04 15 00 292 14.2 19.0 99.00 99.00 99.00 999 1015.9   1.1   9.3  -3.8 99.0 99.00 
2025 01 04 15 10 288 14.4 18.5  1.89  5.56  4.78 325 1015.9   1.1   9.3  -3.9 99.0 99.00 
2025 01 04 15 20 293 14.2 18.1 99.00 99.00 99.00 999 1015.9   0.9   9.3  -4.2 99.0 99.00 
2025 01 04 15 30 291 14.3 18.6 99.00 99.00 99.00 999 1015.8   1.1   9.3  -3.8 99.0 99.00 
2025 01 04 15 40 292 13.8 18.3  2.01  5.56  4.84 319 1015.8   1.1   9.3  -4.0 99.0 99.00 
2025 01 04 15 50 294 13.7 18.1 99.00 99.00 99.00 999 1015.8   1.0   9.3  -4.3 99.0 99.00 
2025 01 04 16 00 292 12.7 15.9 99.00 99.00 99.00 999 1015.8   1.1   9.3  -4.0 99.0 99.00 
2025 01 04 16 10 291 12.2 16.5  1.95  5.88  4.75 339 1015.7   1.3   9.3  -3.6 99.0 99.00 
2025 01 04 16 20 292 12.5 17.0 99.00 99.00 99.00 999 1015.4   1.2   9.3  -4.2 99.0 99.00 
2025 01 04 16 30 291 12.3 15.6 99.00 99.00 99.00 999 1015.3   1.2   9.3  -4.0 99.0 99.00 
2025 01 04 16 40 298 12.7 17.9  1.98  5.88  4.76 330 1015.2   1.2   9.3  -4.3 99.0 99.00 
2025 01 04 16 50 294 12.8 16.2 99.00 99.00 99.00 999 1015.3   1.2   9.3  -4.3 99.0 99.00 
2025 01 04 17 00 296 12.9 16.5 99.00 99.00 99.00 999 1015.1   1.3   9.3  -4.1 99.0 99.00 
2025 01 04 17 10 295 12.6 16.8  1.91  5.88  4.68 330 1015.1   1.3   9.3  -4.2 99.0 99.00 
2025 01 04 17 20 297 12.9 17.2 99.00 99.00 99.00 999 1015.1   1.4   9.3  -4.2 99.0 99.00 
2025 01 04 17 30 296 12.3 15.8 99.00 99.00 99.00 999 1015.0   1.5   9.3  -4.1 99.0 99.00 
2025 01 04 17 40 295 12.9 17.3  1.86  5.56  4.58 323 1014.9   1.4   9.3  -4.5 99.0 99.00 
2025 01 04 17 50 293 12.6 15.6 99.00 99.00 99.00 999 1015.0   1.4   9.3  -4.1 99.0 99.00 
2025 01 04 18 00 287 13.3 17.7 99.00 99.00 99.00 999 1015.0   1.4   9.3  -4.3 99.0 99.00 
2025 01 04 18 10 287 13.2 17.2  1.73  5.88  4.54 330 1015.1   1.3   9.3  -4.7 99.0 99.00 
2025 01 04 18 20 290 13.1 17.4 99.00 99.00 99.00 999 1015.0   1.3   9.3  -4.5 99.0 99.00 
2025 01 04 18 30 284 13.0 18.3 99.00 99.00 99.00 999 1015.1   1.2   9.2  -4.8 99.0 99.00 
2025 01 04 18 40 288 13.0 16.9  1.69  5.56  4.50 327 1015.1   1.1   9.2  -4.7 99.0 99.00 
2025 01 04 18 50 287 12.9 16.8 99.00 99.00 99.00 999 1015.3   1.2   9.2  -4.3 99.0 99.00 
2025 01 04 19 00 288 12.8 19.0 99.00 99.00 99.00 999 1015.5   1.1   9.2  -4.8 99.0 99.00 
2025 01 04 19 10 290 13.0 17.8  1.77  5.88  4.53 326 1015.5   0.9   9.2  -5.7 99.0 99.00 
2025 01 04 19 20 281 13.3 17.3 99.00 99.00 99.00 999 1015.8   1.0   9.2  -5.4 99.0 99.00 
2025 01 04 19 30 294 12.1 16.5 99.00 99.00 99.00 999 1015.7   1.1   9.2  -5.1 99.0 99.00 
2025 01 04 19 40 294 13.1 17.4  1.73  5.88  4.50 328 1015.9   1.0   9.2  -5.4 99.0 99.00 
2025 01 04 19 50 292 13.5 18.4 99.00 99.00 99.00 999 1016.0   0.9   9.2  -5.9 99.0 99.00 
2025 01 04 20 00 292 12.9 16.7 99.00 99.00 99.00 999 1016.3   0.9   9.2  -5.9 99.0 99.00 
2025 01 04 20 10 293 12.9 16.2  1.80  5.26  4.53 328 1016.3   0.9   9.2  -6.1 99.0 99.00 
2025 01 04 20 20 289 12.6 16.0 99.00 99.00 99.00 999 1016.3   1.0   9.2  -5.8 99.0 99.00 
2025 01 04 20 30 289 12.6 15.9 99.00 99.00 99.00 999 1016.6   1.0   9.2  -5.8 99.0 99.00 
2025 01 04 20 40 285 11.8 18.0  1.74  5.56  4.58 324 1016.4   1.0   9.2  -5.9 99.0 99.00 
2025 01 04 20 50 283 12.9 17.3 99.00 99.00 99.00 999 1016.7   1.2   9.2  -5.2 99.0 99.00 
2025 01 04 21 00 282 13.2 18.4 99.00 99.00 99.00 999 1016.7   0.9   9.2  -5.8 99.0 99.00 
2025 01 04 21 10 282 12.8 16.7  1.75  5.26  4.47 324 1016.9   1.0   9.1  -5.5 99.0 99.00 
2025 01 04 21 20 296 13.1 17.6 99.00 99.00 99.00 999 1017.1   0.9   9.1  -6.2 99.0 99.00 
2025 01 04 21 30 300 12.6 17.5 99.00 99.00 99.00 999 1017.1   1.0   9.0  -6.1 99.0 99.00 
2025 01 04 21 40 299 12.8 16.0  1.62  5.88  4.42 319 1017.2   0.9   9.0  -6.2 99.0 99.00 
2025 01 04 21 50 291 12.9 16.4 99.00 99.00 99.00 999 1017.1   1.0   8.9  -6.1 99.0 99.00 
2025 01 04 22 00 297 13.7 17.3 99.00 99.00 99.00 999 1017.5   1.0   8.9  -6.0 99.0 99.00 
2025 01 04 22 10 290 12.9 16.9  1.78  5.56  4.59 322 1017.5   0.9   8.9  -6.2 99.0 99.00 
2025 01 04 22 20 294 12.1 17.3 99.00 99.00 99.00 999 1017.8   0.9   9.0  -6.1 99.0 99.00 
2025 01 04 22 30 295 12.3 17.0 99.00 99.00 99.00 999 1018.0   1.0   9.0  -5.8 99.0 99.00 
2025 01 04 22 40 290 11.5 14.4  1.83  5.56  4.62 327 1018.1   1.1   9.0  -5.2 99.0 99.00 
2025 01 04 22 50 289 11.4 15.1 99.00 99.00 99.00 999 1018.2   1.1   9.0  -5.7 99.0 99.00 
2025 01 04 23 00 297 11.4 14.8 99.00 99.00 99.00 999 1018.2   0.9   9.0  -6.0 99.0 99.00 
2025 01 04 23 10 285 12.1 16.8  1.68  5.88  4.57 330 1018.3   1.0   9.0  -5.7 99.0 99.00 
2025 01 04 23 20 292 12.1 17.3 99.00 99.00 99.00 999 1018.3   0.9   9.0  -5.9 99.0 99.00 
2025 01 04 23 30 288 12.7 17.5 99.00 99.00 99.00 999 1018.4   0.9   9.0  -5.7 99.0 99.00 
2025 01 04 23 40 290 13.1 16.4  1.65  5.26  4.48 319 1018.6   0.8   9.0  -6.3 99.0 99.00 
2025 01 04 23 50 289 12.2 16.3 99.00 99.00 99.00 999 1018.7   0.7   9.0  -6.4 99.0 99.00 
2025 01 05 00 00 289 12.3 15.8 99.00 99.00 99.00 999 1018.7   0.6   9.0  -6.6 99.0 99.00 
2025 01 05 00 10 285 13.2 17.4  1.63  5.26  4.49 329 1018.7   0.7   9.0  -6.1 99.0 99.00 
2025 01 05 00 20 293 12.8 16.8 99.00 99.00 99.00 999 1018.8   0.6   8.9  -6.2 99.0 99.00 
2025 01 05 00 30 289 12.1 15.8 99.00 99.00 99.00 999 1018.9   0.6   8.9  -5.8 99.0 99.00 
2025 01 05 00 40 291 12.1 16.2  1.66  5.26  4.47 321 1018.9   0.5   8.9  -6.3 99.0 99.00 
2025 01 05 00 50 296 12.4 16.3 99.00 99.00 99.00 999 1019.0   0.4   8.9  -6.4 99.0 99.00 
2025 01 05 01 00 296 12.3 15.5 99.00 99.00 99.00 999 1019.0   0.3   8.9  -6.4 99.0 99.00 
2025 01 05 01 10 297 11.6 15.5  1.55  5.26  4.41 328 1019.0   0.3 999.0  -6.1 99.0 99.00 
2025 01 05 01 20 298 11.4 14.9 99.00 99.00 99.00 999 1018.9   0.4   8.9  -5.9 99.0 99.00 
2025 01 05 01 30 286 11.6 14.5 99.00 99.00 99.00 999 1018.8   0.3   8.9  -5.9 99.0 99.00 
2025 01 05 01 40 289 11.9 15.6  1.62  5.56  4.71 328 1018.9   0.2   8.9  -6.4 99.0 99.00 
2025 01 05 01 50 297 11.4 14.9 99.00 99.00 99.00 999 1019.0   0.1   8.9  -6.4 99.0 99.00 
2025 01 05 02 00 293 11.5 14.7 99.00 99.00 99.00 999 1019.1   0.2   8.9  -6.2 99.0 99.00 
2025 01 05 02 10 297 11.3 15.9  1.51  5.88  4.63 326 1019.0   0.3   8.9  -5.9 99.0 99.00 
2025 01 05 02 20 294 11.2 14.4 99.00 99.00 99.00 999 1019.1   0.2   8.9  -6.1 99.0 99.00 
2025 01 05 02 30 283 11.3 14.9 99.00 99.00 99.00 999 1019.2   0.1   8.9  -6.0 99.0 99.00 
2025 01 05 02 40 288 11.5 15.2  1.53  5.00  4.65 328 1019.3   0.0   8.9  -6.5 99.0 99.00 
2025 01 05 02 50 295 10.9 14.0 99.00 99.00 99.00 999 1019.4   0.1   8.9  -5.8 99.0 99.00 
2025 01 05 03 00 296 11.4 15.5 99.00 99.00 99.00 999 1019.4   0.1   9.0  -5.9 99.0 99.00 
2025 01 05 03 10 296 11.6 14.6  1.40  5.56  4.49 332 1019.6   0.0   9.0  -6.1 99.0 99.00 
2025 01 05 03 20 297 11.0 13.9 99.00 99.00 99.00 999 1019.6   0.1   9.0  -5.6 99.0 99.00 
2025 01 05 03 30 295 11.7 16.8 99.00 99.00 99.00 999 1019.6  -0.1   9.0  -6.4 99.0 99.00 
2025 01 05 03 40 291 11.4 14.9  1.45  5.56  4.49 335 1019.6  -0.1   9.0  -5.9 99.0 99.00 
2025 01 05 03 50 291 11.6 15.1 99.00 99.00 99.00 999 1019.7  -0.2   9.0  -6.3 99.0 99.00 
2025 01 05 04 00 295 11.9 15.5 99.00 99.00 99.00 999 1019.7  -0.2   9.0  -6.3 99.0 99.00 
2025 01 05 04 10 295 11.7 16.0  1.43 14.81  4.49  78 1019.7  -0.4   9.0  -6.7 99.0 99.00 
2025 01 05 04 20 296 11.4 14.8 99.00 99.00 99.00 999 1019.7  -0.3   9.0  -6.3 99.0 99.00 
2025 01 05 04 30 291 10.9 14.9 99.00 99.00 99.00 999 1019.8  -0.5   9.0  -6.7 99.0 99.00 
2025 01 05 04 40 298 11.2 15.2  1.51  5.26  4.56 335 1019.8  -0.5   9.0  -6.7 99.0 99.00 
2025 01 05 04 50 301 11.0 15.2 99.00 99.00 99.00 999 1019.6  -0.5   8.9  -6.5 99.0 99.00 
2025 01 05 05 00 297 11.5 15.9 99.00 99.00 99.00 999 1019.3  -0.4   8.9  -6.0 99.0 99.00 
2025 01 05 05 10 298 11.3 15.2  1.44  5.00  4.47 327 1019.5  -0.5   8.9  -6.1 99.0 99.00 
2025 01 05 05 20 292 10.3 13.9 99.00 99.00 99.00 999 1019.4  -0.6   8.9  -6.1 99.0 99.00 
2025 01 05 05 30 293 11.2 15.9 99.00 99.00 99.00 999 1019.2  -0.6   8.9  -6.0 99.0 99.00 
2025 01 05 05 40 298 11.4 15.6  1.44  5.26  4.33 331 1019.1  -0.6   8.9  -6.0 99.0 99.00 
2025 01 05 05 50 295 12.0 15.9 99.00 99.00 99.00 999 1019.3  -0.7   8.9  -6.2 99.0 99.00 
2025 01 05 06 00 297 11.1 15.5 99.00 99.00 99.00 999 1019.1  -0.7   8.9  -6.2 99.0 99.00 
2025 01 05 06 10 294 11.1 15.2  1.47 14.81  4.54 116 1019.3  -0.8   8.9  -6.2 99.0 99.00 
2025 01 05 06 20 294 11.5 15.7 99.00 99.00 99.00 999 1019.3  -0.9   8.9  -6.1 99.0 99.00 
2025 01 05 06 30 299 11.6 15.4 99.00 99.00 99.00 999 1019.4  -0.9 999.0  -6.2 99.0 99.00 
2025 01 05 06 40 298 12.0 16.0  1.55  5.26  4.46 340 1019.6  -0.9   8.8  -6.3 99.0 99.00 
2025 01 05 06 50 299 11.6 15.1 99.00 99.00 99.00 999 1019.7  -1.0   8.8  -6.0 99.0 99.00 
2025 01 05 07 00 308 12.5 17.1 99.00 99.00 99.00 999 1019.8  -1.0   8.8  -6.2 99.0 99.00 
2025 01 05 07 10 298 12.5 15.6  1.66  5.56  4.54 339 1019.9  -1.1   8.8  -6.3 99.0 99.00 
2025 01 05 07 20 294 12.3 16.3 99.00 99.00 99.00 999 1020.1  -1.0   8.8  -6.0 99.0 99.00 
2025 01 05 07 30 305 12.0 16.5 99.00 99.00 99.00 999 1020.2  -1.1   8.8  -6.2 99.0 99.00 
2025 01 05 07 40 303 12.4 15.7  1.79  5.26  4.66 333 1020.2  -1.2   8.8  -6.5 99.0 99.00 
2025 01 05 07 50 307 11.3 15.1 99.00 99.00 99.00 999 1020.6  -1.3   8.8  -6.6 99.0 99.00 
2025 01 05 08 00 303 11.1 15.8 99.00 99.00 99.00 999 1020.6  -1.4   8.8  -7.0 99.0 99.00 
2025 01 05 08 10 300 11.3 14.5  1.80  5.56  4.57 332 1020.8  -1.2   8.8  -6.3 99.0 99.00 
2025 01 05 08 20 300 11.4 15.3 99.00 99.00 99.00 999 1020.9  -1.1   8.9  -6.2 99.0 99.00 
2025 01 05 08 30 293 11.1 14.0 99.00 99.00 99.00 999 1021.0  -1.2   8.9  -6.4 99.0 99.00 
2025 01 05 08 40 284 10.8 14.7  1.68  5.88  4.67 333 1021.0  -1.2   8.9  -6.2 99.0 99.00 
2025 01 05 08 50 288 10.7 14.3 99.00 99.00 99.00 999 1020.9  -1.3   8.9  -6.2 99.0 99.00 
2025 01 05 09 00 283 10.9 14.2 99.00 99.00 99.00 999 1020.7  -1.3   8.9  -6.2 99.0 99.00 
2025 01 05 09 10 286 11.1 15.3  1.62  5.26  4.54 328 1020.6  -1.3   8.9  -6.1 99.0 99.00 
2025 01 05 09 20 285 10.8 14.4 99.00 99.00 99.00 999 1020.5  -1.2   8.9  -6.0 99.0 99.00 
2025 01 05 09 30 284 10.7 14.8 99.00 99.00 99.00 999 1020.5  -1.3   8.9  -6.1 99.0 99.00 
2025 01 05 09 40 289 11.5 13.7  1.46  5.56  4.35 332 1020.4  -1.2   8.9  -5.7 99.0 99.00 
2025 01 05 09 50 290 11.4 16.3 99.00 99.00 99.00 999 1020.4  -1.2   8.9  -5.9 99.0 99.00 
2025 01 05 10 00 292 11.2 14.8 99.00 99.00 99.00 999 1020.4  -0.9   8.9  -5.4 99.0 99.00 
2025 01 05 10 10 290 11.8 16.0  1.58  4.76  4.42 329 1020.4  -0.9   8.9  -5.5 99.0 99.00 
2025 01 05 10 20 289 11.2 14.4 99.00 99.00 99.00 999 1020.5  -0.9   8.9  -5.2 99.0 99.00 
2025 01 05 10 30 286 10.9 14.3 99.00 99.00 99.00 999 1020.7  -1.2   8.9  -5.7 99.0 99.00 
2025 01 05 10 40 281 10.7 13.4  1.56 14.81  4.36 100 1020.9  -1.2   8.9  -5.6 99.0 99.00 
2025 01 05 10 50 279 10.9 14.0 99.00 99.00 99.00 999 1021.1  -1.4   8.9  -6.0 99.0 99.00 
2025 01 05 11 00 275 11.1 14.9 99.00 99.00 99.00 999 1021.2  -1.3   8.9  -5.8 99.0 99.00 
2025 01 05 11 10 276 11.5 14.5  1.62  5.26  4.46 322 1021.3  -1.2   8.9  -5.5 99.0 99.00 
2025 01 05 11 20 277 11.7 14.4 99.00 99.00 99.00 999 1021.3  -1.2   8.9  -5.6 99.0 99.00 
2025 01 05 11 30 274 11.8 14.3 99.00 99.00 99.00 999 1021.4  -1.2   8.9  -5.5 99.0 99.00 
2025 01 05 11 40 273 12.1 15.7  1.66  4.76  4.56 293 1021.5  -1.2   8.9  -5.6 99.0 99.00 
2025 01 05 11 50 276 12.5 15.4 99.00 99.00 99.00 999 1021.6  -1.2   8.9  -5.5 99.0 99.00 
2025 01 05 12 00 278 12.5 15.5 99.00 99.00 99.00 999 1021.6  -1.0   8.8  -5.2 99.0 99.00 
2025 01 05 12 10 274 12.9 15.8  1.61  5.00  4.42 313 1021.7  -1.0   8.8  -5.3 99.0 99.00 
2025 01 05 12 20 280 13.1 17.0 99.00 99.00 99.00 999 1021.7  -1.0   8.8  -5.5 99.0 99.00 
2025 01 05 12 30 282 12.9 16.0 99.00 99.00 99.00 999 1021.7  -0.9   8.8  -5.3 99.0 99.00 
2025 01 05 12 40 285 13.4 17.3  1.88  5.26  4.67 297 1021.7  -0.9   8.7  -5.6 99.0 99.00 
2025 01 05 12 50 287 13.1 16.9 99.00 99.00 99.00 999 1021.7  -0.6   8.7  -5.1 99.0 99.00 
2025 01 05 13 00 287 14.0 16.7 99.00 99.00 99.00 999 1021.7  -0.6   8.7  -5.7 99.0 99.00 
2025 01 05 13 10 296 14.2 17.5  1.71  4.76  4.56 290 1021.5  -0.5   8.7  -5.9 99.0 99.00 
2025 01 05 13 20 298 14.4 18.8 99.00 99.00 99.00 999 1021.5  -0.3   8.7  -5.8 99.0 99.00 
2025 01 05 13 30 299 14.1 18.9 99.00 99.00 99.00 999 1021.5  -0.1   8.7  -5.4 99.0 99.00 
2025 01 05 13 40 297 14.3 17.2  1.99  5.26  4.75 302 1021.5  -0.4   8.7  -6.1 99.0 99.00 
2025 01 05 13 50 298 13.6 17.3 99.00 99.00 99.00 999 1021.4  -0.4   8.7  -5.8 99.0 99.00 
2025 01 05 14 00 297 13.8 17.8 99.00 99.00 99.00 999 1021.5  -0.4   8.7  -6.1 99.0 99.00 
2025 01 05 14 10 298 13.4 16.7  1.96  5.26  4.91 309 1021.6  -0.4   8.7  -6.1 99.0 99.00 
2025 01 05 14 20 294 12.8 17.5 99.00 99.00 99.00 999 1021.7  -0.4   8.7  -5.8 99.0 99.00 
2025 01 05 14 30 296 12.6 15.5 99.00 99.00 99.00 999 1021.6  -0.3   8.7  -5.6 99.0 99.00 
2025 01 05 14 40 294 12.4 16.1  1.82  5.56  4.84 325 1021.7  -0.4   8.7  -5.6 99.0 99.00 
2025 01 05 14 50 297 12.3 15.4 99.00 99.00 99.00 999 1021.6  -0.3   8.7  -5.4 99.0 99.00 
2025 01 05 15 00 296 11.8 15.1 99.00 99.00 99.00 999 1021.6  -0.3   8.7  -5.5 99.0 99.00 
2025 01 05 15 10 295 11.8 14.9  1.79  5.88  4.87 330 1021.6  -0.3   8.7  -5.7 99.0 99.00 
2025 01 05 15 20 298 11.3 14.5 99.00 99.00 99.00 999 1021.6  -0.5   8.7  -6.0 99.0 99.00 
2025 01 05 15 30 293 11.6 14.4 99.00 99.00 99.00 999 1021.2  -0.3   8.8  -5.8 99.0 99.00 
2025 01 05 15 40 294 11.3 14.6  1.73  5.88  4.88 335 1021.1  -0.3   8.8  -5.9 99.0 99.00 
2025 01 05 15 50 292 11.3 14.4 99.00 99.00 99.00 999 1021.0  -0.2   8.8  -5.7 99.0 99.00 
2025 01 05 16 00 290 11.4 15.0 99.00 99.00 99.00 999 1020.7  -0.1   8.7  -5.8 99.0 99.00 
2025 01 05 16 10 291 11.4 15.7  1.77  5.88  4.90 334 1020.3  -0.1   8.8  -5.9 99.0 99.00 
2025 01 05 16 20 299 12.0 15.2 99.00 99.00 99.00 999 1020.2   0.0   8.8  -6.4 99.0 99.00 
2025 01 05 16 30 293 11.9 15.5 99.00 99.00 99.00 999 1019.8   0.2   8.8  -6.1 99.0 99.00 
2025 01 05 16 40 283 11.9 15.1  1.64  5.88  4.70 336 1019.8   0.3   8.8  -6.3 99.0 99.00 
2025 01 05 16 50 286 11.8 14.9 99.00 99.00 99.00 999 1019.6   0.6   8.8  -6.0 99.0 99.00 
2025 01 05 17 00 289 11.9 15.5 99.00 99.00 99.00 999 1019.6   0.7   8.8  -6.1 99.0 99.00 
2025 01 05 17 10 289 12.1 15.6  1.55  5.56  4.72 335 1019.4   0.9   8.8  -6.1 99.0 99.00 
2025 01 05 17 20 290 11.1 13.7 99.00 99.00 99.00 999 1019.1   1.0   8.8  -6.4 99.0 99.00 
2025 01 05 17 30 294 10.5 13.3 99.00 99.00 99.00 999 1018.9   1.0   8.8  -6.4 99.0 99.00 
2025 01 05 17 40 291 10.7 13.4  1.55  5.56  4.58 332 1018.9   1.1   8.8  -6.2 99.0 99.00 
2025 01 05 17 50 292 10.7 13.3 99.00 99.00 99.00 999 1018.7   1.2   8.8  -6.1 99.0 99.00 
2025 01 05 18 00 285 10.8 13.6 99.00 99.00 99.00 999 1018.9   1.3   8.8  -6.1 99.0 99.00 
2025 01 05 18 10 285 10.2 13.2  1.47  5.56  4.44 332 1019.0   1.4   8.8  -6.0 99.0 99.00 
2025 01 05 18 20 285 10.9 13.4 99.00 99.00 99.00 999 1018.8   1.6   8.8  -6.0 99.0 99.00 
2025 01 05 18 30 289 10.1 12.6 99.00 99.00 99.00 999 1018.7   1.5   8.8  -6.1 99.0 99.00 
2025 01 05 18 40 289 10.3 13.2  1.51  5.26  4.41 332 1018.6   1.6   8.8  -5.8 99.0 99.00 
2025 01 05 18 50 286 10.1 13.2 99.00 99.00 99.00 999 1018.6   1.6   8.8  -6.1 99.0 99.00 
2025 01 05 19 00 289 10.4 12.9 99.00 99.00 99.00 999 1018.6   1.7   8.8  -5.4 99.0 99.00 
2025 01 05 19 10 294 10.6 13.8  1.47  5.56  4.28 333 1018.5   1.7   8.8  -5.7 99.0 99.00 
2025 01 05 19 20 296 10.4 13.2 99.00 99.00 99.00 999 1018.3   1.7   8.8  -5.9 99.0 99.00 
2025 01 05 19 30 293 10.3 13.9 99.00 99.00 99.00 999 1018.2   1.6   8.8  -6.3 99.0 99.00 
2025 01 05 19 40 292 10.3 13.1  1.51  5.26  4.39 329 1018.3   1.8   8.8  -6.2 99.0 99.00 
2025 01 05 19 50 298 11.2 14.1 99.00 99.00 99.00 999 1018.5   1.9   8.8  -6.6 99.0 99.00 
2025 01 05 20 00 293 10.9 13.4 99.00 99.00 99.00 999 1018.5   2.0   8.8  -6.6 99.0 99.00 
2025 01 05 20 10 296 10.6 13.2  1.54  5.00  4.26 325 1018.6   2.1   8.8  -6.5 99.0 99.00 
2025 01 05 20 20 296 10.7 13.4 99.00 99.00 99.00 999 1018.7   2.2   8.8  -6.5 99.0 99.00 
2025 01 05 20 30 293 10.1 12.3 99.00 99.00 99.00 999 1018.9   2.0   8.8  -6.7 99.0 99.00 
2025 01 05 20 40 300 10.9 12.9  1.30  5.00  4.24 328 1019.0   2.0   8.8  -7.0 99.0 99.00 
2025 01 05 20 50 296 10.0 12.5 99.00 99.00 99.00 999 1019.1   1.9   8.8  -6.6 99.0 99.00 
2025 01 05 21 00 294 10.2 12.3 99.00 99.00 99.00 999 1019.2   1.9   8.8  -6.5 99.0 99.00 
2025 01 05 21 10 293 10.4 13.5  1.36  5.00  4.15 331 1019.4   1.8   8.7  -6.8 99.0 99.00 
2025 01 05 21 20 296 10.7 13.0 99.00 99.00 99.00 999 1019.3   1.8   8.7  -6.9 99.0 99.00 
2025 01 05 21 30 292 10.7 13.0 99.00 99.00 99.00 999 1019.3   1.8   8.7  -6.6 99.0 99.00 
2025 01 05 21 40 292 10.3 12.7  1.37  5.26  4.21 329 1019.5   1.8   8.7  -6.6 99.0 99.00 
2025 01 05 21 50 292 10.3 13.7 99.00 99.00 99.00 999 1019.6   1.7   8.7  -7.0 99.0 99.00 
2025 01 05 22 00 292  9.9 12.4 99.00 99.00 99.00 999 1019.7   1.8   8.7  -6.3 99.0 99.00 
2025 01 05 22 10 294 10.4 13.8  1.48  5.00  4.34 330 1019.8   1.8   8.7  -6.6 99.0 99.00 
2025 01 05 22 20 292 10.1 13.5 99.00 99.00 99.00 999 1020.0   1.7   8.7  -6.9 99.0 99.00 
2025 01 05 22 30 288  9.9 11.7 99.00 99.00 99.00 999 1019.8   1.6   8.7  -6.5 99.0 99.00 
2025 01 05 22 40 287  9.7 12.3  1.38  4.76  4.29 329 1020.0   1.6   8.7  -6.5 99.0 99.00 
2025 01 05 22 50 288  9.6 12.5 99.00 99.00 99.00 999 1020.2   1.5   8.6  -7.0 99.0 99.00 
2025 01 05 23 00 287 10.0 12.6 99.00 99.00 99.00 999 1020.1   1.6   8.6  -6.4 99.0 99.00 
2025 01 05 23 10 292 10.5 12.5  1.33  5.00  4.30 326 1020.1   1.6   8.6  -6.8 99.0 99.00 
2025 01 05 23 20 292 10.6 12.7 99.00 99.00 99.00 999 1020.0   1.7   8.6  -6.3 99.0 99.00 
2025 01 05 23 30 297 10.1 12.1 99.00 99.00 99.00 999 1020.3   1.7   8.6  -6.2 99.0 99.00 
2025 01 05 23 40 298 10.8 14.3  1.31  5.26  4.11 326 1020.2   1.7   8.6  -6.4 99.0 99.00 
2025 01 05 23 50 298 10.3 13.1 99.00 99.00 99.00 999 1020.2   1.7   8.6  -6.2 99.0 99.00 
2025 01 06 00 00 298  9.7 13.1 99.00 99.00 99.00 999 1020.3   1.7   8.6  -6.3 99.0 99.00 
2025 01 06 00 10 309  9.2 11.7  1.28 13.79  4.33  93 1020.2   1.6   8.6  -6.5 99.0 99.00 
2025 01 06 00 20 311  9.0 11.6 99.00 99.00 99.00 999 1020.1   1.6   8.6  -6.2 99.0 99.00 
2025 01 06 00 30 306  9.3 11.7 99.00 99.00 99.00 999 1020.0   1.6   8.6  -6.3 99.0 99.00 
2025 01 06 00 40 308  9.7 12.6  1.23  5.00  4.20 336 1019.8   1.7   8.6  -5.9 99.0 99.00 
2025 01 06 00 50 307  9.3 11.7 99.00 99.00 99.00 999 1020.1   1.7   8.6  -6.1 99.0 99.00 
2025 01 06 01 00 308  9.1 11.8 99.00 99.00 99.00 999 1020.3   1.8   8.6  -5.7 99.0 99.00 
2025 01 06 01 10 314  9.1 11.5  1.18  5.00  4.20 337 1020.1   1.8   8.6  -5.6 99.0 99.00 
2025 01 06 01 20 312  8.9 11.1 99.00 99.00 99.00 999 1019.9   1.8   8.6  -6.1 99.0 99.00 
2025 01 06 01 30 316  9.2 12.6 99.00 99.00 99.00 999 1019.9   1.8   8.6  -6.5 99.0 99.00 
2025 01 06 01 40 309  9.7 12.5  1.18 13.79  4.27 113 1019.9   1.7   8.6  -6.8 99.0 99.00 
2025 01 06 01 50 312  9.5 11.9 99.00 99.00 99.00 999 1019.8   1.8   8.6  -6.2 99.0 99.00 
2025 01 06 02 00 312  9.7 12.1 99.00 99.00 99.00 999 1019.9   1.8   8.6  -6.5 99.0 99.00 
2025 01 06 02 10 308  9.8 12.2  1.22  4.76  4.33 330 1019.8   1.9   8.7  -6.5 99.0 99.00 
2025 01 06 02 20 317  9.8 12.4 99.00 99.00 99.00 999 1020.0   1.9   8.7  -6.6 99.0 99.00 
2025 01 06 02 30 316  9.5 11.8 99.00 99.00 99.00 999 1019.9   2.0   8.7  -6.9 99.0 99.00 
2025 01 06 02 40 318  9.3 11.8  1.26  5.26  4.35 338 1019.9   2.0   8.7  -7.2 99.0 99.00 
2025 01 06 02 50 323  9.0 11.0 99.00 99.00 99.00 999 1019.9   1.9   8.7  -7.7 99.0 99.00 
2025 01 06 03 00 324  8.6 11.3 99.00 99.00 99.00 999 1020.0   2.0   8.7  -7.2 99.0 99.00 
2025 01 06 03 10 320  8.8 11.5  1.17  5.26  4.37 332 1020.2   2.1   8.7  -6.5 99.0 99.00 
2025 01 06 03 20 322  8.7 11.8 99.00 99.00 99.00 999 1020.2   2.1   8.7  -6.4 99.0 99.00 
2025 01 06 03 30 318  8.2 11.0 99.00 99.00 99.00 999 1020.2   2.1   8.7  -6.4 99.0 99.00 
2025 01 06 03 40 317  8.2 10.5  1.15 13.79  4.43  99 1019.9   2.1   8.7  -5.9 99.0 99.00 
2025 01 06 03 50 316  8.1 10.0 99.00 99.00 99.00 999 1019.8   2.1   8.7  -6.2 99.0 99.00 
2025 01 06 04 00 318  8.2 10.1 99.00 99.00 99.00 999 1019.6   2.1   8.7  -6.0 99.0 99.00 
2025 01 06 04 10 323  8.5 11.0  1.09  4.55  4.21 330 1019.5   2.1   8.7  -5.9 99.0 99.00 
2025 01 06 04 20 325  8.0 10.3 99.00 99.00 99.00 999 1019.5   2.2   8.7  -5.3 99.0 99.00 
2025 01 06 04 30 319  8.1 10.3 99.00 99.00 99.00 999 1019.4   2.1   8.7  -6.1 99.0 99.00 
2025 01 06 04 40 323  7.5  9.8  1.10  4.76  4.26 332 1019.3   2.1   8.7  -5.8 99.0 99.00 
2025 01 06 04 50 315  7.1  9.2 99.00 99.00 99.00 999 1019.2   2.0   8.7  -6.6 99.0 99.00 
2025 01 06 05 00 316  6.5  9.3 99.00 99.00 99.00 999 1019.1   2.0   8.7  -6.1 99.0 99.00 
2025 01 06 05 10 316  6.3  9.3  1.07  5.00  4.29 323 1019.1   2.0   8.7  -6.0 99.0 99.00 
2025 01 06 05 20 315  6.2  8.5 99.00 99.00 99.00 999 1018.9   2.0   8.7  -5.7 99.0 99.00 
2025 01 06 05 30 304  5.9  8.2 99.00 99.00 99.00 999 1019.1   2.0   8.7  -6.0 99.0 99.00 
2025 01 06 05 40 299  5.9  8.3  0.96  4.76  4.07 335 1019.0   2.0   8.7  -6.0 99.0 99.00 
2025 01 06 05 50 296  5.6  7.7 99.00 99.00 99.00 999 1018.9   2.0   8.7  -5.8 99.0 99.00 
2025 01 06 06 00 289  5.6  7.6 99.00 99.00 99.00 999 1018.9   2.0   8.7  -6.0 99.0 99.00 
2025 01 06 06 10 282  5.8  7.7  0.90  5.00  4.15 332 1018.9   1.9   8.7  -5.3 99.0 99.00 
2025 01 06 06 20 272  5.7  7.8 99.00 99.00 99.00 999 1018.8   1.8   8.7  -5.2 99.0 99.00 
2025 01 06 06 30 262  5.6  7.6 99.00 99.00 99.00 999 1018.9   1.5   8.7  -5.5 99.0 99.00 
2025 01 06 06 40 268  5.6  8.7  0.82 13.79  4.01 115 1018.9   1.3   8.7  -5.6 99.0 99.00 
2025 01 06 06 50 269  5.3  6.9 99.00 99.00 99.00 999 1018.7   1.2   8.7  -5.9 99.0 99.00 
2025 01 06 07 00 280  4.9  7.3 99.00 99.00 99.00 999 1018.6   1.3   8.7  -6.2 99.0 99.00 
2025 01 06 07 10 294  4.4  6.6  0.79  4.76  3.98 331 1018.7   1.3   8.7  -6.4 99.0 99.00 
2025 01 06 07 20 297  4.2  5.9 99.00 99.00 99.00 999 1018.7   1.4   8.7  -6.2 99.0 99.00 
2025 01 06 07 30 305  4.9  8.7 99.00 99.00 99.00 999 1018.8   1.4   8.7  -6.1 99.0 99.00 
2025 01 06 07 40 289  5.1  8.0  0.75 13.79  3.92 107 1019.1   1.1   8.7  -5.8 99.0 99.00 
2025 01 06 07 50 302  5.4  8.7 99.00 99.00 99.00 999 1018.9   0.7   8.7  -4.7 99.0 99.00 
2025 01 06 08 00 295  6.4  8.5 99.00 99.00 99.00 999 1018.9   0.0   8.7  -3.8 99.0 99.00 
2025 01 06 08 10 284  6.1  7.6  0.70 13.79  3.74  72 1018.7  -0.2   8.7  -3.5 99.0 99.00 
2025 01 06 08 20 287  5.4  7.7 99.00 99.00 99.00 999 1018.5  -0.8   8.7  -3.3 99.0 99.00 
2025 01 06 08 30 283  4.8  6.4 99.00 99.00 99.00 999 1018.4  -1.2   8.7  -2.9 99.0 99.00 
2025 01 06 08 40 294  4.3  5.9  0.69 13.79  3.83  98 1018.3  -1.6   8.7  -2.9 99.0 99.00 
2025 01 06 08 50 282  4.0  5.3 99.00 99.00 99.00 999 1018.5  -1.8   8.7  -2.8 99.0 99.00 
2025 01 06 09 00 273  4.2  6.0 99.00 99.00 99.00 999 1018.5  -1.9   8.7  -2.8 99.0 99.00 
2025 01 06 09 10 282  3.7  5.4  0.63 13.79  3.86 145 1018.3  -1.9   8.7  -2.7 99.0 99.00 
2025 01 06 09 20 279  3.2  4.8 99.00 99.00 99.00 999 1018.2  -1.9   8.7  -2.6 99.0 99.00 
2025 01 06 09 30 279  2.6  3.9 99.00 99.00 99.00 999 1017.7  -2.0   8.7  -2.7 99.0 99.00 
2025 01 06 09 40 267  2.4  3.8  0.62 13.79  3.86 120 1017.1  -1.8   8.7  -2.4 99.0 99.00 
2025 01 06 09 50 270  2.1  4.0 99.00 99.00 99.00 999 1017.2  -1.8   8.7  -2.4 99.0 99.00 
2025 01 06 10 00 236  1.8  3.4 99.00 99.00 99.00 999 1017.1  -1.8   8.6  -2.4 99.0 99.00 
2025 01 06 10 10 241  1.4  2.8  0.59 13.79  3.81 136 1016.9  -1.7   8.6  -2.2 99.0 99.00 
2025 01 06 10 20 252  0.8  2.0 99.00 99.00 99.00 999 1016.8  -1.8   8.6  -2.3 99.0 99.00 
2025 01 06 10 30 320  0.6  1.7 99.00 99.00 99.00 999 1016.3  -1.8   8.6  -2.3 99.0 99.00 
2025 01 06 10 40 332  1.2  2.2  0.62 13.79  4.14  92 1016.2  -1.7   8.6  -2.2 99.0 99.00 
2025 01 06 10 50 331  1.3  2.2 99.00 99.00 99.00 999 1016.2  -1.6   8.6  -2.0 99.0 99.00 
2025 01 06 11 00  19  1.2  2.9 99.00 99.00 99.00 999 1015.9  -1.6   8.6  -2.0 99.0 99.00 
2025 01 06 11 10  27  0.9  2.1  0.59 13.79  4.08  86 1015.6  -1.6   8.5  -2.0 99.0 99.00 
2025 01 06 11 20  74  1.8  3.4 99.00 99.00 99.00 999 1015.4  -1.5   8.5  -1.9 99.0 99.00 
2025 01 06 11 30  66  1.3  2.4 99.00 99.00 99.00 999 1015.5  -1.5   8.5  -1.8 99.0 99.00 
2025 01 06 11 40  52  1.1  2.0  0.55 12.90  4.11 124 1015.5  -1.4   8.4  -1.7 99.0 99.00 
2025 01 06 11 50  46  1.1  2.0 99.00 99.00 99.00 999 1015.2  -1.3   8.3  -1.6 99.0 99.00 
2025 01 06 12 00  57  1.7  2.7 99.00 99.00 99.00 999 1014.9  -1.3   8.2  -1.6 99.0 99.00 
2025 01 06 12 10  58  2.2  3.1  0.52 13.79  4.21 133 1014.6  -1.3   8.2  -1.6 99.0 99.00 
2025 01 06 12 20  49  2.3  3.1 99.00 99.00 99.00 999 1014.3  -1.2   8.1  -1.4 99.0 99.00 
2025 01 06 12 30  40  2.3  3.6 99.00 99.00 99.00 999 1014.1  -1.1   8.1  -1.3 99.0 99.00 
2025 01 06 12 40  51  3.0  4.7  0.53 12.90  4.69 118 1013.7  -1.0   8.1  -1.2 99.0 99.00 
2025 01 06 12 50  52  3.5  4.6 99.00 99.00 99.00 999 1013.4  -0.9   8.1  -1.1 99.0 99.00 
2025 01 06 13 00  45  3.4  4.9 99.00 99.00 99.00 999 1013.2  -0.8   8.1  -0.9 99.0 99.00 
2025 01 06 13 10  50  2.9  4.4  0.48 13.79  4.45 144 1013.2  -0.7   8.1  -0.8 99.0 99.00 
2025 01 06 13 20  66  3.6  5.5 99.00 99.00 99.00 999 1013.0  -0.6   8.1  -0.7 99.0 99.00 
2025 01 06 13 30  68  3.8  4.9 99.00 99.00 99.00 999 1013.0  -0.4   8.1  -0.4 99.0 99.00 
2025 01 06 13 40  66  4.3  5.4  0.43 12.90  4.23  62 1012.9  -0.3   8.1  -0.3 99.0 99.00 
2025 01 06 13 50  76  3.6  4.6 99.00 99.00 99.00 999 1012.7  -0.2   8.1  -0.2 99.0 99.00 
2025 01 06 14 00  73  3.7  5.5 99.00 99.00 99.00 999 1012.3  -0.1   8.1  -0.1 99.0 99.00 
2025 01 06 14 10  70  4.7  6.2  0.49 12.90  5.40  99 1012.0   0.0   8.2   0.0 99.0 99.00 
2025 01 06 14 20  71  4.6  5.8 99.00 99.00 99.00 999 1011.8   0.2   8.1   0.2 99.0 99.00 
2025 01 06 14 30  76  5.0  6.1 99.00 99.00 99.00 999 1011.5   0.4   8.2   0.4 99.0 99.00 
2025 01 06 14 40  78  5.2  6.7  0.47 13.79  5.23  91 1011.0   0.6   8.3   0.6 99.0 99.00 
2025 01 06 14 50  87  5.4  6.5 99.00 99.00 99.00 999 1010.7   1.0   8.3 999.0 99.0 99.00 
2025 01 06 15 00  96  5.7  7.0 99.00 99.00 99.00 999 1010.5   1.1   8.4 999.0 99.0 99.00 
2025 01 06 15 10  98  5.9  7.5  0.45 12.90  4.65  94 1010.3   1.3   8.4 999.0 99.0 99.00 
2025 01 06 15 20 100  5.5  6.8 99.00 99.00 99.00 999 1010.1   1.3   8.4 999.0 99.0 99.00 
2025 01 06 15 30  98  5.5  6.8 99.00 99.00 99.00 999 1010.1   1.4   8.5 999.0 99.0 99.00 
2025 01 06 15 40 105  5.8  7.0  0.44 12.12  4.01  66 1009.7   1.5   8.5 999.0 99.0 99.00 
2025 01 06 15 50 103  5.9  7.6 99.00 99.00 99.00 999 1009.1   1.6   8.5 999.0 99.0 99.00 
2025 01 06 16 00  99  6.2  7.1 99.00 99.00 99.00 999 1008.9   1.6   8.5 999.0 99.0 99.00 
2025 01 06 16 10  89  5.5  6.9  0.50 13.79  3.79  86 1008.8   1.8   8.4 999.0 99.0 99.00 
2025 01 06 16 20  87  5.0  6.6 99.00 99.00 99.00 999 1008.3   2.0   8.5 999.0 99.0 99.00 
2025 01 06 16 30  82  5.1  6.4 99.00 99.00 99.00 999 1007.7   2.0   8.4   2.0 99.0 99.00 
2025 01 06 16 40  74  5.1  6.9  0.58 13.79  3.77  78 1007.5   2.2   8.4   2.2 99.0 99.00 
2025 01 06 16 50  64  5.3  6.3 99.00 99.00 99.00 999 1007.2   2.3   8.4   2.3 99.0 99.00 
2025 01 06 17 00  62  5.4  6.8 99.00 99.00 99.00 999 1006.7   2.3   8.4   2.3 99.0 99.00 
2025 01 06 17 10  59  5.3  6.8  0.55 12.90  3.65  78 1006.1   2.5   8.4   2.5 99.0 99.00 
2025 01 06 17 20  50  6.5  8.3 99.00 99.00 99.00 999 1005.5   2.5   8.4   2.5 99.0 99.00 
2025 01 06 17 30  49  7.1  8.5 99.00 99.00 99.00 999 1005.1   2.6   8.4   2.6 99.0 99.00 
2025 01 06 17 40  50  7.2  8.7  0.60 13.79  3.45  67 1004.7   2.7   8.4   2.7 99.0 99.00 
2025 01 06 17 50  42  7.7  9.0 99.00 99.00 99.00 999 1004.4   2.7   8.4   2.7 99.0 99.00 
2025 01 06 18 00  36  8.3 10.3 99.00 99.00 99.00 999 1003.9   2.7   8.4   2.7 99.0 99.00 
2025 01 06 18 10  33  8.3 10.5  0.63 13.79  3.38  77 1004.4   2.7   8.4   2.7 99.0 99.00 
2025 01 06 18 20  26  8.0 10.2 99.00 99.00 99.00 999 1004.4   2.7   8.4   2.7 99.0 99.00 
2025 01 06 18 30  33  8.4 10.1 99.00 99.00 99.00 999 1003.7   2.8   8.4   2.8 99.0 99.00 
2025 01 06 18 40  39  8.6 10.6  0.67  3.23  3.35  66 1003.5   2.7   8.4   2.7 99.0 99.00 
2025 01 06 18 50  31  8.8 10.7 99.00 99.00 99.00 999 1003.8   2.7   8.4   2.7 99.0 99.00 
2025 01 06 19 00  31  9.2 11.5 99.00 99.00 99.00 999 1002.6   2.8   8.4   2.8 99.0 99.00 
2025 01 06 19 10  27  9.3 11.4  0.85  3.33  3.59  46 1002.7   2.8   8.4   2.8 99.0 99.00 
2025 01 06 19 20  36 10.0 11.9 99.00 99.00 99.00 999 1001.5   2.7   8.5   2.7 99.0 99.00 
2025 01 06 19 30  31 10.1 12.2 99.00 99.00 99.00 999 1002.5   2.9   8.5   2.9 99.0 99.00 
2025 01 06 19 40  23  8.7 10.5  0.98  3.57  3.65  46 1003.6   2.9   8.5   2.9 99.0 99.00 
2025 01 06 19 50  25  9.5 11.3 99.00 99.00 99.00 999 1002.4   3.0   8.5   3.0 99.0 99.00 
2025 01 06 20 00  33  9.5 12.0 99.00 99.00 99.00 999 1002.0   2.9   8.5   2.9 99.0 99.00 
2025 01 06 20 10  25  9.9 12.7  1.05  4.00  3.77  35 1002.6   3.0   8.5   2.9 99.0 99.00 
2025 01 06 20 20  28  9.0 10.9 99.00 99.00 99.00 999 1003.1   3.2   8.5   2.7 99.0 99.00 
2025 01 06 20 30  32 10.0 12.6 99.00 99.00 99.00 999 1001.6   3.3   8.5   2.5 99.0 99.00 
2025 01 06 20 40  37 10.6 12.9  1.07  3.70  3.77  32 1001.7   3.3   8.5   2.8 99.0 99.00 
2025 01 06 20 50  30 10.5 12.6 99.00 99.00 99.00 999 1002.0   3.3   8.5   2.8 99.0 99.00 
2025 01 06 21 00  32 11.0 13.3 99.00 99.00 99.00 999 1002.0   3.3   8.5   2.7 99.0 99.00 
2025 01 06 21 10  27 10.7 12.9  1.17  4.55  3.89  30 1001.8   3.5   8.5   2.8 99.0 99.00 
2025 01 06 21 20  25 11.2 13.4 99.00 99.00 99.00 999 1001.3   3.5   8.5   2.7 99.0 99.00 
2025 01 06 21 30  21 11.3 13.5 99.00 99.00 99.00 999 1000.9   3.6   8.6   2.7 99.0 99.00 
2025 01 06 21 40  20 11.5 14.6  1.38  4.55  4.03  37 1000.4   3.6   8.6   2.8 99.0 99.00 
2025 01 06 21 50  17 11.4 14.1 99.00 99.00 99.00 999 1001.0   3.5   8.6   2.6 99.0 99.00 
2025 01 06 22 00  13 11.1 13.4 99.00 99.00 99.00 999 1001.4   3.4   8.6   2.4 99.0 99.00 
2025 01 06 22 10  16 10.6 12.5  1.42  4.55  4.08  27 1001.2   3.4   8.6   2.4 99.0 99.00 
2025 01 06 22 20  13 11.2 14.0 99.00 99.00 99.00 999 1000.9   3.3   8.6   2.5 99.0 99.00 
2025 01 06 22 30  10 11.0 13.6 99.00 99.00 99.00 999 1001.1   3.3   8.6   2.4 99.0 99.00 
2025 01 06 22 40  11 10.8 13.4  1.40  4.76  4.15  31 1001.1   3.1   8.6   2.3 99.0 99.00 
2025 01 06 22 50  13 11.3 14.0 99.00 99.00 99.00 999 1000.9   3.0   8.6   2.2 99.0 99.00 
2025 01 06 23 00  11 11.4 14.8 99.00 99.00 99.00 999 1000.7   2.9   8.6   2.1 99.0 99.00 
2025 01 06 23 10   8 11.3 13.9  1.63  4.76  4.35  25 1000.8   2.9   8.6   2.1 99.0 99.00 
2025 01 06 23 20   5 11.2 13.4 99.00 99.00 99.00 999 1000.7   2.9   8.5   2.1 99.0 99.00 
2025 01 06 23 30   7 11.1 13.7 99.00 99.00 99.00 999 1000.6   2.9   8.5   2.2 99.0 99.00 
2025 01 06 23 40   6 11.4 14.0  1.61  5.00  4.31  25 1000.6   2.8   8.5   2.1 99.0 99.00 
2025 01 06 23 50   3 11.5 14.0 99.00 99.00 99.00 999 1000.4   2.6   8.5   1.9 99.0 99.00 
2025 01 07 00 00   7 11.5 14.2 99.00 99.00 99.00 999 1000.1   2.6   8.5   1.7 99.0 99.00 
2025 01 07 00 10   4 11.4 14.2  1.68  5.56  4.40  29 1000.4   2.6   8.5   1.8 99.0 99.00 
2025 01 07 00 20   3 11.3 13.9 99.00 99.00 99.00 999 1000.5   2.6   8.5   1.7 99.0 99.00 
2025 01 07 00 30   2 11.6 15.2 99.00 99.00 99.00 999 1000.3   2.5   8.4   1.6 99.0 99.00 
2025 01 07 00 40   1 11.7 14.5  1.62  5.26  4.40  21 1000.4   2.5   8.4   1.7 99.0 99.00 
2025 01 07 00 50 358 11.7 14.6 99.00 99.00 99.00 999 1000.7   2.4   8.4   1.5 99.0 99.00 
2025 01 07 01 00 354 11.3 14.4 99.00 99.00 99.00 999 1001.1   2.2   8.4   1.4 99.0 99.00 
2025 01 07 01 10 352 11.3 13.4  1.59  5.56  4.44  35 1001.4   2.1   8.3   1.2 99.0 99.00 
2025 01 07 01 20 351 11.0 14.4 99.00 99.00 99.00 999 1001.6   2.1   8.3   1.2 99.0 99.00 
2025 01 07 01 30 347 11.0 13.8 99.00 99.00 99.00 999 1001.8   1.9   8.3   1.1 99.0 99.00 
2025 01 07 01 40 340 11.2 14.4  1.66  5.56  4.38  32 1002.1   1.8   8.3   1.0 99.0 99.00 
2025 01 07 01 50 336 11.3 14.2 99.00 99.00 99.00 999 1002.3   1.5   8.3   0.7 99.0 99.00 
2025 01 07 02 00 335 11.8 14.3 99.00 99.00 99.00 999 1002.3   1.1   8.3   0.5 99.0 99.00 
2025 01 07 02 10 330 12.1 14.6  1.74  5.56  4.44  32 1002.9   0.8   8.2   0.4 99.0 99.00 
2025 01 07 02 20 333 11.8 14.4 99.00 99.00 99.00 999 1003.1   0.7   8.2   0.4 99.0 99.00 
2025 01 07 02 30 333 12.7 15.2 99.00 99.00 99.00 999 1003.3   0.7   8.2   0.5 99.0 99.00 
2025 01 07 02 40 333 12.9 15.9  1.73  5.56  4.48  31 1003.5   0.7   8.2   0.5 99.0 99.00 
2025 01 07 02 50 334 13.0 16.2 99.00 99.00 99.00 999 1004.0   0.8   8.2   0.6 99.0 99.00 
2025 01 07 03 00 334 13.4 16.3 99.00 99.00 99.00 999 1004.3   0.7   8.1   0.4 99.0 99.00 
2025 01 07 03 10 335 13.3 15.9  1.91  5.56  4.63  28 1004.6   0.6   8.1   0.3 99.0 99.00 
2025 01 07 03 20 333 13.3 16.3 99.00 99.00 99.00 999 1004.8   0.7   8.1   0.4 99.0 99.00 
2025 01 07 03 30 336 13.4 17.1 99.00 99.00 99.00 999 1004.9   0.6   8.1   0.2 99.0 99.00 
2025 01 07 03 40 339 12.9 15.8  2.11  5.56  4.83   8 1005.2   0.7   8.0   0.3 99.0 99.00 
2025 01 07 03 50 337 12.9 15.6 99.00 99.00 99.00 999 1005.1   0.8   8.0   0.3 99.0 99.00 
2025 01 07 04 00 337 13.6 17.0 99.00 99.00 99.00 999 1005.0   0.8   8.0   0.1 99.0 99.00 
2025 01 07 04 10 342 13.2 16.5  2.10  5.88  4.89  19 1004.6   0.7   8.0   0.0 99.0 99.00 
2025 01 07 04 20 340 12.8 16.2 99.00 99.00 99.00 999 1004.8   1.0   8.0   0.1 99.0 99.00 
2025 01 07 04 30 337 12.9 15.8 99.00 99.00 99.00 999 1005.3   1.0   8.0   0.0 99.0 99.00 
2025 01 07 04 40 333 13.6 18.5  2.06  6.25  4.84  16 1005.6   0.8   8.0  -0.1 99.0 99.00 
2025 01 07 04 50 335 13.1 16.2 99.00 99.00 99.00 999 1005.4   0.7   8.0  -0.1 99.0 99.00 
2025 01 07 05 00 335 13.2 16.3 99.00 99.00 99.00 999 1005.9   0.6   8.0  -0.3 99.0 99.00 
2025 01 07 05 10 337 12.5 15.7  2.14  5.56  4.86 356 1005.5   0.6   8.0  -0.3 99.0 99.00 
2025 01 07 05 20 332 13.0 16.2 99.00 99.00 99.00 999 1005.7   0.6   8.0  -0.2 99.0 99.00 
2025 01 07 05 30 329 12.9 16.5 99.00 99.00 99.00 999 1005.7   0.4   8.0  -0.6 99.0 99.00 
2025 01 07 05 40 328 13.7 17.5  2.36  5.88  5.10   6 1005.8   0.5   7.9  -0.7 99.0 99.00 
2025 01 07 05 50 329 13.6 17.0 99.00 99.00 99.00 999 1005.8   0.5   7.9  -1.0 99.0 99.00 
2025 01 07 06 00 330 12.9 17.2 99.00 99.00 99.00 999 1005.8   0.7   7.9  -0.8 99.0 99.00 
2025 01 07 06 10 329 13.9 18.1  2.02  5.56  4.73 343 1006.0   0.6   7.8  -0.9 99.0 99.00 
2025 01 07 06 20 331 14.4 19.7 99.00 99.00 99.00 999 1006.2   0.2   7.8  -1.3 99.0 99.00 
2025 01 07 06 30 327 15.1 18.7 99.00 99.00 99.00 999 1006.5  -0.2   7.8  -1.6 99.0 99.00 
2025 01 07 06 40 324 15.0 18.5  2.35  6.25  4.99 358 1006.8  -0.5   7.8  -2.2 99.0 99.00 
2025 01 07 06 50 327 15.1 18.3 99.00 99.00 99.00 999 1007.1  -0.5   7.8  -2.3 99.0 99.00 
2025 01 07 07 00 327 15.2 19.2 99.00 99.00 99.00 999 1007.1  -0.7   7.8  -2.7 99.0 99.00 
2025 01 07 07 10 323 14.6 19.2  2.27  6.25  5.02 355 1007.0  -0.4   7.8  -1.9 99.0 99.00 
2025 01 07 07 20 321 14.9 18.9 99.00 99.00 99.00 999 1007.3  -0.7   7.8  -2.2 99.0 99.00 
2025 01 07 07 30 319 15.0 18.8 99.00 99.00 99.00 999 1007.4  -0.8   7.8  -2.5 99.0 99.00 
2025 01 07 07 40 320 14.8 18.5  2.50  6.67  5.18 350 1007.6  -0.9   7.8  -2.9 99.0 99.00 
2025 01 07 07 50 317 15.1 20.0 99.00 99.00 99.00 999 1007.8  -1.1   7.8  -3.2 99.0 99.00 
2025 01 07 08 00 319 15.2 18.8 99.00 99.00 99.00 999 1008.0  -1.3   7.8  -3.4 99.0 99.00 
2025 01 07 08 10 318 15.0 18.8  2.45  6.25  5.12 339 1008.2  -1.4   7.8  -3.4 99.0 99.00 
2025 01 07 08 20 316 15.8 20.2 99.00 99.00 99.00 999 1008.3  -1.6   7.7  -3.6 99.0 99.00 
2025 01 07 08 30 326 16.3 20.9 99.00 99.00 99.00 999 1008.4  -1.6   7.7  -3.8 99.0 99.00 
2025 01 07 08 40 325 15.9 20.7  2.54  6.25  5.15 329 1008.6  -1.7   7.7  -4.1 99.0 99.00 
2025 01 07 08 50 324 15.6 19.8 99.00 99.00 99.00 999 1008.8  -1.8   7.7  -4.1 99.0 99.00 
2025 01 07 09 00 323 14.8 18.4 99.00 99.00 99.00 999 1009.2  -1.9   7.6  -4.3 99.0 99.00 
2025 01 07 09 10 326 15.6 19.9  2.60  5.88  5.19 338 1009.3  -2.1   7.6  -4.6 99.0 99.00 
2025 01 07 09 20 325 14.6 18.3 99.00 99.00 99.00 999 1009.4  -2.0   7.6  -4.1 99.0 99.00 
2025 01 07 09 30 315 14.9 19.4 99.00 99.00 99.00 999 1009.4  -2.0   7.6  -3.9 99.0 99.00 
2025 01 07 09 40 315 15.8 19.3  2.87  6.67  5.35 353 1009.6  -2.4   7.6  -4.6 99.0 99.00 
2025 01 07 09 50 317 15.3 19.9 99.00 99.00 99.00 999 1009.8  -2.6   7.6  -4.8 99.0 99.00 
2025 01 07 10 00 315 15.7 20.5 99.00 99.00 99.00 999 1010.0  -2.5   7.6  -4.6 99.0 99.00 
2025 01 07 10 10 318 16.3 19.9  2.74  6.25  5.33 351 1010.2  -2.6   7.6  -4.7 99.0 99.00 
2025 01 07 10 20 319 15.6 19.9 99.00 99.00 99.00 999 1010.3  -2.6   7.6  -4.7 99.0 99.00 
2025 01 07 10 30 318 16.4 20.5 99.00 99.00 99.00 999 1010.5  -2.6   7.6  -4.7 99.0 99.00 
2025 01 07 10 40 318 16.0 20.1  2.76  6.67  5.37 346 1010.9  -2.8   7.5  -5.0 99.0 99.00 
2025 01 07 10 50 316 15.4 19.7 99.00 99.00 99.00 999 1011.1  -2.8   7.5  -5.0 99.0 99.00 
2025 01 07 11 00 313 15.3 19.4 99.00 99.00 99.00 999 1011.3  -2.7   7.4  -4.7 99.0 99.00 
2025 01 07 11 10 316 15.5 20.6  2.65  6.25  5.20 339 1011.7  -2.7   7.4  -4.8 99.0 99.00 
2025 01 07 11 20 321 15.1 19.3 99.00 99.00 99.00 999 1011.8  -2.7   7.4  -5.0 99.0 99.00 
2025 01 07 11 30 320 15.6 20.4 99.00 99.00 99.00 999 1011.8  -2.8   7.3  -5.3 99.0 99.00 
2025 01 07 11 40 316 15.4 21.6  2.72  6.67  5.36 332 1012.1  -2.7   7.3  -5.2 99.0 99.00 
2025 01 07 11 50 319 15.2 20.7 99.00 99.00 99.00 999 1012.2  -2.7   7.3  -5.2 99.0 99.00 
2025 01 07 12 00 318 14.4 18.4 99.00 99.00 99.00 999 1012.4  -2.4   7.3  -4.7 99.0 99.00 
2025 01 07 12 10 318 14.5 18.7  2.63  6.67  5.36 347 1012.7  -2.5   7.3  -5.0 99.0 99.00 
2025 01 07 12 20 317 14.2 18.3 99.00 99.00 99.00 999 1012.8  -2.4   7.3  -4.9 99.0 99.00 
2025 01 07 12 30 317 15.0 20.1 99.00 99.00 99.00 999 1012.7  -2.4   7.3  -5.0 99.0 99.00 
2025 01 07 12 40 324 15.0 20.0  2.70  6.25  5.40 343 1012.8  -2.4   7.3  -5.1 99.0 99.00 
2025 01 07 12 50 322 15.5 20.7 99.00 99.00 99.00 999 1012.9  -2.3   7.2  -5.2 99.0 99.00 
2025 01 07 13 00 322 15.5 20.5 99.00 99.00 99.00 999 1013.0  -2.3   7.2  -5.1 99.0 99.00 
2025 01 07 13 10 317 16.1 20.1  2.54  5.88  5.20 336 1013.0  -2.3   7.3  -5.2 99.0 99.00 
2025 01 07 13 20 322 15.7 20.0 99.00 99.00 99.00 999 1013.0  -2.2   7.2  -5.1 99.0 99.00 
2025 01 07 13 30 308 14.7 19.0 99.00 99.00 99.00 999 1013.3  -2.2   7.3  -4.8 99.0 99.00 
2025 01 07 13 40 309 14.4 19.2  2.69  6.25  5.41 338 1013.4  -2.6   7.3  -5.3 99.0 99.00 
2025 01 07 13 50 309 13.8 18.8 99.00 99.00 99.00 999 1013.8  -2.8   7.2  -5.5 99.0 99.00 
2025 01 07 14 00 310 13.1 17.2 99.00 99.00 99.00 999 1014.0  -2.8   7.2  -5.6 99.0 99.00 
2025 01 07 14 10 310 13.4 16.8  2.66  6.25  5.34 336 1014.4  -2.8   7.2  -5.7 99.0 99.00 
2025 01 07 14 20 309 13.1 17.0 99.00 99.00 99.00 999 1014.5  -2.8   7.2  -5.7 99.0 99.00 
2025 01 07 14 30 310 13.6 17.3 99.00 99.00 99.00 999 1014.4  -2.6   7.2  -5.4 99.0 99.00 
2025 01 07 14 40 312 13.6 17.2  2.48  5.88  5.28 339 1014.6  -2.6   7.2  -5.6 99.0 99.00 
2025 01 07 14 50 308 13.6 17.8 99.00 99.00 99.00 999 1014.7  -2.6   7.2  -5.7 99.0 99.00 
2025 01 07 15 00 309 13.8 17.9 99.00 99.00 99.00 999 1014.6  -2.5   7.3  -5.6 99.0 99.00 
2025 01 07 15 10 306 14.2 19.5  2.15  5.88  5.11 337 1014.5  -2.4   7.3  -5.5 99.0 99.00 
2025 01 07 15 20 306 14.5 18.5 99.00 99.00 99.00 999 1014.7  -2.3   7.3  -5.5 99.0 99.00 
2025 01 07 15 30 307 13.9 17.9 99.00 99.00 99.00 999 1014.8  -2.1   7.4  -5.2 99.0 99.00 
2025 01 07 15 40 307 13.8 18.8  2.22  6.25  5.13 354 1014.9  -2.0   7.4  -5.2 99.0 99.00 
2025 01 07 15 50 305 13.7 17.2 99.00 99.00 99.00 999 1014.9  -1.8   7.4  -5.0 99.0 99.00 
2025 01 07 16 00 303 13.9 17.3 99.00 99.00 99.00 999 1014.9  -1.8   7.5  -5.2 99.0 99.00 
2025 01 07 16 10 302 13.6 16.7  2.14  5.88  5.04 333 1014.9  -1.7   7.6  -5.2 99.0 99.00 
2025 01 07 16 20 303 13.4 16.8 99.00 99.00 99.00 999 1014.9  -1.5   7.6  -5.1 99.0 99.00 
2025 01 07 16 30 300 14.0 18.1 99.00 99.00 99.00 999 1014.7  -1.3   7.7  -4.9 99.0 99.00 
2025 01 07 16 40 303 14.0 18.6  2.14  5.88  5.05 333 1014.5  -1.3   7.7  -5.0 99.0 99.00 
2025 01 07 16 50 303 14.1 18.1 99.00 99.00 99.00 999 1014.2  -1.1   7.7  -4.8 99.0 99.00 
2025 01 07 17 00 305 14.0 18.4 99.00 99.00 99.00 999 1014.0  -0.9   7.7  -4.6 99.0 99.00 
2025 01 07 17 10 305 14.7 18.8  2.04  5.56  4.97 332 1013.9  -0.9   7.8  -4.8 99.0 99.00 
2025 01 07 17 20 302 14.5 18.7 99.00 99.00 99.00 999 1013.7  -0.7   7.8  -4.4 99.0 99.00 
2025 01 07 17 30 300 14.7 19.0 99.00 99.00 99.00 999 1013.6  -0.6   7.8  -4.5 99.0 99.00 
2025 01 07 17 40 302 14.2 17.3  2.05  5.88  4.86 338 1013.4  -0.5   7.8  -4.5 99.0 99.00 
2025 01 07 17 50 307 13.8 18.7 99.00 99.00 99.00 999 1013.4  -0.2   7.8  -4.1 99.0 99.00 
2025 01 07 18 00 304 14.3 18.6 99.00 99.00 99.00 999 1013.4   0.0   7.8  -4.0 99.0 99.00 
2025 01 07 18 10 304 14.2 17.5  2.12  5.88  4.82 334 1013.5   0.1   7.8  -4.0 99.0 99.00 
2025 01 07 18 20 304 14.4 17.6 99.00 99.00 99.00 999 1013.6   0.2   7.7  -4.2 99.0 99.00 
2025 01 07 18 30 303 13.9 18.6 99.00 99.00 99.00 999 1013.5   0.3   7.7  -4.2 99.0 99.00 
2025 01 07 18 40 302 13.9 17.5  2.15  5.56  4.83 318 1013.4   0.5   7.7  -3.9 99.0 99.00 
2025 01 07 18 50 302 13.5 17.1 99.00 99.00 99.00 999 1013.4   0.6   7.7  -3.8 99.0 99.00 
2025 01 07 19 00 301 13.3 18.1 99.00 99.00 99.00 999 1013.5   0.8   7.7  -3.8 99.0 99.00 
2025 01 07 19 10 303 13.9 17.9  2.18  5.88  4.90 321 1013.5   0.8   7.7  -3.9 99.0 99.00 
2025 01 07 19 20 297 13.6 17.2 99.00 99.00 99.00 999 1013.7   1.0   7.7  -3.7 99.0 99.00 
2025 01 07 19 30 296 13.7 17.4 99.00 99.00 99.00 999 1013.7   1.1   7.7  -3.7 99.0 99.00 
2025 01 07 19 40 298 13.1 16.5 99.00 99.00 99.00 999 1013.8   1.3   7.7  -3.3 99.0 99.00 
2025 01 07 19 50 999 99.0 99.0 99.00 99.00 99.00 999 1013.8 999.0   7.7 999.0 99.0 99.00 
2025 01 07 20 00 304 14.2 17.7 99.00 99.00 99.00 999 1013.8   1.4   7.7  -3.4 99.0 99.00 
2025 01 07 20 10 304 13.9 17.7  1.89  5.88  4.71 329 1013.9   1.7   7.7  -3.1 99.0 99.00 
2025 01 07 20 20 303 15.3 19.7 99.00 99.00 99.00 999 1013.9   1.6   7.7  -3.5 99.0 99.00 
2025 01 07 20 30 308 14.7 19.5 99.00 99.00 99.00 999 1014.0   1.8   7.7  -3.2 99.0 99.00 
2025 01 07 20 40 306 14.3 17.5  1.82  5.26  4.51 329 1014.4   1.9   7.7  -3.0 99.0 99.00 
2025 01 07 20 50 302 14.2 17.5 99.00 99.00 99.00 999 1014.6   2.0   7.7  -2.9 99.0 99.00 
2025 01 07 21 00 303 14.9 18.1 99.00 99.00 99.00 999 1014.6   2.1   7.7  -3.0 99.0 99.00 
2025 01 07 21 10 304 15.0 18.4  2.00  5.88  4.67 338 1014.6   2.1   7.7  -3.1 99.0 99.00 
2025 01 07 21 20 305 14.3 17.4 99.00 99.00 99.00 999 1014.7   2.2   7.8  -2.8 99.0 99.00 
2025 01 07 21 30 304 14.1 18.0 99.00 99.00 99.00 999 1014.8   2.4   7.8  -2.6 99.0 99.00 
2025 01 07 21 40 305 15.1 18.8  1.82  5.88  4.58 334 1015.0   2.3   7.8  -2.9 99.0 99.00 
2025 01 07 21 50 305 14.7 18.4 99.00 99.00 99.00 999 1015.1   2.4   7.8  -2.6 99.0 99.00 
2025 01 07 22 00 304 15.0 17.9 99.00 99.00 99.00 999 1015.3   2.4   7.8  -2.7 99.0 99.00 
2025 01 07 22 10 306 14.9 19.0  1.95  5.88  4.65 334 1015.3   2.4   7.8  -2.6 99.0 99.00 
2025 01 07 22 20 303 14.7 18.2 99.00 99.00 99.00 999 1015.7   2.5   7.8  -2.5 99.0 99.00 
2025 01 07 22 30 304 14.8 19.2 99.00 99.00 99.00 999 1015.9   2.5   7.8  -2.5 99.0 99.00 
2025 01 07 22 40 304 14.4 18.1  1.93  5.56  4.50 321 1016.2   2.5   7.8  -2.5 99.0 99.00 
2025 01 07 22 50 308 14.8 19.6 99.00 99.00 99.00 999 1016.1   2.5   7.9  -2.6 99.0 99.00 
2025 01 07 23 00 307 14.6 18.3 99.00 99.00 99.00 999 1016.2   2.4   7.9  -2.7 99.0 99.00 
2025 01 07 23 10 306 14.5 17.5  1.87  5.88  4.61 327 1016.4   2.5   7.9  -2.3 99.0 99.00 
2025 01 07 23 20 306 14.5 18.4 99.00 99.00 99.00 999 1016.7   2.4   7.9  -2.7 99.0 99.00 
2025 01 07 23 30 304 14.0 17.6 99.00 99.00 99.00 999 1016.7   2.5 999.0  -2.4 99.0 99.00 
2025 01 07 23 40 305 13.9 18.8  1.73  5.56  4.44 324 1016.6   2.5   8.0  -2.3 99.0 99.00 
2025 01 07 23 50 306 13.6 17.2 99.00 99.00 99.00 999 1016.8   2.4   8.0  -2.3 99.0 99.00 
2025 01 08 00 00 303 13.2 16.7 99.00 99.00 99.00 999 1016.9   2.6   8.1  -1.8 99.0 99.00 
2025 01 08 00 10 306 13.0 18.8  1.63  5.56  4.37 327 1017.1   2.5   8.1  -2.1 99.0 99.00 
2025 01 08 00 20 305 13.0 15.9 99.00 99.00 99.00 999 1017.0   2.5   8.1  -2.1 99.0 99.00 
2025 01 08 00 30 311 13.2 17.5 99.00 99.00 99.00 999 1017.0   2.5   8.1  -2.2 99.0 99.00 
2025 01 08 00 40 307 13.3 17.2  1.69  5.26  4.28 324 1017.0   2.5   8.1  -2.0 99.0 99.00 
2025 01 08 00 50 309 13.5 19.1 99.00 99.00 99.00 999 1017.1   2.5   8.1  -2.1 99.0 99.00 
2025 01 08 01 00 310 13.9 18.0 99.00 99.00 99.00 999 1017.2   2.4   8.1  -2.5 99.0 99.00 
2025 01 08 01 10 310 13.7 17.0  1.78  5.26  4.53 321 1017.3   2.3   8.1  -2.6 99.0 99.00 
2025 01 08 01 20 311 13.3 16.0 99.00 99.00 99.00 999 1017.4   2.3   8.1  -2.6 99.0 99.00 
2025 01 08 01 30 313 14.4 18.1 99.00 99.00 99.00 999 1017.3   2.3   8.1  -3.0 99.0 99.00 
2025 01 08 01 40 311 13.3 18.9  1.83  5.56  4.48 328 1017.4   2.3   8.1  -2.7 99.0 99.00 
2025 01 08 01 50 312 13.5 16.9 99.00 99.00 99.00 999 1017.4   2.2   8.1  -2.8 99.0 99.00 
2025 01 08 02 00 306 13.2 17.3 99.00 99.00 99.00 999 1017.4   2.1   8.1  -2.8 99.0 99.00 
2025 01 08 02 10 313 13.2 16.7  1.74  5.26  4.48 328 1017.5   2.1   8.1  -2.8 99.0 99.00 
2025 01 08 02 20 308 13.2 16.8 99.00 99.00 99.00 999 1017.3   1.9   8.1  -3.2 99.0 99.00 
2025 01 08 02 30 313 12.4 15.5 99.00 99.00 99.00 999 1017.3   2.0   8.1  -2.3 99.0 99.00 
2025 01 08 02 40 311 12.3 16.2  1.75  5.88  4.61 330 1017.3   1.9   8.1  -2.5 99.0 99.00 
2025 01 08 02 50 310 12.5 16.5 99.00 99.00 99.00 999 1017.4   1.9   8.1  -2.4 99.0 99.00 
2025 01 08 03 00 314 12.8 16.2 99.00 99.00 99.00 999 1017.6   1.8   8.1  -2.6 99.0 99.00 
2025 01 08 03 10 314 12.3 15.7  1.93  5.88  4.82 340 1017.8   1.8   8.1  -2.7 99.0 99.00 
2025 01 08 03 20 313 12.3 15.5 99.00 99.00 99.00 999 1017.7   1.8   8.1  -2.6 99.0 99.00 
2025 01 08 03 30 313 13.3 17.0 99.00 99.00 99.00 999 1017.8   1.7   8.1  -3.1 99.0 99.00 
2025 01 08 03 40 313 13.1 16.3  1.90  5.56  4.82 334 1017.8   1.7   8.1  -3.0 99.0 99.00 
2025 01 08 03 50 311 13.0 16.5 99.00 99.00 99.00 999 1017.9   1.7   8.1  -2.9 99.0 99.00 
2025 01 08 04 00 313 12.7 16.3 99.00 99.00 99.00 999 1018.0   1.5   8.2  -3.1 99.0 99.00 
2025 01 08 04 10 310 12.3 15.7  1.70  5.56  4.68 341 1018.1   1.6   8.1  -2.7 99.0 99.00 
2025 01 08 04 20 311 12.4 16.1 99.00 99.00 99.00 999 1018.3   1.5   8.2  -3.1 99.0 99.00 
2025 01 08 04 30 310 12.5 16.2 99.00 99.00 99.00 999 1018.3   1.4   8.2  -3.3 99.0 99.00 
2025 01 08 04 40 306 12.4 16.7  1.79  5.56  4.70 341 1018.4   1.3   8.2  -3.5 99.0 99.00 
2025 01 08 04 50 305 12.4 15.5 99.00 99.00 99.00 999 1018.4   1.3   8.2  -3.4 99.0 99.00 
2025 01 08 05 00 308 12.7 16.7 99.00 99.00 99.00 999 1018.4   1.3   8.2  -3.6 99.0 99.00 
2025 01 08 05 10 307 12.5 17.5  1.67  5.88  4.66 350 1018.4   1.3   8.2  -3.6 99.0 99.00 
2025 01 08 05 20 306 12.3 18.0 99.00 99.00 99.00 999 1018.3   1.3   8.1  -3.5 99.0 99.00 
2025 01 08 05 30 307 12.5 16.0 99.00 99.00 99.00 999 1018.4   1.1   8.1  -4.0 99.0 99.00 
2025 01 08 05 40 307 12.1 16.9  1.62  5.56  4.51 340 1018.4   1.1   8.1  -3.7 99.0 99.00 
2025 01 08 05 50 310 11.6 15.3 99.00 99.00 99.00 999 1018.5   1.1   8.1  -3.7 99.0 99.00 
2025 01 08 06 00 302 12.1 16.1 99.00 99.00 99.00 999 1018.5   0.9   8.1  -4.0 99.0 99.00 
2025 01 08 06 10 308 11.7 15.1  1.60  5.88  4.51 332 1018.6   0.9   8.1  -3.8 99.0 99.00 
2025 01 08 06 20 306 12.3 17.2 99.00 99.00 99.00 999 1018.5   0.8   8.1  -4.0 99.0 99.00 
2025 01 08 06 30 307 12.3 16.0 99.00 99.00 99.00 999 1018.5   0.8   8.1  -4.1 99.0 99.00 
2025 01 08 06 40 307 12.1 15.8  1.52  5.56  4.34 339 1018.6   0.7   8.1  -4.0 99.0 99.00 
2025 01 08 06 50 308 12.2 16.5 99.00 99.00 99.00 999 1018.6   0.7   8.0  -4.0 99.0 99.00 
2025 01 08 07 00 306 12.6 15.7 99.00 99.00 99.00 999 1018.6   0.6   8.0  -4.4 99.0 99.00 
2025 01 08 07 10 304 12.9 17.4  1.48  5.56  4.27 338 1018.7   0.6   8.0  -4.3 99.0 99.00 
2025 01 08 07 20 309 12.6 16.7 99.00 99.00 99.00 999 1018.7   0.5   7.9  -4.5 99.0 99.00 
2025 01 08 07 30 301 12.5 16.0 99.00 99.00 99.00 999 1018.7   0.4   7.9  -4.4 99.0 99.00 
2025 01 08 07 40 303 12.9 18.2  1.62  5.56  4.44 334 1018.7   0.4   7.9  -4.5 99.0 99.00 
2025 01 08 07 50 303 12.6 15.9 99.00 99.00 99.00 999 1018.6   0.3   7.9  -4.5 99.0 99.00 
2025 01 08 08 00 305 12.0 14.8 99.00 99.00 99.00 999 1018.5   0.3   7.9  -4.4 99.0 99.00 
2025 01 08 08 10 305 12.0 16.4  1.61  5.56  4.44 340 1018.8   0.2   7.9  -4.7 99.0 99.00 
2025 01 08 08 20 301 12.1 14.9 99.00 99.00 99.00 999 1018.7   0.0   7.9  -5.1 99.0 99.00 
2025 01 08 08 30 300 12.0 16.8 99.00 99.00 99.00 999 1018.5   0.2   7.9  -4.4 99.0 99.00 
2025 01 08 08 40 301 12.5 15.4  1.65  5.56  4.38 334 1018.7   0.1   7.8  -4.6 99.0 99.00 
2025 01 08 08 50 301 12.6 15.8 99.00 99.00 99.00 999 1018.5   0.0   7.8  -4.8 99.0 99.00 
2025 01 08 09 00 301 12.9 16.4 99.00 99.00 99.00 999 1018.5   0.0   7.8  -4.7 99.0 99.00 
2025 01 08 09 10 302 12.6 15.9  1.69  5.26  4.46 339 1018.5  -0.1   7.8  -4.9 99.0 99.00 
2025 01 08 09 20 304 12.6 15.8 99.00 99.00 99.00 999 1018.4  -0.2   7.8  -5.1 99.0 99.00 
2025 01 08 09 30 301 12.6 16.2 99.00 99.00 99.00 999 1018.3  -0.2   7.8  -5.0 99.0 99.00 
2025 01 08 09 40 299 12.4 16.0  1.72  5.26  4.36 331 1018.4  -0.2   7.8  -4.8 99.0 99.00 
2025 01 08 09 50 305 12.5 16.8 99.00 99.00 99.00 999 1018.5  -0.2   7.8  -4.8 99.0 99.00 
2025 01 08 10 00 300 12.9 16.5 99.00 99.00 99.00 999 1018.5  -0.3   7.8  -5.0 99.0 99.00 
2025 01 08 10 10 999 99.0 99.0 99.00 99.00 99.00 999 1018.5 999.0   7.8 999.0 99.0 99.00 
2025 01 08 10 20 302 13.2 16.0 99.00 99.00 99.00 999 1018.5  -0.4   7.8  -5.3 99.0 99.00 
2025 01 08 10 30 304 12.9 17.0 99.00 99.00 99.00 999 1018.6  -0.5   7.8  -5.3 99.0 99.00 
2025 01 08 10 40 302 12.6 17.2  1.73  5.56  4.50 330 1018.5  -0.5   7.8  -5.1 99.0 99.00 
2025 01 08 10 50 300 12.3 15.6 99.00 99.00 99.00 999 1018.5  -0.6   7.8  -5.2 99.0 99.00 
2025 01 08 11 00 304 12.9 16.1 99.00 99.00 99.00 999 1018.7  -0.6   7.8  -5.3 99.0 99.00 
2025 01 08 11 10 305 12.7 16.2  1.74  5.26  4.41 328 1018.6  -0.7   7.9  -5.5 99.0 99.00 
2025 01 08 11 20 304 12.2 15.5 99.00 99.00 99.00 999 1018.7  -0.7   7.9  -5.3 99.0 99.00 
2025 01 08 11 30 304 12.0 15.4 99.00 99.00 99.00 999 1018.7  -0.6   7.9  -5.1 99.0 99.00 
2025 01 08 11 40 307 12.4 16.5  1.83  5.56  4.55 338 1018.9  -0.7   7.9  -5.4 99.0 99.00 
2025 01 08 11 50 304 12.8 16.4 99.00 99.00 99.00 999 1019.0  -0.7   7.9  -5.5 99.0 99.00 
2025 01 08 12 00 308 12.7 17.0 99.00 99.00 99.00 999 1018.9  -0.8   7.9  -5.8 99.0 99.00 
2025 01 08 12 10 307 12.8 16.2  1.64  5.26  4.28 333 1019.1  -0.7   7.9  -5.5 99.0 99.00 
2025 01 08 12 20 313 12.6 17.3 99.00 99.00 99.00 999 1018.9  -0.6   7.9  -5.4 99.0 99.00 
2025 01 08 12 30 310 12.5 17.2 99.00 99.00 99.00 999 1018.9  -0.6   7.9  -5.4 99.0 99.00 
2025 01 08 12 40 309 13.0 17.6  1.65  5.56  4.32 336 1018.9  -0.7   7.9  -5.7 99.0 99.00 
2025 01 08 12 50 311 12.3 16.1 99.00 99.00 99.00 999 1019.1  -0.6   7.9  -5.3 99.0 99.00 
2025 01 08 13 00 313 12.9 17.9 99.00 99.00 99.00 999 1018.9  -0.5   8.0  -5.3 99.0 99.00 
2025 01 08 13 10 313 13.1 16.4  1.76  5.56  4.44 334 1019.0  -0.6   8.0  -5.6 99.0 99.00 
2025 01 08 13 20 318 12.7 15.6 99.00 99.00 99.00 999 1019.2  -0.5   8.0  -5.4 99.0 99.00 
2025 01 08 13 30 312 12.2 16.0 99.00 99.00 99.00 999 1019.1  -0.4   8.0  -5.2 99.0 99.00 
2025 01 08 13 40 310 12.8 17.8  1.70  5.56  4.41 336 1019.1  -0.6   8.0  -5.7 99.0 99.00 
2025 01 08 13 50 311 12.1 15.5 99.00 99.00 99.00 999 1018.9  -0.6   8.0  -5.7 99.0 99.00 
2025 01 08 14 00 315 12.2 15.4 99.00 99.00 99.00 999 1019.1  -0.5   8.0  -5.3 99.0 99.00 
2025 01 08 14 10 310 11.8 15.5  1.77  5.00  4.49 335 1019.1  -0.4   8.0  -5.3 99.0 99.00 
2025 01 08 14 20 312 12.3 15.7 99.00 99.00 99.00 999 1019.1  -0.6   8.0  -5.8 99.0 99.00 
2025 01 08 14 30 316 12.2 15.8 99.00 99.00 99.00 999 1019.2  -0.4   8.0  -5.4 99.0 99.00 
2025 01 08 14 40 313 12.3 15.9  1.59  5.00  4.33 330 1019.0  -0.4   8.0  -5.6 99.0 99.00 
2025 01 08 14 50 311 12.3 16.3 99.00 99.00 99.00 999 1019.0  -0.3   8.0  -5.6 99.0 99.00 
2025 01 08 15 00 309 12.3 16.2 99.00 99.00 99.00 999 1018.9  -0.2   8.0  -5.4 99.0 99.00 
2025 01 08 15 10 314 12.2 16.9  1.51  5.00  4.24 341 1018.9  -0.3   8.0  -5.6 99.0 99.00 
2025 01 08 15 20 312 12.1 15.9 99.00 99.00 99.00 999 1018.7  -0.2   8.0  -5.3 99.0 99.00 
2025 01 08 15 30 310 12.5 17.6 99.00 99.00 99.00 999 1018.5  -0.1   8.0  -5.2 99.0 99.00 
2025 01 08 15 40 312 12.6 16.8  1.63  5.56  4.44 338 1018.5  -0.1   8.0  -5.7 99.0 99.00 
2025 01 08 15 50 314 12.1 16.6 99.00 99.00 99.00 999 1018.2   0.0   8.0  -5.3 99.0 99.00 
2025 01 08 16 00 311 12.3 16.6 99.00 99.00 99.00 999 1017.8   0.0   8.0  -5.5 99.0 99.00 
2025 01 08 16 10 314 12.7 16.4  1.66  5.26  4.45 341 1017.8  -0.1   7.9  -5.6 99.0 99.00 
2025 01 08 16 20 313 12.7 16.9 99.00 99.00 99.00 999 1017.5   0.0   8.0  -5.4 99.0 99.00 
2025 01 08 16 30 313 12.6 17.6 99.00 99.00 99.00 999 1017.2   0.0   8.0  -5.5 99.0 99.00 
2025 01 08 16 40 311 12.7 16.0  1.64  5.56  4.51 339 1017.1  -0.1   7.9  -5.5 99.0 99.00 
2025 01 08 16 50 313 12.5 15.8 99.00 99.00 99.00 999 1016.7  -0.2   7.9  -5.6 99.0 99.00 
2025 01 08 17 00 309 12.1 16.9 99.00 99.00 99.00 999 1016.5   0.0   7.9  -5.2 99.0 99.00 
2025 01 08 17 10 311 12.2 15.8  1.61  5.26  4.42 331 1016.2   0.1   8.0  -5.1 99.0 99.00 
2025 01 08 17 20 309 11.9 15.5 99.00 99.00 99.00 999 1016.0   0.1   8.0  -5.2 99.0 99.00 
2025 01 08 17 30 306 12.0 16.1 99.00 99.00 99.00 999 1015.7   0.2   8.0  -5.2 99.0 99.00 
2025 01 08 17 40 306 11.8 15.2  1.54  5.56  4.43 341 1015.5   0.2   8.0  -5.2 99.0 99.00 
2025 01 08 17 50 303 11.9 15.2 99.00 99.00 99.00 999 1015.3   0.3   8.0  -5.4 99.0 99.00 
2025 01 08 18 00 309 11.7 14.8 99.00 99.00 99.00 999 1014.9   0.4   8.0  -5.2 99.0 99.00 
2025 01 08 18 10 306 11.4 15.1  1.57  5.26  4.40 334 1014.7   0.5   8.0  -5.1 99.0 99.00 
2025 01 08 18 20 303 10.5 14.1 99.00 99.00 99.00 999 1014.4   0.3   8.0  -5.7 99.0 99.00 
2025 01 08 18 30 301 10.0 13.2 99.00 99.00 99.00 999 1014.2   0.4   8.0  -5.2 99.0 99.00 
2025 01 08 18 40 297 11.6 15.5  1.63  5.56  4.53 327 1014.1   0.4   8.0  -5.1 99.0 99.00 
2025 01 08 18 50 303 11.6 15.5 99.00 99.00 99.00 999 1014.0   0.7   8.0  -4.5 99.0 99.00 
2025 01 08 19 00 304 11.7 15.4 99.00 99.00 99.00 999 1013.8   0.5   8.0  -5.4 99.0 99.00 
2025 01 08 19 10 301 11.5 15.2  1.59  5.56  4.50 332 1013.8   0.6   8.0  -5.2 99.0 99.00 
2025 01 08 19 20 304 12.1 15.8 99.00 99.00 99.00 999 1013.8   0.7   7.9  -5.2 99.0 99.00 
2025 01 08 19 30 306 11.6 15.9 99.00 99.00 99.00 999 1013.7   0.7   7.9  -4.9 99.0 99.00 
2025 01 08 19 40 308 11.9 15.8 99.00 99.00 99.00 999 1013.7   0.7   7.9  -5.2 99.0 99.00 
2025 01 08 19 50 306 12.0 16.8 99.00 99.00 99.00 999 1013.8   0.8   7.9  -4.9 99.0 99.00 
2025 01 08 20 00 305 11.3 14.8 99.00 99.00 99.00 999 1013.8   0.7 999.0  -5.3 99.0 99.00 
2025 01 08 20 10 296 11.1 13.9  1.59  5.56  4.47 336 1013.8   0.6   7.9  -5.5 99.0 99.00 
2025 01 08 20 20 300 11.5 14.8 99.00 99.00 99.00 999 1013.8   0.8   7.8  -5.0 99.0 99.00 
2025 01 08 20 30 300 10.8 13.6 99.00 99.00 99.00 999 1013.8   0.7   7.8  -5.4 99.0 99.00 
2025 01 08 20 40 305 11.2 14.9  1.70  5.26  4.47 329 1013.7   0.7   7.8  -5.3 99.0 99.00 
2025 01 08 20 50 300 12.1 15.7 99.00 99.00 99.00 999 1013.7   0.7   7.7  -5.4 99.0 99.00 
2025 01 08 21 00 303 12.6 16.3 99.00 99.00 99.00 999 1013.6   0.6   7.7  -5.6 99.0 99.00 
2025 01 08 21 10 306 12.4 15.4  1.77  5.56  4.57 323 1013.5   0.7   7.7  -5.2 99.0 99.00 
2025 01 08 21 20 301 12.5 15.9 99.00 99.00 99.00 999 1013.6   0.7   7.7  -5.0 99.0 99.00 
2025 01 08 21 30 302 13.0 16.3 99.00 99.00 99.00 999 1013.6   0.6   7.6  -5.3 99.0 99.00 
2025 01 08 21 40 303 12.9 17.7  1.76  5.56  4.49 335 1013.5   0.8   7.6  -4.7 99.0 99.00 
2025 01 08 21 50 300 13.7 17.5 99.00 99.00 99.00 999 1013.6   0.6   7.6  -5.4 99.0 99.00 
2025 01 08 22 00 302 13.2 16.7 99.00 99.00 99.00 999 1013.7   0.6   7.6  -5.2 99.0 99.00 
2025 01 08 22 10 302 13.0 16.5  1.75  5.56  4.54 330 1013.8   0.6   7.6  -5.2 99.0 99.00 
2025 01 08 22 20 304 12.7 16.5 99.00 99.00 99.00 999 1013.8   0.6   7.6  -5.3 99.0 99.00 
2025 01 08 22 30 303 12.4 16.5 99.00 99.00 99.00 999 1013.9   0.5   7.6  -5.7 99.0 99.00 
2025 01 08 22 40 299 11.8 15.3  1.88  5.56  4.58 330 1013.8   0.7   7.5  -4.8 99.0 99.00 
2025 01 08 22 50 300 11.5 15.1 99.00 99.00 99.00 999 1013.8   0.7   7.5  -4.9 99.0 99.00 
2025 01 08 23 00 301 12.2 15.4 99.00 99.00 99.00 999 1013.8   0.6 999.0  -5.6 99.0 99.00 
2025 01 08 23 10 299 12.3 15.9  1.76  5.88  4.45 325 1013.8   0.6   7.5  -5.6 99.0 99.00 
2025 01 08 23 20 296 12.8 16.5 99.00 99.00 99.00 999 1013.8   0.7   7.4  -5.3 99.0 99.00 
2025 01 08 23 30 300 12.4 16.8 99.00 99.00 99.00 999 1013.8   0.5   7.4  -5.8 99.0 99.00 
2025 01 08 23 40 296 12.2 17.4  1.57  5.88  4.38 330 1013.8   0.6   7.4  -5.6 99.0 99.00 
2025 01 08 23 50 297 12.3 16.2 99.00 99.00 99.00 999 1013.8   0.6   7.3  -5.5 99.0 99.00 
2025 01 09 00 00 299 12.0 16.1 99.00 99.00 99.00 999 1013.8   0.6   7.3  -5.6 99.0 99.00 
2025 01 09 00 10 300 12.3 16.4  1.52  5.56  4.37 332 1013.8   0.6   7.3  -5.5 99.0 99.00 
2025 01 09 00 20 298 12.2 15.7 99.00 99.00 99.00 999 1013.7   0.6   7.3  -5.3 99.0 99.00 
2025 01 09 00 30 301 12.7 16.4 99.00 99.00 99.00 999 1013.7   0.6   7.3  -5.4 99.0 99.00 
2025 01 09 00 40 305 12.1 16.3  1.56  5.26  4.27 335 1013.5   0.6   7.3  -5.4 99.0 99.00 
2025 01 09 00 50 308 12.5 16.5 99.00 99.00 99.00 999 1013.5   0.4   7.3  -5.9 99.0 99.00 
2025 01 09 01 00 304 12.8 16.7 99.00 99.00 99.00 999 1013.6   0.4   7.3  -5.6 99.0 99.00 
2025 01 09 01 10 309 13.1 16.6  1.58  5.00  4.27 327 1013.7   0.3   7.3  -6.2 99.0 99.00 
2025 01 09 01 20 306 11.6 15.7 99.00 99.00 99.00 999 1013.7   0.3   7.3  -5.5 99.0 99.00 
2025 01 09 01 30 307 12.4 15.9 99.00 99.00 99.00 999 1013.6   0.2   7.3  -5.9 99.0 99.00 
2025 01 09 01 40 311 12.5 15.8  1.64  5.56  4.39 338 1013.6   0.2   7.3  -6.0 99.0 99.00 
2025 01 09 01 50 305 12.7 17.1 99.00 99.00 99.00 999 1013.4   0.3   7.3  -5.6 99.0 99.00 
2025 01 09 02 00 310 13.0 17.7 99.00 99.00 99.00 999 1013.5   0.0   7.3  -6.2 99.0 99.00 
2025 01 09 02 10 310 12.8 16.9  1.68  5.56  4.37 332 1013.8  -0.1   7.3  -6.2 99.0 99.00 
2025 01 09 02 20 307 12.9 16.4 99.00 99.00 99.00 999 1013.8  -0.1   7.3  -5.8 99.0 99.00 
2025 01 09 02 30 309 13.0 17.5 99.00 99.00 99.00 999 1013.7  -0.3   7.3  -6.2 99.0 99.00 
2025 01 09 02 40 308 12.7 17.3  1.67  5.26  4.47 331 1013.7  -0.3   7.2  -6.0 99.0 99.00 
2025 01 09 02 50 307 12.9 16.9 99.00 99.00 99.00 999 1013.6  -0.3   7.2  -5.7 99.0 99.00 
2025 01 09 03 00 312 12.4 16.2 99.00 99.00 99.00 999 1013.6  -0.5   7.2  -6.1 99.0 99.00 
2025 01 09 03 10 310 12.8 16.7  1.65  5.56  4.51 339 1013.5  -0.6   7.2  -6.2 99.0 99.00 
2025 01 09 03 20 310 12.0 16.0 99.00 99.00 99.00 999 1013.6  -0.5   7.2  -5.8 99.0 99.00 
2025 01 09 03 30 309 13.3 17.1 99.00 99.00 99.00 999 1013.4  -0.7   7.2  -6.3 99.0 99.00 
2025 01 09 03 40 314 12.7 16.7  1.92  5.88  4.69 336 1013.3  -0.8   7.3  -6.4 99.0 99.00 
2025 01 09 03 50 316 12.4 16.0 99.00 99.00 99.00 999 1013.3  -0.8   7.3  -6.1 99.0 99.00 
2025 01 09 04 00 312 12.6 16.3 99.00 99.00 99.00 999 1013.4  -0.9   7.3  -6.3 99.0 99.00 
2025 01 09 04 10 314 12.5 17.2 99.00 99.00 99.00 999 1013.5  -1.0   7.3  -6.4 99.0 99.00 
2025 01 09 04 20 312 12.2 16.0 99.00 99.00 99.00 999 1013.5  -1.1   7.3  -6.4 99.0 99.00 
2025 01 09 04 30 314 12.6 16.8 99.00 99.00 99.00 999 1013.4  -1.2   7.3  -6.7 99.0 99.00 
2025 01 09 04 40 313 12.0 16.0  1.96  5.88  4.86 337 1013.4  -1.3   7.4  -6.8 99.0 99.00 
2025 01 09 04 50 313 11.9 16.5 99.00 99.00 99.00 999 1013.2  -1.2   7.4  -6.2 99.0 99.00 
2025 01 09 05 00 313 12.5 16.5 99.00 99.00 99.00 999 1013.2  -1.3   7.7  -6.3 99.0 99.00 
2025 01 09 05 10 307 12.9 17.1  1.83  6.25  4.78 344 1013.2  -1.4   7.8  -6.4 99.0 99.00 
2025 01 09 05 20 308 12.8 17.8 99.00 99.00 99.00 999 1013.0  -1.5   7.7  -6.5 99.0 99.00 
2025 01 09 05 30 306 11.9 16.3 99.00 99.00 99.00 999 1012.9  -1.5   7.5  -6.1 99.0 99.00 
2025 01 09 05 40 310 12.1 16.9  1.81  5.88  4.83 337 1012.9  -1.6   7.7  -6.3 99.0 99.00 
2025 01 09 05 50 310 12.3 16.9 99.00 99.00 99.00 999 1012.8  -1.7   7.9  -6.4 99.0 99.00 
2025 01 09 06 00 306 12.7 16.8 99.00 99.00 99.00 999 1012.8  -1.7   7.9  -6.3 99.0 99.00 
2025 01 09 06 10 313 12.6 15.7  1.67  6.25  4.66 336 1012.8  -1.9   7.8  -6.7 99.0 99.00 
2025 01 09 06 20 317 12.0 16.4 99.00 99.00 99.00 999 1012.5  -1.7   7.8  -6.2 99.0 99.00 
2025 01 09 06 30 308 12.1 15.8 99.00 99.00 99.00 999 1012.5  -2.0   7.6  -6.7 99.0 99.00 
2025 01 09 06 40 311 13.1 17.3  1.79  5.88  4.77 332 1012.6  -1.9   7.5  -6.4 99.0 99.00 
2025 01 09 06 50 307 12.8 16.1 99.00 99.00 99.00 999 1012.4  -2.0   7.5  -6.5 99.0 99.00 
2025 01 09 07 00 303 12.2 15.5 99.00 99.00 99.00 999 1012.6  -2.0   7.8  -6.2 99.0 99.00 
2025 01 09 07 10 307 12.7 17.5  1.85  5.88  4.98 342 1012.4  -2.2   7.9  -6.6 99.0 99.00 
2025 01 09 07 20 312 13.0 16.8 99.00 99.00 99.00 999 1012.2  -2.0   8.0  -6.1 99.0 99.00 
2025 01 09 07 30 312 13.9 17.7 99.00 99.00 99.00 999 1012.2  -2.1   8.1  -6.2 99.0 99.00 
2025 01 09 07 40 306 12.7 16.2  1.90  6.25  4.87 348 1012.2  -2.2   8.1  -6.2 99.0 99.00 
2025 01 09 07 50 306 12.7 16.6 99.00 99.00 99.00 999 1012.1  -2.4   8.1  -6.4 99.0 99.00 
2025 01 09 08 00 306 11.9 15.9 99.00 99.00 99.00 999 1011.9  -2.1   8.1  -5.7 99.0 99.00 
2025 01 09 08 10 305 12.5 16.5  1.96  5.88  4.88 345 1011.9  -2.4   8.1  -6.3 99.0 99.00 
2025 01 09 08 20 303 13.1 15.9 99.00 99.00 99.00 999 1011.7  -2.5   8.1  -6.4 99.0 99.00 
2025 01 09 08 30 307 13.7 17.0 99.00 99.00 99.00 999 1011.6  -2.4   8.1  -6.3 99.0 99.00 
2025 01 09 08 40 307 13.4 18.0  1.96  6.25  4.83 343 1011.6  -2.4   8.1  -6.3 99.0 99.00 
2025 01 09 08 50 306 13.5 18.1 99.00 99.00 99.00 999 1011.7  -2.4   8.2  -6.4 99.0 99.00 
2025 01 09 09 00 309 14.0 18.0 99.00 99.00 99.00 999 1011.7  -2.3   8.1  -6.3 99.0 99.00 
2025 01 09 09 10 311 14.4 18.4  2.07  5.88  4.81 339 1011.6  -2.4   8.1  -6.4 99.0 99.00 
2025 01 09 09 20 311 14.1 18.4 99.00 99.00 99.00 999 1011.7  -2.5   8.1  -6.7 99.0 99.00 
2025 01 09 09 30 303 14.7 18.1 99.00 99.00 99.00 999 1011.7  -2.6   8.1  -6.6 99.0 99.00 
2025 01 09 09 40 307 14.9 19.9  2.12  6.25  4.93 339 1011.7  -2.8   8.1  -7.2 99.0 99.00 
2025 01 09 09 50 307 14.6 19.4 99.00 99.00 99.00 999 1011.8  -2.7   8.1  -6.8 99.0 99.00 
2025 01 09 10 00 306 15.4 20.6 99.00 99.00 99.00 999 1011.6  -2.7   8.1  -6.8 99.0 99.00 
2025 01 09 10 10 306 15.2 20.0  2.29  5.88  5.04 335 1011.7  -2.7   8.1  -6.8 99.0 99.00 
2025 01 09 10 20 304 15.6 19.0 99.00 99.00 99.00 999 1011.6  -2.8   8.1  -7.1 99.0 99.00 
2025 01 09 10 30 304 15.6 19.5 99.00 99.00 99.00 999 1011.7  -2.8   8.1  -7.2 99.0 99.00 
2025 01 09 10 40 307 15.4 19.5  2.33  6.25  5.00 334 1011.7  -2.8   8.1  -7.1 99.0 99.00 
2025 01 09 10 50 303 15.7 20.1 99.00 99.00 99.00 999 1011.8  -2.8   8.1  -7.2 99.0 99.00 
2025 01 09 11 00 304 15.1 18.9 99.00 99.00 99.00 999 1012.0  -2.9   8.1  -7.2 99.0 99.00 
2025 01 09 11 10 302 14.9 19.3  2.29  6.25  5.06 337 1011.9  -2.7   8.1  -6.8 99.0 99.00 
2025 01 09 11 20 303 15.1 20.6 99.00 99.00 99.00 999 1012.0  -2.9   8.1  -7.2 99.0 99.00 
2025 01 09 11 30 305 15.6 19.8 99.00 99.00 99.00 999 1012.0  -2.9   8.1  -7.3 99.0 99.00 
2025 01 09 11 40 305 15.4 20.4  2.35  6.25  5.00 336 1012.2  -2.9   8.1  -7.0 99.0 99.00 
2025 01 09 11 50 305 15.8 21.3 99.00 99.00 99.00 999 1012.1  -3.0   8.1  -7.3 99.0 99.00 
2025 01 09 12 00 309 15.4 20.7 99.00 99.00 99.00 999 1012.3  -2.9   8.1  -7.0 99.0 99.00 
2025 01 09 12 10 308 15.5 20.8  2.34  6.25  5.01 331 1012.2  -3.0   8.0  -7.2 99.0 99.00 
2025 01 09 12 20 304 15.7 21.1 99.00 99.00 99.00 999 1012.2  -3.0   8.0  -7.1 99.0 99.00 
2025 01 09 12 30 306 15.4 19.3 99.00 99.00 99.00 999 1012.3  -2.9   8.0  -6.8 99.0 99.00 
2025 01 09 12 40 308 15.8 20.9  2.23  5.88  4.96 325 1012.3  -2.9   8.0  -7.0 99.0 99.00 
2025 01 09 12 50 307 15.9 20.8 99.00 99.00 99.00 999 1012.3  -3.0   8.0  -7.1 99.0 99.00 
2025 01 09 13 00 312 15.3 21.1 99.00 99.00 99.00 999 1012.4  -2.8   8.0  -6.6 99.0 99.00 
2025 01 09 13 10 310 16.1 20.8  2.32  5.88  4.94 322 1012.5  -3.0   8.0  -7.2 99.0 99.00 
2025 01 09 13 20 310 15.5 19.6 99.00 99.00 99.00 999 1012.7  -2.9   8.0  -6.9 99.0 99.00 
2025 01 09 13 30 310 15.6 21.3 99.00 99.00 99.00 999 1012.6  -3.0   8.0  -7.1 99.0 99.00 
2025 01 09 13 40 311 15.1 18.7  2.31  6.25  4.98 336 1012.8  -2.9   8.0  -6.9 99.0 99.00 
2025 01 09 13 50 309 15.3 19.7 99.00 99.00 99.00 999 1012.7  -2.8   8.0  -6.7 99.0 99.00 
2025 01 09 14 00 310 15.1 18.9 99.00 99.00 99.00 999 1012.8  -2.8   8.0  -6.8 99.0 99.00 
2025 01 09 14 10 311 15.1 19.5  2.20  6.25  4.94 334 1012.8  -2.8   8.0  -6.8 99.0 99.00 
2025 01 09 14 20 310 15.5 20.6 99.00 99.00 99.00 999 1012.8  -2.9   8.0  -7.2 99.0 99.00 
2025 01 09 14 30 310 15.4 20.7 99.00 99.00 99.00 999 1012.8  -2.7   8.0  -6.7 99.0 99.00 
2025 01 09 14 40 313 15.3 19.7  2.25  6.25  5.03 333 1012.9  -2.7   8.0  -6.9 99.0 99.00 
2025 01 09 14 50 309 14.3 18.8 99.00 99.00 99.00 999 1012.9  -2.4   8.0  -6.2 99.0 99.00 
2025 01 09 15 00 312 14.5 19.8 99.00 99.00 99.00 999 1013.0  -2.4   8.0  -6.4 99.0 99.00 
2025 01 09 15 10 308 14.9 19.3  2.23  6.25  4.93 340 1012.9  -2.3   8.0  -6.5 99.0 99.00 
2025 01 09 15 20 310 14.6 19.2 99.00 99.00 99.00 999 1012.9  -2.2 999.0  -6.4 99.0 99.00 
2025 01 09 15 30 310 14.9 19.6 99.00 99.00 99.00 999 1012.9  -2.1   8.0  -6.3 99.0 99.00 
2025 01 09 15 40 313 14.9 19.4  2.28  6.25  5.13 333 1012.9  -2.1   8.0  -6.4 99.0 99.00 
2025 01 09 15 50 306 15.4 19.5 99.00 99.00 99.00 999 1012.7  -2.0   8.0  -6.4 99.0 99.00 
2025 01 09 16 00 308 15.3 20.1 99.00 99.00 99.00 999 1012.4  -2.0   8.0  -6.6 99.0 99.00 
2025 01 09 16 10 311 15.8 20.6  2.47  6.67  5.23 335 1012.2  -1.9   8.0  -6.6 99.0 99.00 
2025 01 09 16 20 305 15.2 19.4 99.00 99.00 99.00 999 1012.2  -1.8   8.0  -6.4 99.0 99.00 
2025 01 09 16 30 308 14.8 20.3 99.00 99.00 99.00 999 1012.3  -1.6   8.0  -6.1 99.0 99.00 
2025 01 09 16 40 306 14.5 18.3  2.30  6.25  5.04 329 1012.2  -1.5   8.0  -6.1 99.0 99.00 
2025 01 09 16 50 307 14.6 18.8 99.00 99.00 99.00 999 1012.1  -1.4   8.0  -6.0 99.0 99.00 
2025 01 09 17 00 305 14.2 18.1 99.00 99.00 99.00 999 1012.0  -1.4   8.0  -6.1 99.0 99.00 
2025 01 09 17 10 303 14.6 18.7  2.51  6.67  5.48 330 1012.0  -1.3   8.0  -6.1 99.0 99.00 
2025 01 09 17 20 302 15.2 19.2 99.00 99.00 99.00 999 1011.7  -1.2   8.0  -6.1 99.0 99.00 
2025 01 09 17 30 302 15.0 19.3 99.00 99.00 99.00 999 1011.9  -1.2   8.0  -6.1 99.0 99.00 
2025 01 09 17 40 304 15.1 19.4  2.35  6.67  5.20 342 1011.7  -1.2   8.0  -6.4 99.0 99.00 
2025 01 09 17 50 304 14.6 18.4 99.00 99.00 99.00 999 1011.7  -1.0   8.0  -6.1 99.0 99.00 
2025 01 09 18 00 305 14.3 18.9 99.00 99.00 99.00 999 1011.7  -0.6   8.0  -5.4 99.0 99.00 
2025 01 09 18 10 304 13.9 18.1  2.61  6.67  5.43 332 1011.6  -0.7   8.1  -5.8 99.0 99.00 
2025 01 09 18 20 299 13.9 18.3 99.00 99.00 99.00 999 1011.5  -0.5   8.1  -5.5 99.0 99.00 
2025 01 09 18 30 300 15.3 19.3 99.00 99.00 99.00 999 1011.4  -0.4   8.1  -5.5 99.0 99.00 
2025 01 09 18 40 302 14.9 20.0  2.23  6.25  5.20 328 1011.3  -0.3   8.1  -5.5 99.0 99.00 
2025 01 09 18 50 304 14.5 18.4 99.00 99.00 99.00 999 1011.2  -0.2   8.1  -5.3 99.0 99.00 
2025 01 09 19 00 304 13.9 18.1 99.00 99.00 99.00 999 1011.4   0.0   8.1  -5.0 99.0 99.00 
2025 01 09 19 10 305 14.4 18.3  2.33  6.25  5.19 327 1011.2   0.1   8.1  -5.2 99.0 99.00 
2025 01 09 19 20 304 14.4 18.5 99.00 99.00 99.00 999 1011.2   0.3   8.1  -4.8 99.0 99.00 
2025 01 09 19 30 301 14.5 17.8 99.00 99.00 99.00 999 1011.2   0.2   8.1  -5.2 99.0 99.00 
2025 01 09 19 40 303 14.8 19.7  2.09  6.25  4.99 330 1011.3   0.4   8.1  -4.8 99.0 99.00 
2025 01 09 19 50 305 14.4 18.4 99.00 99.00 99.00 999 1011.6   0.6   8.1  -4.6 99.0 99.00 
2025 01 09 20 00 306 14.2 19.0 99.00 99.00 99.00 999 1011.6   0.8   8.1  -4.4 99.0 99.00 
2025 01 09 20 10 304 14.3 18.0  2.35  6.67  5.21 333 1011.8   0.9   8.1  -4.4 99.0 99.00 
2025 01 09 20 20 307 14.9 19.9 99.00 99.00 99.00 999 1011.8   0.9   8.1  -4.6 99.0 99.00 
2025 01 09 20 30 305 14.2 18.4 99.00 99.00 99.00 999 1011.8   1.1   8.1  -4.2 99.0 99.00 
2025 01 09 20 40 305 14.7 18.6  2.24  6.25  5.13 334 1011.9   1.1   8.1  -4.6 99.0 99.00 
2025 01 09 20 50 303 14.5 17.9 99.00 99.00 99.00 999 1012.0   1.1   8.1  -4.5 99.0 99.00 
2025 01 09 21 00 304 14.3 17.6 99.00 99.00 99.00 999 1012.2   1.2   8.1  -4.3 99.0 99.00 
2025 01 09 21 10 302 14.7 18.1  2.24  6.25  5.09 336 1012.2   1.2   8.1  -4.4 99.0 99.00 
2025 01 09 21 20 300 14.6 19.5 99.00 99.00 99.00 999 1012.2   1.3   8.1  -4.1 99.0 99.00 
2025 01 09 21 30 305 13.7 18.1 99.00 99.00 99.00 999 1012.4   1.5   8.1  -3.7 99.0 99.00 
2025 01 09 21 40 304 15.0 19.0  2.14  6.67  4.95 324 1012.4   1.4   8.1  -4.2 99.0 99.00 
2025 01 09 21 50 304 14.3 18.0 99.00 99.00 99.00 999 1012.5   1.4   8.0  -4.0 99.0 99.00 
2025 01 09 22 00 301 14.3 18.5 99.00 99.00 99.00 999 1012.3   1.5   8.0  -3.8 99.0 99.00 
2025 01 09 22 10 305 14.3 18.6  2.09  6.25  4.94 331 1012.6   1.5   8.0  -3.7 99.0 99.00 
2025 01 09 22 20 307 14.5 17.8 99.00 99.00 99.00 999 1012.6   1.6   8.0  -3.6 99.0 99.00 
2025 01 09 22 30 305 14.3 19.0 99.00 99.00 99.00 999 1012.6   1.5   8.0  -3.8 99.0 99.00 
2025 01 09 22 40 302 14.1 18.4  2.18  6.67  4.95 328 1012.7   1.5   8.0  -3.8 99.0 99.00 
2025 01 09 22 50 301 13.9 17.8 99.00 99.00 99.00 999 1012.6   1.4   8.0  -3.6 99.0 99.00 
2025 01 09 23 00 300 14.9 18.3 99.00 99.00 99.00 999 1012.9   1.3   8.0  -4.0 99.0 99.00 
2025 01 09 23 10 301 14.6 19.0  2.10  5.88  4.74 335 1012.9   1.2   8.0  -4.1 99.0 99.00 
2025 01 09 23 20 301 14.9 18.7 99.00 99.00 99.00 999 1012.9   1.3   8.0  -3.9 99.0 99.00 
2025 01 09 23 30 303 15.0 19.3 99.00 99.00 99.00 999 1012.9   1.3   8.0  -4.0 99.0 99.00 
2025 01 09 23 40 302 14.3 18.4  2.09  6.25  4.81 335 1013.3   1.4   8.0  -3.7 99.0 99.00 
2025 01 09 23 50 304 14.5 18.3 99.00 99.00 99.00 999 1013.2   1.4   8.0  -3.8 99.0 99.00 
2025 01 10 00 00 301 14.1 17.5 99.00 99.00 99.00 999 1013.4   1.4   7.9  -3.8 99.0 99.00 
2025 01 10 00 10 302 14.4 18.8  2.16  6.25  4.88 333 1013.4   1.4   8.0  -3.7 99.0 99.00 
2025 01 10 00 20 302 14.4 18.9 99.00 99.00 99.00 999 1013.7   1.4   8.0  -3.6 99.0 99.00 
2025 01 10 00 30 299 13.9 16.9 99.00 99.00 99.00 999 1013.8   1.3   8.0  -3.7 99.0 99.00 
2025 01 10 00 40 299 14.5 17.9  2.10  6.25  4.75 334 1013.8   1.3   7.9  -4.0 99.0 99.00 
2025 01 10 00 50 303 14.3 18.3 99.00 99.00 99.00 999 1014.0   1.3   8.0  -4.0 99.0 99.00 
2025 01 10 01 00 301 14.1 19.3 99.00 99.00 99.00 999 1014.0   1.4   7.9  -3.7 99.0 99.00 
2025 01 10 01 10 305 13.4 18.4  2.19  6.25  4.84 337 1014.0   1.4   7.9  -3.5 99.0 99.00 
2025 01 10 01 20 307 13.8 17.5 99.00 99.00 99.00 999 1014.1   1.3   7.9  -4.0 99.0 99.00 
2025 01 10 01 30 311 13.7 17.5 99.00 99.00 99.00 999 1014.0   1.3   7.9  -3.9 99.0 99.00 
2025 01 10 01 40 308 14.1 17.9  2.04  6.25  4.80 334 1014.2   1.4   7.9  -3.7 99.0 99.00 
2025 01 10 01 50 307 14.9 18.8 99.00 99.00 99.00 999 1014.1   1.2   7.9  -4.1 99.0 99.00 
2025 01 10 02 00 306 14.6 19.9 99.00 99.00 99.00 999 1014.3   1.2   7.9  -3.9 99.0 99.00 
2025 01 10 02 10 305 14.6 18.9  2.08  6.25  4.72 335 1014.3   1.2   7.9  -4.0 99.0 99.00 
2025 01 10 02 20 305 14.2 18.9 99.00 99.00 99.00 999 1014.5   1.1   7.9  -4.0 99.0 99.00 
2025 01 10 02 30 306 14.1 18.7 99.00 99.00 99.00 999 1014.6   1.1   7.9  -3.9 99.0 99.00 
2025 01 10 02 40 307 14.0 18.1  2.15  6.25  4.79 320 1014.8   1.1   7.9  -3.9 99.0 99.00 
2025 01 10 02 50 309 13.5 17.9 99.00 99.00 99.00 999 1014.7   1.1   7.9  -3.7 99.0 99.00 
2025 01 10 03 00 309 14.5 18.4 99.00 99.00 99.00 999 1014.8   1.0   7.9  -4.0 99.0 99.00 
2025 01 10 03 10 310 14.6 18.2  2.09  6.25  4.83 329 1014.7   1.0   7.9  -3.8 99.0 99.00 
2025 01 10 03 20 307 15.1 19.5 99.00 99.00 99.00 999 1014.8   0.9   7.9  -4.0 99.0 99.00 
2025 01 10 03 30 310 14.6 19.1 99.00 99.00 99.00 999 1014.7   0.9   7.9  -3.7 99.0 99.00 
2025 01 10 03 40 312 14.5 18.9  1.97  5.88  4.72 335 1014.9   0.9   7.9  -3.8 99.0 99.00 
2025 01 10 03 50 312 14.3 18.9 99.00 99.00 99.00 999 1014.7   0.9   7.9  -3.6 99.0 99.00 
2025 01 10 04 00 317 14.5 18.3 99.00 99.00 99.00 999 1014.7   0.7   7.9  -4.0 99.0 99.00 
2025 01 10 04 10 316 14.6 18.1  1.98  6.25  4.79 335 1014.7   0.7   7.9  -4.0 99.0 99.00 
2025 01 10 04 20 314 14.7 17.8 99.00 99.00 99.00 999 1014.8   0.6   7.9  -4.0 99.0 99.00 
2025 01 10 04 30 314 14.4 19.5 99.00 99.00 99.00 999 1014.8   0.6   7.9  -3.9 99.0 99.00 
2025 01 10 04 40 316 15.0 18.4  1.97  5.56  4.74 327 1014.7   0.6   8.0  -3.8 99.0 99.00 
2025 01 10 04 50 315 15.0 18.7 99.00 99.00 99.00 999 1014.8   0.5   8.0  -3.9 99.0 99.00 
2025 01 10 05 00 311 15.1 19.0 99.00 99.00 99.00 999 1014.7   0.5   8.0  -3.9 99.0 99.00 
2025 01 10 05 10 313 15.1 19.3  2.17  5.56  4.91 334 1014.6   0.3   8.0  -4.1 99.0 99.00 
2025 01 10 05 20 315 14.8 20.3 99.00 99.00 99.00 999 1014.7   0.4   8.0  -3.8 99.0 99.00 
2025 01 10 05 30 315 14.9 18.8 99.00 99.00 99.00 999 1014.6   0.4   8.0  -3.9 99.0 99.00 
2025 01 10 05 40 312 14.6 18.9  1.92  5.88  4.79 333 1014.6   0.4   8.0  -3.8 99.0 99.00 
2025 01 10 05 50 313 14.8 18.8 99.00 99.00 99.00 999 1014.6   0.3   8.0  -3.9 99.0 99.00 
2025 01 10 06 00 314 14.8 18.0 99.00 99.00 99.00 999 1014.6   0.3   8.0  -3.9 99.0 99.00 
2025 01 10 06 10 317 14.5 18.2  2.17  5.88  4.89 334 1014.2   0.2   7.9  -3.9 99.0 99.00 
2025 01 10 06 20 318 14.5 19.0 99.00 99.00 99.00 999 1014.1   0.1   8.0  -4.0 99.0 99.00 
2025 01 10 06 30 317 14.0 17.8 99.00 99.00 99.00 999 1014.5   0.2   8.0  -3.7 99.0 99.00 
2025 01 10 06 40 318 13.4 16.7  2.01  5.88  4.82 343 1014.4   0.3   8.0  -3.4 99.0 99.00 
2025 01 10 06 50 319 12.9 16.7 99.00 99.00 99.00 999 1014.6   0.4   7.9  -3.2 99.0 99.00 
2025 01 10 07 00 320 13.0 16.8 99.00 99.00 99.00 999 1014.8   0.4   8.0  -3.2 99.0 99.00 
2025 01 10 07 10 323 13.1 17.0  2.13  6.25  4.90 337 1014.6   0.4   7.9  -3.3 99.0 99.00 
2025 01 10 07 20 325 13.5 16.5 99.00 99.00 99.00 999 1014.9   0.5   7.9  -3.1 99.0 99.00 
2025 01 10 07 30 318 13.2 15.7 99.00 99.00 99.00 999 1014.9   0.5   7.9  -3.1 99.0 99.00 
2025 01 10 07 40 316 13.2 16.9  2.02  6.25  4.87 339 1014.9   0.4   7.6  -3.2 99.0 99.00 
2025 01 10 07 50 314 13.4 19.3 99.00 99.00 99.00 999 1015.1   0.4   7.0  -3.1 99.0 99.00 
2025 01 10 08 00 317 12.7 16.3 99.00 99.00 99.00 999 1015.3   0.3   6.7  -3.2 99.0 99.00 
2025 01 10 08 10 311 12.4 15.7  1.85  6.25  4.71 333 1015.3   0.1   6.8  -3.3 99.0 99.00 
2025 01 10 08 20 314 12.5 16.0 99.00 99.00 99.00 999 1015.0  -0.2   6.5  -3.6 99.0 99.00 
2025 01 10 08 30 315 12.3 15.4 99.00 99.00 99.00 999 1015.0  -0.2   6.5  -3.5 99.0 99.00 
2025 01 10 08 40 313 12.9 15.7  2.06  6.25  4.91 332 1014.9  -0.5   6.5  -4.0 99.0 99.00 
2025 01 10 08 50 314 12.4 15.1 99.00 99.00 99.00 999 1014.9  -0.5   6.5  -4.0 99.0 99.00 
2025 01 10 09 00 314 12.7 15.8 99.00 99.00 99.00 999 1015.1  -0.7   5.9  -4.3 99.0 99.00 
2025 01 10 09 10 314 12.3 15.5  1.92  5.88  4.69 331 1015.2  -0.7   5.2  -4.3 99.0 99.00 
2025 01 10 09 20 315 12.4 15.5 99.00 99.00 99.00 999 1015.2  -0.8   5.1  -4.4 99.0 99.00 
2025 01 10 09 30 316 12.4 15.9 99.00 99.00 99.00 999 1015.5  -0.8   5.0  -4.4 99.0 99.00 
2025 01 10 09 40 314 12.3 15.5  1.95  5.88  4.72 333 1015.7  -0.7   5.0  -4.1 99.0 99.00 
2025 01 10 09 50 315 12.6 15.4 99.00 99.00 99.00 999 1016.0  -0.8   5.0  -4.3 99.0 99.00 
2025 01 10 10 00 313 13.2 16.7 99.00 99.00 99.00 999 1016.0  -0.9   5.0  -4.4 99.0 99.00 
2025 01 10 10 10 311 12.8 16.8  1.72  5.56  4.63 336 1016.4  -0.9   5.0  -4.3 99.0 99.00 
2025 01 10 10 20 314 13.6 17.0 99.00 99.00 99.00 999 1016.3  -1.0   5.0  -4.5 99.0 99.00 
2025 01 10 10 30 314 13.6 17.1 99.00 99.00 99.00 999 1016.1  -1.1   5.0  -4.6 99.0 99.00 
2025 01 10 10 40 317 14.0 17.1  1.92  6.25  4.73 351 1015.7  -1.1   5.0  -4.5 99.0 99.00 
2025 01 10 10 50 316 14.0 16.9 99.00 99.00 99.00 999 1015.7  -1.1   5.0  -4.5 99.0 99.00 
2025 01 10 11 00 317 13.3 16.2 99.00 99.00 99.00 999 1015.9  -0.9   5.0  -4.0 99.0 99.00 
2025 01 10 11 10 323 13.3 16.2  1.79  5.88  4.53 348 1016.2  -0.7   5.0  -3.9 99.0 99.00 
2025 01 10 11 20 320 13.4 16.9 99.00 99.00 99.00 999 1016.5  -0.6   5.1  -3.8 99.0 99.00 
2025 01 10 11 30 321 13.6 16.7 99.00 99.00 99.00 999 1016.6  -0.5   5.0  -3.8 99.0 99.00 
2025 01 10 11 40 314 13.0 15.7  1.82  5.88  4.61 346 1016.9  -0.5   5.0  -3.6 99.0 99.00 
2025 01 10 11 50 313 12.9 16.3 99.00 99.00 99.00 999 1016.9  -0.9   5.0  -4.1 99.0 99.00 
2025 01 10 12 00 315 12.4 15.3 99.00 99.00 99.00 999 1017.0  -1.0   5.0  -4.2 99.0 99.00 
2025 01 10 12 10 317 11.9 14.4  1.89  5.88  4.65 348 1017.1  -1.0   5.0  -4.1 99.0 99.00 
2025 01 10 12 20 317 12.1 14.7 99.00 99.00 99.00 999 1017.3  -1.0   4.9  -4.1 99.0 99.00 
2025 01 10 12 30 318 12.3 15.3 99.00 99.00 99.00 999 1017.1  -1.1   4.9  -4.2 99.0 99.00 
2025 01 10 12 40 315 12.5 15.5  1.77  5.56  4.55 342 1017.0  -1.1   4.9  -4.2 99.0 99.00 
2025 01 10 12 50 321 12.5 14.9 99.00 99.00 99.00 999 1017.1  -1.0   4.9  -4.0 99.0 99.00 
2025 01 10 13 00 318 12.6 16.0 99.00 99.00 99.00 999 1017.3  -0.8   4.9  -3.9 99.0 99.00 
2025 01 10 13 10 319 12.2 15.5  1.91  5.88  4.69 345 1017.3  -0.6   4.9  -3.6 99.0 99.00 
2025 01 10 13 20 319 12.5 14.8 99.00 99.00 99.00 999 1017.2  -0.6   4.9  -3.7 99.0 99.00 
2025 01 10 13 30 325 12.4 15.4 99.00 99.00 99.00 999 1017.1  -0.6   4.8  -3.9 99.0 99.00 
2025 01 10 13 40 327 12.3 16.2  1.84  5.56  4.63 344 1017.0  -0.6   4.8  -3.8 99.0 99.00 
2025 01 10 13 50 324 12.4 15.6 99.00 99.00 99.00 999 1017.0  -0.5   4.8  -3.7 99.0 99.00 
2025 01 10 14 00 324 12.7 15.4 99.00 99.00 99.00 999 1017.0  -0.5   4.8  -3.9 99.0 99.00 
2025 01 10 14 10 324 12.6 15.2  1.74  5.88  4.51 348 1017.2  -0.5   4.9  -3.8 99.0 99.00 
2025 01 10 14 20 320 12.2 14.7 99.00 99.00 99.00 999 1017.3  -0.5   4.8  -3.8 99.0 99.00 
2025 01 10 14 30 324 12.2 14.8 99.00 99.00 99.00 999 1017.3  -0.5   4.8  -3.7 99.0 99.00 
2025 01 10 14 40 326 12.1 14.9  1.73  5.56  4.44 349 1017.4  -0.5   4.8  -3.8 99.0 99.00 
2025 01 10 14 50 323 11.8 14.6 99.00 99.00 99.00 999 1017.5  -0.5   4.8  -3.8 99.0 99.00 
2025 01 10 15 00 324 11.9 14.6 99.00 99.00 99.00 999 1017.4  -0.4   4.9  -3.6 99.0 99.00 
2025 01 10 15 10 322 12.1 14.8  1.73  5.26  4.45 340 1017.2  -0.6   4.9  -4.0 99.0 99.00 
2025 01 10 15 20 325 11.3 13.5 99.00 99.00 99.00 999 1017.2  -0.6   4.9  -4.0 99.0 99.00 
2025 01 10 15 30 326 11.0 13.5 99.00 99.00 99.00 999 1017.2  -0.4   4.9  -3.7 99.0 99.00 
2025 01 10 15 40 324 11.8 14.0  1.65  5.00  4.37 343 1017.0  -0.4   5.0  -3.8 99.0 99.00 
2025 01 10 15 50 327 11.2 13.4 99.00 99.00 99.00 999 1016.9  -0.2   5.0  -3.4 99.0 99.00 
2025 01 10 16 00 323 11.3 14.6 99.00 99.00 99.00 999 1016.7   0.0   5.1  -3.1 99.0 99.00 
2025 01 10 16 10 327 10.8 13.2  1.51  5.00  4.36 337 1016.7   0.0   5.1  -3.3 99.0 99.00 
2025 01 10 16 20 328 10.5 13.0 99.00 99.00 99.00 999 1016.5   0.1   5.1  -3.2 99.0 99.00 
2025 01 10 16 30 329 10.4 13.3 99.00 99.00 99.00 999 1016.1   0.1   5.1  -3.3 99.0 99.00 
2025 01 10 16 40 330 10.5 13.4  1.48  5.26  4.36 340 1015.9   0.1   5.1  -3.5 99.0 99.00 
2025 01 10 16 50 333 10.4 12.5 99.00 99.00 99.00 999 1015.6   0.2   5.1  -3.5 99.0 99.00 
2025 01 10 17 00 328  9.9 12.8 99.00 99.00 99.00 999 1015.5   0.2   5.2  -3.4 99.0 99.00 
2025 01 10 17 10 326 10.2 13.1  1.58  5.26  4.44 343 1015.7   0.2   5.2  -3.5 99.0 99.00 
2025 01 10 17 20 324 10.2 12.7 99.00 99.00 99.00 999 1015.6   0.2   5.2  -3.5 99.0 99.00 
2025 01 10 17 30 322  9.9 13.2 99.00 99.00 99.00 999 1015.4   0.3   5.2  -3.2 99.0 99.00 
2025 01 10 17 40 323  9.7 12.1  1.40  5.26  4.21 328 1015.4   0.4   5.2  -3.1 99.0 99.00 
2025 01 10 17 50 321  9.8 12.1 99.00 99.00 99.00 999 1015.3   0.3   5.3  -3.3 99.0 99.00 
2025 01 10 18 00 318  9.9 12.6 99.00 99.00 99.00 999 1015.5   0.4   5.3  -3.3 99.0 99.00 
2025 01 10 18 10 319 10.0 12.1  1.35  5.26  4.24 337 1015.3   0.4   5.4  -3.5 99.0 99.00 
2025 01 10 18 20 319 10.0 12.3 99.00 99.00 99.00 999 1015.2   0.4   5.4  -3.7 99.0 99.00 
2025 01 10 18 30 319  9.3 11.7 99.00 99.00 99.00 999 1015.2   0.5   5.4  -3.7 99.0 99.00 
2025 01 10 18 40 316  8.6 10.6  1.38  5.00  4.29 337 1015.2   0.7   5.5  -3.6 99.0 99.00 
2025 01 10 18 50 316  8.4 10.1 99.00 99.00 99.00 999 1014.8   0.7   5.5  -3.9 99.0 99.00 
2025 01 10 19 00 312  7.8  9.6 99.00 99.00 99.00 999 1015.1   0.9   5.5  -3.8 99.0 99.00 
2025 01 10 19 10 307  7.3  8.8  1.29  5.26  4.33 337 1015.0   1.0   5.5  -3.8 99.0 99.00 
2025 01 10 19 20 307  7.8  9.4 99.00 99.00 99.00 999 1014.9   1.1   5.6  -4.0 99.0 99.00 
2025 01 10 19 30 307  7.6  9.3 99.00 99.00 99.00 999 1014.9   1.1   5.6  -4.0 99.0 99.00 
2025 01 10 19 40 305  7.5  9.8  1.15  5.00  4.18 339 1015.0   1.2   5.6  -4.0 99.0 99.00 
2025 01 10 19 50 307  7.7  9.8 99.00 99.00 99.00 999 1014.8   1.3   5.6  -4.1 99.0 99.00 
2025 01 10 20 00 312  7.7  9.8 99.00 99.00 99.00 999 1014.8   1.4   5.6  -4.0 99.0 99.00 
2025 01 10 20 10 308  7.6  9.5  1.14  4.55  4.08 345 1014.9   1.4   5.6  -4.3 99.0 99.00 
2025 01 10 20 20 310  7.4  9.0 99.00 99.00 99.00 999 1014.6   1.6   5.6  -4.0 99.0 99.00 
2025 01 10 20 30 316  7.6  9.1 99.00 99.00 99.00 999 1014.1   1.8   5.6  -4.2 99.0 99.00 
2025 01 10 20 40 307  6.7  8.6  1.07  5.00  4.06 348 1014.1   1.9   5.6  -3.9 99.0 99.00 
2025 01 10 20 50 310  6.0  7.7 99.00 99.00 99.00 999 1013.9   1.9   5.7  -3.8 99.0 99.00 
2025 01 10 21 00 302  5.7  8.0 99.00 99.00 99.00 999 1013.7   1.8   5.7  -3.9 99.0 99.00 
2025 01 10 21 10 306  5.2  6.5  1.04  4.55  4.05 343 1013.5   1.7   5.7  -4.2 99.0 99.00 
2025 01 10 21 20 295  5.4  7.1 99.00 99.00 99.00 999 1014.1   1.7   5.7  -3.8 99.0 99.00 
2025 01 10 21 30 276  6.5  8.2 99.00 99.00 99.00 999 1014.1   1.6   5.7  -3.7 99.0 99.00 
2025 01 10 21 40 280  6.5  8.2  0.96  5.00  4.07 353 1014.5   1.5   5.7  -4.0 99.0 99.00 
2025 01 10 21 50 289  6.1  7.7 99.00 99.00 99.00 999 1014.0   1.4   5.7  -4.2 99.0 99.00 
2025 01 10 22 00 291  5.5  7.4 99.00 99.00 99.00 999 1013.5   1.4   5.7  -4.4 99.0 99.00 
2025 01 10 22 10 303  4.7  6.2  0.92  4.35  3.91 337 1012.7   1.3   5.7  -4.8 99.0 99.00 
2025 01 10 22 20 310  4.4  5.6 99.00 99.00 99.00 999 1012.2   1.4   5.7  -4.5 99.0 99.00 
2025 01 10 22 30 300  4.8  6.1 99.00 99.00 99.00 999 1012.8   1.4   5.7  -4.6 99.0 99.00 
2025 01 10 22 40 288  5.0  6.2  0.85  4.55  3.92 345 1013.4   1.5   5.7  -4.0 99.0 99.00 
2025 01 10 22 50 281  6.5  8.7 99.00 99.00 99.00 999 1013.7   1.5   5.7  -3.9 99.0 99.00 
2025 01 10 23 00 282  6.4  7.8 99.00 99.00 99.00 999 1013.2   1.3   5.7  -4.2 99.0 99.00 
2025 01 10 23 10 285  6.1  7.3  0.81  4.76  3.80 358 1012.9   1.3   5.7  -4.1 99.0 99.00 
2025 01 10 23 20 290  5.4  7.4 99.00 99.00 99.00 999 1012.2   1.2   5.7  -4.2 99.0 99.00 
2025 01 10 23 30 283  5.3  6.5 99.00 99.00 99.00 999 1012.4   1.2   5.7  -4.4 99.0 99.00 
2025 01 10 23 40 285  5.9  7.6  0.78  3.85  3.71 337 1013.1   1.2   5.7  -4.1 99.0 99.00 
2025 01 10 23 50 283  6.1  7.5 99.00 99.00 99.00 999 1013.2   1.2   5.7  -4.0 99.0 99.00 
2025 01 11 00 00 279  6.3  7.9 99.00 99.00 99.00 999 1012.8   1.3   5.7  -3.7 99.0 99.00 
2025 01 11 00 10 285  5.9  7.1  0.81  4.35  3.66 352 1012.7   1.1   5.6  -4.1 99.0 99.00 
2025 01 11 00 20 293  5.3  6.7 99.00 99.00 99.00 999 1012.4   1.0   5.6  -4.1 99.0 99.00 
2025 01 11 00 30 294  5.4  6.6 99.00 99.00 99.00 999 1012.7   1.0   5.5  -3.9 99.0 99.00 
2025 01 11 00 40 295  5.1  6.4  0.75  4.17  3.84 359 1012.4   1.0   5.5  -4.2 99.0 99.00 
2025 01 11 00 50 285  5.6  6.9 99.00 99.00 99.00 999 1012.9   1.0   5.5  -4.1 99.0 99.00 
2025 01 11 01 00 283  5.7  6.8 99.00 99.00 99.00 999 1012.5   1.0   5.5  -4.2 99.0 99.00 
2025 01 11 01 10 288  5.2  6.8  0.71  4.35  3.64 355 1012.2   1.0   5.5  -4.1 99.0 99.00 
2025 01 11 01 20 292  5.1  6.4 99.00 99.00 99.00 999 1012.0   1.1   5.5  -4.1 99.0 99.00 
2025 01 11 01 30 302  4.4  5.7 99.00 99.00 99.00 999 1011.6   1.0   5.5  -4.3 99.0 99.00 
2025 01 11 01 40 298  4.6  6.0  0.73  4.00  3.66 348 1011.6   1.0   5.5  -4.3 99.0 99.00 
2025 01 11 01 50 295  4.9  6.0 99.00 99.00 99.00 999 1011.7   1.1   5.5  -4.4 99.0 99.00 
2025 01 11 02 00 302  5.0  6.6 99.00 99.00 99.00 999 1011.0   1.2   5.4  -4.4 99.0 99.00 
2025 01 11 02 10 301  5.3  6.3  0.68  3.23  3.64 334 1011.5   1.3   5.4  -4.6 99.0 99.00 
2025 01 11 02 20 298  5.2  6.6 99.00 99.00 99.00 999 1011.1   1.3   5.3  -4.8 99.0 99.00 
2025 01 11 02 30 295  5.1  6.6 99.00 99.00 99.00 999 1010.8   1.3   5.3  -4.8 99.0 99.00 
2025 01 11 02 40 294  4.0  5.3  0.69  3.23  3.62 326 1010.8   1.2   5.3  -5.2 99.0 99.00 
2025 01 11 02 50 289  3.3  4.3 99.00 99.00 99.00 999 1010.8   1.3   5.2  -5.0 99.0 99.00 
2025 01 11 03 00 288  3.5  4.6 99.00 99.00 99.00 999 1010.6   1.4   5.2  -5.1 99.0 99.00 
2025 01 11 03 10 281  2.8  4.3  0.61  3.13  3.63 331 1010.0   1.3   5.2  -5.2 99.0 99.00 
2025 01 11 03 20 279  2.3  4.0 99.00 99.00 99.00 999 1009.9   1.4   5.1  -4.8 99.0 99.00 
2025 01 11 03 30 271  2.8  3.7 99.00 99.00 99.00 999 1009.9   1.4   5.1  -5.0 99.0 99.00 
2025 01 11 03 40 263  2.8  3.9  0.59 13.79  3.81 104 1010.1   1.4   5.1  -5.0 99.0 99.00 
2025 01 11 03 50 255  3.2  4.5 99.00 99.00 99.00 999 1009.9   1.4   5.0  -5.0 99.0 99.00 
2025 01 11 04 00 243  2.9  4.5 99.00 99.00 99.00 999 1009.2   1.4   5.0  -4.8 99.0 99.00 
2025 01 11 04 10 242  3.2  4.7  0.55 12.90  4.03 115 1009.4   1.4   5.1  -4.7 99.0 99.00 
2025 01 11 04 20 231  4.0  5.8 99.00 99.00 99.00 999 1009.9   1.5   5.2  -4.3 99.0 99.00 
2025 01 11 04 30 236  5.0  6.6 99.00 99.00 99.00 999 1009.8   1.6   5.2  -4.1 99.0 99.00 
2025 01 11 04 40 233  5.9  7.3  0.54 10.81  3.94 106 1009.9   1.7   5.2  -3.7 99.0 99.00 
2025 01 11 04 50 236  5.6  7.7 99.00 99.00 99.00 999 1009.5   1.8   5.1  -3.6 99.0 99.00 
2025 01 11 05 00 233  7.4  9.2 99.00 99.00 99.00 999 1009.7   2.1   5.1  -3.1 99.0 99.00 
2025 01 11 05 10 235  7.3  9.4  0.56 12.90  3.53 108 1009.4   2.1   5.1  -3.0 99.0 99.00 
2025 01 11 05 20 232  8.0 10.5 99.00 99.00 99.00 999 1009.2   1.8   5.1  -2.1 99.0 99.00 
2025 01 11 05 30 240  7.4  9.1 99.00 99.00 99.00 999 1009.1   1.3   5.1  -1.1 99.0 99.00 
2025 01 11 05 40 237  7.3  9.2  0.61  3.03  3.57 228 1008.6   0.8   5.1  -0.8 99.0 99.00 
2025 01 11 05 50 252  6.8  8.1 99.00 99.00 99.00 999 1008.7   0.5   5.1  -0.9 99.0 99.00 
2025 01 11 06 00 247  6.8  8.4 99.00 99.00 99.00 999 1008.1   0.6   5.1  -0.6 99.0 99.00 
2025 01 11 06 10 243  6.6  8.2  0.66  3.13  3.53 231 1007.7   0.6   5.1  -0.5 99.0 99.00 
2025 01 11 06 20 246  6.6  8.6 99.00 99.00 99.00 999 1007.4   0.6   5.1  -0.4 99.0 99.00 
2025 01 11 06 30 250  6.0  8.0 99.00 99.00 99.00 999 1007.3   0.6   5.1  -0.6 99.0 99.00 
2025 01 11 06 40 248  6.0  7.9  0.70  3.57  3.69 216 1007.2   0.7   5.1  -0.7 99.0 99.00 
2025 01 11 06 50 239  5.6  7.3 99.00 99.00 99.00 999 1007.1   0.7   5.1  -0.8 99.0 99.00 
2025 01 11 07 00 237  4.9  6.7 99.00 99.00 99.00 999 1006.4   0.6   5.2  -0.8 99.0 99.00 
2025 01 11 07 10 236  4.0  5.5  0.65  3.57  3.74 214 1006.3   0.6   5.2  -0.6 99.0 99.00 
2025 01 11 07 20 234  3.8  5.3 99.00 99.00 99.00 999 1005.8   0.6   5.2  -0.5 99.0 99.00 
2025 01 11 07 30 220  3.5  4.3 99.00 99.00 99.00 999 1005.2   0.6   5.2  -0.4 99.0 99.00 
2025 01 11 07 40 223  3.2  4.1  0.67  3.45  3.75 220 1004.9   0.6   5.2  -0.3 99.0 99.00 
2025 01 11 07 50 213  3.1  4.5 99.00 99.00 99.00 999 1004.7   0.8   5.2   0.0 99.0 99.00 
2025 01 11 08 00 216  2.8  3.6 99.00 99.00 99.00 999 1004.6   0.9   5.2   0.2 99.0 99.00 
2025 01 11 08 10 220  3.2  4.1  0.59  3.57  3.85 217 1004.2   1.1   5.3   0.5 99.0 99.00 
2025 01 11 08 20 221  3.3  4.3 99.00 99.00 99.00 999 1003.9   1.2   5.3   0.6 99.0 99.00 
2025 01 11 08 30 225  3.0  3.8 99.00 99.00 99.00 999 1003.7   1.2   5.3   0.7 99.0 99.00 
2025 01 11 08 40 233  3.1  4.0  0.61  3.70  3.80 207 1003.6   1.2   5.3   0.8 99.0 99.00 
2025 01 11 08 50 237  3.0  3.7 99.00 99.00 99.00 999 1003.4   1.1   5.2   0.7 99.0 99.00 
2025 01 11 09 00 235  2.8  3.7 99.00 99.00 99.00 999 1002.7   1.2   5.0   0.9 99.0 99.00 
2025 01 11 09 10 228  2.3  3.3  0.67  3.85  3.97 204 1002.3   1.1   5.2   0.8 99.0 99.00 
2025 01 11 09 20 233  2.1  3.0 99.00 99.00 99.00 999 1002.2   1.1   5.3   0.8 99.0 99.00 
2025 01 11 09 30 231  1.7  2.3 99.00 99.00 99.00 999 1001.8   1.1   5.3   0.8 99.0 99.00 
2025 01 11 09 40 238  2.0  2.8  0.65  4.35  3.88 192 1002.1   1.1   5.2   0.8 99.0 99.00 
2025 01 11 09 50 242  1.7  2.8 99.00 99.00 99.00 999 1001.1   1.1   5.2   0.8 99.0 99.00 
2025 01 11 10 00 230  1.2  1.7 99.00 99.00 99.00 999 1001.2   1.1   5.2   0.8 99.0 99.00 
2025 01 11 10 10 238  1.2  1.8  0.68  4.17  3.96 205 1000.9   1.1   5.1   0.8 99.0 99.00 
2025 01 11 10 20 253  1.3  2.0 99.00 99.00 99.00 999 1000.4   1.1   5.3   0.8 99.0 99.00 
2025 01 11 10 30 274  1.1  1.9 99.00 99.00 99.00 999 1000.2   1.1   5.1   0.8 99.0 99.00 
2025 01 11 10 40 295  1.5  2.3  0.66  4.17  4.07 203 1000.2   1.1   5.2   0.8 99.0 99.00 
2025 01 11 10 50 273  1.5  2.2 99.00 99.00 99.00 999 1000.2   1.1   5.2   0.8 99.0 99.00 
2025 01 11 11 00 274  1.5  2.5 99.00 99.00 99.00 999 1000.0   1.1   5.0   0.9 99.0 99.00 
2025 01 11 11 10 256  1.5  2.0  0.60 14.81  4.17  72 1000.1   1.1   5.0   0.9 99.0 99.00 
2025 01 11 11 20 281  0.8  1.4 99.00 99.00 99.00 999  999.3   1.0   4.9   0.8 99.0 99.00 
2025 01 11 11 30 299  0.5  1.6 99.00 99.00 99.00 999  999.6   1.1   4.8   0.9 99.0 99.00 
2025 01 11 11 40 305  1.7  2.6  0.59  4.17  4.23 207  999.5   1.2   4.9   1.0 99.0 99.00 
2025 01 11 11 50 296  2.5  4.3 99.00 99.00 99.00 999  999.9   1.3   4.9   1.1 99.0 99.00 
2025 01 11 12 00 284  4.1  5.2 99.00 99.00 99.00 999  999.3   1.5   4.9   1.2 99.0 99.00 
2025 01 11 12 10 285  4.9  6.5  0.62  4.17  4.35 210  999.3   1.4   4.8   0.9 99.0 99.00 
2025 01 11 12 20 286  5.2  6.5 99.00 99.00 99.00 999  999.5   1.4   4.8   0.5 99.0 99.00 
2025 01 11 12 30 297  5.8  6.9 99.00 99.00 99.00 999  999.5   1.4   4.8   0.4 99.0 99.00 
2025 01 11 12 40 295  5.6  6.9  0.61  5.00  4.40 187  999.8   1.3   4.9   0.1 99.0 99.00 
2025 01 11 12 50 301  5.8  7.1 99.00 99.00 99.00 999  999.4   1.2   4.9  -0.1 99.0 99.00 
2025 01 11 13 00 305  6.7  8.4 99.00 99.00 99.00 999  999.4   1.1   4.9  -0.3 99.0 99.00 
2025 01 11 13 10 309  7.3  8.7  0.63  4.76  4.47 188  999.5   1.0   4.9  -0.4 99.0 99.00 
2025 01 11 13 20 308  7.9  9.7 99.00 99.00 99.00 999  999.8   1.0   4.9  -0.4 99.0 99.00 
2025 01 11 13 30 308  8.3 10.1 99.00 99.00 99.00 999  999.9   0.8   4.9  -0.6 99.0 99.00 
2025 01 11 13 40 311  8.4 10.1  0.65 12.90  3.68  81  999.9   0.8   4.9  -0.7 99.0 99.00 
2025 01 11 13 50 313  9.1 11.2 99.00 99.00 99.00 999  999.7   0.7   5.0  -0.9 99.0 99.00 
2025 01 11 14 00 315  9.0 10.7 99.00 99.00 99.00 999  999.6   0.6   5.1  -1.0 99.0 99.00 
2025 01 11 14 10 316  9.0 11.3  0.73 13.79  3.58  57  999.6   0.6   4.9  -0.9 99.0 99.00 
2025 01 11 14 20 327  8.5 10.4 99.00 99.00 99.00 999  999.5   0.7   4.9  -0.9 99.0 99.00 
2025 01 11 14 30 327  9.0 11.1 99.00 99.00 99.00 999  999.5   0.9   5.0  -0.9 99.0 99.00 
2025 01 11 14 40 325  9.3 11.7  0.82 13.79  3.41  88  999.7   0.9   5.0  -0.9 99.0 99.00 
2025 01 11 14 50 321  9.5 11.9 99.00 99.00 99.00 999  999.9   0.9   5.0  -0.9 99.0 99.00 
2025 01 11 15 00 316  9.8 12.1 99.00 99.00 99.00 999 1000.1   0.9   5.0  -0.9 99.0 99.00 
2025 01 11 15 10 318 10.2 12.1  0.88  3.13  3.32 319 1000.2   0.8   5.0  -0.9 99.0 99.00 
2025 01 11 15 20 317  9.7 12.0 99.00 99.00 99.00 999 1000.2   0.7   5.0  -1.0 99.0 99.00 
2025 01 11 15 30 318  9.9 12.6 99.00 99.00 99.00 999 1000.1   0.6   5.0  -1.0 99.0 99.00 
2025 01 11 15 40 316  9.6 11.8  0.93  3.57  3.43 319  999.9   0.7   5.0  -0.9 99.0 99.00 
2025 01 11 15 50 311  9.9 12.0 99.00 99.00 99.00 999  999.8   0.6   5.0  -1.0 99.0 99.00 
2025 01 11 16 00 317  9.7 12.9 99.00 99.00 99.00 999  999.6   0.5   5.0  -1.2 99.0 99.00 
2025 01 11 16 10 316 10.3 12.4  1.00  3.70  3.64 326  999.5   0.4   4.9  -1.4 99.0 99.00 
2025 01 11 16 20 321 10.2 12.5 99.00 99.00 99.00 999  999.4   0.4   5.0  -1.6 99.0 99.00 
2025 01 11 16 30 316 11.2 13.7 99.00 99.00 99.00 999  999.4   0.3   4.9  -1.8 99.0 99.00 
2025 01 11 16 40 319 11.0 13.3  1.00  3.70  3.63 331  999.4   0.3   4.8  -1.8 99.0 99.00 
2025 01 11 16 50 318 10.3 12.7 99.00 99.00 99.00 999  999.4   0.3   4.7  -1.7 99.0 99.00 
2025 01 11 17 00 317 10.5 13.1 99.00 99.00 99.00 999  999.3   0.2   4.6  -1.9 99.0 99.00 
2025 01 11 17 10 312 10.6 13.8  1.03  3.85  3.74 332  999.2   0.2   4.6  -1.8 99.0 99.00 
2025 01 11 17 20 310 10.3 12.8 99.00 99.00 99.00 999  999.3   0.2   4.6  -1.8 99.0 99.00 
2025 01 11 17 30 309 10.4 13.3 99.00 99.00 99.00 999  999.3   0.3   4.5  -1.7 99.0 99.00 
2025 01 11 17 40 310 10.6 13.2  1.03  4.35  3.68 323  999.3   0.2   4.4  -2.0 99.0 99.00 
2025 01 11 17 50 307 11.7 15.2 99.00 99.00 99.00 999  999.4   0.1   4.5  -2.3 99.0 99.00 
2025 01 11 18 00 309 11.3 14.3 99.00 99.00 99.00 999  999.6   0.1   4.7  -2.4 99.0 99.00 
2025 01 11 18 10 315 10.7 13.6  1.05  4.35  3.79 331  999.4   0.2   4.9  -2.4 99.0 99.00 
2025 01 11 18 20 312 10.5 13.2 99.00 99.00 99.00 999  999.6   0.4   5.0  -2.0 99.0 99.00 
2025 01 11 18 30 314 10.7 13.8 99.00 99.00 99.00 999  999.7   0.4   5.2  -2.2 99.0 99.00 
2025 01 11 18 40 306 11.3 13.8  0.94  4.55  3.72 328  999.7   0.5   5.8  -2.0 99.0 99.00 
2025 01 11 18 50 308 11.1 13.3 99.00 99.00 99.00 999  999.8   0.6   6.2  -2.0 99.0 99.00 
2025 01 11 19 00 307 10.9 13.6 99.00 99.00 99.00 999 1000.2   0.7   6.5  -2.0 99.0 99.00 
2025 01 11 19 10 304 10.7 13.6  1.14  4.76  3.98 314 1000.1   0.7   6.7  -2.0 99.0 99.00 
2025 01 11 19 20 306 10.6 13.9 99.00 99.00 99.00 999 1000.4   0.9   6.8  -1.8 99.0 99.00 
2025 01 11 19 30 309 11.4 14.6 99.00 99.00 99.00 999 1000.6   1.0   6.9  -1.9 99.0 99.00 
2025 01 11 19 40 311 11.8 14.9  1.39  5.00  4.21 315 1000.9   1.1   7.0  -2.1 99.0 99.00 
2025 01 11 19 50 303 12.0 14.4 99.00 99.00 99.00 999 1001.1   1.1   7.0  -2.3 99.0 99.00 
2025 01 11 20 00 303 11.6 14.4 99.00 99.00 99.00 999 1001.3   1.2   7.1  -2.2 99.0 99.00 
2025 01 11 20 10 305 12.0 14.7  1.57  5.00  4.36 326 1001.4   1.3   7.1  -2.2 99.0 99.00 
2025 01 11 20 20 308 12.0 14.8 99.00 99.00 99.00 999 1001.6   1.3   7.1  -2.3 99.0 99.00 
2025 01 11 20 30 311 11.8 15.1 99.00 99.00 99.00 999 1001.8   1.4   7.1  -2.1 99.0 99.00 
2025 01 11 20 40 308 12.5 15.9  1.62  5.00  4.47 326 1002.2   1.5   7.1  -2.2 99.0 99.00 
2025 01 11 20 50 309 12.6 15.7 99.00 99.00 99.00 999 1002.4   1.6   7.1  -2.0 99.0 99.00 
2025 01 11 21 00 313 12.0 15.3 99.00 99.00 99.00 999 1002.7   1.7   7.1  -1.8 99.0 99.00 
2025 01 11 21 10 308 12.1 15.4  1.72  5.56  4.58 331 1003.0   1.8   7.1  -1.7 99.0 99.00 
2025 01 11 21 20 307 12.9 15.5 99.00 99.00 99.00 999 1003.2   1.8   7.1  -2.1 99.0 99.00 
2025 01 11 21 30 307 13.0 15.5 99.00 99.00 99.00 999 1003.5   1.8   7.1  -2.3 99.0 99.00 
2025 01 11 21 40 306 12.2 17.0  1.75  5.56  4.59 333 1003.7   1.9   7.1  -2.1 99.0 99.00 
2025 01 11 21 50 307 13.3 18.0 99.00 99.00 99.00 999 1004.0   1.9   7.1  -2.3 99.0 99.00 
2025 01 11 22 00 303 13.2 16.3 99.00 99.00 99.00 999 1004.1   2.0   7.1  -2.1 99.0 99.00 
2025 01 11 22 10 311 12.6 15.9  1.77  5.88  4.70 330 1004.2   2.0   7.1  -2.0 99.0 99.00 
2025 01 11 22 20 311 12.6 16.0 99.00 99.00 99.00 999 1004.5   2.1   7.1  -1.9 99.0 99.00 
2025 01 11 22 30 312 13.0 16.1 99.00 99.00 99.00 999 1004.7   2.1   7.1  -2.0 99.0 99.00 
2025 01 11 22 40 310 11.9 15.5  1.75  5.56  4.63 333 1005.0   2.2   7.1  -1.8 99.0 99.00 
2025 01 11 22 50 309 11.9 14.5 99.00 99.00 99.00 999 1005.3   2.2   7.1  -1.8 99.0 99.00 
2025 01 11 23 00 310 11.7 14.8 99.00 99.00 99.00 999 1005.5   2.3   7.1  -1.7 99.0 99.00 
2025 01 11 23 10 311 12.2 15.9  1.63  5.56  4.58 328 1005.8   2.3   7.1  -1.8 99.0 99.00 
2025 01 11 23 20 310 12.3 15.7 99.00 99.00 99.00 999 1005.9   2.3   7.1  -1.9 99.0 99.00 
2025 01 11 23 30 314 12.0 15.2 99.00 99.00 99.00 999 1006.0   2.3   7.1  -1.9 99.0 99.00 
2025 01 11 23 40 313 12.5 15.6  1.67  5.26  4.50 328 1006.3   2.4   7.1  -1.7 99.0 99.00 
2025 01 11 23 50 312 12.7 16.4 99.00 99.00 99.00 999 1006.5   2.4   7.1  -1.8 99.0 99.00 
2025 01 12 00 00 313 13.0 16.8 99.00 99.00 99.00 999 1006.8   2.3   7.1  -2.0 99.0 99.00 
2025 01 12 00 10 315 13.2 16.5  1.70  5.56  4.55 335 1006.8   2.4   7.1  -1.9 99.0 99.00 
2025 01 12 00 20 316 13.2 17.2 99.00 99.00 99.00 999 1007.0   2.4   7.0  -2.0 99.0 99.00 
2025 01 12 00 30 313 13.0 17.2 99.00 99.00 99.00 999 1007.4   2.4   7.0  -2.0 99.0 99.00 
2025 01 12 00 40 309 12.4 15.8  1.72  5.26  4.44 332 1007.5   2.3   7.0  -2.1 99.0 99.00 
2025 01 12 00 50 311 12.1 14.7 99.00 99.00 99.00 999 1007.5   2.3   7.0  -1.8 99.0 99.00 
2025 01 12 01 00 311 12.4 15.4 99.00 99.00 99.00 999 1007.9   2.3   7.0  -1.9 99.0 99.00 
2025 01 12 01 10 307 12.6 15.8  1.61  5.26  4.31 331 1008.2   2.2   7.0  -2.2 99.0 99.00 
2025 01 12 01 20 312 12.5 15.9 99.00 99.00 99.00 999 1008.2   2.1   7.0  -2.3 99.0 99.00 
2025 01 12 01 30 311 12.4 15.3 99.00 99.00 99.00 999 1008.4   2.2   7.0  -2.1 99.0 99.00 
2025 01 12 01 40 312 12.3 15.7  1.55  5.56  4.31 336 1008.6   2.2   7.0  -2.2 99.0 99.00 
2025 01 12 01 50 310 12.4 16.0 99.00 99.00 99.00 999 1008.8   2.2   7.0  -2.1 99.0 99.00 
2025 01 12 02 00 311 12.5 15.8 99.00 99.00 99.00 999 1008.9   2.1   6.9  -2.3 99.0 99.00 
2025 01 12 02 10 316 12.0 14.7  1.58  5.56  4.27 325 1009.1   2.1   6.9  -2.2 99.0 99.00 
2025 01 12 02 20 314 12.4 16.0 99.00 99.00 99.00 999 1009.4   2.1   6.9  -2.4 99.0 99.00 
2025 01 12 02 30 313 12.3 15.3 99.00 99.00 99.00 999 1009.5   2.0   6.9  -2.4 99.0 99.00 
2025 01 12 02 40 315 12.1 15.9  1.50  5.26  4.17 330 1009.7   2.1   6.9  -2.2 99.0 99.00 
2025 01 12 02 50 315 11.7 14.7 99.00 99.00 99.00 999 1009.9   2.0   6.9  -2.4 99.0 99.00 
2025 01 12 03 00 311 11.6 15.2 99.00 99.00 99.00 999 1010.2   1.9   6.8  -2.5 99.0 99.00 
2025 01 12 03 10 311 11.6 15.9  1.48  5.56  4.10 326 1010.2   1.9   6.8  -2.5 99.0 99.00 
2025 01 12 03 20 312 11.7 15.2 99.00 99.00 99.00 999 1010.4   2.0   6.8  -2.2 99.0 99.00 
2025 01 12 03 30 313 11.3 13.7 99.00 99.00 99.00 999 1010.5   1.9   6.8  -2.4 99.0 99.00 
2025 01 12 03 40 313 11.5 13.9  1.53  5.26  4.25 329 1010.8   1.9   6.7  -2.4 99.0 99.00 
2025 01 12 03 50 308 11.8 14.5 99.00 99.00 99.00 999 1010.8   1.9   6.7  -2.5 99.0 99.00 
2025 01 12 04 00 309 12.2 15.1 99.00 99.00 99.00 999 1010.9   1.8   6.7  -2.6 99.0 99.00 
2025 01 12 04 10 310 11.9 15.4  1.41  4.55  4.09 325 1011.0   1.8   6.7  -2.4 99.0 99.00 
2025 01 12 04 20 312 11.7 14.6 99.00 99.00 99.00 999 1011.2   1.7   6.7  -2.7 99.0 99.00 
2025 01 12 04 30 313 11.9 15.2 99.00 99.00 99.00 999 1011.4   1.7   6.7  -2.6 99.0 99.00 
2025 01 12 04 40 310 11.4 14.6  1.51  4.76  4.19 328 1011.7   1.8   6.7  -2.3 99.0 99.00 
2025 01 12 04 50 308 11.5 14.7 99.00 99.00 99.00 999 1011.8   1.8   6.7  -2.2 99.0 99.00 
2025 01 12 05 00 307 12.0 14.1 99.00 99.00 99.00 999 1012.2   1.7   6.6  -2.5 99.0 99.00 
2025 01 12 05 10 304 11.2 14.1  1.35  5.26  3.97 326 1012.3   1.6   6.6  -2.6 99.0 99.00 
2025 01 12 05 20 302 11.6 14.3 99.00 99.00 99.00 999 1012.4   1.5   5.3  -2.8 99.0 99.00 
2025 01 12 05 30 302 11.4 13.7 99.00 99.00 99.00 999 1012.5   1.5   5.6  -2.6 99.0 99.00 
2025 01 12 05 40 304 11.3 15.2  1.35  5.00  4.02 329 1012.5   1.5   5.7  -2.6 99.0 99.00 
2025 01 12 05 50 305 11.9 14.7 99.00 99.00 99.00 999 1012.3   1.4   5.6  -3.0 99.0 99.00 
2025 01 12 06 00 309 11.7 14.8 99.00 99.00 99.00 999 1012.3   1.5   5.7  -2.6 99.0 99.00 
2025 01 12 06 10 308 11.3 14.8  1.30  5.00  4.05 334 1012.4   1.5   5.9  -2.5 99.0 99.00 
2025 01 12 06 20 308 11.5 14.8 99.00 99.00 99.00 999 1012.6   1.5   5.7  -2.6 99.0 99.00 
2025 01 12 06 30 304 11.7 14.5 99.00 99.00 99.00 999 1012.6   1.5   5.9  -2.7 99.0 99.00 
2025 01 12 06 40 307 11.5 14.8  1.21  4.55  3.99 321 1012.8   1.5   6.4  -2.6 99.0 99.00 
2025 01 12 06 50 308 11.3 13.8 99.00 99.00 99.00 999 1012.9   1.6   6.5  -2.6 99.0 99.00 
2025 01 12 07 00 308 11.7 14.8 99.00 99.00 99.00 999 1013.2   1.6   6.5  -2.6 99.0 99.00 
2025 01 12 07 10 305 11.5 14.1  1.30  4.76  4.00 328 1013.6   1.6   6.5  -2.6 99.0 99.00 
2025 01 12 07 20 302 11.8 14.8 99.00 99.00 99.00 999 1013.6   1.5   6.5  -2.7 99.0 99.00 
2025 01 12 07 30 305 11.1 13.7 99.00 99.00 99.00 999 1013.7   1.5   6.5  -2.4 99.0 99.00 
2025 01 12 07 40 305 11.2 13.5  1.35  4.76  4.22 326 1013.9   1.5   6.5  -2.4 99.0 99.00 
2025 01 12 07 50 305 10.7 13.3 99.00 99.00 99.00 999 1014.2   1.5   6.5  -2.2 99.0 99.00 
2025 01 12 08 00 303 10.9 13.7 99.00 99.00 99.00 999 1014.0   1.5   6.5  -2.2 99.0 99.00 
2025 01 12 08 10 303 11.0 13.6  1.41  5.00  4.22 334 1014.0   1.4   6.4  -2.3 99.0 99.00 
2025 01 12 08 20 301 11.0 13.4 99.00 99.00 99.00 999 1014.2   1.4   6.4  -2.3 99.0 99.00 
2025 01 12 08 30 304 10.8 13.2 99.00 99.00 99.00 999 1014.0   1.5   6.4  -2.0 99.0 99.00 
2025 01 12 08 40 305 10.7 13.4  1.36  5.00  4.17 342 1014.3   1.6   6.4  -1.8 99.0 99.00 
2025 01 12 08 50 308 10.6 13.0 99.00 99.00 99.00 999 1014.1   1.7   6.4  -1.7 99.0 99.00 
2025 01 12 09 00 314 11.1 14.3 99.00 99.00 99.00 999 1014.0   1.7   6.3  -1.9 99.0 99.00 
2025 01 12 09 10 314 10.7 13.6  1.35  5.00  4.24 329 1014.1   1.8   6.3  -1.7 99.0 99.00 
2025 01 12 09 20 315 10.8 13.2 99.00 99.00 99.00 999 1014.2   1.8   6.3  -1.8 99.0 99.00 
2025 01 12 09 30 320 10.6 13.6 99.00 99.00 99.00 999 1014.4   1.9   6.1  -1.7 99.0 99.00 
2025 01 12 09 40 324 10.6 13.4  1.44  4.76  4.39 332 1014.2   1.9   6.0  -1.8 99.0 99.00 
2025 01 12 09 50 324 10.3 12.8 99.00 99.00 99.00 999 1014.2   1.9   5.9  -1.9 99.0 99.00 
2025 01 12 10 00 324 10.3 12.7 99.00 99.00 99.00 999 1014.1   1.9   5.9  -1.9 99.0 99.00 
2025 01 12 10 10 328  9.9 12.8  1.37  5.00  4.36 338 1014.5   2.1   5.9  -1.5 99.0 99.00 
2025 01 12 10 20 326 10.3 12.9 99.00 99.00 99.00 999 1014.7   2.0   5.9  -2.0 99.0 99.00 
2025 01 12 10 30 324  9.5 12.0 99.00 99.00 99.00 999 1014.9   2.1   5.9  -1.7 99.0 99.00 
2025 01 12 10 40 329  9.8 12.1  1.39  5.56  4.46 354 1014.9   2.1   5.9  -2.1 99.0 99.00 
2025 01 12 10 50 329  9.2 11.8 99.00 99.00 99.00 999 1015.2   2.2   5.9  -1.9 99.0 99.00 
2025 01 12 11 00 328  8.5 10.7 99.00 99.00 99.00 999 1015.3   2.1   5.9  -2.2 99.0 99.00 
2025 01 12 11 10 328  8.5 10.7  1.29  5.26  4.32 337 1015.2   2.1   6.0  -2.2 99.0 99.00 
2025 01 12 11 20 328  8.3  9.9 99.00 99.00 99.00 999 1015.3   2.1   6.0  -2.0 99.0 99.00 
2025 01 12 11 30 326  8.1  9.3 99.00 99.00 99.00 999 1015.4   2.1   6.0  -1.9 99.0 99.00 
2025 01 12 11 40 328  7.4  9.6  1.26  5.00  4.29 342 1015.3   2.2   6.0  -1.6 99.0 99.00 
2025 01 12 11 50 318  7.3  9.5 99.00 99.00 99.00 999 1015.4   2.1   6.0  -1.4 99.0 99.00 
2025 01 12 12 00 319  7.6  9.4 99.00 99.00 99.00 999 1015.6   1.9   6.0  -1.6 99.0 99.00 
2025 01 12 12 10 318  7.6  9.9  1.22  5.26  4.21   7 1015.6   1.8   6.0  -1.6 99.0 99.00 
2025 01 12 12 20 318  7.2  9.0 99.00 99.00 99.00 999 1015.5   1.6   6.0  -1.8 99.0 99.00 
2025 01 12 12 30 319  6.9  8.6 99.00 99.00 99.00 999 1015.7   1.6   6.0  -1.9 99.0 99.00 
2025 01 12 12 40 313  6.9  8.7  1.15  5.00  4.12 351 1016.0   1.6   6.0  -1.8 99.0 99.00 
2025 01 12 12 50 315  7.3  9.2 99.00 99.00 99.00 999 1016.1   1.6   6.1  -1.8 99.0 99.00 
2025 01 12 13 00 318  7.6  9.3 99.00 99.00 99.00 999 1016.2   1.7   6.1  -1.8 99.0 99.00 
2025 01 12 13 10 316  7.5  9.4  1.07  4.76  4.01 349 1016.5   1.7   6.1  -1.8 99.0 99.00 
2025 01 12 13 20 317  7.2  9.0 99.00 99.00 99.00 999 1016.7   1.7   6.1  -2.0 99.0 99.00 
2025 01 12 13 30 318  7.0  8.9 99.00 99.00 99.00 999 1016.8   1.8   6.1  -1.9 99.0 99.00 
2025 01 12 13 40 321  6.8  8.4  1.06  4.35  4.04 354 1017.0   1.7   6.0  -2.0 99.0 99.00 
2025 01 12 13 50 318  6.6  8.2 99.00 99.00 99.00 999 1017.2   1.8   6.1  -1.7 99.0 99.00 
2025 01 12 14 00 313  6.7  8.2 99.00 99.00 99.00 999 1017.5   1.7   6.1  -1.9 99.0 99.00 
2025 01 12 14 10 312  6.8  8.4  1.02  4.35  3.94 352 1017.6   1.7   6.1  -1.8 99.0 99.00 
2025 01 12 14 20 316  7.0  8.5 99.00 99.00 99.00 999 1017.6   1.8   6.1  -1.8 99.0 99.00 
2025 01 12 14 30 319  6.7  8.1 99.00 99.00 99.00 999 1017.7   1.8   6.0  -1.8 99.0 99.00 
2025 01 12 14 40 321  6.5  8.0  0.98  3.85  3.92 351 1017.8   1.9   6.0  -1.8 99.0 99.00 
2025 01 12 14 50 318  6.4  7.9 99.00 99.00 99.00 999 1017.9   2.0   6.0  -1.5 99.0 99.00 
2025 01 12 15 00 319  6.6  8.3 99.00 99.00 99.00 999 1018.1   2.1   5.9  -1.7 99.0 99.00 
2025 01 12 15 10 310  6.8  8.2  0.90  4.35  3.88  12 1018.3   2.1   5.9  -1.6 99.0 99.00 
2025 01 12 15 20 309  6.7  8.5 99.00 99.00 99.00 999 1018.4   2.0   5.6  -1.4 99.0 99.00 
2025 01 12 15 30 307  7.1  8.9 99.00 99.00 99.00 999 1018.6   1.9   5.5  -1.5 99.0 99.00 
2025 01 12 15 40 307  7.1  8.6  0.88 10.00  3.93 130 1018.7   2.0   5.6  -1.5 99.0 99.00 
2025 01 12 15 50 309  7.3  9.2 99.00 99.00 99.00 999 1018.6   1.9   5.6  -1.8 99.0 99.00 
2025 01 12 16 00 308  7.5  9.3 99.00 99.00 99.00 999 1018.7   2.0   5.6  -1.7 99.0 99.00 
2025 01 12 16 10 308  7.5  9.5  0.90 14.81  3.94  79 1018.7   2.1   5.7  -1.6 99.0 99.00 
2025 01 12 16 20 310  7.3  8.7 99.00 99.00 99.00 999 1018.6   2.1   5.6  -1.7 99.0 99.00 
2025 01 12 16 30 306  6.9  8.5 99.00 99.00 99.00 999 1018.5   2.2 999.0  -1.7 99.0 99.00 
2025 01 12 16 40 306  6.3  7.6  0.90  3.70  3.86 346 1018.5   2.3   5.6  -1.4 99.0 99.00 
2025 01 12 16 50 307  6.3  8.1 99.00 99.00 99.00 999 1018.4   2.4   5.5  -1.5 99.0 99.00 
2025 01 12 17 00 306  6.1  8.0 99.00 99.00 99.00 999 1018.3   2.4   5.4  -1.5 99.0 99.00 
2025 01 12 17 10 308  6.3  7.6  0.87 14.81  3.92  89 1018.3   2.5   5.4  -1.4 99.0 99.00 
2025 01 12 17 20 310  6.4  7.4 99.00 99.00 99.00 999 1018.1   2.5   5.4  -1.6 99.0 99.00 
2025 01 12 17 30 313  6.3  7.7 99.00 99.00 99.00 999 1018.1   2.6   5.4  -1.5 99.0 99.00 
2025 01 12 17 40 308  6.4  8.2  0.86 11.43  4.02 108 1018.1   2.6   5.4  -1.5 99.0 99.00 
2025 01 12 17 50 307  6.4  7.5 99.00 99.00 99.00 999 1018.1   2.7   5.4  -1.6 99.0 99.00 
2025 01 12 18 00 312  6.3  8.0 99.00 99.00 99.00 999 1018.1   2.8   5.5  -1.6 99.0 99.00 
2025 01 12 18 10 313  6.2  8.4  0.88 10.81  4.11 130 1018.1   2.8   5.4  -1.8 99.0 99.00 
2025 01 12 18 20 309  5.9  7.9 99.00 99.00 99.00 999 1018.0   2.9   5.4  -1.5 99.0 99.00 
2025 01 12 18 30 305  6.1  8.0 99.00 99.00 99.00 999 1018.0   2.9   5.4  -1.8 99.0 99.00 
2025 01 12 18 40 305  6.1  7.6  0.83  3.70  3.91 347 1017.9   2.9   5.4  -2.0 99.0 99.00 
2025 01 12 18 50 308  5.8  7.1 99.00 99.00 99.00 999 1017.8   3.0   5.4  -2.0 99.0 99.00 
2025 01 12 19 00 306  5.8  7.1 99.00 99.00 99.00 999 1017.9   3.1   5.4  -2.1 99.0 99.00 
2025 01 12 19 10 305  5.6  7.1  0.86 13.79  4.23 114 1017.9   3.2   5.5  -2.0 99.0 99.00 
2025 01 12 19 20 306  5.9  7.0 99.00 99.00 99.00 999 1017.9   3.2   5.5  -2.6 99.0 99.00 
2025 01 12 19 30 303  5.2  6.5 99.00 99.00 99.00 999 1017.8   3.4   5.5  -2.3 99.0 99.00 
2025 01 12 19 40 307  5.1  6.3  0.79 10.00  4.22 153 1017.9   3.4   5.5  -2.2 99.0 99.00 
2025 01 12 19 50 305  4.7  5.8 99.00 99.00 99.00 999 1017.9   3.5   5.6  -2.0 99.0 99.00 
2025 01 12 20 00 300  4.2  5.3 99.00 99.00 99.00 999 1018.0   3.5   5.6  -2.1 99.0 99.00 
2025 01 12 20 10 297  3.7  4.9  0.80 13.79  4.53 105 1018.0   3.6   5.6  -2.2 99.0 99.00 
2025 01 12 20 20 296  3.5  4.6 99.00 99.00 99.00 999 1018.0   3.6   5.5  -2.4 99.0 99.00 
2025 01 12 20 30 290  2.6  4.0 99.00 99.00 99.00 999 1017.8   3.7   5.6  -2.1 99.0 99.00 
2025 01 12 20 40 287  2.1  3.0  0.77 10.00  4.70 153 1017.8   3.8   5.6  -2.2 99.0 99.00 
2025 01 12 20 50 277  1.7  2.7 99.00 99.00 99.00 999 1017.9   3.9   5.6  -2.0 99.0 99.00 
2025 01 12 21 00 272  1.5  2.3 99.00 99.00 99.00 999 1018.1   3.9   5.6  -2.2 99.0 99.00 
2025 01 12 21 10 252  1.8  3.0  0.76 10.81  4.74 150 1018.1   3.9   5.6  -1.8 99.0 99.00 
2025 01 12 21 20 234  1.5  2.5 99.00 99.00 99.00 999 1018.1   3.9   5.6  -1.6 99.0 99.00 
2025 01 12 21 30 258  2.1  3.3 99.00 99.00 99.00 999 1018.1   3.9   5.6  -1.8 99.0 99.00 
2025 01 12 21 40 273  2.7  3.9  0.75 10.00  4.93 120 1018.3   3.8   5.7  -2.3 99.0 99.00 
2025 01 12 21 50 263  3.4  4.5 99.00 99.00 99.00 999 1018.4   3.8   5.7  -2.4 99.0 99.00 
2025 01 12 22 00 260  3.6  5.0 99.00 99.00 99.00 999 1018.3   3.8   5.7  -2.6 99.0 99.00 
2025 01 12 22 10 262  3.8  4.9  0.72 10.00  4.93 121 1018.4   3.7   5.8  -2.6 99.0 99.00 
2025 01 12 22 20 264  3.9  4.9 99.00 99.00 99.00 999 1018.4   3.8   5.8  -2.2 99.0 99.00 
2025 01 12 22 30 263  4.1  5.5 99.00 99.00 99.00 999 1018.5   3.8   5.8  -2.4 99.0 99.00 
2025 01 12 22 40 255  4.2  5.4  0.69 13.79  4.87  90 1018.6   3.8   5.8  -2.1 99.0 99.00 
2025 01 12 22 50 262  4.1  5.3 99.00 99.00 99.00 999 1018.7   3.9   5.8  -2.0 99.0 99.00 
2025 01 12 23 00 264  4.1  5.3 99.00 99.00 99.00 999 1018.7   3.8   5.8  -2.5 99.0 99.00 
2025 01 12 23 10 265  4.1  5.1  0.68 13.79  4.81  87 1018.8   3.9   5.8  -2.1 99.0 99.00 
2025 01 12 23 20 271  4.4  5.5 99.00 99.00 99.00 999 1018.9   3.9   5.8  -2.1 99.0 99.00 
2025 01 12 23 30 273  4.6  5.8 99.00 99.00 99.00 999 1019.0   4.0   5.8  -2.1 99.0 99.00 
2025 01 12 23 40 266  3.6  4.7  0.69 13.79  4.84  29 1018.9   3.9   5.8  -2.4 99.0 99.00 
2025 01 12 23 50 258  3.3  4.4 99.00 99.00 99.00 999 1018.8   3.9   5.8  -2.4 99.0 99.00 
2025 01 13 00 00 259  3.3  4.2 99.00 99.00 99.00 999 1018.8   3.9   5.8  -2.2 99.0 99.00 
2025 01 13 00 10 255  3.7  4.8  0.65 13.79  5.31  85 1018.9   3.9   5.8  -2.1 99.0 99.00 
2025 01 13 00 20 252  4.3  5.3 99.00 99.00 99.00 999 1018.9   4.0   5.8  -2.1 99.0 99.00 
2025 01 13 00 30 255  4.6  5.6 99.00 99.00 99.00 999 1019.2   4.0   5.8  -2.0 99.0 99.00 
2025 01 13 00 40 262  5.2  6.0  0.65 13.79  5.30  97 1019.3   4.0   5.8  -2.2 99.0 99.00 
2025 01 13 00 50 259  4.8  5.7 99.00 99.00 99.00 999 1019.2   4.0   5.8  -2.2 99.0 99.00 
2025 01 13 01 00 253  5.0  6.1 99.00 99.00 99.00 999 1019.4   4.0   5.8  -1.9 99.0 99.00 
2025 01 13 01 10 254  5.6  6.6  0.59 13.79  4.87 100 1019.4   4.0   5.8  -1.9 99.0 99.00 
2025 01 13 01 20 253  5.6  6.8 99.00 99.00 99.00 999 1019.4   4.0   5.8  -1.7 99.0 99.00 
2025 01 13 01 30 254  5.7  6.6 99.00 99.00 99.00 999 1019.4   4.0   5.8  -1.7 99.0 99.00 
2025 01 13 01 40 257  5.9  7.2  0.61 13.79  4.79  64 1019.6   4.0   5.8  -1.8 99.0 99.00 
2025 01 13 01 50 262  6.1  7.3 99.00 99.00 99.00 999 1019.4   4.0   5.8  -1.8 99.0 99.00 
2025 01 13 02 00 258  6.0  7.6 99.00 99.00 99.00 999 1019.5   4.1   5.8  -1.5 99.0 99.00 
2025 01 13 02 10 248  6.9  8.2  0.63 13.79  4.54 152 1019.7   4.0   5.8  -0.8 99.0 99.00 
2025 01 13 02 20 248  6.8  7.9 99.00 99.00 99.00 999 1019.7   3.7   5.8  -1.3 99.0 99.00 
2025 01 13 02 30 252  6.1  7.9 99.00 99.00 99.00 999 1019.7   3.5   5.7  -0.9 99.0 99.00 
2025 01 13 02 40 257  5.8  7.0  0.69 10.81  4.28  90 1019.7   3.5   5.6  -0.8 99.0 99.00 
2025 01 13 02 50 255  5.8  7.0 99.00 99.00 99.00 999 1019.7   3.4   5.6  -1.0 99.0 99.00 
2025 01 13 03 00 257  6.0  7.1 99.00 99.00 99.00 999 1019.7   3.4   5.6  -0.9 99.0 99.00 
2025 01 13 03 10 255  5.9  7.1  0.68 11.43  4.33 114 1019.7   3.4   5.6  -0.8 99.0 99.00 
2025 01 13 03 20 253  5.6  6.8 99.00 99.00 99.00 999 1019.7   3.4   5.6  -0.7 99.0 99.00 
2025 01 13 03 30 250  6.0  6.8 99.00 99.00 99.00 999 1019.7   3.4   5.5  -1.2 99.0 99.00 
2025 01 13 03 40 254  5.7  6.8  0.72 13.79  4.22 132 1019.6   3.5   5.5  -0.8 99.0 99.00 
2025 01 13 03 50 253  5.1  6.1 99.00 99.00 99.00 999 1019.5   3.4   5.5  -1.0 99.0 99.00 
2025 01 13 04 00 249  4.4  5.1 99.00 99.00 99.00 999 1019.4   3.5   5.5  -0.6 99.0 99.00 
2025 01 13 04 10 250  4.8  6.0  0.70  9.09  4.34 142 1019.4   3.5   5.5  -1.0 99.0 99.00 
2025 01 13 04 20 250  5.0  5.8 99.00 99.00 99.00 999 1019.5   3.6   5.5  -0.8 99.0 99.00 
2025 01 13 04 30 250  5.1  6.1 99.00 99.00 99.00 999 1019.5   3.6   5.4  -0.5 99.0 99.00 
2025 01 13 04 40 250  5.8  6.7  0.70 13.79  4.64 118 1019.5   3.6   5.4  -0.7 99.0 99.00 
2025 01 13 04 50 251  5.8  7.0 99.00 99.00 99.00 999 1019.3   3.6   5.3  -0.7 99.0 99.00 
2025 01 13 05 00 252  5.8  7.1 99.00 99.00 99.00 999 1019.1   3.6   5.3  -0.9 99.0 99.00 
2025 01 13 05 10 253  5.3  6.4  0.70 13.79  4.63  95 1019.0   3.6   5.2  -0.4 99.0 99.00 
2025 01 13 05 20 252  5.6  6.5 99.00 99.00 99.00 999 1018.8   3.5   5.1  -0.3 99.0 99.00 
2025 01 13 05 30 246  5.0  6.0 99.00 99.00 99.00 999 1018.9   3.4   5.1  -0.3 99.0 99.00 
2025 01 13 05 40 248  5.0  6.0  0.64 12.90  4.17 106 1018.7   3.4   5.1  -0.3 99.0 99.00 
2025 01 13 05 50 250  5.0  6.0 99.00 99.00 99.00 999 1018.7   3.3   4.9  -0.3 99.0 99.00 
2025 01 13 06 00 249  4.9  6.1 99.00 99.00 99.00 999 1018.6   3.2   4.5  -0.4 99.0 99.00 
2025 01 13 06 10 247  4.9  5.7  0.69  8.33  4.56 132 1018.6   3.2   4.6  -0.3 99.0 99.00 
2025 01 13 06 20 246  4.3  5.7 99.00 99.00 99.00 999 1018.5   3.2   4.6  -0.5 99.0 99.00 
2025 01 13 06 30 248  4.1  5.0 99.00 99.00 99.00 999 1018.6   3.3   4.6  -0.4 99.0 99.00 
2025 01 13 06 40 246  4.5  5.3  0.71 10.00  4.46 128 1018.7   3.4   4.7  -0.5 99.0 99.00 
2025 01 13 06 50 245  4.3  6.0 99.00 99.00 99.00 999 1018.7   3.5   4.6  -0.2 99.0 99.00 
2025 01 13 07 00 241  5.0  6.2 99.00 99.00 99.00 999 1018.6   3.5   4.6  -0.4 99.0 99.00 
2025 01 13 07 10 236  5.3  6.3  0.70 11.43  4.48 106 1018.4   3.5   4.7  -0.6 99.0 99.00 
2025 01 13 07 20 236  5.5  6.6 99.00 99.00 99.00 999 1018.3   3.5   4.8  -0.9 99.0 99.00 
2025 01 13 07 30 233  5.6  6.6 99.00 99.00 99.00 999 1018.4   3.6   4.8  -0.8 99.0 99.00 
2025 01 13 07 40 233  5.4  6.6  0.74 12.12  4.79  74 1018.4   3.7   4.8  -0.4 99.0 99.00 
2025 01 13 07 50 231  6.0  7.5 99.00 99.00 99.00 999 1018.4   3.7   4.9  -0.6 99.0 99.00 
2025 01 13 08 00 231  6.4  7.6 99.00 99.00 99.00 999 1018.5   3.7   5.0  -0.7 99.0 99.00 
2025 01 13 08 10 233  6.3  7.7  0.77 10.00  4.50 109 1018.3   3.8   5.0  -0.4 99.0 99.00 
2025 01 13 08 20 228  6.4  7.6 99.00 99.00 99.00 999 1018.3   3.8   5.0  -0.2 99.0 99.00 
2025 01 13 08 30 228  6.6  7.9 99.00 99.00 99.00 999 1018.1   3.8   5.0  -0.3 99.0 99.00 
2025 01 13 08 40 230  6.1  7.2  0.79 10.00  4.70  93 1017.9   3.8   5.1  -0.2 99.0 99.00 
2025 01 13 08 50 228  5.8  7.2 99.00 99.00 99.00 999 1017.8   3.9   5.0   0.3 99.0 99.00 
2025 01 13 09 00 230  5.9  7.0 99.00 99.00 99.00 999 1017.8   3.9   5.0   0.2 99.0 99.00 
2025 01 13 09 10 226  5.6  6.9  0.79 11.43  4.55  69 1017.7   3.9   5.0   0.3 99.0 99.00 
2025 01 13 09 20 229  5.7  6.8 99.00 99.00 99.00 999 1017.7   4.0   5.0   0.5 99.0 99.00 
2025 01 13 09 30 226  6.2  7.7 99.00 99.00 99.00 999 1017.6   4.0   5.0   0.4 99.0 99.00 
2025 01 13 09 40 225  6.3  7.6  0.78 11.43  4.68  73 1017.6   4.0   4.9   0.0 99.0 99.00 
2025 01 13 09 50 225  6.1  7.5 99.00 99.00 99.00 999 1017.9   4.1   4.9   0.4 99.0 99.00 
2025 01 13 10 00 230  6.5  8.0 99.00 99.00 99.00 999 1018.1   4.2   5.1   0.5 99.0 99.00 
2025 01 13 10 10 234  6.4  7.9  0.82 12.90  4.31  60 1017.8   4.1   5.2   0.4 99.0 99.00 
2025 01 13 10 20 234  6.2  8.0 99.00 99.00 99.00 999 1017.6   3.9   5.2   0.0 99.0 99.00 
2025 01 13 10 30 237  5.8  6.9 99.00 99.00 99.00 999 1017.7   3.8   5.2  -0.1 99.0 99.00 
2025 01 13 10 40 231  5.8  7.1  0.83 11.43  4.45 137 1017.6   3.7   5.2  -0.2 99.0 99.00 
2025 01 13 10 50 237  6.1  7.2 99.00 99.00 99.00 999 1017.8   3.7   5.3  -0.4 99.0 99.00 
2025 01 13 11 00 233  6.2  7.5 99.00 99.00 99.00 999 1017.7   3.6   5.4  -0.2 99.0 99.00 
2025 01 13 11 10 231  5.9  7.3  0.85 10.81  4.61  86 1017.7   3.7   5.5   0.1 99.0 99.00 
2025 01 13 11 20 234  6.0  7.1 99.00 99.00 99.00 999 1017.8   3.8   5.6  -0.1 99.0 99.00 
2025 01 13 11 30 233  6.0  7.0 99.00 99.00 99.00 999 1017.8   3.8   5.1  -0.1 99.0 99.00 
2025 01 13 11 40 237  5.9  6.9  0.86 10.00  4.80 105 1017.9   3.9   5.1  -0.6 99.0 99.00 
2025 01 13 11 50 239  6.4  7.6 99.00 99.00 99.00 999 1017.9   3.9   5.1  -0.8 99.0 99.00 
2025 01 13 12 00 238  6.1  7.8 99.00 99.00 99.00 999 1017.7   3.9   5.2  -0.4 99.0 99.00 
2025 01 13 12 10 237  6.7  8.0  0.94 10.81  4.92  80 1018.1   3.9   5.2  -0.6 99.0 99.00 
2025 01 13 12 20 237  6.7  8.2 99.00 99.00 99.00 999 1017.9   4.0   5.2  -0.3 99.0 99.00 
2025 01 13 12 30 232  6.8  8.0 99.00 99.00 99.00 999 1017.8   4.0   5.5  -0.5 99.0 99.00 
2025 01 13 12 40 231  6.6  8.1  0.97 10.00  4.89  77 1017.5   4.1   5.4  -0.1 99.0 99.00 
2025 01 13 12 50 232  5.8  7.5 99.00 99.00 99.00 999 1017.5   4.1   5.5   0.0 99.0 99.00 
2025 01 13 13 00 234  5.5  6.9 99.00 99.00 99.00 999 1017.1   4.1   5.5  -0.1 99.0 99.00 
2025 01 13 13 10 237  5.2  6.8  0.92 10.81  5.08  74 1017.2   4.1   5.3  -0.1 99.0 99.00 
2025 01 13 13 20 237  5.3  6.1 99.00 99.00 99.00 999 1017.4   4.1   5.2  -0.1 99.0 99.00 
2025 01 13 13 30 237  5.3  6.8 99.00 99.00 99.00 999 1017.7   4.1   5.2   0.2 99.0 99.00 
2025 01 13 13 40 236  5.6  6.8  0.92 10.00  4.83  79 1017.9   4.0   5.1   0.0 99.0 99.00 
2025 01 13 13 50 236  5.9  7.0 99.00 99.00 99.00 999 1017.8   4.0   5.1   0.0 99.0 99.00 
2025 01 13 14 00 236  6.0  7.1 99.00 99.00 99.00 999 1017.9   4.0   5.0   0.1 99.0 99.00 
2025 01 13 14 10 239  6.3  7.6  0.99 11.43  5.37  82 1017.8   4.0   5.0   0.1 99.0 99.00 
2025 01 13 14 20 239  6.6  8.3 99.00 99.00 99.00 999 1018.0   4.0   5.1   0.0 99.0 99.00 
2025 01 13 14 30 239  6.8  8.1 99.00 99.00 99.00 999 1018.0   3.9   5.1   0.0 99.0 99.00 
2025 01 13 14 40 240  6.8  7.9  0.92 10.00  4.86  76 1018.0   3.9   5.2   0.2 99.0 99.00 
2025 01 13 14 50 243  6.7  8.2 99.00 99.00 99.00 999 1018.0   3.9   5.2   0.3 99.0 99.00 
2025 01 13 15 00 244  6.5  7.7 99.00 99.00 99.00 999 1018.0   3.8   5.1   0.1 99.0 99.00 
2025 01 13 15 10 244  6.5  7.8  0.97 10.00  4.90  80 1018.0   3.8   5.1   0.3 99.0 99.00 
2025 01 13 15 20 241  6.3  7.6 99.00 99.00 99.00 999 1017.8   3.7   5.1   0.3 99.0 99.00 
2025 01 13 15 30 242  6.2  8.1 99.00 99.00 99.00 999 1017.7   3.7   5.1   0.4 99.0 99.00 
2025 01 13 15 40 242  6.2  7.2  0.98 12.12  5.10  90 1017.5   3.6   5.1   0.1 99.0 99.00 
2025 01 13 15 50 239  5.8  6.9 99.00 99.00 99.00 999 1017.5   3.7   5.1   0.0 99.0 99.00 
2025 01 13 16 00 237  5.7  6.9 99.00 99.00 99.00 999 1017.4   3.8   5.1   0.1 99.0 99.00 
2025 01 13 16 10 235  5.7  7.1  1.08 10.81  5.71  92 1017.4   3.9   4.8   0.3 99.0 99.00 
2025 01 13 16 20 239  6.2  7.3 99.00 99.00 99.00 999 1017.5   3.9   4.7   0.3 99.0 99.00 
2025 01 13 16 30 245  6.2  7.5 99.00 99.00 99.00 999 1017.5   3.9   4.7   0.4 99.0 99.00 
2025 01 13 16 40 233  6.3  7.4  1.02 10.81  5.41  89 1017.3   3.8   4.7   0.1 99.0 99.00 
2025 01 13 16 50 228  6.0  7.4 99.00 99.00 99.00 999 1017.0   3.9   4.7   0.5 99.0 99.00 
2025 01 13 17 00 231  6.0  7.4 99.00 99.00 99.00 999 1016.7   3.9   4.7   0.7 99.0 99.00 
2025 01 13 17 10 233  5.8  7.1  1.09 11.43  5.73 109 1016.3   4.0   4.6   0.9 99.0 99.00 
2025 01 13 17 20 235  5.7  7.0 99.00 99.00 99.00 999 1016.3   4.0   4.3   0.9 99.0 99.00 
2025 01 13 17 30 239  5.5  6.7 99.00 99.00 99.00 999 1016.0   4.0   4.4   1.0 99.0 99.00 
2025 01 13 17 40 240  5.0  6.4  1.11 12.12  5.96  84 1015.8   4.1   4.4   1.2 99.0 99.00 
2025 01 13 17 50 237  4.6  6.0 99.00 99.00 99.00 999 1015.6   4.1   4.3   1.2 99.0 99.00 
2025 01 13 18 00 237  4.7  6.1 99.00 99.00 99.00 999 1015.4   4.2   4.2   1.3 99.0 99.00 
2025 01 13 18 10 233  5.0  6.0  1.12 11.43  5.81  97 1015.1   4.2   4.2   1.2 99.0 99.00 
2025 01 13 18 20 223  4.5  5.4 99.00 99.00 99.00 999 1014.8   4.3   4.1   1.3 99.0 99.00 
2025 01 13 18 30 218  4.5  5.6 99.00 99.00 99.00 999 1014.8   4.4   4.1   1.5 99.0 99.00 
2025 01 13 18 40 221  4.5  5.9  1.10 11.43  5.91  94 1014.8   4.5   4.1   1.8 99.0 99.00 
2025 01 13 18 50 217  4.5  6.0 99.00 99.00 99.00 999 1014.7   4.6   4.1   1.9 99.0 99.00 
2025 01 13 19 00 218  4.5  5.5 99.00 99.00 99.00 999 1014.8   4.6   4.2   1.8 99.0 99.00 
2025 01 13 19 10 216  4.4  5.4  1.16 11.43  6.32  99 1014.6   4.7   4.2   1.9 99.0 99.00 
2025 01 13 19 20 217  4.4  5.4 99.00 99.00 99.00 999 1014.5   4.9   4.2   2.2 99.0 99.00 
2025 01 13 19 30 218  4.9  6.0 99.00 99.00 99.00 999 1014.5   4.9   4.2   2.3 99.0 99.00 
2025 01 13 19 40 218  4.8  6.1  1.22 11.43  6.64  93 1014.6   4.9   4.2   2.4 99.0 99.00 
2025 01 13 19 50 222  5.0  6.4 99.00 99.00 99.00 999 1014.6   4.9   4.2   2.4 99.0 99.00 
2025 01 13 20 00 218  5.2  6.7 99.00 99.00 99.00 999 1014.4   4.9   4.2   2.3 99.0 99.00 
2025 01 13 20 10 220  5.4  6.7  1.21 11.43  6.61  92 1014.4   5.0   4.2   2.4 99.0 99.00 
2025 01 13 20 20 219  5.5  6.9 99.00 99.00 99.00 999 1014.5   5.0   4.2   2.4 99.0 99.00 
2025 01 13 20 30 220  5.4  6.6 99.00 99.00 99.00 999 1014.6   5.0   4.2   2.5 99.0 99.00 
2025 01 13 20 40 222  5.2  6.6  1.14 11.43  5.99  71 1014.6   5.0   4.2   2.7 99.0 99.00 
2025 01 13 20 50 222  5.1  6.3 99.00 99.00 99.00 999 1014.7   5.1   4.3   2.8 99.0 99.00 
2025 01 13 21 00 223  5.0  6.4 99.00 99.00 99.00 999 1014.9   5.1   4.3   2.8 99.0 99.00 
2025 01 13 21 10 221  4.3  5.7  1.34 11.43  6.57  82 1015.0   5.1   4.4   2.8 99.0 99.00 
2025 01 13 21 20 220  4.4  5.8 99.00 99.00 99.00 999 1015.0   5.1   4.4   2.8 99.0 99.00 
2025 01 13 21 30 219  4.6  5.8 99.00 99.00 99.00 999 1015.1   5.1   4.4   2.8 99.0 99.00 
2025 01 13 21 40 218  4.9  6.3  1.21 12.12  6.17  77 1015.1   5.1   4.5   2.7 99.0 99.00 
2025 01 13 21 50 225  4.9  6.1 99.00 99.00 99.00 999 1015.2   5.1   4.5   2.9 99.0 99.00 
2025 01 13 22 00 226  5.0  6.5 99.00 99.00 99.00 999 1015.2   5.0   4.5   3.0 99.0 99.00 
2025 01 13 22 10 224  4.8  6.1  1.31 11.43  6.50  84 1015.3   5.0   4.4   3.0 99.0 99.00 
2025 01 13 22 20 221  4.6  5.6 99.00 99.00 99.00 999 1015.4   5.0   4.4   3.0 99.0 99.00 
2025 01 13 22 30 222  4.6  5.9 99.00 99.00 99.00 999 1015.5   5.0   4.5   3.0 99.0 99.00 
2025 01 13 22 40 222  4.3  5.3  1.16 12.12  6.09  71 1015.6   5.0   4.5   3.0 99.0 99.00 
2025 01 13 22 50 224  4.2  5.2 99.00 99.00 99.00 999 1015.6   5.0 999.0   2.9 99.0 99.00 
2025 01 13 23 00 224  4.5  5.5 99.00 99.00 99.00 999 1015.6   5.1   4.5   2.9 99.0 99.00 
2025 01 13 23 10 225  4.9  6.2  1.29 11.43  6.24  81 1015.6   5.1   4.8   2.6 99.0 99.00 
2025 01 13 23 20 225  4.8  5.9 99.00 99.00 99.00 999 1015.6   5.2   4.8   2.6 99.0 99.00 
2025 01 13 23 30 227  4.3  5.6 99.00 99.00 99.00 999 1015.7   5.1   4.9   2.5 99.0 99.00 
2025 01 13 23 40 227  4.0  5.1  1.24 12.12  6.24  94 1015.7   5.2   5.0   2.3 99.0 99.00 
2025 01 13 23 50 228  4.1  5.0 99.00 99.00 99.00 999 1015.8   5.2   5.0   2.5 99.0 99.00 
2025 01 14 00 00 228  4.2  5.4 99.00 99.00 99.00 999 1015.9   5.1   5.1   2.5 99.0 99.00 
2025 01 14 00 10 227  4.5  5.5  1.28 12.90  6.58  91 1015.9   5.1   5.1   2.5 99.0 99.00 
2025 01 14 00 20 231  4.5  5.8 99.00 99.00 99.00 999 1015.9   5.0   5.0   2.4 99.0 99.00 
2025 01 14 00 30 235  4.4  5.9 99.00 99.00 99.00 999 1016.0   4.9   4.7   2.4 99.0 99.00 
2025 01 14 00 40 232  4.2  5.4  1.19 11.43  6.37  86 1016.1   4.9   4.8   2.3 99.0 99.00 
2025 01 14 00 50 229  3.6  4.9 99.00 99.00 99.00 999 1016.2   4.9   4.6   2.2 99.0 99.00 
2025 01 14 01 00 236  3.6  4.6 99.00 99.00 99.00 999 1016.0   4.9   4.5   2.1 99.0 99.00 
2025 01 14 01 10 238  3.9  5.0  1.25 12.12  6.27  71 1016.0   4.9   4.3   2.3 99.0 99.00 
2025 01 14 01 20 240  4.1  5.3 99.00 99.00 99.00 999 1016.1   4.8   4.2   2.3 99.0 99.00 
2025 01 14 01 30 248  3.8  4.9 99.00 99.00 99.00 999 1016.1   4.7   4.2   2.2 99.0 99.00 
2025 01 14 01 40 252  4.0  5.1  1.18 10.81  6.35  84 1016.1   4.7   4.2   2.1 99.0 99.00 
2025 01 14 01 50 251  3.9  4.9 99.00 99.00 99.00 999 1016.2   4.7   4.2   2.2 99.0 99.00 
2025 01 14 02 00 261  3.5  4.6 99.00 99.00 99.00 999 1016.3   4.6   4.2   2.3 99.0 99.00 
2025 01 14 02 10 267  3.6  4.6  1.20 11.43  6.40  83 1016.3   4.6   4.2   2.1 99.0 99.00 
2025 01 14 02 20 284  3.5  4.6 99.00 99.00 99.00 999 1016.4   4.5   4.2   2.2 99.0 99.00 
2025 01 14 02 30 278  4.0  5.4 99.00 99.00 99.00 999 1016.4   4.5   4.2   1.7 99.0 99.00 
2025 01 14 02 40 277  3.8  5.4  1.29 11.43  6.89  79 1016.3   4.5   4.3   1.8 99.0 99.00 
2025 01 14 02 50 283  4.0  5.0 99.00 99.00 99.00 999 1016.3   4.4   4.2   1.5 99.0 99.00 
2025 01 14 03 00 285  3.8  5.1 99.00 99.00 99.00 999 1016.4   4.4   4.3   1.5 99.0 99.00 
2025 01 14 03 10 277  3.5  4.6  1.16 12.12  6.87  87 1016.3   4.4   4.2   1.5 99.0 99.00 
2025 01 14 03 20 280  3.2  4.4 99.00 99.00 99.00 999 1016.4   4.3   4.3   1.4 99.0 99.00 
2025 01 14 03 30 282  2.9  4.1 99.00 99.00 99.00 999 1016.3   4.3   4.2   1.5 99.0 99.00 
2025 01 14 03 40 284  3.4  4.9  1.16 12.12  7.06  90 1016.4   4.3   4.2   1.3 99.0 99.00 
2025 01 14 03 50 282  3.5  4.4 99.00 99.00 99.00 999 1016.4   4.4   4.3   1.2 99.0 99.00 
2025 01 14 04 00 279  3.3  4.3 99.00 99.00 99.00 999 1016.4   4.3   4.5   1.3 99.0 99.00 
2025 01 14 04 10 274  3.3  4.6  1.16 11.43  7.25  91 1016.2   4.4   4.3   1.3 99.0 99.00 
2025 01 14 04 20 269  3.4  4.5 99.00 99.00 99.00 999 1016.2   4.4   4.3   1.6 99.0 99.00 
2025 01 14 04 30 271  3.2  4.3 99.00 99.00 99.00 999 1016.3   4.3   4.3   1.6 99.0 99.00 
2025 01 14 04 40 274  3.1  5.5  1.18 12.90  7.53 111 1016.3   4.3   4.3   1.8 99.0 99.00 
2025 01 14 04 50 279  3.8  5.4 99.00 99.00 99.00 999 1016.3   4.4   4.2   1.4 99.0 99.00 
2025 01 14 05 00 282  4.1  5.8 99.00 99.00 99.00 999 1016.2   4.5   4.1   1.1 99.0 99.00 
2025 01 14 05 10 297  5.4  6.9  1.06 12.12  7.17  94 1016.2   4.7   4.1   0.6 99.0 99.00 
2025 01 14 05 20 299  5.8  7.5 99.00 99.00 99.00 999 1016.0   4.7   4.1   0.1 99.0 99.00 
2025 01 14 05 30 299  6.9  8.6 99.00 99.00 99.00 999 1016.1   4.8   4.0  -0.4 99.0 99.00 
2025 01 14 05 40 302  6.6  8.6  1.13 11.43  7.04  80 1016.1   4.7   4.0  -0.8 99.0 99.00 
2025 01 14 05 50 302  6.9  9.2 99.00 99.00 99.00 999 1016.1   4.7   3.9  -0.8 99.0 99.00 
2025 01 14 06 00 301  7.2  9.4 99.00 99.00 99.00 999 1016.1   4.6   4.0  -0.9 99.0 99.00 
2025 01 14 06 10 301  7.4  9.0  1.11 12.12  6.00 107 1016.1   4.5   4.0  -0.9 99.0 99.00 
2025 01 14 06 20 303  7.2  8.8 99.00 99.00 99.00 999 1016.1   4.4   4.0  -0.9 99.0 99.00 
2025 01 14 06 30 304  8.0 10.8 99.00 99.00 99.00 999 1016.3   4.4   4.0  -1.3 99.0 99.00 
2025 01 14 06 40 306  8.6 10.7  1.17 11.43  5.55  95 1016.3   4.4   4.0  -1.5 99.0 99.00 
2025 01 14 06 50 308  9.2 11.2 99.00 99.00 99.00 999 1016.2   4.4   4.1  -1.6 99.0 99.00 
2025 01 14 07 00 313  9.3 11.8 99.00 99.00 99.00 999 1016.4   4.4   4.1  -1.3 99.0 99.00 
2025 01 14 07 10 319  9.8 12.3  1.23 12.12  4.93 101 1016.5   4.3   4.2  -1.3 99.0 99.00 
2025 01 14 07 20 321  8.8 11.0 99.00 99.00 99.00 999 1016.5   4.3   4.3  -1.3 99.0 99.00 
2025 01 14 07 30 327  8.2 10.2 99.00 99.00 99.00 999 1016.6   4.2   4.3  -1.0 99.0 99.00 
2025 01 14 07 40 332  9.1 11.3  1.24 12.90  4.70  89 1016.6   4.2   4.3  -1.5 99.0 99.00 
2025 01 14 07 50 332  9.3 11.4 99.00 99.00 99.00 999 1016.7   4.2   4.3  -1.9 99.0 99.00 
2025 01 14 08 00 330  9.6 12.0 99.00 99.00 99.00 999 1016.7   4.2   4.4  -2.5 99.0 99.00 
2025 01 14 08 10 327  9.0 11.3  1.34 12.12  4.89  98 1016.8   4.1   4.4  -2.4 99.0 99.00 
2025 01 14 08 20 325  8.7 11.2 99.00 99.00 99.00 999 1016.8   4.1   4.5  -2.2 99.0 99.00 
2025 01 14 08 30 326  9.1 11.6 99.00 99.00 99.00 999 1016.7   4.0   4.4  -2.3 99.0 99.00 
2025 01 14 08 40 327  9.8 12.4  1.35 13.79  5.11 111 1016.7   3.9   4.5  -2.6 99.0 99.00 
2025 01 14 08 50 321 10.8 13.8 99.00 99.00 99.00 999 1016.7   3.9   4.6  -3.0 99.0 99.00 
2025 01 14 09 00 316 10.5 12.9 99.00 99.00 99.00 999 1016.8   3.8   4.7  -3.0 99.0 99.00 
2025 01 14 09 10 317 10.5 12.4  1.33 12.90  4.67  98 1017.0   3.7   4.6  -3.3 99.0 99.00 
2025 01 14 09 20 317 10.6 13.1 99.00 99.00 99.00 999 1017.0   3.6   4.8  -3.4 99.0 99.00 
2025 01 14 09 30 322 10.7 13.3 99.00 99.00 99.00 999 1017.1   3.5   4.8  -3.7 99.0 99.00 
2025 01 14 09 40 324 10.8 13.1  1.31 12.90  4.49 125 1017.4   3.3   4.8  -4.1 99.0 99.00 
2025 01 14 09 50 323 10.9 13.3 99.00 99.00 99.00 999 1017.4   3.2   4.9  -4.2 99.0 99.00 
2025 01 14 10 00 319 11.5 14.1 99.00 99.00 99.00 999 1017.5   3.1   4.9  -4.7 99.0 99.00 
2025 01 14 10 10 318 11.3 14.4  1.49 13.79  4.71 109 1017.6   3.0   4.9  -4.9 99.0 99.00 
2025 01 14 10 20 316 11.0 13.8 99.00 99.00 99.00 999 1017.8   2.9   5.0  -4.9 99.0 99.00 
2025 01 14 10 30 319 10.7 13.7 99.00 99.00 99.00 999 1017.8   2.9   5.1  -4.3 99.0 99.00 
2025 01 14 10 40 323 11.9 15.8  1.57 13.79  4.97  95 1017.9   2.8   5.2  -5.5 99.0 99.00 
2025 01 14 10 50 322 11.4 14.3 99.00 99.00 99.00 999 1017.9   2.7   5.3  -5.2 99.0 99.00 
2025 01 14 11 00 318 11.7 14.8 99.00 99.00 99.00 999 1018.1   2.6   5.4  -5.5 99.0 99.00 
2025 01 14 11 10 316 11.7 14.5  1.70 13.79  4.99  94 1018.2   2.6   5.4  -5.6 99.0 99.00 
2025 01 14 11 20 318 11.9 15.2 99.00 99.00 99.00 999 1018.3   2.6   5.5  -5.4 99.0 99.00 
2025 01 14 11 30 318 12.9 16.4 99.00 99.00 99.00 999 1018.5   2.5   5.5  -6.1 99.0 99.00 
2025 01 14 11 40 318 13.2 16.4  1.74  4.76  4.70 339 1018.6   2.3   5.7  -6.6 99.0 99.00 
2025 01 14 11 50 316 13.1 16.2 99.00 99.00 99.00 999 1018.7   2.1   5.7  -6.3 99.0 99.00 
2025 01 14 12 00 315 12.1 15.0 99.00 99.00 99.00 999 1018.7   2.0   5.9  -6.0 99.0 99.00 
2025 01 14 12 10 317 12.7 16.4  1.92  5.26  4.92 339 1018.8   2.0   5.8  -5.8 99.0 99.00 
2025 01 14 12 20 315 13.1 16.1 99.00 99.00 99.00 999 1018.9   1.7   5.8  -6.4 99.0 99.00 
2025 01 14 12 30 318 12.6 16.2 99.00 99.00 99.00 999 1019.0   1.6   5.9  -6.1 99.0 99.00 
2025 01 14 12 40 315 13.6 17.0  1.79  5.26  4.77 332 1019.1   1.5   5.9  -6.4 99.0 99.00 
2025 01 14 12 50 318 13.5 16.4 99.00 99.00 99.00 999 1019.2   1.5   5.9  -6.2 99.0 99.00 
2025 01 14 13 00 316 14.2 17.1 99.00 99.00 99.00 999 1019.2   1.3   5.9  -6.4 99.0 99.00 
2025 01 14 13 10 318 14.6 17.8  1.86  5.26  4.83 327 1019.3   1.2   5.9  -6.7 99.0 99.00 
2025 01 14 13 20 320 13.7 18.3 99.00 99.00 99.00 999 1019.9   1.0   5.9  -7.1 99.0 99.00 
2025 01 14 13 30 308 12.9 16.5 99.00 99.00 99.00 999 1020.1   0.9   6.0  -7.0 99.0 99.00 
2025 01 14 13 40 317 12.7 16.7  1.64  5.26  4.64 325 1020.4   0.7   6.0  -7.0 99.0 99.00 
2025 01 14 13 50 312 13.2 16.7 99.00 99.00 99.00 999 1020.3   0.5   6.1  -7.2 99.0 99.00 
2025 01 14 14 00 316 12.8 17.0 99.00 99.00 99.00 999 1020.4   0.4   6.1  -6.7 99.0 99.00 
2025 01 14 14 10 317 12.7 15.3  1.79 12.90  4.77 103 1020.6   0.3   6.2  -6.6 99.0 99.00 
2025 01 14 14 20 319 12.4 15.6 99.00 99.00 99.00 999 1020.7   0.1   6.2  -6.8 99.0 99.00 
2025 01 14 14 30 320 12.0 15.2 99.00 99.00 99.00 999 1021.0   0.1   6.2  -6.2 99.0 99.00 
2025 01 14 14 40 323 12.3 15.8  1.73  5.00  4.73 326 1020.9   0.0   6.2  -6.2 99.0 99.00 
2025 01 14 14 50 319 11.8 14.2 99.00 99.00 99.00 999 1021.1   0.0   6.3  -6.1 99.0 99.00 
2025 01 14 15 00 318 11.7 14.3 99.00 99.00 99.00 999 1021.1   0.0   6.3  -5.9 99.0 99.00 
2025 01 14 15 10 317 11.2 13.8  1.65  5.26  4.61 330 1021.2  -0.1   6.2  -6.3 99.0 99.00 
2025 01 14 15 20 316 11.6 14.3 99.00 99.00 99.00 999 1021.2  -0.2   6.3  -6.4 99.0 99.00 
2025 01 14 15 30 315 11.3 14.2 99.00 99.00 99.00 999 1021.3  -0.3   6.3  -6.6 99.0 99.00 
2025 01 14 15 40 316 11.2 14.0  1.60 12.90  4.60 100 1021.4  -0.3   6.2  -6.6 99.0 99.00 
2025 01 14 15 50 318 11.2 15.2 99.00 99.00 99.00 999 1021.4  -0.4   6.2  -6.9 99.0 99.00 
2025 01 14 16 00 317 10.6 13.6 99.00 99.00 99.00 999 1021.2  -0.5   6.3  -7.2 99.0 99.00 
2025 01 14 16 10 319 10.2 13.2  1.45 12.90  4.55 103 1021.1  -0.5   6.3  -6.8 99.0 99.00 
2025 01 14 16 20 318  9.5 12.4 99.00 99.00 99.00 999 1021.2  -0.5   6.1  -6.8 99.0 99.00 
2025 01 14 16 30 316  9.7 13.3 99.00 99.00 99.00 999 1020.8  -0.5   6.1  -6.9 99.0 99.00 
2025 01 14 16 40 314 10.2 12.6  1.57 13.79  4.68 101 1020.9  -0.5   6.2  -7.0 99.0 99.00 
2025 01 14 16 50 316  9.7 12.2 99.00 99.00 99.00 999 1020.9  -0.4   6.3  -6.9 99.0 99.00 
2025 01 14 17 00 313 10.2 12.9 99.00 99.00 99.00 999 1020.8  -0.3   6.1  -6.7 99.0 99.00 
2025 01 14 17 10 310  9.5 12.5  1.45 13.79  4.47  98 1020.7  -0.3   6.1  -7.0 99.0 99.00 
2025 01 14 17 20 303  9.1 11.8 99.00 99.00 99.00 999 1020.6  -0.4   6.0  -7.3 99.0 99.00 
2025 01 14 17 30 302  8.6 11.5 99.00 99.00 99.00 999 1020.2  -0.4   5.9  -7.6 99.0 99.00 
2025 01 14 17 40 306  8.5 10.4  1.37 12.90  4.50 102 1020.1  -0.3   5.9  -7.8 99.0 99.00 
2025 01 14 17 50 307  8.7 10.8 99.00 99.00 99.00 999 1019.9  -0.2   5.8  -7.5 99.0 99.00 
2025 01 14 18 00 309  8.9 12.8 99.00 99.00 99.00 999 1019.7  -0.1   5.8  -7.9 99.0 99.00 
2025 01 14 18 10 304  8.4 10.4  1.26 12.90  4.47  89 1019.7  -0.1   5.8  -8.1 99.0 99.00 
2025 01 14 18 20 310  8.0 10.6 99.00 99.00 99.00 999 1019.6   0.0   5.9  -8.2 99.0 99.00 
2025 01 14 18 30 313  7.8 10.1 99.00 99.00 99.00 999 1019.6   0.0   5.7  -8.2 99.0 99.00 
2025 01 14 18 40 308  7.1  8.8  1.33 12.90  4.58 105 1019.4   0.0   5.6  -8.2 99.0 99.00 
2025 01 14 18 50 302  6.5  9.0 99.00 99.00 99.00 999 1019.3   0.0   5.6  -8.3 99.0 99.00 
2025 01 14 19 00 297  6.5  7.9 99.00 99.00 99.00 999 1019.4   0.1   5.6  -8.5 99.0 99.00 
2025 01 14 19 10 293  6.6  8.6  1.23 12.90  4.63  95 1019.5   0.3   5.3  -7.9 99.0 99.00 
2025 01 14 19 20 291  7.3  9.4 99.00 99.00 99.00 999 1019.3   0.4   5.3  -8.4 99.0 99.00 
2025 01 14 19 30 289  8.0 10.3 99.00 99.00 99.00 999 1019.4   0.5   5.3  -8.7 99.0 99.00 
2025 01 14 19 40 294  7.6 10.0  1.09 12.90  4.52  92 1019.3   0.7   5.4  -7.7 99.0 99.00 
2025 01 14 19 50 286  7.2  9.6 99.00 99.00 99.00 999 1019.0   0.7   5.5  -8.3 99.0 99.00 
2025 01 14 20 00 286  6.5  9.0 99.00 99.00 99.00 999 1018.9   0.7   5.6  -7.9 99.0 99.00 
2025 01 14 20 10 284  7.1  9.1  1.06 13.79  4.41 105 1019.0   0.7   5.6  -8.5 99.0 99.00 
2025 01 14 20 20 288  7.7 10.1 99.00 99.00 99.00 999 1018.8   0.9   5.2  -8.2 99.0 99.00 
2025 01 14 20 30 295  8.6 13.2 99.00 99.00 99.00 999 1019.0   0.9   5.2  -8.5 99.0 99.00 
2025 01 14 20 40 294  9.7 12.2  1.04 12.90  4.50 118 1019.0   1.0   5.1  -9.2 99.0 99.00 
2025 01 14 20 50 293 10.0 12.6 99.00 99.00 99.00 999 1019.1   1.0   5.0  -9.3 99.0 99.00 
2025 01 14 21 00 300  9.7 12.0 99.00 99.00 99.00 999 1019.1   1.0   5.0  -9.2 99.0 99.00 
2025 01 14 21 10 298  8.9 11.1  0.99 12.90  4.21  96 1019.0   1.0   5.0  -9.1 99.0 99.00 
2025 01 14 21 20 293  8.4 10.5 99.00 99.00 99.00 999 1019.2   0.9   5.0  -9.1 99.0 99.00 
2025 01 14 21 30 292  8.1 10.4 99.00 99.00 99.00 999 1019.3   0.8   5.1  -8.9 99.0 99.00 
2025 01 14 21 40 291  8.2 10.7  0.99 12.12  4.18 107 1019.1   0.9   5.0  -8.5 99.0 99.00 
2025 01 14 21 50 297  8.7 10.7 99.00 99.00 99.00 999 1019.0   0.8   5.0  -8.6 99.0 99.00 
2025 01 14 22 00 297  9.4 11.5 99.00 99.00 99.00 999 1018.8   0.7   5.0  -8.9 99.0 99.00 
2025 01 14 22 10 299  7.8 10.0  1.07 12.12  4.38 101 1019.0   0.6   5.1  -8.9 99.0 99.00 
2025 01 14 22 20 295  8.2 10.8 99.00 99.00 99.00 999 1019.0   0.7   5.1  -8.5 99.0 99.00 
2025 01 14 22 30 297  7.8  9.5 99.00 99.00 99.00 999 1019.2   0.7   5.1  -8.3 99.0 99.00 
2025 01 14 22 40 293  7.3  9.1  1.04 12.90  4.35  94 1019.2   0.6   5.1  -8.5 99.0 99.00 
2025 01 14 22 50 291  7.1  9.8 99.00 99.00 99.00 999 1019.2   0.7   5.1  -8.1 99.0 99.00 
2025 01 14 23 00 286  7.6  9.5 99.00 99.00 99.00 999 1019.2   0.7   5.2  -8.7 99.0 99.00 
2025 01 14 23 10 284  7.8  9.6  1.04 12.90  4.34  75 1019.2   0.7   5.2  -8.4 99.0 99.00 
2025 01 14 23 20 291  7.7  9.6 99.00 99.00 99.00 999 1019.2   0.7   5.2  -8.6 99.0 99.00 
2025 01 14 23 30 291  7.4  9.4 99.00 99.00 99.00 999 1019.1   0.6   5.2  -9.1 99.0 99.00 
2025 01 14 23 40 297  7.3  9.1  1.00 12.90  4.37  88 1018.9   0.6   5.2  -8.9 99.0 99.00 
2025 01 14 23 50 292  6.6  8.9 99.00 99.00 99.00 999 1019.0   0.5   5.2  -9.0 99.0 99.00 
2025 01 15 00 00 291  6.3  8.2 99.00 99.00 99.00 999 1019.1   0.5   5.3  -9.2 99.0 99.00 
2025 01 15 00 10 290  6.4  7.9  0.90 12.12  4.33  97 1019.4   0.6   5.3  -8.6 99.0 99.00 
2025 01 15 00 20 290  6.6  8.1 99.00 99.00 99.00 999 1019.4   0.6   5.4  -8.9 99.0 99.00 
2025 01 15 00 30 299  6.2  8.0 99.00 99.00 99.00 999 1019.1   0.5   5.4  -9.1 99.0 99.00 
2025 01 15 00 40 296  5.6  7.2  0.88 12.90  4.39  86 1019.2   0.6   5.5  -8.6 99.0 99.00 
2025 01 15 00 50 297  5.7  6.9 99.00 99.00 99.00 999 1019.1   0.7   5.5  -8.5 99.0 99.00 
2025 01 15 01 00 294  5.7  7.4 99.00 99.00 99.00 999 1019.2   0.6   5.6  -8.7 99.0 99.00 
2025 01 15 01 10 293  5.6  7.2  0.81 12.90  4.58 102 1019.2   0.6   5.7  -8.6 99.0 99.00 
2025 01 15 01 20 291  5.6  6.9 99.00 99.00 99.00 999 1019.2   0.7   5.9  -8.3 99.0 99.00 
2025 01 15 01 30 293  5.2  6.7 99.00 99.00 99.00 999 1019.0   0.7   5.9  -7.9 99.0 99.00 
2025 01 15 01 40 291  5.1  7.4  0.76 12.12  4.16  89 1019.1   0.6   5.9  -8.3 99.0 99.00 
2025 01 15 01 50 297  5.9  7.4 99.00 99.00 99.00 999 1019.2   0.6   5.9  -8.8 99.0 99.00 
2025 01 15 02 00 299  6.2  8.1 99.00 99.00 99.00 999 1019.2   0.7   5.9  -8.2 99.0 99.00 
2025 01 15 02 10 311  6.6  8.4  0.73 12.90  4.06  92 1019.0   0.7   5.8  -7.7 99.0 99.00 
2025 01 15 02 20 308  7.0  8.8 99.00 99.00 99.00 999 1019.2   0.7   5.8  -7.8 99.0 99.00 
2025 01 15 02 30 307  7.0  8.6 99.00 99.00 99.00 999 1019.2   0.7   5.7  -7.7 99.0 99.00 
2025 01 15 02 40 302  7.6 10.0  0.78 12.90  4.42  99 1019.4   0.8   5.7  -7.5 99.0 99.00 
2025 01 15 02 50 303  8.2 11.6 99.00 99.00 99.00 999 1019.5   0.9   5.7  -7.4 99.0 99.00 
2025 01 15 03 00 304  9.2 11.4 99.00 99.00 99.00 999 1019.6   1.1   5.7  -7.1 99.0 99.00 
2025 01 15 03 10 306  9.4 13.2  0.79 12.12  3.92 107 1019.6   1.1   5.7  -6.9 99.0 99.00 
2025 01 15 03 20 313 10.3 13.4 99.00 99.00 99.00 999 1019.5   1.2   5.7  -6.4 99.0 99.00 
2025 01 15 03 30 319 11.1 13.3 99.00 99.00 99.00 999 1019.6   1.0   5.7  -6.7 99.0 99.00 
2025 01 15 03 40 316 10.9 13.9  0.99 12.12  3.86 108 1019.6   0.9   5.8  -6.1 99.0 99.00 
2025 01 15 03 50 308 11.6 15.0 99.00 99.00 99.00 999 1019.7   1.0   5.8  -5.2 99.0 99.00 
2025 01 15 04 00 309 11.4 15.0 99.00 99.00 99.00 999 1019.5   0.9   5.9  -5.4 99.0 99.00 
2025 01 15 04 10 313 11.9 15.0  1.13  3.85  3.81 330 1019.6   0.8   5.9  -5.8 99.0 99.00 
2025 01 15 04 20 308 11.3 13.5 99.00 99.00 99.00 999 1019.5   0.7   5.8  -5.9 99.0 99.00 
2025 01 15 04 30 319 11.6 14.4 99.00 99.00 99.00 999 1019.6   0.6   5.6  -5.8 99.0 99.00 
2025 01 15 04 40 317 11.7 15.3  1.14  4.35  3.76 342 1019.4   0.8   5.8  -5.1 99.0 99.00 
2025 01 15 04 50 320 13.4 17.0 99.00 99.00 99.00 999 1019.3   0.6   5.8  -5.9 99.0 99.00 
2025 01 15 05 00 317 12.8 15.7 99.00 99.00 99.00 999 1019.4   0.4   5.7  -6.0 99.0 99.00 
2025 01 15 05 10 312 12.8 16.0  1.41  4.76  4.07 340 1019.5   0.2   5.8  -6.0 99.0 99.00 
2025 01 15 05 20 316 12.6 16.4 99.00 99.00 99.00 999 1019.7   0.0   5.9  -5.9 99.0 99.00 
2025 01 15 05 30 318 13.3 16.6 99.00 99.00 99.00 999 1019.8  -0.2   5.8  -6.1 99.0 99.00 
2025 01 15 05 40 315 13.0 16.1  1.59  4.76  4.27 340 1019.8  -0.5   5.9  -6.1 99.0 99.00 
2025 01 15 05 50 319 12.9 16.6 99.00 99.00 99.00 999 1019.8  -0.6   5.9  -6.0 99.0 99.00 
2025 01 15 06 00 321 13.4 17.1 99.00 99.00 99.00 999 1019.9  -0.8   5.9  -6.2 99.0 99.00 
2025 01 15 06 10 325 13.6 16.9  1.78  5.26  4.45 338 1020.0  -0.9   5.9  -5.9 99.0 99.00 
2025 01 15 06 20 323 14.0 17.6 99.00 99.00 99.00 999 1020.2  -1.1   6.0  -6.1 99.0 99.00 
2025 01 15 06 30 323 14.0 17.4 99.00 99.00 99.00 999 1020.3  -1.1   5.9  -5.9 99.0 99.00 
2025 01 15 06 40 326 13.7 18.4  1.86  5.56  4.57 335 1020.4  -1.1   5.9  -6.0 99.0 99.00 
2025 01 15 06 50 328 13.6 16.8 99.00 99.00 99.00 999 1020.8  -1.1   5.9  -5.9 99.0 99.00 
2025 01 15 07 00 322 13.5 17.1 99.00 99.00 99.00 999 1020.8  -1.2   5.9  -5.8 99.0 99.00 
2025 01 15 07 10 321 13.7 16.9  1.97  5.56  4.71 334 1021.1  -1.4   5.9  -6.1 99.0 99.00 
2025 01 15 07 20 329 13.8 17.2 99.00 99.00 99.00 999 1021.2  -1.3   5.9  -5.9 99.0 99.00 
2025 01 15 07 30 324 14.3 18.0 99.00 99.00 99.00 999 1021.1  -1.4   6.0  -6.2 99.0 99.00 
2025 01 15 07 40 317 14.2 18.0  2.09  5.56  4.81 335 1021.3  -1.4   6.0  -6.0 99.0 99.00 
2025 01 15 07 50 319 14.2 17.8 99.00 99.00 99.00 999 1021.4  -1.5   6.0  -6.3 99.0 99.00 
2025 01 15 08 00 318 14.0 17.6 99.00 99.00 99.00 999 1021.6  -1.6   6.1  -6.3 99.0 99.00 
2025 01 15 08 10 321 14.1 18.1  2.14  5.88  4.92 333 1021.7  -1.7   6.1  -6.4 99.0 99.00 
2025 01 15 08 20 318 13.9 17.6 99.00 99.00 99.00 999 1021.9  -1.7   6.1  -6.2 99.0 99.00 
2025 01 15 08 30 317 13.2 16.4 99.00 99.00 99.00 999 1022.1  -1.9   6.1  -6.3 99.0 99.00 
2025 01 15 08 40 314 13.4 16.9  1.82  6.25  4.73 327 1022.1  -2.0   6.1  -6.6 99.0 99.00 
2025 01 15 08 50 313 13.2 16.4 99.00 99.00 99.00 999 1022.3  -2.1   6.1  -6.7 99.0 99.00 
2025 01 15 09 00 313 13.0 16.5 99.00 99.00 99.00 999 1022.4  -2.1   6.1  -6.7 99.0 99.00 
2025 01 15 09 10 312 13.1 16.0  2.02  5.56  4.90 337 1022.7  -2.3   6.2  -7.2 99.0 99.00 
2025 01 15 09 20 310 13.4 17.4 99.00 99.00 99.00 999 1022.6  -2.3   6.3  -7.0 99.0 99.00 
2025 01 15 09 30 307 13.5 16.9 99.00 99.00 99.00 999 1022.7  -2.3   6.3  -6.8 99.0 99.00 
2025 01 15 09 40 311 13.3 16.5  2.05  5.56  4.86 333 1022.8  -2.4   6.4  -7.0 99.0 99.00 
2025 01 15 09 50 309 13.2 16.8 99.00 99.00 99.00 999 1023.0  -2.5   6.5  -7.2 99.0 99.00 
2025 01 15 10 00 312 13.4 17.3 99.00 99.00 99.00 999 1023.1  -2.6   6.5  -7.3 99.0 99.00 
2025 01 15 10 10 313 13.0 16.6  1.96  5.88  4.79 327 1023.2  -2.5   6.5  -7.0 99.0 99.00 
2025 01 15 10 20 311 12.3 16.2 99.00 99.00 99.00 999 1023.3  -2.6   6.5  -7.1 99.0 99.00 
2025 01 15 10 30 313 12.5 17.3 99.00 99.00 99.00 999 1023.3  -2.5   6.5  -6.7 99.0 99.00 
2025 01 15 10 40 314 13.0 18.7  1.95  5.56  4.98 330 1023.5  -2.6   6.6  -7.0 99.0 99.00 
2025 01 15 10 50 311 12.6 15.7 99.00 99.00 99.00 999 1023.6  -2.4   6.5  -6.5 99.0 99.00 
2025 01 15 11 00 312 12.1 16.7 99.00 99.00 99.00 999 1023.7  -2.3   6.5  -6.3 99.0 99.00 
2025 01 15 11 10 316 12.7 16.1  1.83  5.88  4.74 329 1023.9  -2.6   6.5  -7.0 99.0 99.00 
2025 01 15 11 20 309 12.9 17.5 99.00 99.00 99.00 999 1024.0  -2.7   6.5  -7.0 99.0 99.00 
2025 01 15 11 30 311 12.6 16.4 99.00 99.00 99.00 999 1024.0  -2.7 999.0  -6.9 99.0 99.00 
2025 01 15 11 40 309 12.9 16.2  1.92  5.88  4.90 335 1024.0  -2.6   6.6  -6.8 99.0 99.00 
2025 01 15 11 50 311 13.2 17.1 99.00 99.00 99.00 999 1024.2  -2.6   6.6  -6.7 99.0 99.00 
2025 01 15 12 00 312 13.4 17.3 99.00 99.00 99.00 999 1024.4  -2.6   6.6  -6.8 99.0 99.00 
2025 01 15 12 10 310 12.7 15.5  1.78  5.88  4.76 331 1024.7  -2.5   6.7  -6.5 99.0 99.00 
2025 01 15 12 20 313 12.9 16.4 99.00 99.00 99.00 999 1024.6  -2.6   6.7  -6.9 99.0 99.00 
2025 01 15 12 30 310 12.3 16.0 99.00 99.00 99.00 999 1024.6  -2.5   6.7  -6.6 99.0 99.00 
2025 01 15 12 40 313 12.7 15.8  1.72  5.00  4.57 336 1024.7  -2.6   6.7  -6.8 99.0 99.00 
2025 01 15 12 50 306 13.3 16.9 99.00 99.00 99.00 999 1024.7  -2.6   6.8  -6.8 99.0 99.00 
2025 01 15 13 00 311 12.9 16.7 99.00 99.00 99.00 999 1024.8  -2.6   6.8  -6.9 99.0 99.00 
2025 01 15 13 10 312 13.2 17.9  1.67  5.88  4.55 322 1025.0  -2.7   6.8  -7.1 99.0 99.00 
2025 01 15 13 20 308 12.6 17.1 99.00 99.00 99.00 999 1025.0  -2.6   6.8  -6.8 99.0 99.00 
2025 01 15 13 30 313 12.8 16.7 99.00 99.00 99.00 999 1025.0  -2.7   6.9  -7.0 99.0 99.00 
2025 01 15 13 40 311 12.7 16.6  1.64  5.56  4.47 332 1025.1  -2.6   6.9  -6.8 99.0 99.00 
2025 01 15 13 50 309 12.6 16.7 99.00 99.00 99.00 999 1025.2  -2.6   6.9  -6.7 99.0 99.00 
2025 01 15 14 00 311 12.3 15.2 99.00 99.00 99.00 999 1025.3  -2.4   7.0  -6.3 99.0 99.00 
2025 01 15 14 10 309 12.5 16.2  1.69  5.56  4.51 331 1025.4  -2.4   7.0  -6.4 99.0 99.00 
2025 01 15 14 20 306 12.6 16.7 99.00 99.00 99.00 999 1025.5  -2.5   7.0  -6.7 99.0 99.00 
2025 01 15 14 30 309 12.3 15.8 99.00 99.00 99.00 999 1025.5  -2.5   7.0  -6.7 99.0 99.00 
2025 01 15 14 40 313 11.7 15.1  1.60  5.26  4.38 331 1025.7  -2.3   7.0  -6.4 99.0 99.00 
2025 01 15 14 50 312 11.8 18.3 99.00 99.00 99.00 999 1025.8  -2.3   7.0  -6.4 99.0 99.00 
2025 01 15 15 00 312 11.6 14.9 99.00 99.00 99.00 999 1025.8  -2.2   7.0  -6.4 99.0 99.00 
2025 01 15 15 10 313 11.6 14.8  1.70  5.00  4.36 339 1025.8  -2.2   7.0  -6.5 99.0 99.00 
2025 01 15 15 20 312 12.0 15.8 99.00 99.00 99.00 999 1025.6  -2.1   7.0  -6.4 99.0 99.00 
2025 01 15 15 30 314 12.2 14.7 99.00 99.00 99.00 999 1025.5  -2.1   7.0  -6.5 99.0 99.00 
2025 01 15 15 40 312 11.6 14.8  1.68  5.26  4.44 332 1025.5  -1.9   7.0  -6.2 99.0 99.00 
2025 01 15 15 50 315 11.6 14.6 99.00 99.00 99.00 999 1025.4  -1.7   6.9  -5.8 99.0 99.00 
2025 01 15 16 00 316 11.9 14.7 99.00 99.00 99.00 999 1025.3  -1.7   6.9  -6.1 99.0 99.00 
2025 01 15 16 10 315 11.5 14.4  1.55  5.26  4.37 338 1025.0  -1.7   6.9  -6.3 99.0 99.00 
2025 01 15 16 20 315 11.5 13.8 99.00 99.00 99.00 999 1024.9  -1.6   6.9  -6.2 99.0 99.00 
2025 01 15 16 30 316 11.5 14.7 99.00 99.00 99.00 999 1024.6  -1.5   6.9  -6.1 99.0 99.00 
2025 01 15 16 40 315 11.6 15.1  1.60  5.26  4.29 335 1024.4  -1.4   6.9  -6.1 99.0 99.00 
2025 01 15 16 50 313 11.4 15.0 99.00 99.00 99.00 999 1024.3  -1.2   6.9  -5.9 99.0 99.00 
2025 01 15 17 00 314 11.4 14.4 99.00 99.00 99.00 999 1024.2  -1.2   6.9  -6.0 99.0 99.00 
2025 01 15 17 10 313 11.1 14.9  1.54  5.00  4.34 329 1024.1  -1.1   6.8  -5.9 99.0 99.00 
2025 01 15 17 20 316 11.5 14.4 99.00 99.00 99.00 999 1024.0  -1.0   6.8  -6.0 99.0 99.00 
2025 01 15 17 30 314 11.1 14.2 99.00 99.00 99.00 999 1023.7  -1.0   6.8  -6.0 99.0 99.00 
2025 01 15 17 40 320 11.0 16.0  1.48  5.00  4.08 331 1023.4  -0.8   6.7  -5.8 99.0 99.00 
2025 01 15 17 50 319 11.3 13.6 99.00 99.00 99.00 999 1023.4  -0.9   6.0  -6.2 99.0 99.00 
2025 01 15 18 00 316 10.9 14.7 99.00 99.00 99.00 999 1023.3  -0.8   5.9  -6.2 99.0 99.00 
2025 01 15 18 10 318 10.5 13.3  1.44  5.26  4.16 335 1023.3  -0.8   5.9  -6.3 99.0 99.00 
2025 01 15 18 20 321 10.4 13.7 99.00 99.00 99.00 999 1023.0  -0.7   5.8  -6.2 99.0 99.00 
2025 01 15 18 30 318 10.5 14.6 99.00 99.00 99.00 999 1022.9  -0.5   5.8  -6.0 99.0 99.00 
2025 01 15 18 40 315 10.1 13.3  1.29  5.26  4.11 331 1022.7  -0.5   5.8  -6.1 99.0 99.00 
2025 01 15 18 50 315  9.7 12.4 99.00 99.00 99.00 999 1022.6  -0.4   5.7  -5.9 99.0 99.00 
2025 01 15 19 00 314  9.6 12.3 99.00 99.00 99.00 999 1022.4 999.0   5.8 999.0 99.0 99.00 
2025 01 15 19 10 308 10.2 12.5  1.35  5.00  4.16 335 1022.5  -0.3   5.7  -6.0 99.0 99.00 
2025 01 15 19 20 312  9.5 11.4 99.00 99.00 99.00 999 1022.5  -0.4   5.7  -6.4 99.0 99.00 
2025 01 15 19 30 309  9.4 12.2 99.00 99.00 99.00 999 1022.5  -0.3   5.7  -6.3 99.0 99.00 
2025 01 15 19 40 307  9.4 11.7  1.37  5.00  4.10 331 1022.5  -0.3   5.6  -6.4 99.0 99.00 
2025 01 15 19 50 301  9.5 12.3 99.00 99.00 99.00 999 1022.7  -0.3   5.6  -6.4 99.0 99.00 
2025 01 15 20 00 302  9.3 11.8 99.00 99.00 99.00 999 1022.7  -0.2   5.6  -6.3 99.0 99.00 
2025 01 15 20 10 304  9.3 12.0  1.15  5.00  3.95 329 1022.8  -0.1   5.6  -6.4 99.0 99.00 
2025 01 15 20 20 307  9.5 12.2 99.00 99.00 99.00 999 1022.7  -0.2   5.6  -6.6 99.0 99.00 
2025 01 15 20 30 308  9.7 12.8 99.00 99.00 99.00 999 1022.7  -0.1   5.5  -6.3 99.0 99.00 
2025 01 15 20 40 304  9.9 13.1  1.11  4.76  3.90 328 1022.8   0.0   5.4  -6.2 99.0 99.00 
2025 01 15 20 50 305 10.0 13.4 99.00 99.00 99.00 999 1023.0   0.1   5.4  -6.0 99.0 99.00 
2025 01 15 21 00 303  9.8 12.9 99.00 99.00 99.00 999 1023.1   0.1   5.3  -5.9 99.0 99.00 
2025 01 15 21 10 304 10.0 12.7  1.07  4.76  3.75 332 1023.3   0.1   5.1  -6.2 99.0 99.00 
2025 01 15 21 20 299  9.3 12.0 99.00 99.00 99.00 999 1023.2   0.1   5.1  -6.0 99.0 99.00 
2025 01 15 21 30 301 10.1 12.6 99.00 99.00 99.00 999 1023.2   0.2   5.0  -6.0 99.0 99.00 
2025 01 15 21 40 296  9.7 12.5  1.08  4.55  3.88 329 1023.3   0.2   4.8  -5.7 99.0 99.00 
2025 01 15 21 50 295  9.6 11.8 99.00 99.00 99.00 999 1023.3   0.0   4.8  -6.2 99.0 99.00 
2025 01 15 22 00 290  9.8 12.4 99.00 99.00 99.00 999 1023.4  -0.1   4.8  -6.1 99.0 99.00 
2025 01 15 22 10 291 10.0 12.6  0.97  4.55  3.63 316 1023.5   0.0   4.8  -5.7 99.0 99.00 
2025 01 15 22 20 290 10.5 13.1 99.00 99.00 99.00 999 1023.5   0.0   4.8  -5.6 99.0 99.00 
2025 01 15 22 30 290 10.5 12.9 99.00 99.00 99.00 999 1023.6   0.0   4.9  -5.6 99.0 99.00 
2025 01 15 22 40 289 10.8 13.4  1.12  4.55  3.84 321 1023.7  -0.1   4.9  -5.8 99.0 99.00 
2025 01 15 22 50 294 11.2 13.7 99.00 99.00 99.00 999 1023.7  -0.1   4.9  -5.8 99.0 99.00 
2025 01 15 23 00 294 11.3 13.9 99.00 99.00 99.00 999 1023.7   0.1   5.0  -5.4 99.0 99.00 
2025 01 15 23 10 294 11.0 14.3  1.14  4.35  3.90 308 1023.7   0.1   5.0  -5.6 99.0 99.00 
2025 01 15 23 20 294 10.5 13.1 99.00 99.00 99.00 999 1023.6   0.2   5.0  -5.3 99.0 99.00 
2025 01 15 23 30 291 10.8 13.7 99.00 99.00 99.00 999 1023.5   0.1   5.0  -5.5 99.0 99.00 
2025 01 15 23 40 295 10.4 13.1  1.20  4.55  4.00 312 1023.6   0.1   5.0  -5.6 99.0 99.00 
2025 01 15 23 50 292 11.2 14.2 99.00 99.00 99.00 999 1023.5   0.1   5.0  -5.8 99.0 99.00 
2025 01 16 00 00 295 10.6 13.1 99.00 99.00 99.00 999 1023.6   0.2   5.0  -5.3 99.0 99.00 
2025 01 16 00 10 294 11.3 14.1  1.30  4.55  4.06 321 1023.7   0.2   5.0  -5.6 99.0 99.00 
2025 01 16 00 20 293 11.0 13.2 99.00 99.00 99.00 999 1023.7   0.2   5.0  -5.6 99.0 99.00 
2025 01 16 00 30 294 10.5 13.6 99.00 99.00 99.00 999 1023.9   0.2   5.0  -5.5 99.0 99.00 
2025 01 16 00 40 291 10.4 13.1  1.20  4.55  4.03 318 1024.0   0.2   5.0  -5.5 99.0 99.00 
2025 01 16 00 50 288 10.5 13.9 99.00 99.00 99.00 999 1023.9   0.1   5.0  -5.6 99.0 99.00 
2025 01 16 01 00 290 10.5 13.7 99.00 99.00 99.00 999 1023.8   0.1   5.0  -5.6 99.0 99.00 
2025 01 16 01 10 289 10.4 13.3  1.22  5.00  3.99 326 1023.8   0.1   5.0  -5.4 99.0 99.00 
2025 01 16 01 20 290 10.7 13.1 99.00 99.00 99.00 999 1023.8   0.0   5.0  -5.6 99.0 99.00 
2025 01 16 01 30 292 10.8 12.9 99.00 99.00 99.00 999 1023.8  -0.1   5.0  -5.6 99.0 99.00 
2025 01 16 01 40 296 10.6 12.8  1.27  4.76  3.96 318 1023.8   0.0   5.0  -5.3 99.0 99.00 
2025 01 16 01 50 294 11.0 13.5 99.00 99.00 99.00 999 1023.8  -0.1   5.0  -5.5 99.0 99.00 
2025 01 16 02 00 294 10.3 13.1 99.00 99.00 99.00 999 1023.9  -0.1   5.0  -5.4 99.0 99.00 
2025 01 16 02 10 296 10.5 14.3  1.36  4.55  4.01 319 1023.8  -0.1   5.0  -5.3 99.0 99.00 
2025 01 16 02 20 297 10.7 13.8 99.00 99.00 99.00 999 1023.8  -0.2   5.0  -5.5 99.0 99.00 
2025 01 16 02 30 296 11.1 13.8 99.00 99.00 99.00 999 1023.8  -0.1   5.1  -5.3 99.0 99.00 
2025 01 16 02 40 301 10.8 13.8  1.33  4.76  4.06 319 1023.8  -0.2   5.1  -5.4 99.0 99.00 
2025 01 16 02 50 299 11.0 13.9 99.00 99.00 99.00 999 1023.7  -0.2   5.1  -5.6 99.0 99.00 
2025 01 16 03 00 299 11.0 13.3 99.00 99.00 99.00 999 1023.8  -0.3   5.1  -5.9 99.0 99.00 
2025 01 16 03 10 302 11.0 13.6  1.40  4.76  4.07 316 1023.8  -0.3   5.1  -5.7 99.0 99.00 
2025 01 16 03 20 299 10.9 13.2 99.00 99.00 99.00 999 1023.8  -0.3   5.1  -5.6 99.0 99.00 
2025 01 16 03 30 302 10.7 13.7 99.00 99.00 99.00 999 1024.0  -0.4   5.1  -5.8 99.0 99.00 
2025 01 16 03 40 305 10.9 13.3  1.32  4.55  4.00 321 1024.0  -0.4   5.1  -6.0 99.0 99.00 
2025 01 16 03 50 301 10.8 13.3 99.00 99.00 99.00 999 1024.1  -0.6   5.1  -6.2 99.0 99.00 
2025 01 16 04 00 307 10.7 13.4 99.00 99.00 99.00 999 1024.0  -0.6   5.1  -6.1 99.0 99.00 
2025 01 16 04 10 309 10.7 13.2  1.30  4.76  3.93 325 1023.8  -0.7   5.1  -6.3 99.0 99.00 
2025 01 16 04 20 310 10.5 12.7 99.00 99.00 99.00 999 1023.8  -0.8   5.1  -6.3 99.0 99.00 
2025 01 16 04 30 308 10.2 12.4 99.00 99.00 99.00 999 1023.7  -0.8   5.1  -6.4 99.0 99.00 
2025 01 16 04 40 310 10.0 12.5  1.30  4.17  3.86 325 1023.6  -0.9   5.1  -6.4 99.0 99.00 
2025 01 16 04 50 311  9.9 13.0 99.00 99.00 99.00 999 1023.4  -0.9   5.1  -6.5 99.0 99.00 
2025 01 16 05 00 309  9.9 12.2 99.00 99.00 99.00 999 1023.4  -1.0   5.1  -6.6 99.0 99.00 
2025 01 16 05 10 305 10.2 12.7  1.24  4.76  3.86 333 1023.2  -1.0   5.1  -6.7 99.0 99.00 
2025 01 16 05 20 307 10.2 12.6 99.00 99.00 99.00 999 1023.1  -1.1   5.1  -6.8 99.0 99.00 
2025 01 16 05 30 305  9.7 12.2 99.00 99.00 99.00 999 1023.0  -1.1   5.1  -6.8 99.0 99.00 
2025 01 16 05 40 312 10.0 12.3  1.11  4.55  3.70 326 1023.0  -1.1   5.1  -6.9 99.0 99.00 
2025 01 16 05 50 304  9.9 12.5 99.00 99.00 99.00 999 1022.8  -1.2   5.1  -6.8 99.0 99.00 
2025 01 16 06 00 303  9.3 12.5 99.00 99.00 99.00 999 1022.8  -1.3   5.1  -6.9 99.0 99.00 
2025 01 16 06 10 304  9.2 11.6  1.10  4.55  3.75 337 1022.8  -1.3 999.0  -7.0 99.0 99.00 
2025 01 16 06 20 303  9.4 11.9 99.00 99.00 99.00 999 1022.8  -1.4   5.1  -7.1 99.0 99.00 
2025 01 16 06 30 303  9.5 12.3 99.00 99.00 99.00 999 1022.8  -1.5   5.1  -7.5 99.0 99.00 
2025 01 16 06 40 303  9.2 11.5  1.09  4.35  3.65 330 1022.8  -1.5   5.1  -7.2 99.0 99.00 
2025 01 16 06 50 307  9.5 12.2 99.00 99.00 99.00 999 1022.8  -1.5   5.1  -7.1 99.0 99.00 
2025 01 16 07 00 304  9.8 12.3 99.00 99.00 99.00 999 1022.8  -1.5   5.1  -7.1 99.0 99.00 
2025 01 16 07 10 302  9.1 12.1  1.03  4.55  3.58 336 1022.9  -1.6   5.0  -7.3 99.0 99.00 
2025 01 16 07 20 308  9.0 11.3 99.00 99.00 99.00 999 1022.7  -1.6   5.0  -7.4 99.0 99.00 
2025 01 16 07 30 301  9.2 11.8 99.00 99.00 99.00 999 1022.7  -1.6   5.0  -7.1 99.0 99.00 
2025 01 16 07 40 303  9.0 11.8  1.01  4.55  3.63 331 1022.7  -1.7   5.0  -7.4 99.0 99.00 
2025 01 16 07 50 301  8.5 11.3 99.00 99.00 99.00 999 1022.6  -1.6   5.0  -6.8 99.0 99.00 
2025 01 16 08 00 299  8.9 11.3 99.00 99.00 99.00 999 1022.5  -1.8   5.0  -6.9 99.0 99.00 
2025 01 16 08 10 301  9.0 11.5  1.01  4.55  3.71 335 1022.3  -1.9   5.0  -7.0 99.0 99.00 
2025 01 16 08 20 300  8.9 11.3 99.00 99.00 99.00 999 1022.4  -2.0   5.0  -7.1 99.0 99.00 
2025 01 16 08 30 300  8.9 11.5 99.00 99.00 99.00 999 1022.4  -2.0   5.0  -6.8 99.0 99.00 
2025 01 16 08 40 294  8.7 10.6  0.94  4.35  3.65 330 1022.2  -2.2   5.0  -7.1 99.0 99.00 
2025 01 16 08 50 296  8.9 11.5 99.00 99.00 99.00 999 1022.1  -2.3   5.0  -7.1 99.0 99.00 
2025 01 16 09 00 295  8.6 11.2 99.00 99.00 99.00 999 1022.0  -2.4   5.0  -7.2 99.0 99.00 
2025 01 16 09 10 295  8.1  9.6  1.00  4.35  3.70 335 1021.9  -2.4   5.0  -7.4 99.0 99.00 
2025 01 16 09 20 295  7.8 10.1 99.00 99.00 99.00 999 1021.7  -2.3   5.0  -7.1 99.0 99.00 
2025 01 16 09 30 299  7.7 10.1 99.00 99.00 99.00 999 1021.6  -2.5   5.0  -7.5 99.0 99.00 
2025 01 16 09 40 293  7.7 10.0  0.91  4.35  3.66 319 1021.6  -2.3   4.9  -6.8 99.0 99.00 
2025 01 16 09 50 292  8.0 10.4 99.00 99.00 99.00 999 1021.7  -2.4   4.9  -7.0 99.0 99.00 
2025 01 16 10 00 299  8.3 10.6 99.00 99.00 99.00 999 1021.6  -2.4   4.9  -7.0 99.0 99.00 
2025 01 16 10 10 300  7.8 10.1  0.87  4.17  3.62 337 1021.5  -2.5   4.9  -7.2 99.0 99.00 
2025 01 16 10 20 299  7.7  9.2 99.00 99.00 99.00 999 1021.4  -2.6   4.9  -7.4 99.0 99.00 
2025 01 16 10 30 299  7.5  9.6 99.00 99.00 99.00 999 1021.4  -2.5   4.9  -7.2 99.0 99.00 
2025 01 16 10 40 297  7.7  9.8  0.92  4.55  3.66 337 1021.5  -2.4   5.0  -7.1 99.0 99.00 
2025 01 16 10 50 299  7.1  9.1 99.00 99.00 99.00 999 1021.4  -2.5   5.0  -7.3 99.0 99.00 
2025 01 16 11 00 294  6.8  8.9 99.00 99.00 99.00 999 1021.2  -2.4   4.8  -7.1 99.0 99.00 
2025 01 16 11 10 298  6.3  8.2  0.88  4.17  3.64 324 1021.2  -2.4   4.8  -6.9 99.0 99.00 
2025 01 16 11 20 298  5.6  7.4 99.00 99.00 99.00 999 1021.0  -2.6   4.8  -7.3 99.0 99.00 
2025 01 16 11 30 299  5.5  7.4 99.00 99.00 99.00 999 1021.0  -2.5   4.9  -7.4 99.0 99.00 
2025 01 16 11 40 291  5.6  7.1  0.85  4.17  3.66 328 1021.1  -2.7   4.9  -7.6 99.0 99.00 
2025 01 16 11 50 286  5.6  7.2 99.00 99.00 99.00 999 1021.0  -2.7   4.9  -7.5 99.0 99.00 
2025 01 16 12 00 289  5.8  7.5 99.00 99.00 99.00 999 1021.0  -2.6   5.0  -7.4 99.0 99.00 
2025 01 16 12 10 285  5.4  7.4  0.82  4.55  3.70 352 1020.9  -2.5   5.0  -7.5 99.0 99.00 
2025 01 16 12 20 290  5.3  6.6 99.00 99.00 99.00 999 1020.6  -2.6   5.0  -7.7 99.0 99.00 
2025 01 16 12 30 298  4.2  5.8 99.00 99.00 99.00 999 1020.5  -2.6   5.0  -7.7 99.0 99.00 
2025 01 16 12 40 288  3.9  5.4  0.71  4.55  3.75 347 1020.4  -2.5   5.0  -8.3 99.0 99.00 
2025 01 16 12 50 293  4.2  5.4 99.00 99.00 99.00 999 1020.3  -2.4   5.1  -8.5 99.0 99.00 
2025 01 16 13 00 296  4.2  5.7 99.00 99.00 99.00 999 1020.3  -2.3   5.1  -8.3 99.0 99.00 
2025 01 16 13 10 298  4.8  6.9  0.65  4.00  3.70 326 1020.3  -2.2   5.2  -8.2 99.0 99.00 
2025 01 16 13 20 304  4.9  6.4 99.00 99.00 99.00 999 1020.2  -2.1   5.4  -7.8 99.0 99.00 
2025 01 16 13 30 312  4.6  6.4 99.00 99.00 99.00 999 1020.2  -2.1   5.4  -7.8 99.0 99.00 
2025 01 16 13 40 309  5.4  6.9  0.64  4.17  3.69 342 1020.3  -2.0   5.5  -7.7 99.0 99.00 
2025 01 16 13 50 315  5.4  6.8 99.00 99.00 99.00 999 1020.1  -1.9   5.5  -7.5 99.0 99.00 
2025 01 16 14 00 319  5.5  7.1 99.00 99.00 99.00 999 1020.1  -1.8   5.5  -7.5 99.0 99.00 
2025 01 16 14 10 330  4.1  5.9  0.61  4.17  3.68 340 1020.0  -1.7   5.5  -7.3 99.0 99.00 
2025 01 16 14 20 311  4.1  5.5 99.00 99.00 99.00 999 1020.0  -1.6   5.5  -7.3 99.0 99.00 
2025 01 16 14 30 304  3.9  5.4 99.00 99.00 99.00 999 1020.0  -1.4   5.5  -7.4 99.0 99.00 
2025 01 16 14 40 305  2.6  4.5  0.58  4.17  3.58 344 1019.6  -1.3   5.4  -7.6 99.0 99.00 
2025 01 16 14 50 305  2.1  3.2 99.00 99.00 99.00 999 1019.6  -1.2   5.4  -7.9 99.0 99.00 
2025 01 16 15 00 301  2.0  3.5 99.00 99.00 99.00 999 1019.5  -1.2   5.4  -8.0 99.0 99.00 
2025 01 16 15 10 289  2.4  3.8  0.54  3.70  3.49 334 1019.5  -1.2   5.4  -7.8 99.0 99.00 
2025 01 16 15 20 280  2.6  4.2 99.00 99.00 99.00 999 1019.3  -1.1   5.4  -8.1 99.0 99.00 
2025 01 16 15 30 275  2.8  4.4 99.00 99.00 99.00 999 1019.3  -1.0   5.4  -7.9 99.0 99.00 
2025 01 16 15 40 273  2.9  4.4  0.47  3.85  3.56 356 1019.1  -0.9   5.5  -8.0 99.0 99.00 
2025 01 16 15 50 266  3.2  4.9 99.00 99.00 99.00 999 1018.9  -0.8   5.5  -7.7 99.0 99.00 
2025 01 16 16 00 264  3.4  4.6 99.00 99.00 99.00 999 1018.8  -0.8   5.5  -7.9 99.0 99.00 
2025 01 16 16 10 264  4.3  6.3  0.43  3.13  3.34 338 1018.4  -0.7   5.5  -7.9 99.0 99.00 
2025 01 16 16 20 257  4.2  5.9 99.00 99.00 99.00 999 1018.1  -0.7   5.5  -8.1 99.0 99.00 
2025 01 16 16 30 250  4.3  5.7 99.00 99.00 99.00 999 1017.8  -0.7   5.5  -8.5 99.0 99.00 
2025 01 16 16 40 239  4.7  6.6  0.41  3.33  3.50 336 1017.5  -0.5   5.5  -8.4 99.0 99.00 
2025 01 16 16 50 233  5.5  8.0 99.00 99.00 99.00 999 1017.1  -0.5   5.2  -8.6 99.0 99.00 
2025 01 16 17 00 241  5.6  7.9 99.00 99.00 99.00 999 1016.9  -0.5   5.3  -8.5 99.0 99.00 
2025 01 16 17 10 228  5.8  7.5  0.38 13.79  3.57 142 1016.3  -0.5   5.3  -7.9 99.0 99.00 
2025 01 16 17 20 220  5.7  8.0 99.00 99.00 99.00 999 1015.8  -0.5   5.3  -8.0 99.0 99.00 
2025 01 16 17 30 209  5.9  7.9 99.00 99.00 99.00 999 1015.4  -0.3   5.3  -7.3 99.0 99.00 
2025 01 16 17 40 211  6.1  8.6  0.37 12.12  3.45 289 1015.2  -0.2   5.3  -7.3 99.0 99.00 
2025 01 16 17 50 206  6.3  8.1 99.00 99.00 99.00 999 1014.9  -0.2   5.3  -7.1 99.0 99.00 
2025 01 16 18 00 206  6.1  8.0 99.00 99.00 99.00 999 1014.6   0.0   5.3  -6.5 99.0 99.00 
2025 01 16 18 10 201  6.7  8.6  0.40  2.60  3.26 224 1014.3   0.2   5.3  -6.1 99.0 99.00 
2025 01 16 18 20 208  6.6  8.3 99.00 99.00 99.00 999 1014.1   0.5   5.3  -5.4 99.0 99.00 
2025 01 16 18 30 203  6.7  8.2 99.00 99.00 99.00 999 1013.6   0.6   5.3  -5.5 99.0 99.00 
2025 01 16 18 40 198  6.4  8.0  0.44  2.74  3.12 213 1013.4   0.8   5.0  -4.9 99.0 99.00 
2025 01 16 18 50 198  6.4  8.4 99.00 99.00 99.00 999 1012.9   1.0   5.0  -4.7 99.0 99.00 
2025 01 16 19 00 197  6.8  8.2 99.00 99.00 99.00 999 1012.7   1.2   5.0  -4.6 99.0 99.00 
2025 01 16 19 10 198  7.0  9.3  0.47  3.13  3.21 207 1012.6   1.4   5.0  -4.0 99.0 99.00 
2025 01 16 19 20 206  7.9 11.1 99.00 99.00 99.00 999 1012.5   1.7   5.1  -3.4 99.0 99.00 
2025 01 16 19 30 210  8.8 10.8 99.00 99.00 99.00 999 1012.3   1.9   5.1  -3.8 99.0 99.00 
2025 01 16 19 40 211  9.6 11.6  0.64  3.33  3.29 204 1012.1   2.1   5.1  -3.5 99.0 99.00 
2025 01 16 19 50 207  9.7 11.8 99.00 99.00 99.00 999 1012.0   2.3   5.1  -3.1 99.0 99.00 
2025 01 16 20 00 209  9.8 11.7 99.00 99.00 99.00 999 1012.0   2.4   5.1  -3.2 99.0 99.00 
2025 01 16 20 10 211  9.7 12.6  0.74  3.85  3.44 207 1011.9   2.5   5.1  -2.7 99.0 99.00 
2025 01 16 20 20 214  9.9 12.2 99.00 99.00 99.00 999 1011.8   2.6   5.1  -2.5 99.0 99.00 
2025 01 16 20 30 213 10.0 12.6 99.00 99.00 99.00 999 1011.8   2.6   5.1  -2.6 99.0 99.00 
2025 01 16 20 40 215  9.4 11.9  0.96  4.00  3.71 204 1011.6   2.7   5.1  -2.6 99.0 99.00 
2025 01 16 20 50 214  8.8 10.9 99.00 99.00 99.00 999 1011.4   2.8   5.1  -2.6 99.0 99.00 
2025 01 16 21 00 219  8.7 11.1 99.00 99.00 99.00 999 1011.4   2.9   5.2  -2.2 99.0 99.00 
2025 01 16 21 10 216  9.2 11.2  1.17  4.35  3.91 207 1011.2   2.9   5.2  -2.3 99.0 99.00 
2025 01 16 21 20 218  9.6 11.9 99.00 99.00 99.00 999 1011.1   2.8   5.2  -1.4 99.0 99.00 
2025 01 16 21 30 216 10.0 12.1 99.00 99.00 99.00 999 1011.2   2.3   5.2  -0.7 99.0 99.00 
2025 01 16 21 40 221  9.7 11.8  1.13  4.35  3.90 218 1011.0   2.0   5.2  -0.2 99.0 99.00 
2025 01 16 21 50 217  8.9 10.8 99.00 99.00 99.00 999 1010.9   1.7   5.3   0.0 99.0 99.00 
2025 01 16 22 00 213  8.1 10.0 99.00 99.00 99.00 999 1010.9   1.7   5.3   0.1 99.0 99.00 
2025 01 16 22 10 214  8.1  9.8  1.13  4.76  3.95 218 1010.9   1.7   5.3   0.1 99.0 99.00 
2025 01 16 22 20 213  7.3  9.4 99.00 99.00 99.00 999 1010.8   1.8   5.3   0.3 99.0 99.00 
2025 01 16 22 30 212  7.4  8.6 99.00 99.00 99.00 999 1010.8   1.9   5.3   0.3 99.0 99.00 
2025 01 16 22 40 213  7.4  9.5  1.13  4.55  4.05 213 1010.8   2.0   5.3   0.4 99.0 99.00 
2025 01 16 22 50 213  7.5  9.2 99.00 99.00 99.00 999 1010.8   2.2   5.3   0.5 99.0 99.00 
2025 01 16 23 00 217  7.5  9.1 99.00 99.00 99.00 999 1010.8   2.3   5.4   0.3 99.0 99.00 
2025 01 16 23 10 218  8.0 10.5  1.20  5.00  4.10 200 1010.7   2.6   5.4   0.3 99.0 99.00 
2025 01 16 23 20 214  7.8  9.5 99.00 99.00 99.00 999 1010.6   2.9   5.4   0.3 99.0 99.00 
2025 01 16 23 30 221  7.8  9.7 99.00 99.00 99.00 999 1010.5   3.3   5.3   0.3 99.0 99.00 
2025 01 16 23 40 222  8.1 10.1  1.17  5.00  4.09 208 1010.4   3.5   5.3   0.0 99.0 99.00 
2025 01 16 23 50 221  7.9  9.5 99.00 99.00 99.00 999 1010.4   3.8   5.3   0.2 99.0 99.00 
2025 01 17 00 00 215  7.8  9.2 99.00 99.00 99.00 999 1010.2   4.0   5.3   0.5 99.0 99.00 
2025 01 17 00 10 217  7.7  9.5  1.04  5.00  3.80 198 1010.3   4.3   5.3   0.7 99.0 99.00 
2025 01 17 00 20 220  8.0  9.7 99.00 99.00 99.00 999 1010.2   4.5   5.3   0.4 99.0 99.00 
2025 01 17 00 30 224  8.6 10.8 99.00 99.00 99.00 999 1010.3   4.8   5.3   0.0 99.0 99.00 
2025 01 17 00 40 225  9.3 11.7  1.02  5.00  3.82 203 1010.3   4.9   5.3   0.2 99.0 99.00 
2025 01 17 00 50 228  9.3 11.1 99.00 99.00 99.00 999 1010.2   4.9   5.3   0.3 99.0 99.00 
2025 01 17 01 00 228  8.7 11.2 99.00 99.00 99.00 999 1010.4   5.0   5.3   0.6 99.0 99.00 
2025 01 17 01 10 228  9.1 11.5  1.09  4.76  3.94 208 1010.4   5.0   5.3   0.7 99.0 99.00 
2025 01 17 01 20 230  8.8 12.0 99.00 99.00 99.00 999 1010.5   5.0   5.3   0.4 99.0 99.00 
2025 01 17 01 30 236  8.4 10.1 99.00 99.00 99.00 999 1010.9   4.9   5.3   0.5 99.0 99.00 
2025 01 17 01 40 252  6.8  8.4  1.10  5.26  4.02 196 1010.9   4.8   5.3   0.3 99.0 99.00 
2025 01 17 01 50 255  6.6  8.2 99.00 99.00 99.00 999 1010.8   4.7   5.3  -0.3 99.0 99.00 
2025 01 17 02 00 257  5.7  7.4 99.00 99.00 99.00 999 1010.8   4.7   5.3   0.0 99.0 99.00 
2025 01 17 02 10 267  5.9  7.6  1.09  5.26  4.08 199 1010.8   4.7   5.4   0.1 99.0 99.00 
2025 01 17 02 20 277  5.2  6.8 99.00 99.00 99.00 999 1010.9   4.7   5.4   0.0 99.0 99.00 
2025 01 17 02 30 281  4.9  6.0 99.00 99.00 99.00 999 1011.0   4.6   5.4  -0.7 99.0 99.00 
2025 01 17 02 40 287  5.1  6.2  1.09  5.00  4.17 192 1011.2   4.6   5.4  -0.9 99.0 99.00 
2025 01 17 02 50 293  5.5  6.6 99.00 99.00 99.00 999 1011.3   4.5   5.4  -0.7 99.0 99.00 
2025 01 17 03 00 296  5.6  6.6 99.00 99.00 99.00 999 1011.4   4.2   5.4  -1.1 99.0 99.00 
2025 01 17 03 10 294  6.2  7.6  1.01  5.26  4.14 196 1011.6   4.0   5.5  -1.6 99.0 99.00 
2025 01 17 03 20 300  6.6  8.1 99.00 99.00 99.00 999 1011.7   3.8   5.5  -1.3 99.0 99.00 
2025 01 17 03 30 306  7.3  9.2 99.00 99.00 99.00 999 1011.8   3.6   5.5  -0.9 99.0 99.00 
2025 01 17 03 40 309  6.8  8.5  1.11  5.56  4.31 181 1011.9   3.5   5.5  -0.8 99.0 99.00 
2025 01 17 03 50 317  6.8  8.6 99.00 99.00 99.00 999 1012.2   3.4   5.5  -0.7 99.0 99.00 
2025 01 17 04 00 323  6.8  8.1 99.00 99.00 99.00 999 1012.3   3.1   5.5  -0.4 99.0 99.00 
2025 01 17 04 10 315  6.1  7.9  1.04  5.00  4.17 197 1012.2   2.7   5.4  -0.4 99.0 99.00 
2025 01 17 04 20 299  5.3  6.4 99.00 99.00 99.00 999 1012.3   2.8   5.3   0.1 99.0 99.00 
2025 01 17 04 30 300  6.2  8.5 99.00 99.00 99.00 999 1012.4   3.1   4.9   0.6 99.0 99.00 
2025 01 17 04 40 305  6.7  8.3  1.19  5.88  4.37 179 1012.4   3.1   4.9   0.9 99.0 99.00 
2025 01 17 04 50 312  6.4  7.6 99.00 99.00 99.00 999 1012.5   3.0   4.8   1.0 99.0 99.00 
2025 01 17 05 00 320  6.3  7.9 99.00 99.00 99.00 999 1012.6   2.9   4.8   1.0 99.0 99.00 
2025 01 17 05 10 320  6.5  8.6  1.03  5.88  4.33 190 1012.6   2.7   4.8   0.7 99.0 99.00 
2025 01 17 05 20 325  6.6  8.5 99.00 99.00 99.00 999 1012.7   2.8   4.8   0.9 99.0 99.00 
2025 01 17 05 30 332  7.2  8.5 99.00 99.00 99.00 999 1012.7   2.9   4.8   0.9 99.0 99.00 
2025 01 17 05 40 337  8.5 10.5  1.10  5.88  4.36 189 1012.7   2.8   4.8   0.3 99.0 99.00 
2025 01 17 05 50 332  8.7 10.7 99.00 99.00 99.00 999 1012.9   2.9   4.8   0.1 99.0 99.00 
2025 01 17 06 00 323  9.9 13.2 99.00 99.00 99.00 999 1012.9   2.9   4.7  -0.5 99.0 99.00 
2025 01 17 06 10 324  9.7 12.1  1.10  6.25  4.13 182 1013.2   2.8   4.8  -0.3 99.0 99.00 
2025 01 17 06 20 325 10.2 12.5 99.00 99.00 99.00 999 1013.4   2.7   4.9  -0.5 99.0 99.00 
2025 01 17 06 30 328 11.1 13.5 99.00 99.00 99.00 999 1013.4   2.6   4.9  -1.0 99.0 99.00 
2025 01 17 06 40 332 11.5 14.4  1.17  5.88  3.92 187 1013.4   2.7   4.9  -1.0 99.0 99.00 
2025 01 17 06 50 332 11.7 14.8 99.00 99.00 99.00 999 1013.6   2.6   5.0  -1.1 99.0 99.00 
2025 01 17 07 00 332 11.6 14.6 99.00 99.00 99.00 999 1013.9   2.6   5.0  -0.8 99.0 99.00 
2025 01 17 07 10 329 12.1 15.2  1.25  3.85  3.85 340 1014.0   2.6   5.0  -0.6 99.0 99.00 
2025 01 17 07 20 328 12.1 14.7 99.00 99.00 99.00 999 1014.1   2.4   5.1  -1.1 99.0 99.00 
2025 01 17 07 30 331 11.9 14.3 99.00 99.00 99.00 999 1014.3   2.3   5.1  -1.1 99.0 99.00 
2025 01 17 07 40 335 11.9 14.8  1.30  4.17  3.85 338 1014.5   2.2   5.1  -0.9 99.0 99.00 
2025 01 17 07 50 333 11.1 13.7 99.00 99.00 99.00 999 1014.6   2.0   5.1  -1.3 99.0 99.00 
2025 01 17 08 00 332 10.7 13.4 99.00 99.00 99.00 999 1014.7   2.0   5.1  -1.3 99.0 99.00 
2025 01 17 08 10 330 10.9 13.0  1.36  4.00  3.95 335 1014.8   2.0   5.2  -1.4 99.0 99.00 
2025 01 17 08 20 327 11.6 14.9 99.00 99.00 99.00 999 1014.8   2.1   5.2  -1.6 99.0 99.00 
2025 01 17 08 30 329 11.9 14.4 99.00 99.00 99.00 999 1014.8   2.1   5.2  -1.6 99.0 99.00 
2025 01 17 08 40 331 12.4 15.0  1.48  4.55  4.06 327 1014.9   2.0   5.3  -1.9 99.0 99.00 
2025 01 17 08 50 333 12.8 15.5 99.00 99.00 99.00 999 1015.0   2.1   5.3  -1.9 99.0 99.00 
2025 01 17 09 00 330 11.8 15.3 99.00 99.00 99.00 999 1015.4   2.2   5.3  -1.6 99.0 99.00 
2025 01 17 09 10 330 11.9 14.6  1.49  4.55  4.10 337 1015.5   2.1   5.3  -2.0 99.0 99.00 
2025 01 17 09 20 333 12.0 14.8 99.00 99.00 99.00 999 1015.6   2.2   5.2  -1.9 99.0 99.00 
2025 01 17 09 30 334 12.0 15.2 99.00 99.00 99.00 999 1015.7   2.1   5.2  -1.9 99.0 99.00 
2025 01 17 09 40 329 12.1 14.6  1.54  4.76  4.16 333 1016.0   2.0   5.2  -1.9 99.0 99.00 
2025 01 17 09 50 334 11.5 14.1 99.00 99.00 99.00 999 1016.2   2.0   5.3  -1.7 99.0 99.00 
2025 01 17 10 00 334 11.2 13.8 99.00 99.00 99.00 999 1016.2   2.1   5.3  -1.7 99.0 99.00 
2025 01 17 10 10 333 11.5 14.1  1.48  5.00  4.20 336 1016.2   2.0   5.4  -1.8 99.0 99.00 
2025 01 17 10 20 331 11.7 14.9 99.00 99.00 99.00 999 1016.6   2.1   5.4  -1.8 99.0 99.00 
2025 01 17 10 30 335 11.9 14.6 99.00 99.00 99.00 999 1016.8   2.1   5.4  -1.9 99.0 99.00 
2025 01 17 10 40 335 11.5 13.7  1.46  5.00  4.16 336 1016.8   2.1   5.4  -2.0 99.0 99.00 
2025 01 17 10 50 330 11.0 13.6 99.00 99.00 99.00 999 1017.1   2.1   5.4  -2.0 99.0 99.00 
2025 01 17 11 00 330 10.3 13.3 99.00 99.00 99.00 999 1017.3   2.2   5.5  -1.8 99.0 99.00 
2025 01 17 11 10 323 10.0 12.7  1.43  5.26  4.26 338 1017.7   2.2   5.6  -1.8 99.0 99.00 
2025 01 17 11 20 321  9.8 12.6 99.00 99.00 99.00 999 1017.8   2.2   5.7  -1.7 99.0 99.00 
2025 01 17 11 30 318  9.5 12.2 99.00 99.00 99.00 999 1018.2   2.2   5.7  -1.7 99.0 99.00 
2025 01 17 11 40 314  8.9 11.0  1.28  5.00  4.15 339 1018.4   2.3   5.8  -1.6 99.0 99.00 
2025 01 17 11 50 309  9.3 11.9 99.00 99.00 99.00 999 1018.5   2.2   5.9  -1.8 99.0 99.00 
2025 01 17 12 00 310  9.2 11.5 99.00 99.00 99.00 999 1018.7   2.1   5.9  -1.9 99.0 99.00 
2025 01 17 12 10 308  9.0 11.1  1.13  5.00  3.94 337 1018.9   2.1   5.6  -2.0 99.0 99.00 
2025 01 17 12 20 308  9.1 11.4 99.00 99.00 99.00 999 1019.2   2.1   5.6  -2.0 99.0 99.00 
2025 01 17 12 30 311  8.7 10.2 99.00 99.00 99.00 999 1019.2   2.1   5.7  -1.8 99.0 99.00 
2025 01 17 12 40 306  9.0 11.5  1.11  4.55  3.92 341 1019.4   2.1   5.5  -1.8 99.0 99.00 
2025 01 17 12 50 301  8.8 10.8 99.00 99.00 99.00 999 1019.7   2.1   5.5  -1.8 99.0 99.00 
2025 01 17 13 00 298  9.1 11.9 99.00 99.00 99.00 999 1019.9   2.1   5.5  -1.7 99.0 99.00 
2025 01 17 13 10 301  9.1 11.5  1.08  4.76  3.93 332 1020.2   2.3   5.5  -1.5 99.0 99.00 
2025 01 17 13 20 300  9.5 12.5 99.00 99.00 99.00 999 1020.3   2.4   5.6  -1.4 99.0 99.00 
2025 01 17 13 30 295  8.7 10.7 99.00 99.00 99.00 999 1020.6   2.3   5.6  -1.5 99.0 99.00 
2025 01 17 13 40 293  8.4 10.5  0.98  4.17  3.75 338 1020.6   2.4   5.7  -1.4 99.0 99.00 
2025 01 17 13 50 291  8.1  9.9 99.00 99.00 99.00 999 1020.9   2.5   5.6  -1.3 99.0 99.00 
2025 01 17 14 00 282  7.7  9.9 99.00 99.00 99.00 999 1021.2   2.4   5.5  -1.2 99.0 99.00 
2025 01 17 14 10 290  7.3  9.7  0.87  4.76  3.65 342 1021.5   2.5   5.5  -1.2 99.0 99.00 
2025 01 17 14 20 288  7.2  8.6 99.00 99.00 99.00 999 1021.5   2.5   5.6  -1.4 99.0 99.00 
2025 01 17 14 30 291  6.9  8.7 99.00 99.00 99.00 999 1021.6   2.5   5.6  -1.5 99.0 99.00 
2025 01 17 14 40 286  6.6  7.8  0.79  4.55  3.59 343 1021.7   2.6   5.7  -1.2 99.0 99.00 
2025 01 17 14 50 285  6.4  7.9 99.00 99.00 99.00 999 1021.7   2.6   5.7  -1.2 99.0 99.00 
2025 01 17 15 00 282  6.3  7.7 99.00 99.00 99.00 999 1021.9   2.7   5.7  -1.1 99.0 99.00 
2025 01 17 15 10 280  6.1  7.4  0.68  3.13  3.46 303 1022.0   2.7   5.7  -1.0 99.0 99.00 
2025 01 17 15 20 287  6.6  8.1 99.00 99.00 99.00 999 1022.0   2.9   5.7  -1.0 99.0 99.00 
2025 01 17 15 30 280  6.5  8.1 99.00 99.00 99.00 999 1022.1   3.0   5.7  -1.0 99.0 99.00 
2025 01 17 15 40 281  6.7  8.0  0.65  3.70  3.41 345 1022.2   3.0   5.7  -1.1 99.0 99.00 
2025 01 17 15 50 279  6.8  8.5 99.00 99.00 99.00 999 1022.0   3.1   5.7  -1.1 99.0 99.00 
2025 01 17 16 00 286  6.3  8.0 99.00 99.00 99.00 999 1022.0   3.3   5.7  -1.1 99.0 99.00 
2025 01 17 16 10 287  6.3  7.8  0.65  3.13  3.36 289 1021.9   3.4   5.7  -0.9 99.0 99.00 
2025 01 17 16 20 287  6.4  7.7 99.00 99.00 99.00 999 1021.7   3.5   5.7  -1.0 99.0 99.00 
2025 01 17 16 30 286  5.6  6.9 99.00 99.00 99.00 999 1021.6   3.6   5.4  -0.9 99.0 99.00 
2025 01 17 16 40 288  5.9  7.1  0.66  3.33  3.32 305 1021.6   3.8   5.2  -0.7 99.0 99.00 
2025 01 17 16 50 288  6.1  7.6 99.00 99.00 99.00 999 1021.3   3.8   5.2  -1.0 99.0 99.00 
2025 01 17 17 00 291  6.2  7.5 99.00 99.00 99.00 999 1021.3   3.9   5.2  -0.9 99.0 99.00 
2025 01 17 17 10 302  6.5  7.7  0.62  3.03  3.33 281 1021.0   4.0   5.3  -1.1 99.0 99.00 
2025 01 17 17 20 304  5.9  7.1 99.00 99.00 99.00 999 1020.9   4.0   5.2  -0.9 99.0 99.00 
2025 01 17 17 30 307  6.1  7.8 99.00 99.00 99.00 999 1020.8   4.1   5.3  -0.8 99.0 99.00 
2025 01 17 17 40 306  6.1  7.3  0.60  3.23  3.27 297 1020.6   4.2   5.3  -0.9 99.0 99.00 
2025 01 17 17 50 303  5.7  6.9 99.00 99.00 99.00 999 1020.6   4.2   5.3  -1.2 99.0 99.00 
2025 01 17 18 00 299  5.2  6.6 99.00 99.00 99.00 999 1020.6   4.3   5.3  -1.1 99.0 99.00 
2025 01 17 18 10 307  4.9  6.3  0.57  3.13  3.36 295 1020.5   4.4   5.3  -0.9 99.0 99.00 
2025 01 17 18 20 308  4.2  5.2 99.00 99.00 99.00 999 1020.3   4.4   5.3  -0.8 99.0 99.00 
2025 01 17 18 30 313  4.4  5.3 99.00 99.00 99.00 999 1020.2   4.5   5.3  -1.0 99.0 99.00 
2025 01 17 18 40 317  4.5  5.5  0.52  3.03  3.40 288 1020.1   4.6   5.3  -1.2 99.0 99.00 
2025 01 17 18 50 314  3.8  4.9 99.00 99.00 99.00 999 1020.1   4.6   5.3  -1.2 99.0 99.00 
2025 01 17 19 00 319  3.4  4.2 99.00 99.00 99.00 999 1020.1   4.7   5.3  -1.3 99.0 99.00 
2025 01 17 19 10 310  3.1  4.2  0.52  3.13  3.43 288 1020.3   4.8   5.3  -1.2 99.0 99.00 
2025 01 17 19 20 306  3.2  4.3 99.00 99.00 99.00 999 1020.2   4.9   5.3  -1.6 99.0 99.00 
2025 01 17 19 30 313  2.8  3.8 99.00 99.00 99.00 999 1020.1   4.9   5.3  -1.7 99.0 99.00 
2025 01 17 19 40 313  2.2  3.0  0.49  2.94  3.55 291 1020.2   5.0   5.3  -2.3 99.0 99.00 
2025 01 17 19 50 319  1.6  2.3 99.00 99.00 99.00 999 1020.2   5.1   5.3  -1.9 99.0 99.00 
2025 01 17 20 00 318  1.2  1.7 99.00 99.00 99.00 999 1020.2   5.3   5.3  -1.7 99.0 99.00 
2025 01 17 20 10 332  0.9  1.4  0.49  6.67  3.71 165 1020.0   5.4   5.3  -1.8 99.0 99.00 
2025 01 17 20 20 353  0.4  0.8 99.00 99.00 99.00 999 1020.2   5.5   5.3  -1.7 99.0 99.00 
2025 01 17 20 30 272  0.2  1.1 99.00 99.00 99.00 999 1020.4   6.2   5.3  -1.7 99.0 99.00 
2025 01 17 20 40 213  0.5  0.9  0.49  7.14  3.69 154 1020.3   6.2   5.3  -1.6 99.0 99.00 
2025 01 17 20 50 204  0.5  1.4 99.00 99.00 99.00 999 1020.4   6.2   5.3  -1.7 99.0 99.00 
2025 01 17 21 00 216  1.7  2.4 99.00 99.00 99.00 999 1020.6   5.6   5.2  -1.3 99.0 99.00 
2025 01 17 21 10 205  1.9  2.9  0.46  7.69  3.89 188 1020.6   5.3   5.2  -1.8 99.0 99.00 
2025 01 17 21 20 187  2.2  2.8 99.00 99.00 99.00 999 1020.7   5.1   5.2  -1.5 99.0 99.00 
2025 01 17 21 30 182  2.0  2.7 99.00 99.00 99.00 999 1020.7   5.1   5.2  -1.4 99.0 99.00 
2025 01 17 21 40 176  2.3  2.8  0.42  7.14  3.96 154 1020.8   4.9   5.2  -1.5 99.0 99.00 
2025 01 17 21 50 166  2.4  3.1 99.00 99.00 99.00 999 1020.8   4.8   5.3  -1.5 99.0 99.00 
2025 01 17 22 00 176  2.6  3.3 99.00 99.00 99.00 999 1021.0   4.8   5.2  -1.5 99.0 99.00 
2025 01 17 22 10 174  2.9  3.8  0.44  7.14  4.53 156 1021.2   4.7   5.2  -1.2 99.0 99.00 
2025 01 17 22 20 172  3.0  3.9 99.00 99.00 99.00 999 1021.2   4.7   5.2  -1.3 99.0 99.00 
2025 01 17 22 30 180  3.0  4.0 99.00 99.00 99.00 999 1021.3   4.7   5.2  -1.4 99.0 99.00 
2025 01 17 22 40 176  3.4  4.2  0.43  7.69  4.78 176 1021.3   4.7   5.2  -1.4 99.0 99.00 
2025 01 17 22 50 180  3.6  4.2 99.00 99.00 99.00 999 1021.5   4.7   5.1  -1.4 99.0 99.00 
2025 01 17 23 00 181  3.7  4.5 99.00 99.00 99.00 999 1021.7   4.8   5.1  -1.3 99.0 99.00 
2025 01 17 23 10 186  4.1  4.9  0.42  7.69  4.92 165 1021.8   4.8   5.1  -1.5 99.0 99.00 
2025 01 17 23 20 192  4.2  4.9 99.00 99.00 99.00 999 1021.7   4.8   5.1  -1.4 99.0 99.00 
2025 01 17 23 30 187  4.3  5.1 99.00 99.00 99.00 999 1021.8   4.8   5.1  -1.3 99.0 99.00 
2025 01 17 23 40 187  4.7  5.5  0.40  7.14  5.12 160 1021.9   4.8   5.1  -1.3 99.0 99.00 
2025 01 17 23 50 188  4.5  5.5 99.00 99.00 99.00 999 1021.8   4.8   5.1  -1.4 99.0 99.00 
2025 01 18 00 00 183  4.4  5.5 99.00 99.00 99.00 999 1021.9   4.9   5.2  -1.2 99.0 99.00 
2025 01 18 00 10 188  4.5  5.5  0.44  7.69  5.33 146 1021.9   4.9   5.2  -1.0 99.0 99.00 
2025 01 18 00 20 189  4.2  5.1 99.00 99.00 99.00 999 1021.9   4.9   5.2  -0.8 99.0 99.00 
2025 01 18 00 30 183  4.5  5.8 99.00 99.00 99.00 999 1021.9   4.9   5.2  -0.6 99.0 99.00 
2025 01 18 00 40 185  4.8  5.9  0.39  7.69  4.38 187 1021.9   4.9   5.2  -0.8 99.0 99.00 
2025 01 18 00 50 187  5.0  6.2 99.00 99.00 99.00 999 1021.8   5.0   5.2  -0.7 99.0 99.00 
2025 01 18 01 00 185  5.1  6.1 99.00 99.00 99.00 999 1021.9   5.0   5.2  -0.6 99.0 99.00 
2025 01 18 01 10 183  5.4  6.3  0.41 12.12  4.10 159 1021.7   5.0   5.2  -0.6 99.0 99.00 
2025 01 18 01 20 187  5.6  6.5 99.00 99.00 99.00 999 1021.8   5.0   5.2  -0.6 99.0 99.00 
2025 01 18 01 30 182  5.8  7.4 99.00 99.00 99.00 999 1021.9   5.1   5.3  -0.5 99.0 99.00 
2025 01 18 01 40 185  5.8  7.1  0.49  7.14  3.56 179 1021.7   5.1   5.3  -0.3 99.0 99.00 
2025 01 18 01 50 186  5.7  7.2 99.00 99.00 99.00 999 1021.8   5.1   5.3  -0.3 99.0 99.00 
2025 01 18 02 00 186  5.8  7.4 99.00 99.00 99.00 999 1022.0   5.2   5.4   0.1 99.0 99.00 
2025 01 18 02 10 180  5.9  6.9  0.50  7.69  3.53 227 1021.8   5.2   5.4  -0.2 99.0 99.00 
2025 01 18 02 20 181  6.0  7.4 99.00 99.00 99.00 999 1021.8   5.2   5.4  -0.4 99.0 99.00 
2025 01 18 02 30 181  5.8  6.8 99.00 99.00 99.00 999 1021.7   5.2   5.4  -0.3 99.0 99.00 
2025 01 18 02 40 177  6.2  7.1  0.51  7.14  3.48 172 1021.6   5.3   5.4  -0.4 99.0 99.00 
2025 01 18 02 50 178  6.2  7.2 99.00 99.00 99.00 999 1021.6   5.3   5.4  -0.3 99.0 99.00 
2025 01 18 03 00 180  6.4  7.6 99.00 99.00 99.00 999 1021.7   5.4   5.4   0.0 99.0 99.00 
2025 01 18 03 10 186  6.4  8.0  0.53  2.86  3.32 201 1021.9   5.4   5.4  -0.2 99.0 99.00 
2025 01 18 03 20 187  6.7  7.9 99.00 99.00 99.00 999 1021.9   5.5   5.4   0.0 99.0 99.00 
2025 01 18 03 30 182  6.4  8.0 99.00 99.00 99.00 999 1021.7   5.5   5.4   0.2 99.0 99.00 
2025 01 18 03 40 183  6.9  8.0  0.58  3.03  3.16 201 1021.7   5.5   5.4  -0.3 99.0 99.00 
2025 01 18 03 50 184  7.1  8.5 99.00 99.00 99.00 999 1021.6   5.6   5.5   0.0 99.0 99.00 
2025 01 18 04 00 187  7.1  8.6 99.00 99.00 99.00 999 1021.7   5.6   5.5   0.1 99.0 99.00 
2025 01 18 04 10 186  7.4  9.1  0.59  3.03  3.32 205 1021.6   5.6   5.5   0.1 99.0 99.00 
2025 01 18 04 20 187  7.6  9.1 99.00 99.00 99.00 999 1021.5   5.7   5.5   0.5 99.0 99.00 
2025 01 18 04 30 186  7.4  9.5 99.00 99.00 99.00 999 1021.6   5.7   5.5   0.7 99.0 99.00 
2025 01 18 04 40 189  7.7  9.2  0.62  3.23  3.40 194 1021.4   5.7   5.5   0.8 99.0 99.00 
2025 01 18 04 50 185  7.9  9.5 99.00 99.00 99.00 999 1021.3   5.8   5.5   0.6 99.0 99.00 
2025 01 18 05 00 182  8.0  9.6 99.00 99.00 99.00 999 1021.2   5.8   5.5   0.7 99.0 99.00 
2025 01 18 05 10 184  7.9  9.6  0.72  3.33  3.33 200 1021.2   5.9   5.6   1.1 99.0 99.00 
2025 01 18 05 20 185  7.8  9.5 99.00 99.00 99.00 999 1020.9   6.0   5.6   1.4 99.0 99.00 
2025 01 18 05 30 185  7.7 10.0 99.00 99.00 99.00 999 1020.7   6.0   5.6   1.6 99.0 99.00 
2025 01 18 05 40 186  8.0  9.9  0.76  3.70  3.48 191 1020.6   6.0   5.6   1.4 99.0 99.00 
2025 01 18 05 50 186  8.3 10.0 99.00 99.00 99.00 999 1020.4   6.1   5.6   1.5 99.0 99.00 
2025 01 18 06 00 185  8.5 10.4 99.00 99.00 99.00 999 1020.3   6.2   5.6   1.6 99.0 99.00 
2025 01 18 06 10 185  8.3 10.3  0.88  3.70  3.53 189 1020.3   6.2   5.6   1.9 99.0 99.00 
2025 01 18 06 20 188  8.1  9.8 99.00 99.00 99.00 999 1020.2   6.2   5.6   2.1 99.0 99.00 
2025 01 18 06 30 181  8.9 11.0 99.00 99.00 99.00 999 1020.0   6.3   5.6   2.0 99.0 99.00 
2025 01 18 06 40 180  8.5 10.5  0.90  3.85  3.65 185 1019.8   6.3   5.6   2.1 99.0 99.00 
2025 01 18 06 50 180  8.6 10.6 99.00 99.00 99.00 999 1019.8   6.4   5.6   2.2 99.0 99.00 
2025 01 18 07 00 184  8.0 10.2 99.00 99.00 99.00 999 1020.1   6.5   5.6   2.8 99.0 99.00 
2025 01 18 07 10 184  8.2  9.7  0.92  4.17  3.66 190 1020.0   6.5   5.6   2.8 99.0 99.00 
2025 01 18 07 20 188  7.5  9.8 99.00 99.00 99.00 999 1020.2   6.6   5.6   3.3 99.0 99.00 
2025 01 18 07 30 190  8.0  9.7 99.00 99.00 99.00 999 1020.3   6.6   5.6   3.2 99.0 99.00 
2025 01 18 07 40 192  7.2  8.6  0.93  4.55  3.72 187 1020.2   6.6   5.6   3.4 99.0 99.00 
2025 01 18 07 50 192  6.9  8.3 99.00 99.00 99.00 999 1020.0   6.6   5.6   3.5 99.0 99.00 
2025 01 18 08 00 191  6.5  8.0 99.00 99.00 99.00 999 1019.9   6.6   5.6   3.5 99.0 99.00 
2025 01 18 08 10 189  6.1  7.9  0.93  4.55  3.81 184 1019.8   6.6   5.6   3.6 99.0 99.00 
2025 01 18 08 20 187  6.1  7.5 99.00 99.00 99.00 999 1019.7   6.6   5.6   3.6 99.0 99.00 
2025 01 18 08 30 186  5.9  7.1 99.00 99.00 99.00 999 1019.7   6.6   5.6   3.6 99.0 99.00 
2025 01 18 08 40 187  5.9  6.9  0.89  4.55  3.84 179 1019.7   6.6   5.6   3.7 99.0 99.00 
2025 01 18 08 50 186  6.0  7.1 99.00 99.00 99.00 999 1019.5   6.6   5.6   3.8 99.0 99.00 
2025 01 18 09 00 183  5.9  6.9 99.00 99.00 99.00 999 1019.2   6.6   5.6   3.8 99.0 99.00 
2025 01 18 09 10 181  5.9  7.2  0.88  4.76  3.89 172 1019.0   6.7   5.6   3.9 99.0 99.00 
2025 01 18 09 20 179  5.7  6.9 99.00 99.00 99.00 999 1018.9   6.7   5.6   3.9 99.0 99.00 
2025 01 18 09 30 177  5.4  6.7 99.00 99.00 99.00 999 1018.7   6.8   5.6   3.9 99.0 99.00 
2025 01 18 09 40 176  5.2  6.1  0.85  4.55  3.89 175 1018.6   6.8   5.6   4.0 99.0 99.00 
2025 01 18 09 50 171  5.1  6.1 99.00 99.00 99.00 999 1018.4   6.9   5.6   4.1 99.0 99.00 
2025 01 18 10 00 169  5.0  6.2 99.00 99.00 99.00 999 1018.3   6.9   5.6   4.1 99.0 99.00 
2025 01 18 10 10 167  5.0  5.9  0.86  4.55  4.04 175 1018.2   7.0   5.6   4.1 99.0 99.00 
2025 01 18 10 20 166  4.8  5.9 99.00 99.00 99.00 999 1018.1   7.0   5.6   4.2 99.0 99.00 
2025 01 18 10 30 167  4.9  5.8 99.00 99.00 99.00 999 1018.1   7.1   5.6   4.3 99.0 99.00 
2025 01 18 10 40 166  4.8  5.5  0.83  4.76  3.95 164 1018.1   7.1   5.6   4.4 99.0 99.00 
2025 01 18 10 50 167  5.3  6.6 99.00 99.00 99.00 999 1018.1   7.2   5.6   4.5 99.0 99.00 
2025 01 18 11 00 169  5.1  6.5 99.00 99.00 99.00 999 1018.2   7.2   5.6   4.6 99.0 99.00 
2025 01 18 11 10 166  4.9  5.8  0.84  4.76  4.00 174 1018.2   7.2   5.6   4.7 99.0 99.00 
2025 01 18 11 20 165  4.7  5.6 99.00 99.00 99.00 999 1018.1   7.3   5.6   5.0 99.0 99.00 
2025 01 18 11 30 163  4.3  5.4 99.00 99.00 99.00 999 1018.2   7.3   5.6   5.1 99.0 99.00 
2025 01 18 11 40 160  4.1  5.0  0.81  4.55  4.02 176 1018.2   7.3   5.6   5.4 99.0 99.00 
2025 01 18 11 50 159  4.7  5.6 99.00 99.00 99.00 999 1018.1   7.5   5.6   5.7 99.0 99.00 
2025 01 18 12 00 157  5.1  5.8 99.00 99.00 99.00 999 1018.0   7.5   5.7   5.6 99.0 99.00 
2025 01 18 12 10 154  5.0  5.7  0.76  4.35  3.91 176 1017.7   7.6   5.7   5.6 99.0 99.00 
2025 01 18 12 20 150  5.4  6.3 99.00 99.00 99.00 999 1017.5   7.6   5.7   5.7 99.0 99.00 
2025 01 18 12 30 151  5.3  6.1 99.00 99.00 99.00 999 1017.3   7.7   5.7   5.9 99.0 99.00 
2025 01 18 12 40 150  5.5  6.5  0.79  4.35  3.90 173 1017.3   7.7   5.7   6.1 99.0 99.00 
2025 01 18 12 50 150  5.6  6.5 99.00 99.00 99.00 999 1017.2   7.7   5.7   6.2 99.0 99.00 
2025 01 18 13 00 149  6.0  7.4 99.00 99.00 99.00 999 1017.0   7.8   5.7   6.3 99.0 99.00 
2025 01 18 13 10 152  6.4  7.8  0.74  4.76  3.84 166 1016.9   7.8   5.7   6.2 99.0 99.00 
2025 01 18 13 20 152  6.5  7.6 99.00 99.00 99.00 999 1016.9   7.9   5.8   6.3 99.0 99.00 
2025 01 18 13 30 152  6.3  7.3 99.00 99.00 99.00 999 1017.0   7.9   5.8   6.3 99.0 99.00 
2025 01 18 13 40 150  6.0  7.2  0.85  4.55  3.84 173 1016.8   7.9   5.8   6.4 99.0 99.00 
2025 01 18 13 50 148  6.1  7.3 99.00 99.00 99.00 999 1016.6   8.0   5.8   6.4 99.0 99.00 
2025 01 18 14 00 146  6.1  7.4 99.00 99.00 99.00 999 1016.4   8.1   5.8   6.5 99.0 99.00 
2025 01 18 14 10 148  6.1  6.9  0.76  4.35  3.71 174 1016.2   8.1   5.8   6.5 99.0 99.00 
2025 01 18 14 20 145  6.0  7.0 99.00 99.00 99.00 999 1016.0   8.1   5.8   6.6 99.0 99.00 
2025 01 18 14 30 146  5.6  6.6 99.00 99.00 99.00 999 1015.9   8.1   5.8   6.7 99.0 99.00 
2025 01 18 14 40 141  4.4  5.5  0.71  4.35  3.81 168 1015.8   8.1   5.9   6.7 99.0 99.00 
2025 01 18 14 50 139  3.5  4.2 99.00 99.00 99.00 999 1015.8   8.0   5.9   6.7 99.0 99.00 
2025 01 18 15 00 999 99.0 99.0 99.00 99.00 99.00 999 1015.7 999.0   5.9 999.0 99.0 99.00 
2025 01 18 15 10 129  3.9  4.7 99.00 99.00 99.00 999 1015.4   8.2   5.9   7.0 99.0 99.00 
2025 01 18 15 20 135  4.3  5.3 99.00 99.00 99.00 999 1015.2   8.3   5.9   7.1 99.0 99.00 
2025 01 18 15 30 134  4.8  5.7 99.00 99.00 99.00 999 1014.7   8.4   5.9   7.2 99.0 99.00 
2025 01 18 15 40 130  5.4  6.6  0.65  4.55  3.73 171 1014.2   8.4   5.9   7.2 99.0 99.00 
2025 01 18 15 50 129  5.7  7.0 99.00 99.00 99.00 999 1013.7   8.5   5.9   7.4 99.0 99.00 
2025 01 18 16 00 127  6.0  7.5 99.00 99.00 99.00 999 1013.4   8.5   5.9   7.4 99.0 99.00 
2025 01 18 16 10 128  7.1  8.3  0.71  4.35  3.72 175 1012.9   8.6   5.9   7.5 99.0 99.00 
2025 01 18 16 20 131  7.2  8.5 99.00 99.00 99.00 999 1012.6   8.7   5.9   7.6 99.0 99.00 
2025 01 18 16 30 131  7.3  8.6 99.00 99.00 99.00 999 1012.1   8.8   5.9   7.7 99.0 99.00 
2025 01 18 16 40 131  7.1  8.6  0.68  4.00  3.56 180 1011.7   8.8   5.9   7.7 99.0 99.00 
2025 01 18 16 50 134  7.1  8.3 99.00 99.00 99.00 999 1011.7   8.9   6.0   7.9 99.0 99.00 
2025 01 18 17 00 135  6.9  8.2 99.00 99.00 99.00 999 1011.4   9.0   6.0   8.0 99.0 99.00 
2025 01 18 17 10 135  6.6  7.9  0.77  3.85  3.56 172 1010.9   9.0   6.0   8.1 99.0 99.00 
2025 01 18 17 20 137  6.4  8.8 99.00 99.00 99.00 999 1010.6   8.9   6.0   8.0 99.0 99.00 
2025 01 18 17 30 143  6.0  7.6 99.00 99.00 99.00 999 1010.4   9.0   6.0   8.2 99.0 99.00 
2025 01 18 17 40 139  6.2  7.4  0.69  4.35  3.66 180 1009.8   9.0   6.0   8.2 99.0 99.00 
2025 01 18 17 50 142  6.3  7.5 99.00 99.00 99.00 999 1009.3   9.2   6.0   8.4 99.0 99.00 
2025 01 18 18 00 144  6.3  7.6 99.00 99.00 99.00 999 1009.3   9.2   6.0   8.4 99.0 99.00 
2025 01 18 18 10 147  6.5  7.4  0.78  4.17  3.71 166 1009.3   9.2   6.0   8.4 99.0 99.00 
2025 01 18 18 20 150  6.1  7.2 99.00 99.00 99.00 999 1009.2   9.2   6.0   8.4 99.0 99.00 
2025 01 18 18 30 159  5.8  7.0 99.00 99.00 99.00 999 1009.3   9.1   6.0   8.4 99.0 99.00 
2025 01 18 18 40 166  6.1  8.3  0.79  4.00  3.80 159 1009.2   9.1   6.0   8.4 99.0 99.00 
2025 01 18 18 50 172  6.7  7.6 99.00 99.00 99.00 999 1009.3   9.5   6.0   8.8 99.0 99.00 
2025 01 18 19 00 182  6.5  7.6 99.00 99.00 99.00 999 1009.5   9.4   6.0   8.5 99.0 99.00 
2025 01 18 19 10 191  6.7  8.2  0.93  4.55  4.02 146 1009.4   9.2   6.0   8.3 99.0 99.00 
2025 01 18 19 20 199  7.4  9.5 99.00 99.00 99.00 999 1009.1   9.2   5.9   8.2 99.0 99.00 
2025 01 18 19 30 201  6.7  8.6 99.00 99.00 99.00 999 1008.8   8.9   5.9   7.8 99.0 99.00 
2025 01 18 19 40 208  6.5  7.9  0.99  5.00  4.09 129 1008.8   8.5   5.9   7.4 99.0 99.00 
2025 01 18 19 50 212  6.2  7.4 99.00 99.00 99.00 999 1009.1   8.1   5.9   7.1 99.0 99.00 
2025 01 18 20 00 217  6.4  7.7 99.00 99.00 99.00 999 1009.1   7.9   5.9   6.9 99.0 99.00 
2025 01 18 20 10 220  5.9  7.3  1.13  5.00  4.33 131 1008.9   7.6   5.9   6.6 99.0 99.00 
2025 01 18 20 20 212  4.9  5.9 99.00 99.00 99.00 999 1008.7   7.4   5.9   6.4 99.0 99.00 
2025 01 18 20 30 213  4.7  5.6 99.00 99.00 99.00 999 1008.8   7.3   5.9   6.4 99.0 99.00 
2025 01 18 20 40 211  4.4  5.0  1.12  5.26  4.37 130 1008.8   7.2   5.8   6.2 99.0 99.00 
2025 01 18 20 50 207  4.5  5.5 99.00 99.00 99.00 999 1008.9   7.2   5.8   6.2 99.0 99.00 
2025 01 18 21 00 202  4.4  5.4 99.00 99.00 99.00 999 1008.7   7.2   5.8   6.2 99.0 99.00 
2025 01 18 21 10 194  4.1  4.8  1.07  5.00  4.41 129 1008.4   7.1   5.8   6.1 99.0 99.00 
2025 01 18 21 20 192  4.3  5.1 99.00 99.00 99.00 999 1008.5   7.1   5.8   6.1 99.0 99.00 
2025 01 18 21 30 194  4.3  5.0 99.00 99.00 99.00 999 1008.6   7.0   5.8   6.0 99.0 99.00 
2025 01 18 21 40 196  4.9  5.8  1.12  5.26  4.45 130 1008.6   6.9   5.8   5.9 99.0 99.00 
2025 01 18 21 50 195  4.9  5.6 99.00 99.00 99.00 999 1008.6   6.9   5.8   5.9 99.0 99.00 
2025 01 18 22 00 195  4.7  5.8 99.00 99.00 99.00 999 1008.8   6.9   5.8   5.9 99.0 99.00 
2025 01 18 22 10 202  4.6  5.4  0.90  5.00  4.33 135 1008.8   6.9   5.8   5.9 99.0 99.00 
2025 01 18 22 20 198  4.6  5.4 99.00 99.00 99.00 999 1008.9   6.9   5.8   5.8 99.0 99.00 
2025 01 18 22 30 188  4.9  5.6 99.00 99.00 99.00 999 1008.8   6.9   5.8   5.9 99.0 99.00 
2025 01 18 22 40 191  5.0  5.9  0.91  4.76  4.35 128 1008.8   6.8   5.8   5.9 99.0 99.00 
2025 01 18 22 50 191  4.9  5.8 99.00 99.00 99.00 999 1008.7   6.7   5.8   5.8 99.0 99.00 
2025 01 18 23 00 188  5.0  6.1 99.00 99.00 99.00 999 1008.7   6.8   5.8   5.8 99.0 99.00 
2025 01 18 23 10 186  5.0  5.8  0.89  5.00  4.35 121 1008.6   6.8   5.8   5.7 99.0 99.00 
2025 01 18 23 20 187  5.1  6.0 99.00 99.00 99.00 999 1008.6   6.9   5.8   5.7 99.0 99.00 
2025 01 18 23 30 192  5.1  6.0 99.00 99.00 99.00 999 1008.8   7.0   5.8   5.7 99.0 99.00 
2025 01 18 23 40 193  5.1  6.1  0.91  5.00  4.30 124 1008.8   7.0   5.8   5.6 99.0 99.00 
2025 01 18 23 50 198  5.2  6.1 99.00 99.00 99.00 999 1008.7   7.0   5.8   5.5 99.0 99.00 
2025 01 19 00 00 202  5.0  5.8 99.00 99.00 99.00 999 1008.7   7.1   5.8   5.5 99.0 99.00 
2025 01 19 00 10 206  4.6  5.4  0.89  4.76  4.27 130 1008.7   7.1   5.8   5.5 99.0 99.00 
2025 01 19 00 20 210  4.3  5.0 99.00 99.00 99.00 999 1008.6   7.1   5.8   5.4 99.0 99.00 
2025 01 19 00 30 211  4.0  4.7 99.00 99.00 99.00 999 1008.7   7.2   5.8   5.4 99.0 99.00 
2025 01 19 00 40 217  3.9  5.0  0.86  5.00  4.34 124 1008.8   7.2   5.8   5.3 99.0 99.00 
2025 01 19 00 50 210  4.3  5.3 99.00 99.00 99.00 999 1008.8   7.2   5.8   5.2 99.0 99.00 
2025 01 19 01 00 202  4.8  6.0 99.00 99.00 99.00 999 1008.8   7.1   5.8   5.3 99.0 99.00 
2025 01 19 01 10 203  4.8  6.3  0.87  5.00  4.49 117 1008.8   7.0   5.9   5.3 99.0 99.00 
2025 01 19 01 20 214  4.2  5.1 99.00 99.00 99.00 999 1008.7   6.9   5.9   5.3 99.0 99.00 
2025 01 19 01 30 218  4.2  5.6 99.00 99.00 99.00 999 1008.7   6.8   5.9   5.4 99.0 99.00 
2025 01 19 01 40 215  4.1  5.3  0.88  6.67  4.57 130 1008.8   6.9   5.9   5.4 99.0 99.00 
2025 01 19 01 50 219  3.6  4.4 99.00 99.00 99.00 999 1008.8   6.7   5.9   5.4 99.0 99.00 
2025 01 19 02 00 220  3.7  4.7 99.00 99.00 99.00 999 1008.9   6.7   5.9   5.5 99.0 99.00 
2025 01 19 02 10 215  3.6  4.5  1.01  6.25  4.97 139 1008.8   6.6   5.9   5.5 99.0 99.00 
2025 01 19 02 20 226  3.6  4.3 99.00 99.00 99.00 999 1008.8   6.5   5.9   5.5 99.0 99.00 
2025 01 19 02 30 235  3.5  4.3 99.00 99.00 99.00 999 1008.8   6.4   5.9   5.4 99.0 99.00 
2025 01 19 02 40 239  3.7  4.4  0.98  6.25  4.93 130 1008.8   6.4   5.9   5.4 99.0 99.00 
2025 01 19 02 50 241  3.6  4.3 99.00 99.00 99.00 999 1008.9   6.3   5.9   5.3 99.0 99.00 
2025 01 19 03 00 241  3.4  4.1 99.00 99.00 99.00 999 1009.0   6.2   5.9   5.2 99.0 99.00 
2025 01 19 03 10 245  2.9  3.8  1.10  6.25  5.47 137 1009.0   6.1   5.9   5.0 99.0 99.00 
2025 01 19 03 20 245  2.7  3.5 99.00 99.00 99.00 999 1009.2   6.1   5.9   5.0 99.0 99.00 
2025 01 19 03 30 251  2.3  3.1 99.00 99.00 99.00 999 1009.2   6.1   5.9   4.9 99.0 99.00 
2025 01 19 03 40 266  2.1  2.9  1.06  7.69  5.44 125 1009.2   6.1   5.9   4.8 99.0 99.00 
2025 01 19 03 50 281  2.5  3.9 99.00 99.00 99.00 999 1009.1   6.1   5.9   4.7 99.0 99.00 
2025 01 19 04 00 289  2.6  3.6 99.00 99.00 99.00 999 1009.0   6.2   5.9   4.7 99.0 99.00 
2025 01 19 04 10 294  2.6  3.6  1.12  7.14  5.79 132 1009.0   6.2   5.9   4.7 99.0 99.00 
2025 01 19 04 20 293  2.5  3.6 99.00 99.00 99.00 999 1009.1   6.1   5.9   4.6 99.0 99.00 
2025 01 19 04 30 302  2.5  3.4 99.00 99.00 99.00 999 1009.1   6.1   5.9   4.6 99.0 99.00 
2025 01 19 04 40 306  2.6  3.6  1.21  7.14  5.85 137 1009.1   6.0   5.9   4.6 99.0 99.00 
2025 01 19 04 50 300  2.7  3.9 99.00 99.00 99.00 999 1009.1   6.1   5.9   4.5 99.0 99.00 
2025 01 19 05 00 302  2.7  3.9 99.00 99.00 99.00 999 1009.1   6.0   5.8   4.4 99.0 99.00 
2025 01 19 05 10 306  3.0  4.6  1.24  7.14  6.01 135 1009.1   6.0   5.8   4.5 99.0 99.00 
2025 01 19 05 20 305  3.3  4.3 99.00 99.00 99.00 999 1009.2   5.9   5.8   4.4 99.0 99.00 
2025 01 19 05 30 299  3.3  4.5 99.00 99.00 99.00 999 1009.2   5.9   5.8   4.4 99.0 99.00 
2025 01 19 05 40 306  3.2  4.6  1.27  8.33  6.17 122 1009.0   5.9   5.8   4.3 99.0 99.00 
2025 01 19 05 50 306  3.0  4.2 99.00 99.00 99.00 999 1009.1   5.8   5.9   4.3 99.0 99.00 
2025 01 19 06 00 306  3.6  4.8 99.00 99.00 99.00 999 1009.0   5.8   5.7   4.2 99.0 99.00 
2025 01 19 06 10 307  3.8  5.0  1.22  7.69  6.19 136 1008.9   5.7   5.6   4.0 99.0 99.00 
2025 01 19 06 20 310  4.0  5.1 99.00 99.00 99.00 999 1009.1   5.6   5.6   4.0 99.0 99.00 
2025 01 19 06 30 308  3.9  5.1 99.00 99.00 99.00 999 1009.1   5.5   5.6   4.0 99.0 99.00 
2025 01 19 06 40 310  3.6  5.0  1.26  7.14  6.30 143 1009.1   5.5 999.0   4.0 99.0 99.00 
2025 01 19 06 50 316  3.3  4.5 99.00 99.00 99.00 999 1009.1   5.4   5.6   3.9 99.0 99.00 
2025 01 19 07 00 321  3.1  4.0 99.00 99.00 99.00 999 1009.0   5.4   5.6   3.9 99.0 99.00 
2025 01 19 07 10 327  3.3  4.6  1.17  7.14  6.23 143 1009.1   5.4   5.7   3.9 99.0 99.00 
2025 01 19 07 20 337  3.5  5.0 99.00 99.00 99.00 999 1008.9   5.4   5.7   3.9 99.0 99.00 
2025 01 19 07 30 330  3.4  4.7 99.00 99.00 99.00 999 1009.2   5.4   5.7   4.0 99.0 99.00 
2025 01 19 07 40 328  3.1  4.2  1.31  8.33  6.45 132 1009.2   5.4   5.7   4.1 99.0 99.00 
2025 01 19 07 50 322  2.9  3.9 99.00 99.00 99.00 999 1009.4   5.3   5.7   4.0 99.0 99.00 
2025 01 19 08 00 317  2.9  4.4 99.00 99.00 99.00 999 1009.5   5.3   5.7   4.1 99.0 99.00 
2025 01 19 08 10 319  2.2  3.2 99.00 99.00 99.00 999 1009.3   5.3   5.7   4.1 99.0 99.00 
2025 01 19 08 20 317  2.0  2.9 99.00 99.00 99.00 999 1009.4   5.2   5.7   4.0 99.0 99.00 
2025 01 19 08 30 999 99.0 99.0 99.00 99.00 99.00 999 1009.4 999.0   5.7 999.0 99.0 99.00 
2025 01 19 08 40 310  2.1  2.9 99.00 99.00 99.00 999 1009.3   5.2   5.8   4.1 99.0 99.00 
2025 01 19 08 50 314  1.7  2.7 99.00 99.00 99.00 999 1009.2   5.2   5.8   4.1 99.0 99.00 
2025 01 19 09 00 323  1.4  2.5 99.00 99.00 99.00 999 1009.1   5.1   5.8   4.0 99.0 99.00 
2025 01 19 09 10 322  2.0  2.8  1.08  7.69  6.24 142 1009.3   5.1   5.7   4.0 99.0 99.00 
2025 01 19 09 20 326  2.2  3.2 99.00 99.00 99.00 999 1009.2   5.1   5.7   4.1 99.0 99.00 
2025 01 19 09 30 335  2.5  3.5 99.00 99.00 99.00 999 1009.2   5.1   5.7   4.1 99.0 99.00 
2025 01 19 09 40 342  2.9  4.1  1.12  7.69  6.07 138 1009.2   5.2   5.6   4.1 99.0 99.00 
2025 01 19 09 50 343  3.5  4.4 99.00 99.00 99.00 999 1009.2   5.1   5.6   4.0 99.0 99.00 
2025 01 19 10 00 344  3.3  4.3 99.00 99.00 99.00 999 1009.3   5.1   5.6   4.0 99.0 99.00 
2025 01 19 10 10 341  3.2  4.3  1.10  7.14  6.46 142 1009.5   5.1   5.6   4.0 99.0 99.00 
2025 01 19 10 20 341  3.4  4.6 99.00 99.00 99.00 999 1009.4   5.0   5.6   3.9 99.0 99.00 
2025 01 19 10 30 351  3.5  4.6 99.00 99.00 99.00 999 1009.4   5.0   5.5   3.8 99.0 99.00 
2025 01 19 10 40 351  3.8  4.8  1.02  7.69  6.29 153 1009.5   5.0   5.4   3.8 99.0 99.00 
2025 01 19 10 50 351  3.6  4.9 99.00 99.00 99.00 999 1009.7   4.9   5.3   3.7 99.0 99.00 
2025 01 19 11 00 354  3.3  4.4 99.00 99.00 99.00 999 1009.8   4.9   5.3   3.6 99.0 99.00 
2025 01 19 11 10 359  3.2  4.2  1.12  8.33  6.37 134 1009.8   4.9   5.4   3.7 99.0 99.00 
2025 01 19 11 20  11  3.2  4.2 99.00 99.00 99.00 999 1009.8   4.9   5.4   3.7 99.0 99.00 
2025 01 19 11 30  12  2.3  3.0 99.00 99.00 99.00 999 1010.2   4.9   5.3   3.7 99.0 99.00 
2025 01 19 11 40  21  2.2  3.0  1.04  8.33  6.34 134 1010.5   4.9   5.3   3.7 99.0 99.00 
2025 01 19 11 50  24  2.0  2.9 99.00 99.00 99.00 999 1010.6   4.9   5.3   3.6 99.0 99.00 
2025 01 19 12 00  23  2.3  3.1 99.00 99.00 99.00 999 1010.2   4.9   5.2   3.6 99.0 99.00 
2025 01 19 12 10  21  2.4  3.0  1.05  7.69  6.30 132 1010.4   4.9   5.1   3.7 99.0 99.00 
2025 01 19 12 20  14  2.2  3.0 99.00 99.00 99.00 999 1010.3   4.8   5.0   3.6 99.0 99.00 
2025 01 19 12 30  15  2.6  3.3 99.00 99.00 99.00 999 1010.0   4.8   5.0   3.6 99.0 99.00 
2025 01 19 12 40  13  1.8  2.8  1.01  8.33  6.28 131 1010.4   4.8   5.0   3.7 99.0 99.00 
2025 01 19 12 50  35  1.5  2.1 99.00 99.00 99.00 999 1010.4   4.8   4.9   3.7 99.0 99.00 
2025 01 19 13 00  59  2.3  3.2 99.00 99.00 99.00 999 1009.8   4.9   4.9   3.8 99.0 99.00 
2025 01 19 13 10  30  2.8  3.4  1.06  7.69  6.13 143 1009.9   4.9   4.8   3.9 99.0 99.00 
2025 01 19 13 20  28  2.6  3.6 99.00 99.00 99.00 999 1010.1   5.0   4.8   4.1 99.0 99.00 
2025 01 19 13 30  35  2.7  3.4 99.00 99.00 99.00 999 1010.3   5.2   4.7   4.2 99.0 99.00 
2025 01 19 13 40  41  2.4  3.2  1.05  8.33  6.27 134 1010.4   5.3   4.7   4.2 99.0 99.00 
2025 01 19 13 50  56  2.6  3.2 99.00 99.00 99.00 999 1010.0   5.4   4.8   4.4 99.0 99.00 
2025 01 19 14 00  56  2.7  3.7 99.00 99.00 99.00 999 1010.4   5.6   4.7   4.6 99.0 99.00 
2025 01 19 14 10  56  3.4  4.1  1.01  7.69  6.25 140 1010.4   5.6   4.6   4.3 99.0 99.00 
2025 01 19 14 20  52  3.2  4.1 99.00 99.00 99.00 999 1010.3   5.7   4.7   4.4 99.0 99.00 
2025 01 19 14 30  50  3.6  4.4 99.00 99.00 99.00 999 1010.2   5.6   4.7   4.2 99.0 99.00 
2025 01 19 14 40  53  3.3  4.0  0.99  8.33  6.11 125 1010.2   5.6   4.7   4.2 99.0 99.00 
2025 01 19 14 50  55  3.8  4.3 99.00 99.00 99.00 999 1010.0   5.6   4.7   4.2 99.0 99.00 
2025 01 19 15 00  53  4.0  5.0 99.00 99.00 99.00 999 1009.7   5.6   4.7   4.3 99.0 99.00 
2025 01 19 15 10  61  4.1  4.8  0.98  7.14  5.92 150 1009.7   5.6   4.7   4.3 99.0 99.00 
2025 01 19 15 20  59  4.1  5.0 99.00 99.00 99.00 999 1009.2   5.6   4.7   4.3 99.0 99.00 
2025 01 19 15 30  56  4.8  5.6 99.00 99.00 99.00 999 1009.0   5.7   4.7   4.4 99.0 99.00 
2025 01 19 15 40  59  4.4  5.4  0.98  8.33  5.62 127 1008.9   5.8   4.7   4.5 99.0 99.00 
2025 01 19 15 50  62  4.3  5.0 99.00 99.00 99.00 999 1008.7   5.8   4.7   4.5 99.0 99.00 
2025 01 19 16 00  64  3.9  4.6 99.00 99.00 99.00 999 1008.7   5.8   4.7   4.6 99.0 99.00 
2025 01 19 16 10  68  3.5  4.4  1.03  7.69  5.81 133 1008.6   5.8   4.7   4.6 99.0 99.00 
2025 01 19 16 20  63  3.3  4.0 99.00 99.00 99.00 999 1008.3   5.9   4.8   4.7 99.0 99.00 
2025 01 19 16 30  61  3.3  3.9 99.00 99.00 99.00 999 1007.9   5.9   4.8   4.7 99.0 99.00 
2025 01 19 16 40  59  3.6  4.4  1.06  9.09  5.90 160 1007.5   5.9   4.8   4.7 99.0 99.00 
2025 01 19 16 50  58  3.6  4.3 99.00 99.00 99.00 999 1007.2   5.9   4.8   4.8 99.0 99.00 
2025 01 19 17 00  55  4.1  5.0 99.00 99.00 99.00 999 1006.8   5.9   4.8   4.8 99.0 99.00 
2025 01 19 17 10  48  3.8  4.7  1.06  7.14  5.81 146 1006.7   5.9   4.9   4.8 99.0 99.00 
2025 01 19 17 20  45  3.9  4.8 99.00 99.00 99.00 999 1006.2   5.9   4.9   4.8 99.0 99.00 
2025 01 19 17 30  38  3.5  4.4 99.00 99.00 99.00 999 1006.1   5.8   4.9   4.8 99.0 99.00 
2025 01 19 17 40  27  3.6  4.3  1.13  8.33  6.10 145 1005.8   5.8   4.9   4.8 99.0 99.00 
2025 01 19 17 50  25  4.0  5.0 99.00 99.00 99.00 999 1005.1   5.8   4.9   4.8 99.0 99.00 
2025 01 19 18 00  34  4.3  5.3 99.00 99.00 99.00 999 1004.7   5.7   4.9   4.8 99.0 99.00 
2025 01 19 18 10  46  4.6  5.7  1.13  9.09  6.27 154 1004.4   5.8   4.9   5.0 99.0 99.00 
2025 01 19 18 20  51  4.3  5.0 99.00 99.00 99.00 999 1004.2   5.8   4.9   5.0 99.0 99.00 
2025 01 19 18 30  55  4.0  4.9 99.00 99.00 99.00 999 1004.0   5.9   4.9   5.1 99.0 99.00 
2025 01 19 18 40  54  4.1  4.8  1.10  9.09  6.08 146 1003.9   5.9   4.9   5.1 99.0 99.00 
2025 01 19 18 50  49  4.2  5.0 99.00 99.00 99.00 999 1003.5   6.0   4.9   5.3 99.0 99.00 
2025 01 19 19 00  52  4.5  5.5 99.00 99.00 99.00 999 1003.1   6.0   4.9   5.3 99.0 99.00 
2025 01 19 19 10  50  4.6  5.5  1.20  9.09  6.22 157 1002.7   6.0   4.9   5.4 99.0 99.00 
2025 01 19 19 20  45  4.0  4.8 99.00 99.00 99.00 999 1002.7   6.0   4.9   5.4 99.0 99.00 
2025 01 19 19 30  40  4.3  5.3 99.00 99.00 99.00 999 1002.6   6.0   4.9   5.5 99.0 99.00 
2025 01 19 19 40  30  4.5  5.7  1.13 10.00  5.98 141 1002.2   6.0   4.9   5.5 99.0 99.00 
2025 01 19 19 50  35  4.3  5.5 99.00 99.00 99.00 999 1002.5   6.0   4.9   5.6 99.0 99.00 
2025 01 19 20 00  32  3.9  5.0 99.00 99.00 99.00 999 1002.5   6.0   5.0   5.6 99.0 99.00 
2025 01 19 20 10  20  3.3  4.3  1.15 10.00  6.08 147 1002.5   6.0   5.0   5.6 99.0 99.00 
2025 01 19 20 20  24  3.2  4.2 99.00 99.00 99.00 999 1002.1   5.9   5.0   5.5 99.0 99.00 
2025 01 19 20 30  21  3.5  4.2 99.00 99.00 99.00 999 1001.8   5.8   5.0   5.5 99.0 99.00 
2025 01 19 20 40  34  4.0  4.9  1.36 10.00  6.63 147 1001.6   5.8   5.0   5.5 99.0 99.00 
2025 01 19 20 50  38  4.0  5.1 99.00 99.00 99.00 999 1001.7   5.8   5.0   5.6 99.0 99.00 
2025 01 19 21 00  32  4.1  5.0 99.00 99.00 99.00 999 1001.7   5.9   5.0   5.7 99.0 99.00 
2025 01 19 21 10  37  3.8  4.6  1.46 10.00  6.49 145 1001.5   5.8   5.0   5.7 99.0 99.00 
2025 01 19 21 20  38  3.7  4.4 99.00 99.00 99.00 999 1001.4   5.8   4.9   5.7 99.0 99.00 
2025 01 19 21 30  42  3.5  4.6 99.00 99.00 99.00 999 1001.3   5.8   4.9   5.7 99.0 99.00 
2025 01 19 21 40  43  3.1  3.7  1.38  9.09  6.31 149 1001.1   5.8   4.9   5.8 99.0 99.00 
2025 01 19 21 50  50  3.2  3.9 99.00 99.00 99.00 999 1000.9   5.9   4.9   5.9 99.0 99.00 
2025 01 19 22 00  49  3.5  4.3 99.00 99.00 99.00 999 1000.5   5.9   4.9   5.9 99.0 99.00 
2025 01 19 22 10  49  3.3  4.2  1.48 10.81  6.67 140 1000.4   6.0   4.9   6.0 99.0 99.00 
2025 01 19 22 20  52  3.4  4.4 99.00 99.00 99.00 999 1000.1   6.0   4.9   6.0 99.0 99.00 
2025 01 19 22 30  54  3.2  3.9 99.00 99.00 99.00 999  999.8   6.1   4.9   6.1 99.0 99.00 
2025 01 19 22 40  24  2.2  3.8  1.40  9.09  6.36 148 1001.4   6.1   4.9   6.1 99.0 99.00 
2025 01 19 22 50 158  1.7  3.3 99.00 99.00 99.00 999 1000.7   6.3   4.9   6.3 99.0 99.00 
2025 01 19 23 00 172  3.6 14.6 99.00 99.00 99.00 999 1002.5   6.2   4.9   6.2 99.0 99.00 
2025 01 19 23 10 315 11.8 16.3  1.57  9.09  6.96 142 1002.2   4.9   4.9   4.7 99.0 99.00 
2025 01 19 23 20 328 11.3 14.8 99.00 99.00 99.00 999 1002.5   3.6   4.9   3.4 99.0 99.00 
2025 01 19 23 30 331 11.4 14.4 99.00 99.00 99.00 999 1002.7   3.4   4.9   3.3 99.0 99.00 
2025 01 19 23 40 328 12.3 16.2  1.54  9.09  5.19 142 1003.0   3.4   4.8   3.3 99.0 99.00 
2025 01 19 23 50 323 13.5 17.7 99.00 99.00 99.00 999 1003.4   3.2   4.9   3.0 99.0 99.00 
2025 01 20 00 00 319 14.3 18.3 99.00 99.00 99.00 999 1003.6   2.9   4.9   2.7 99.0 99.00 
2025 01 20 00 10 319 14.9 19.0  1.79 10.00  4.78 134 1003.8   2.3   4.9   2.0 99.0 99.00 
2025 01 20 00 20 321 15.1 19.4 99.00 99.00 99.00 999 1004.0   1.8   5.0   1.5 99.0 99.00 
2025 01 20 00 30 322 14.7 18.4 99.00 99.00 99.00 999 1004.1   1.5   5.0   1.2 99.0 99.00 
2025 01 20 00 40 322 14.7 18.4  2.02  5.00  4.70 335 1004.5   1.4   5.0   1.1 99.0 99.00 
2025 01 20 00 50 326 15.0 19.0 99.00 99.00 99.00 999 1004.7   1.2   5.1   0.8 99.0 99.00 
2025 01 20 01 00 330 14.0 17.8 99.00 99.00 99.00 999 1004.6   1.3   5.1   0.8 99.0 99.00 
2025 01 20 01 10 332 14.0 17.7  2.21  5.88  5.01 322 1004.9   1.3   5.1   0.7 99.0 99.00 
2025 01 20 01 20 335 13.2 16.9 99.00 99.00 99.00 999 1005.2   1.3   5.1   0.7 99.0 99.00 
2025 01 20 01 30 334 13.2 17.3 99.00 99.00 99.00 999 1005.5   1.2   5.1   0.5 99.0 99.00 
2025 01 20 01 40 335 12.8 15.7  2.26  5.26  5.16 336 1005.8   1.4   5.1   0.6 99.0 99.00 
2025 01 20 01 50 334 12.4 15.8 99.00 99.00 99.00 999 1006.4   1.7   5.1   0.7 99.0 99.00 
2025 01 20 02 00 331 11.6 14.6 99.00 99.00 99.00 999 1006.6   1.7   5.1   0.7 99.0 99.00 
2025 01 20 02 10 326 11.2 14.2  2.20  5.88  5.18 330 1007.2   1.7   5.1   0.9 99.0 99.00 
2025 01 20 02 20 313 12.1 16.3 99.00 99.00 99.00 999 1007.6   1.7   5.0   0.9 99.0 99.00 
2025 01 20 02 30 308 13.1 16.0 99.00 99.00 99.00 999 1008.0   1.3   5.0   0.4 99.0 99.00 
2025 01 20 02 40 312 12.5 15.9 99.00 99.00 99.00 999 1008.4   1.2   5.0   0.2 99.0 99.00 
2025 01 20 02 50 311 11.4 14.9 99.00 99.00 99.00 999 1008.6   1.4   5.0   0.4 99.0 99.00 
2025 01 20 03 00 312 12.2 15.7 99.00 99.00 99.00 999 1008.7   1.4   5.0   0.4 99.0 99.00 
2025 01 20 03 10 311 12.5 15.4  2.11  5.88  5.10 331 1008.8   1.3   5.0   0.2 99.0 99.00 
2025 01 20 03 20 308 12.3 15.6 99.00 99.00 99.00 999 1009.2   1.3   5.0   0.2 99.0 99.00 
2025 01 20 03 30 303 12.3 16.0 99.00 99.00 99.00 999 1009.6   1.1   5.0   0.0 99.0 99.00 
2025 01 20 03 40 298 12.5 15.9  2.04  5.88  5.04 342 1009.9   1.0   5.0  -0.2 99.0 99.00 
2025 01 20 03 50 301 12.3 14.9 99.00 99.00 99.00 999 1010.3   0.8   5.1  -0.5 99.0 99.00 
2025 01 20 04 00 300 12.5 16.0 99.00 99.00 99.00 999 1010.6   0.6   5.1  -0.8 99.0 99.00 
2025 01 20 04 10 297 12.6 16.0  1.97  5.56  4.99 335 1010.9   0.5   5.0  -0.9 99.0 99.00 
2025 01 20 04 20 304 13.1 15.7 99.00 99.00 99.00 999 1011.0   0.4   5.0  -1.1 99.0 99.00 
2025 01 20 04 30 304 12.9 16.5 99.00 99.00 99.00 999 1011.2   0.3   5.0  -1.3 99.0 99.00 
2025 01 20 04 40 297 12.7 16.2  1.89  5.56  4.92 337 1011.5   0.1   5.1  -1.5 99.0 99.00 
2025 01 20 04 50 296 13.2 16.5 99.00 99.00 99.00 999 1011.9  -0.1   5.1  -1.8 99.0 99.00 
2025 01 20 05 00 298 12.5 15.9 99.00 99.00 99.00 999 1012.1  -0.1   5.1  -1.9 99.0 99.00 
2025 01 20 05 10 301 13.1 16.3  1.95  5.88  4.88 329 1012.2  -0.4   5.1  -2.5 99.0 99.00 
2025 01 20 05 20 303 13.1 16.8 99.00 99.00 99.00 999 1012.4  -0.4   5.1  -2.7 99.0 99.00 
2025 01 20 05 30 305 13.8 16.9 99.00 99.00 99.00 999 1012.7  -0.5   5.1  -3.0 99.0 99.00 
2025 01 20 05 40 302 14.5 19.4  2.11  5.56  5.06 338 1012.8  -0.6   5.1  -3.4 99.0 99.00 
2025 01 20 05 50 306 14.8 18.1 99.00 99.00 99.00 999 1012.9  -0.8   5.2  -3.8 99.0 99.00 
2025 01 20 06 00 301 15.1 19.5 99.00 99.00 99.00 999 1013.0  -0.6   5.2  -3.4 99.0 99.00 
2025 01 20 06 10 306 14.6 18.4  2.16  5.26  5.00 333 1013.1  -0.6   5.2  -3.5 99.0 99.00 
2025 01 20 06 20 310 15.6 19.6 99.00 99.00 99.00 999 1013.3  -0.6   5.2  -3.9 99.0 99.00 
2025 01 20 06 30 309 15.8 19.8 99.00 99.00 99.00 999 1013.6  -0.6   5.3  -4.2 99.0 99.00 
2025 01 20 06 40 306 15.7 20.2  2.09  6.25  4.78 336 1013.7  -0.8   5.4  -4.4 99.0 99.00 
2025 01 20 06 50 308 15.7 19.6 99.00 99.00 99.00 999 1014.2  -0.8   5.4  -4.6 99.0 99.00 
2025 01 20 07 00 309 15.8 19.6 99.00 99.00 99.00 999 1014.7  -0.9   5.5  -4.7 99.0 99.00 
2025 01 20 07 10 307 15.3 19.6  2.21  6.25  4.92 332 1015.0  -0.9   5.5  -4.8 99.0 99.00 
2025 01 20 07 20 307 14.6 19.4 99.00 99.00 99.00 999 1015.2  -0.8   5.5  -4.6 99.0 99.00 
2025 01 20 07 30 307 14.7 18.2 99.00 99.00 99.00 999 1015.4  -0.8   5.6  -4.4 99.0 99.00 
2025 01 20 07 40 301 15.7 19.6  2.17  5.56  4.94 331 1015.6  -1.0   5.6  -4.8 99.0 99.00 
2025 01 20 07 50 303 15.2 19.2 99.00 99.00 99.00 999 1016.0  -1.0   5.6  -4.8 99.0 99.00 
2025 01 20 08 00 307 15.3 18.9 99.00 99.00 99.00 999 1016.3  -1.2   5.6  -5.2 99.0 99.00 
2025 01 20 08 10 310 14.5 18.3  2.03  5.88  4.81 333 1016.6  -1.3   5.6  -5.1 99.0 99.00 
2025 01 20 08 20 305 14.7 18.4 99.00 99.00 99.00 999 1016.9  -1.4   5.6  -5.2 99.0 99.00 
2025 01 20 08 30 307 14.2 17.9 99.00 99.00 99.00 999 1017.0  -1.6   5.6  -5.3 99.0 99.00 
2025 01 20 08 40 310 13.9 17.4  2.12  5.88  4.82 330 1017.3  -1.7   5.5  -5.5 99.0 99.00 
2025 01 20 08 50 310 13.9 17.7 99.00 99.00 99.00 999 1017.5  -1.8   5.5  -5.5 99.0 99.00 
2025 01 20 09 00 311 13.9 16.9 99.00 99.00 99.00 999 1017.7  -1.8   5.5  -5.3 99.0 99.00 
2025 01 20 09 10 312 13.9 17.3  1.91  6.25  4.82 337 1017.9  -1.9   5.5  -5.5 99.0 99.00 
2025 01 20 09 20 312 13.8 17.4 99.00 99.00 99.00 999 1018.3  -1.9   5.5  -5.5 99.0 99.00 
2025 01 20 09 30 309 13.5 17.2 99.00 99.00 99.00 999 1018.5  -1.9   5.5  -5.5 99.0 99.00 
2025 01 20 09 40 311 13.1 16.4  1.96  5.56  4.70 333 1018.7  -1.9   5.5  -5.5 99.0 99.00 
2025 01 20 09 50 315 12.5 16.7 99.00 99.00 99.00 999 1019.0  -1.8   5.5  -5.5 99.0 99.00 
2025 01 20 10 00 314 12.9 15.8 99.00 99.00 99.00 999 1019.2  -1.8   5.5  -5.6 99.0 99.00 
2025 01 20 10 10 318 13.1 17.0  2.04  5.88  4.87 334 1019.6  -1.6   5.5  -5.5 99.0 99.00 
2025 01 20 10 20 318 13.8 17.2 99.00 99.00 99.00 999 1019.8  -1.6   5.5  -5.9 99.0 99.00 
2025 01 20 10 30 320 14.3 17.4 99.00 99.00 99.00 999 1020.1  -1.4   5.5  -5.8 99.0 99.00 
2025 01 20 10 40 313 13.4 16.2  1.89  5.88  4.64 341 1020.4  -1.5   5.5  -5.7 99.0 99.00 
2025 01 20 10 50 319 12.9 16.4 99.00 99.00 99.00 999 1020.7  -1.6   5.5  -5.9 99.0 99.00 
2025 01 20 11 00 319 12.6 16.4 99.00 99.00 99.00 999 1021.0  -1.5   5.5  -5.8 99.0 99.00 
2025 01 20 11 10 324 12.1 15.4  2.02  5.56  4.86 337 1021.1  -1.5   5.4  -5.9 99.0 99.00 
2025 01 20 11 20 322 12.5 15.4 99.00 99.00 99.00 999 1021.1  -1.6   5.4  -6.0 99.0 99.00 
2025 01 20 11 30 325 12.3 15.8 99.00 99.00 99.00 999 1021.1  -1.5   5.4  -6.0 99.0 99.00 
2025 01 20 11 40 327 12.2 15.1  1.82  5.88  4.70 352 1021.5  -1.6   5.4  -6.1 99.0 99.00 
2025 01 20 11 50 327 11.5 14.1 99.00 99.00 99.00 999 1021.8  -1.6   5.3  -6.3 99.0 99.00 
2025 01 20 12 00 328 10.9 13.9 99.00 99.00 99.00 999 1022.0  -1.5   5.3  -5.6 99.0 99.00 
2025 01 20 12 10 330 11.2 14.2  1.64  5.26  4.53 348 1022.5  -1.6   5.2  -5.7 99.0 99.00 
2025 01 20 12 20 326 10.9 14.2 99.00 99.00 99.00 999 1022.9  -1.6   5.2  -5.7 99.0 99.00 
2025 01 20 12 30 322 10.2 12.9 99.00 99.00 99.00 999 1023.4  -1.6   5.1  -5.5 99.0 99.00 
2025 01 20 12 40 319 10.6 13.2  1.57  5.26  4.60 339 1023.3  -1.5   5.1  -5.3 99.0 99.00 
2025 01 20 12 50 315 10.0 13.1 99.00 99.00 99.00 999 1023.6  -1.6   5.1  -5.0 99.0 99.00 
2025 01 20 13 00 311 10.2 12.9 99.00 99.00 99.00 999 1023.9  -1.8   5.2  -5.3 99.0 99.00 
2025 01 20 13 10 314  9.7 12.6  1.50  5.56  4.64 336 1023.8  -1.9   5.2  -5.5 99.0 99.00 
2025 01 20 13 20 312  9.9 12.6 99.00 99.00 99.00 999 1024.2  -2.0   5.2  -5.7 99.0 99.00 
2025 01 20 13 30 316  9.7 12.0 99.00 99.00 99.00 999 1024.3  -1.8   5.2  -5.6 99.0 99.00 
2025 01 20 13 40 318  9.6 12.2  1.54  5.26  4.43 340 1024.7  -1.8   5.3  -5.8 99.0 99.00 
2025 01 20 13 50 320  9.6 12.4 99.00 99.00 99.00 999 1024.7  -1.8   5.3  -5.8 99.0 99.00 
2025 01 20 14 00 321  9.5 12.2 99.00 99.00 99.00 999 1025.0  -1.8   5.3  -5.8 99.0 99.00 
2025 01 20 14 10 317  8.7 11.8  1.61  5.26  4.60 329 1025.0  -1.8   5.4  -5.9 99.0 99.00 
2025 01 20 14 20 322  9.6 13.1 99.00 99.00 99.00 999 1025.1  -1.7   5.4  -5.8 99.0 99.00 
2025 01 20 14 30 327  9.0 11.8 99.00 99.00 99.00 999 1025.2  -1.7   5.4  -6.0 99.0 99.00 
2025 01 20 14 40 321  8.3 11.5  1.42  4.76  4.50 334 1025.7  -1.6   5.4  -5.9 99.0 99.00 
2025 01 20 14 50 317  7.9 10.3 99.00 99.00 99.00 999 1025.9  -1.6   5.5  -5.8 99.0 99.00 
2025 01 20 15 00 325  7.3  9.4 99.00 99.00 99.00 999 1026.0  -1.7   5.5  -5.9 99.0 99.00 
2025 01 20 15 10 320  8.0 10.3  1.36  5.26  4.54 345 1026.1  -1.7   5.4  -6.0 99.0 99.00 
2025 01 20 15 20 326  7.3 10.2 99.00 99.00 99.00 999 1026.0  -1.7   5.5  -5.9 99.0 99.00 
2025 01 20 15 30 320  7.2 10.2 99.00 99.00 99.00 999 1026.1  -1.7   5.5  -5.8 99.0 99.00 
2025 01 20 15 40 317  7.4  9.7  1.21  4.76  4.40 343 1026.3  -1.7   5.5  -5.8 99.0 99.00 
2025 01 20 15 50 317  7.3  9.5 99.00 99.00 99.00 999 1026.4  -1.7   5.5  -5.8 99.0 99.00 
2025 01 20 16 00 320  8.3 10.7 99.00 99.00 99.00 999 1026.7  -1.6   5.5  -6.0 99.0 99.00 
2025 01 20 16 10 316  8.0  9.9  1.23  4.76  4.38 336 1026.7  -1.6   5.5  -5.9 99.0 99.00 
2025 01 20 16 20 318  7.9  9.8 99.00 99.00 99.00 999 1026.9  -1.5   5.5  -6.0 99.0 99.00 
2025 01 20 16 30 319  9.0 11.4 99.00 99.00 99.00 999 1026.9  -1.4   5.5  -6.5 99.0 99.00 
2025 01 20 16 40 323  8.4 11.1  1.23  4.76  4.32 340 1027.1  -1.5   5.5  -6.7 99.0 99.00 
2025 01 20 16 50 319  8.5 12.0 99.00 99.00 99.00 999 1027.2  -1.5   5.5  -6.8 99.0 99.00 
2025 01 20 17 00 317  9.0 11.2 99.00 99.00 99.00 999 1027.0  -1.5   5.6  -6.5 99.0 99.00 
2025 01 20 17 10 318  8.7 10.8  1.21  4.76  4.19 339 1026.7  -1.5   5.6  -6.7 99.0 99.00 
2025 01 20 17 20 322  7.8 11.0 99.00 99.00 99.00 999 1026.6  -1.7   5.6  -7.1 99.0 99.00 
2025 01 20 17 30 319  7.5 10.6 99.00 99.00 99.00 999 1026.6  -1.6   5.6  -6.6 99.0 99.00 
2025 01 20 17 40 317  7.6 10.2  1.16  4.76  4.21 347 1026.4  -1.6   5.6  -6.8 99.0 99.00 
2025 01 20 17 50 316  6.7  9.8 99.00 99.00 99.00 999 1026.4  -1.6   5.6  -6.9 99.0 99.00 
2025 01 20 18 00 298  5.8 10.0 99.00 99.00 99.00 999 1026.4  -1.6   5.6  -7.1 99.0 99.00 
2025 01 20 18 10 306  6.4  9.1  1.12  4.76  4.25 336 1026.5  -1.5   5.6  -7.1 99.0 99.00 
2025 01 20 18 20 303  5.9  8.2 99.00 99.00 99.00 999 1026.6  -1.4   5.6  -7.0 99.0 99.00 
2025 01 20 18 30 289  5.8  8.0 99.00 99.00 99.00 999 1026.6  -1.3   5.6  -7.0 99.0 99.00 
2025 01 20 18 40 307  5.2  7.3  1.06  4.55  4.29 344 1026.7  -1.3   5.6  -6.7 99.0 99.00 
2025 01 20 18 50 304  4.8  6.9 99.00 99.00 99.00 999 1026.8  -1.3   5.7  -6.6 99.0 99.00 
2025 01 20 19 00 307  6.1  8.2 99.00 99.00 99.00 999 1026.9  -1.3   5.7  -6.4 99.0 99.00 
2025 01 20 19 10 302  6.2  8.7  0.98 11.43  4.20 105 1026.8  -1.4   5.7  -6.9 99.0 99.00 
2025 01 20 19 20 297  5.3  7.9 99.00 99.00 99.00 999 1026.8  -1.2   5.7  -7.4 99.0 99.00 
2025 01 20 19 30 291  4.8  7.2 99.00 99.00 99.00 999 1026.9  -1.0   5.7  -7.3 99.0 99.00 
2025 01 20 19 40 311  5.4  8.0  0.89  4.35  4.19 347 1027.1  -0.9   5.7  -6.7 99.0 99.00 
2025 01 20 19 50 317  4.9  6.8 99.00 99.00 99.00 999 1027.4  -1.1   5.8  -6.4 99.0 99.00 
2025 01 20 20 00 320  5.5  8.3 99.00 99.00 99.00 999 1027.5  -1.2   5.7  -6.0 99.0 99.00 
2025 01 20 20 10 312  4.7  7.6  0.88 10.00  4.35 126 1027.5  -1.4   5.7  -6.6 99.0 99.00 
2025 01 20 20 20 314  7.8 12.5 99.00 99.00 99.00 999 1027.5  -0.8   5.7  -6.5 99.0 99.00 
2025 01 20 20 30 299  8.1 12.1 99.00 99.00 99.00 999 1027.9  -0.7   5.7  -8.1 99.0 99.00 
2025 01 20 20 40 296  8.6 11.7  0.90 10.00  3.91  86 1028.2  -0.5   5.6  -7.3 99.0 99.00 
2025 01 20 20 50 295  8.7 11.6 99.00 99.00 99.00 999 1028.2  -0.6   5.6  -8.2 99.0 99.00 
2025 01 20 21 00 298  8.2 11.1 99.00 99.00 99.00 999 1028.5  -0.6   5.6  -8.4 99.0 99.00 
2025 01 20 21 10 294  9.0 11.9  0.97 10.00  3.97 130 1028.7  -0.8   5.5  -8.6 99.0 99.00 
2025 01 20 21 20 293  9.5 12.3 99.00 99.00 99.00 999 1029.0  -0.9   5.6  -8.3 99.0 99.00 
2025 01 20 21 30 291  8.8 11.8 99.00 99.00 99.00 999 1029.1  -1.0   5.6  -8.9 99.0 99.00 
2025 01 20 21 40 291  8.6 11.3  1.04  4.17  3.95 337 1029.1  -1.0   5.6  -9.0 99.0 99.00 
2025 01 20 21 50 285  8.2 10.6 99.00 99.00 99.00 999 1029.2  -1.0   5.6  -8.9 99.0 99.00 
2025 01 20 22 00 307  7.9 10.3 99.00 99.00 99.00 999 1029.1  -1.2   5.6  -8.6 99.0 99.00 
2025 01 20 22 10 292  8.1 10.4  1.14  3.70  3.84 309 1029.4  -1.2   5.6  -8.2 99.0 99.00 
2025 01 20 22 20 297  8.2 11.1 99.00 99.00 99.00 999 1029.4  -1.4   5.5  -9.0 99.0 99.00 
2025 01 20 22 30 292  8.2 11.0 99.00 99.00 99.00 999 1029.6  -1.4   5.4  -8.7 99.0 99.00 
2025 01 20 22 40 295  8.1 12.0  1.17  4.35  3.90 337 1029.8  -1.5   5.4  -9.5 99.0 99.00 
2025 01 20 22 50 294  7.3 10.1 99.00 99.00 99.00 999 1029.9  -1.6   5.4  -9.9 99.0 99.00 
2025 01 20 23 00 296  6.6  8.9 99.00 99.00 99.00 999 1030.1  -1.7   5.4  -9.1 99.0 99.00 
2025 01 20 23 10 297  6.6  9.0  1.03  4.17  3.90 339 1030.2  -1.7   5.4  -9.0 99.0 99.00 
2025 01 20 23 20 306  6.8  9.8 99.00 99.00 99.00 999 1030.3  -1.7   5.4  -8.9 99.0 99.00 
2025 01 20 23 30 303  7.4  9.8 99.00 99.00 99.00 999 1030.6  -1.9   5.4  -9.0 99.0 99.00 
2025 01 20 23 40 305  7.5 10.1  1.04 10.00  4.22 118 1030.7  -2.0   5.3  -8.7 99.0 99.00 
2025 01 20 23 50 305  7.0  9.3 99.00 99.00 99.00 999 1031.0  -2.2   5.3  -8.6 99.0 99.00 
2025 01 21 00 00 305  7.3  9.7 99.00 99.00 99.00 999 1031.1  -2.3   5.4  -8.2 99.0 99.00 
2025 01 21 00 10 308  7.4  9.4  0.99  4.35  3.87 332 1031.2  -2.4   5.4  -8.3 99.0 99.00 
2025 01 21 00 20 305  7.5  9.7 99.00 99.00 99.00 999 1031.5  -2.5   5.3  -8.3 99.0 99.00 
2025 01 21 00 30 308  7.8 10.5 99.00 99.00 99.00 999 1031.7  -2.5   5.3  -8.1 99.0 99.00 
2025 01 21 00 40 303  7.8 10.2  0.97  9.09  3.91 144 1031.8  -2.7   5.3  -8.6 99.0 99.00 
2025 01 21 00 50 306  8.0 11.2 99.00 99.00 99.00 999 1032.0  -2.7   5.3  -8.3 99.0 99.00 
2025 01 21 01 00 309  8.1 10.6 99.00 99.00 99.00 999 1032.1  -2.8   5.3  -8.3 99.0 99.00 
2025 01 21 01 10 309  8.3 11.2  0.96  4.35  3.92 330 1032.1  -2.8   5.3  -8.1 99.0 99.00 
2025 01 21 01 20 316  8.9 11.7 99.00 99.00 99.00 999 1032.3  -3.0   5.3  -8.5 99.0 99.00 
2025 01 21 01 30 311  9.3 11.5 99.00 99.00 99.00 999 1032.3  -3.1   5.3  -8.4 99.0 99.00 
2025 01 21 01 40 310  9.0 11.5  1.08  4.35  3.99 337 1032.4  -3.2   5.3  -8.5 99.0 99.00 
2025 01 21 01 50 314  9.2 11.3 99.00 99.00 99.00 999 1032.6  -3.2   5.3  -8.9 99.0 99.00 
2025 01 21 02 00 316  9.6 12.4 99.00 99.00 99.00 999 1032.7  -3.2   5.4  -9.4 99.0 99.00 
2025 01 21 02 10 311  9.9 13.6  1.08  4.55  4.05 334 1032.8  -3.3   5.4 -10.1 99.0 99.00 
2025 01 21 02 20 310  9.6 11.6 99.00 99.00 99.00 999 1033.0  -3.2   5.4 -10.0 99.0 99.00 
2025 01 21 02 30 313  9.8 12.2 99.00 99.00 99.00 999 1033.3  -3.3   5.5  -9.3 99.0 99.00 
2025 01 21 02 40 322  9.3 12.3  1.14  4.55  4.11 343 1033.2  -3.4   5.4  -9.7 99.0 99.00 
2025 01 21 02 50 323  9.5 12.2 99.00 99.00 99.00 999 1033.3  -3.4   5.3  -9.2 99.0 99.00 
2025 01 21 03 00 317  9.6 12.7 99.00 99.00 99.00 999 1033.7  -3.5   5.4  -9.2 99.0 99.00 
2025 01 21 03 10 321  9.2 11.6  1.19  5.00  4.14 338 1033.9  -3.6   5.4  -9.4 99.0 99.00 
2025 01 21 03 20 318  9.1 12.2 99.00 99.00 99.00 999 1033.9  -3.7   5.4  -9.4 99.0 99.00 
2025 01 21 03 30 326  8.8 11.6 99.00 99.00 99.00 999 1033.9  -3.6   5.3  -9.3 99.0 99.00 
2025 01 21 03 40 317  8.4 11.7  1.20  5.00  4.22 334 1034.0  -3.7   5.3  -9.8 99.0 99.00 
2025 01 21 03 50 319  8.8 11.9 99.00 99.00 99.00 999 1034.1  -3.9   5.3 -10.2 99.0 99.00 
2025 01 21 04 00 322  8.7 11.1 99.00 99.00 99.00 999 1034.0  -4.0   5.3 -10.6 99.0 99.00 
2025 01 21 04 10 318  8.9 12.0  1.18  4.55  4.26 332 1034.1  -4.0   5.4 -10.4 99.0 99.00 
2025 01 21 04 20 319  9.2 11.8 99.00 99.00 99.00 999 1034.3  -4.1   5.4 -11.0 99.0 99.00 
2025 01 21 04 30 320  9.0 11.7 99.00 99.00 99.00 999 1034.3  -4.0   5.5 -10.4 99.0 99.00 
2025 01 21 04 40 321  8.8 11.3  1.25  5.00  4.26 330 1034.4  -3.9   5.5 -10.2 99.0 99.00 
2025 01 21 04 50 316  8.9 11.3 99.00 99.00 99.00 999 1034.2  -4.0   5.5 -10.3 99.0 99.00 
2025 01 21 05 00 320  9.0 12.0 99.00 99.00 99.00 999 1034.3  -4.0   5.6 -10.1 99.0 99.00 
2025 01 21 05 10 317  8.9 11.0  1.31  4.76  4.22 328 1034.3  -4.2   5.7 -10.7 99.0 99.00 
2025 01 21 05 20 319  8.8 12.0 99.00 99.00 99.00 999 1034.4  -4.2   5.9 -10.3 99.0 99.00 
2025 01 21 05 30 320  8.6 11.3 99.00 99.00 99.00 999 1034.4  -4.4   6.0 -11.4 99.0 99.00 
2025 01 21 05 40 319  8.8 11.1  1.26  5.26  4.25 324 1034.4  -4.4   5.8 -10.6 99.0 99.00 
2025 01 21 05 50 320  8.8 11.8 99.00 99.00 99.00 999 1034.2  -4.4   6.1 -10.6 99.0 99.00 
2025 01 21 06 00 321  9.5 11.7 99.00 99.00 99.00 999 1034.4  -4.5   6.0 -10.5 99.0 99.00 
2025 01 21 06 10 316  8.9 11.3  1.11  5.00  4.09 326 1034.4  -4.4   5.9  -9.8 99.0 99.00 
2025 01 21 06 20 319  8.9 11.9 99.00 99.00 99.00 999 1034.3  -4.7   5.6 -10.6 99.0 99.00 
2025 01 21 06 30 324  8.6 11.1 99.00 99.00 99.00 999 1034.2  -4.6   5.7 -10.1 99.0 99.00 
2025 01 21 06 40 323  8.6 11.4  1.22  5.26  4.15 326 1034.2  -4.8   5.6 -10.6 99.0 99.00 
2025 01 21 06 50 326  8.3 11.3 99.00 99.00 99.00 999 1034.1  -4.8   5.6 -10.5 99.0 99.00 
2025 01 21 07 00 325  8.5 12.3 99.00 99.00 99.00 999 1034.3  -4.9   5.6 -10.4 99.0 99.00 
2025 01 21 07 10 323  8.9 11.7  1.12  5.26  4.06 330 1034.3  -4.9   5.7 -10.5 99.0 99.00 
2025 01 21 07 20 326  8.7 11.7 99.00 99.00 99.00 999 1034.4  -4.9   5.7 -10.1 99.0 99.00 
2025 01 21 07 30 330  8.4 11.5 99.00 99.00 99.00 999 1034.7  -4.9   5.5 -10.0 99.0 99.00 
2025 01 21 07 40 325  7.8 10.3  1.19  5.00  4.18 331 1034.8  -5.0   5.4 -10.2 99.0 99.00 
2025 01 21 07 50 325  8.0 10.5 99.00 99.00 99.00 999 1035.0  -5.1   5.4 -10.2 99.0 99.00 
2025 01 21 08 00 328  7.6 11.2 99.00 99.00 99.00 999 1035.0  -5.2   5.5 -10.5 99.0 99.00 
2025 01 21 08 10 328  7.4 10.2  1.16  5.26  4.20 331 1035.1  -5.1   5.5 -10.1 99.0 99.00 
2025 01 21 08 20 332  7.3  9.6 99.00 99.00 99.00 999 1034.9  -5.3   5.5 -10.7 99.0 99.00 
2025 01 21 08 30 329  7.3  9.5 99.00 99.00 99.00 999 1034.8  -5.2   5.5 -10.3 99.0 99.00 
2025 01 21 08 40 334  7.1 10.0  1.08  5.00  4.08 326 1034.8  -5.4   5.5 -10.7 99.0 99.00 
2025 01 21 08 50 330  6.8  9.2 99.00 99.00 99.00 999 1035.0  -5.6   5.5 -11.2 99.0 99.00 
2025 01 21 09 00 332  6.8 10.0 99.00 99.00 99.00 999 1035.2  -5.6   5.4 -10.8 99.0 99.00 
2025 01 21 09 10 327  6.1  8.3  1.05  5.00  4.04 333 1035.3  -5.6   5.5 -10.9 99.0 99.00 
2025 01 21 09 20 333  6.3  9.0 99.00 99.00 99.00 999 1035.5  -5.6   5.4 -10.9 99.0 99.00 
2025 01 21 09 30 325  6.3  8.4 99.00 99.00 99.00 999 1035.4  -5.7   5.4 -11.0 99.0 99.00 
2025 01 21 09 40 337  6.2  8.2  1.02  5.26  4.03 327 1035.3  -5.6   5.4 -10.4 99.0 99.00 
2025 01 21 09 50 344  6.9 10.5 99.00 99.00 99.00 999 1035.2  -5.7   5.4  -9.8 99.0 99.00 
2025 01 21 10 00 342  6.8  9.5 99.00 99.00 99.00 999 1035.5  -5.6   5.4  -9.5 99.0 99.00 
2025 01 21 10 10 341  6.7  8.9  1.03  4.76  4.06 340 1035.3  -5.8   5.4 -10.2 99.0 99.00 
2025 01 21 10 20 335  7.0 10.1 99.00 99.00 99.00 999 1035.4  -6.0   5.3 -10.4 99.0 99.00 
2025 01 21 10 30 328  6.5  9.6 99.00 99.00 99.00 999 1035.9  -5.9   5.3 -10.4 99.0 99.00 
2025 01 21 10 40 326  5.4  8.5  0.97  4.55  3.98 339 1036.0  -6.0   5.3 -10.6 99.0 99.00 
2025 01 21 10 50 331  6.2  9.2 99.00 99.00 99.00 999 1035.7  -5.9   5.3 -10.5 99.0 99.00 
2025 01 21 11 00 334  7.5 10.7 99.00 99.00 99.00 999 1035.6  -5.8   5.3 -10.1 99.0 99.00 
2025 01 21 11 10 329  7.7 10.8  0.95  4.76  4.02 338 1035.8  -5.8   5.3 -10.0 99.0 99.00 
2025 01 21 11 20 336  8.0 10.3 99.00 99.00 99.00 999 1035.9  -5.7   5.3  -9.8 99.0 99.00 
2025 01 21 11 30 337  8.2 11.1 99.00 99.00 99.00 999 1035.8  -5.8   5.3 -10.2 99.0 99.00 
2025 01 21 11 40 333  8.5 11.3  0.98  4.55  3.83 340 1035.8  -5.8   5.3 -10.1 99.0 99.00 
2025 01 21 11 50 340  8.1 10.6 99.00 99.00 99.00 999 1036.1  -5.8   5.3 -10.0 99.0 99.00 
2025 01 21 12 00 340  7.8 10.6 99.00 99.00 99.00 999 1036.1  -5.7   5.3  -9.8 99.0 99.00 
2025 01 21 12 10 345  7.4 10.2  1.03  4.76  3.87 343 1036.2  -5.9   5.3 -10.3 99.0 99.00 
2025 01 21 12 20 345  7.6 10.5 99.00 99.00 99.00 999 1036.1  -5.8   5.3  -9.9 99.0 99.00 
2025 01 21 12 30 341  6.9  9.4 99.00 99.00 99.00 999 1036.0  -5.8   5.2 -10.1 99.0 99.00 
2025 01 21 12 40 331  6.5  9.0  0.97  4.17  3.80 346 1035.9  -5.9   5.2 -10.6 99.0 99.00 
2025 01 21 12 50 339  6.2  8.3 99.00 99.00 99.00 999 1035.8  -5.9   5.2 -10.6 99.0 99.00 
2025 01 21 13 00 335  6.7  9.5 99.00 99.00 99.00 999 1036.5  -5.8   5.2 -10.6 99.0 99.00 
2025 01 21 13 10 334  7.6 10.0  0.99  4.35  3.88 346 1036.7  -6.0   5.2 -10.9 99.0 99.00 
2025 01 21 13 20 332  7.7 10.5 99.00 99.00 99.00 999 1036.3  -5.9   5.1 -10.3 99.0 99.00 
2025 01 21 13 30 343  7.4 10.0 99.00 99.00 99.00 999 1036.3  -6.0   5.1 -10.5 99.0 99.00 
2025 01 21 13 40 336  7.5  9.4  1.00  4.35  3.86 341 1036.1  -6.1   5.2 -11.0 99.0 99.00 
2025 01 21 13 50 340  7.8 10.6 99.00 99.00 99.00 999 1035.9  -6.1   5.1 -11.0 99.0 99.00 
2025 01 21 14 00 339  7.3  9.9 99.00 99.00 99.00 999 1036.5  -6.0   5.2 -10.6 99.0 99.00 
2025 01 21 14 10 329  7.5 10.1  0.96  4.35  3.84 333 1036.5  -6.0   5.2 -10.8 99.0 99.00 
2025 01 21 14 20 340  7.4  9.9 99.00 99.00 99.00 999 1036.2  -6.1   5.2 -11.3 99.0 99.00 
2025 01 21 14 30 338  6.8  9.1 99.00 99.00 99.00 999 1036.0  -6.2   5.2 -11.4 99.0 99.00 
2025 01 21 14 40 341  6.9  9.8  0.95  4.17  3.72 340 1036.3  -6.0   5.2 -10.9 99.0 99.00 
2025 01 21 14 50 334  7.2 10.3 99.00 99.00 99.00 999 1036.9  -5.9   5.2 -10.8 99.0 99.00 
2025 01 21 15 00 331  7.4 10.5 99.00 99.00 99.00 999 1036.6  -6.0   5.2 -11.2 99.0 99.00 
2025 01 21 15 10 335  7.8 10.8  0.92  3.85  3.81 345 1036.5  -5.9   5.2 -10.9 99.0 99.00 
2025 01 21 15 20 333  8.0  9.7 99.00 99.00 99.00 999 1036.4  -6.0   5.2 -11.2 99.0 99.00 
2025 01 21 15 30 332  7.7 10.3 99.00 99.00 99.00 999 1036.5  -5.8   5.2 -10.7 99.0 99.00 
2025 01 21 15 40 342  7.1  9.6  0.89  4.17  3.75 343 1036.4  -5.9   5.2 -10.7 99.0 99.00 
2025 01 21 15 50 328  6.7  8.8 99.00 99.00 99.00 999 1036.3  -5.9   5.2 -10.8 99.0 99.00 
2025 01 21 16 00 347  5.7  8.1 99.00 99.00 99.00 999 1036.2  -6.0   5.3 -10.5 99.0 99.00 
2025 01 21 16 10 347  6.0  8.1  0.92  3.85  3.87 346 1036.3  -5.9   5.3 -10.1 99.0 99.00 
2025 01 21 16 20 352  5.4  8.1 99.00 99.00 99.00 999 1035.8  -6.1   5.3 -10.5 99.0 99.00 
2025 01 21 16 30 340  5.6  7.8 99.00 99.00 99.00 999 1035.7  -6.2   5.4 -10.7 99.0 99.00 
2025 01 21 16 40 333  5.2  8.4  0.91  4.35  4.00 347 1035.4  -6.1   5.4 -10.4 99.0 99.00 
2025 01 21 16 50 339  5.4  7.6 99.00 99.00 99.00 999 1035.4  -6.0   5.4 -10.4 99.0 99.00 
2025 01 21 17 00 346  6.0  8.0 99.00 99.00 99.00 999 1035.1  -6.0   5.4 -10.2 99.0 99.00 
2025 01 21 17 10 344  5.4  8.4  0.86  4.17  3.98 345 1035.1  -5.9   5.4 -10.2 99.0 99.00 
2025 01 21 17 20 336  6.0  7.9 99.00 99.00 99.00 999 1034.2  -6.0   5.4 -10.8 99.0 99.00 
2025 01 21 17 30 333  6.3  9.2 99.00 99.00 99.00 999 1034.0  -5.8   5.4 -10.2 99.0 99.00 
2025 01 21 17 40 336  6.0  8.5  0.86  4.00  4.06 353 1034.1  -5.8   5.4 -10.6 99.0 99.00 
2025 01 21 17 50 335  6.3  8.7 99.00 99.00 99.00 999 1033.9  -6.0   5.4 -11.1 99.0 99.00 
2025 01 21 18 00 334  6.1  8.7 99.00 99.00 99.00 999 1034.0  -6.1   5.4 -11.3 99.0 99.00 
2025 01 21 18 10 329  6.0  7.9  0.82  4.55  3.88 340 1034.2  -6.1   5.5 -11.7 99.0 99.00 
2025 01 21 18 20 332  6.1  9.1 99.00 99.00 99.00 999 1033.6  -6.1   5.5 -11.7 99.0 99.00 
2025 01 21 18 30 329  6.5 11.1 99.00 99.00 99.00 999 1033.1  -5.9   5.5 -11.5 99.0 99.00 
2025 01 21 18 40 338  6.3  8.7  0.83  4.00  3.76 351 1032.5  -6.0   5.5 -12.1 99.0 99.00 
2025 01 21 18 50 335  6.2  8.1 99.00 99.00 99.00 999 1032.3  -6.1   5.5 -12.2 99.0 99.00 
2025 01 21 19 00 339  5.6  8.6 99.00 99.00 99.00 999 1032.3  -6.1   5.4 -12.1 99.0 99.00 
2025 01 21 19 10 333  5.6  8.3  0.82  4.35  3.79 341 1032.1  -6.0   5.4 -12.1 99.0 99.00 
2025 01 21 19 20 343  5.8  7.9 99.00 99.00 99.00 999 1031.9  -6.0   5.4 -12.3 99.0 99.00 
2025 01 21 19 30 340  5.6  8.4 99.00 99.00 99.00 999 1031.9  -6.0   5.4 -12.1 99.0 99.00 
2025 01 21 19 40 332  5.8  7.9  0.80  4.17  3.91 346 1032.1  -5.9   5.4 -12.0 99.0 99.00 
2025 01 21 19 50 329  5.9  8.5 99.00 99.00 99.00 999 1031.7  -5.9   5.3 -11.8 99.0 99.00 
2025 01 21 20 00 328  6.0  7.9 99.00 99.00 99.00 999 1032.1  -5.8   5.3 -12.0 99.0 99.00 
2025 01 21 20 10 322  6.0  7.9  0.75  4.17  3.85 334 1031.5  -5.7   5.2 -11.7 99.0 99.00 
2025 01 21 20 20 328  5.7  7.7 99.00 99.00 99.00 999 1031.9  -5.7   5.2 -11.7 99.0 99.00 
2025 01 21 20 30 326  5.8  7.8 99.00 99.00 99.00 999 1032.1  -5.6   5.2 -11.9 99.0 99.00 
2025 01 21 20 40 327  6.0  9.0  0.73  3.85  3.75 352 1032.2  -5.5   5.2 -11.6 99.0 99.00 
2025 01 21 20 50 340  6.1  8.9 99.00 99.00 99.00 999 1031.8  -5.6   5.3 -11.9 99.0 99.00 
2025 01 21 21 00 333  6.2  8.2 99.00 99.00 99.00 999 1032.4  -5.6   5.2 -12.3 99.0 99.00 
2025 01 21 21 10 329  6.2  8.2  0.74  4.17  3.79 343 1032.5  -5.5   5.3 -12.1 99.0 99.00 
2025 01 21 21 20 333  6.6  8.7 99.00 99.00 99.00 999 1032.3  -5.4   5.3 -11.5 99.0 99.00 
2025 01 21 21 30 325  6.4  9.2 99.00 99.00 99.00 999 1032.6  -5.5   5.3 -12.4 99.0 99.00 
2025 01 21 21 40 318  6.5  8.6  0.70  8.33  3.73 105 1032.6  -5.6   5.2 -12.6 99.0 99.00 
2025 01 21 21 50 333  6.2  8.6 99.00 99.00 99.00 999 1032.5  -5.4   5.2 -11.8 99.0 99.00 
2025 01 21 22 00 334  5.9  8.4 99.00 99.00 99.00 999 1032.2  -5.5   5.3 -11.8 99.0 99.00 
2025 01 21 22 10 325  6.1  8.2  0.72  3.70  3.61 353 1032.2  -5.4   5.2 -11.8 99.0 99.00 
2025 01 21 22 20 330  5.8  7.9 99.00 99.00 99.00 999 1032.1  -5.5   5.2 -12.3 99.0 99.00 
2025 01 21 22 30 325  5.6  7.4 99.00 99.00 99.00 999 1032.1  -5.5   5.2 -12.1 99.0 99.00 
2025 01 21 22 40 325  5.2  7.2  0.65  3.70  3.82 350 1032.3  -5.4   5.2 -11.9 99.0 99.00 
2025 01 21 22 50 328  5.3  8.0 99.00 99.00 99.00 999 1032.5  -5.3   5.3 -11.3 99.0 99.00 
2025 01 21 23 00 321  5.3  7.7 99.00 99.00 99.00 999 1032.9  -5.3   5.2 -11.6 99.0 99.00 
2025 01 21 23 10 330  4.9  7.1  0.65  3.70  3.75 346 1033.0  -5.2   5.2 -11.3 99.0 99.00 
2025 01 21 23 20 322  5.0  7.1 99.00 99.00 99.00 999 1032.8  -5.1   5.2 -11.4 99.0 99.00 
2025 01 21 23 30 331  4.9  7.0 99.00 99.00 99.00 999 1032.7  -5.2   5.1 -12.1 99.0 99.00 
2025 01 21 23 40 325  5.3  8.3  0.63  8.33  3.84 109 1032.6  -5.0   5.1 -11.0 99.0 99.00 
2025 01 21 23 50 337  5.6  7.6 99.00 99.00 99.00 999 1032.5  -5.0   5.1 -11.5 99.0 99.00 
2025 01 22 00 00 335  6.0  8.9 99.00 99.00 99.00 999 1032.8  -4.9   5.0 -10.9 99.0 99.00 
2025 01 22 00 10 329  6.1  8.2  0.67 12.90  3.82  97 1033.1  -4.9   5.0 -10.6 99.0 99.00 
2025 01 22 00 20 323  6.3  9.1 99.00 99.00 99.00 999 1033.1  -5.0   5.0 -10.5 99.0 99.00 
2025 01 22 00 30 319  6.6  9.0 99.00 99.00 99.00 999 1033.2  -5.1   5.0 -10.1 99.0 99.00 
2025 01 22 00 40 317  6.6  8.9  0.66  3.57  3.72 332 1033.3  -5.3   5.1  -9.5 99.0 99.00 
2025 01 22 00 50 322  6.6  8.6 99.00 99.00 99.00 999 1033.2  -5.7   5.1  -9.0 99.0 99.00 
2025 01 22 01 00 317  6.9  8.4 99.00 99.00 99.00 999 1032.9  -5.9   5.0  -8.3 99.0 99.00 
2025 01 22 01 10 318  7.0  8.5  0.67  3.70  3.71 337 1032.7  -6.1   5.1  -8.3 99.0 99.00 
2025 01 22 01 20 321  7.1  9.2 99.00 99.00 99.00 999 1032.3  -6.1   5.1  -8.1 99.0 99.00 
2025 01 22 01 30 321  7.3  9.1 99.00 99.00 99.00 999 1032.3  -6.1   5.1  -7.8 99.0 99.00 
2025 01 22 01 40 325  7.9  9.5  0.72  3.45  3.53 347 1031.6  -6.1   5.1  -7.6 99.0 99.00 
2025 01 22 01 50 327  8.3 10.8 99.00 99.00 99.00 999 1031.8  -6.0   5.1  -7.5 99.0 99.00 
2025 01 22 02 00 329  8.8 10.9 99.00 99.00 99.00 999 1031.4  -5.9   5.1  -7.3 99.0 99.00 
2025 01 22 02 10 326  8.5 11.0  0.76  3.85  3.49 342 1031.3  -6.0   5.1  -7.3 99.0 99.00 
2025 01 22 02 20 325  8.6 11.4 99.00 99.00 99.00 999 1031.0  -5.9   5.1  -7.1 99.0 99.00 
2025 01 22 02 30 333  8.6 10.7 99.00 99.00 99.00 999 1031.2  -6.0   5.1  -7.2 99.0 99.00 
2025 01 22 02 40 327  8.6 11.0  0.81  3.70  3.61 339 1030.8  -5.6   5.1  -6.6 99.0 99.00 
2025 01 22 02 50 338  8.8 11.0 99.00 99.00 99.00 999 1031.4  -5.8   5.1  -6.8 99.0 99.00 
2025 01 22 03 00 334  8.8 11.1 99.00 99.00 99.00 999 1031.1  -5.6   5.2  -6.5 99.0 99.00 
2025 01 22 03 10 333  8.8 10.7  0.90  3.85  3.62 347 1031.5  -5.8   5.2  -6.9 99.0 99.00 
2025 01 22 03 20 333  9.1 11.2 99.00 99.00 99.00 999 1031.8  -5.7   5.2  -6.7 99.0 99.00 
2025 01 22 03 30 331  9.2 11.8 99.00 99.00 99.00 999 1031.8  -5.7   5.2  -6.8 99.0 99.00 
2025 01 22 03 40 334  8.6 10.1  0.94  3.85  3.69 343 1031.7  -5.8   5.2  -6.9 99.0 99.00 
2025 01 22 03 50 331  9.7 12.8 99.00 99.00 99.00 999 1031.6  -5.5   5.2  -6.3 99.0 99.00 
2025 01 22 04 00 334 10.0 12.2 99.00 99.00 99.00 999 1031.7  -5.6   5.2  -6.6 99.0 99.00 
2025 01 22 04 10 343  9.9 13.3  1.03  4.00  3.77 348 1031.8  -5.6   5.2  -6.4 99.0 99.00 
2025 01 22 04 20 337 10.9 13.4 99.00 99.00 99.00 999 1031.9  -5.6   5.2  -6.5 99.0 99.00 
2025 01 22 04 30 334 10.4 12.6 99.00 99.00 99.00 999 1032.1  -5.6   5.2  -6.6 99.0 99.00 
2025 01 22 04 40 346 10.7 14.2  1.16  4.35  3.83 339 1032.1  -5.8   5.3  -6.8 99.0 99.00 
2025 01 22 04 50 346 10.4 12.9 99.00 99.00 99.00 999 1031.8  -5.9   5.3  -6.7 99.0 99.00 
2025 01 22 05 00 346  9.8 13.3 99.00 99.00 99.00 999 1031.8  -5.7   5.3  -6.4 99.0 99.00 
2025 01 22 05 10 346 10.4 14.9  1.17  4.76  4.02 343 1031.8  -5.8   5.3  -6.5 99.0 99.00 
2025 01 22 05 20 350 10.5 13.1 99.00 99.00 99.00 999 1031.2  -6.1   5.4  -6.9 99.0 99.00 
2025 01 22 05 30 348  9.7 12.6 99.00 99.00 99.00 999 1031.5  -6.0   5.4  -7.0 99.0 99.00 
2025 01 22 05 40 345  8.8 11.7  1.15  4.35  3.97 348 1031.1  -5.8   5.4  -7.4 99.0 99.00 
2025 01 22 05 50 348  9.8 12.3 99.00 99.00 99.00 999 1031.3  -5.3   5.4  -8.2 99.0 99.00 
2025 01 22 06 00 346 10.4 12.9 99.00 99.00 99.00 999 1031.3  -4.7   5.4  -8.7 99.0 99.00 
2025 01 22 06 10 348 11.4 15.1  1.14  4.55  3.88 347 1031.6  -4.6   5.4 -10.0 99.0 99.00 
2025 01 22 06 20 341 11.3 14.9 99.00 99.00 99.00 999 1030.9  -4.5   5.5 -10.1 99.0 99.00 
2025 01 22 06 30 348 11.1 14.1 99.00 99.00 99.00 999 1031.2  -4.5   5.5 -10.1 99.0 99.00 
2025 01 22 06 40 341 11.2 14.5  1.32  4.55  3.93 345 1031.6  -4.3   5.6  -9.9 99.0 99.00 
2025 01 22 06 50 344 11.0 14.9 99.00 99.00 99.00 999 1031.9  -4.2   5.6 -10.0 99.0 99.00 
2025 01 22 07 00 347 11.0 15.1 99.00 99.00 99.00 999 1032.1  -4.3   5.6 -10.3 99.0 99.00 
2025 01 22 07 10 346 11.5 15.2  1.26  4.35  3.93 348 1031.8  -4.3   5.6 -10.7 99.0 99.00 
2025 01 22 07 20 347 11.5 16.1 99.00 99.00 99.00 999 1031.8  -4.3   5.6 -10.6 99.0 99.00 
2025 01 22 07 30 345 11.4 14.8 99.00 99.00 99.00 999 1031.7  -4.3   5.6 -10.5 99.0 99.00 
2025 01 22 07 40 350 11.0 15.1  1.42  4.55  4.04 348 1031.6  -4.4   5.6 -10.6 99.0 99.00 
2025 01 22 07 50 347 11.8 15.3 99.00 99.00 99.00 999 1031.3  -4.4   5.7 -10.6 99.0 99.00 
2025 01 22 08 00 350 10.9 14.3 99.00 99.00 99.00 999 1031.1  -4.3   5.6 -10.1 99.0 99.00 
2025 01 22 08 10 352 11.0 15.2  1.54  4.76  4.23 359 1031.3  -4.6   5.6 -10.6 99.0 99.00 
2025 01 22 08 20 353 10.8 15.1 99.00 99.00 99.00 999 1031.3  -4.7   5.6 -10.9 99.0 99.00 
2025 01 22 08 30 357 11.0 14.4 99.00 99.00 99.00 999 1031.0  -4.8   5.6 -10.9 99.0 99.00 
2025 01 22 08 40 353 10.1 14.2  1.46  4.76  4.12 351 1031.2  -4.7   5.6 -10.7 99.0 99.00 
2025 01 22 08 50 352 11.0 13.8 99.00 99.00 99.00 999 1031.3  -4.7   5.6 -10.8 99.0 99.00 
2025 01 22 09 00 351 10.2 13.5 99.00 99.00 99.00 999 1031.5  -4.9   5.5 -11.1 99.0 99.00 
2025 01 22 09 10 355 10.6 14.2  1.62  5.00  4.26 354 1031.4  -4.8   5.5 -10.7 99.0 99.00 
2025 01 22 09 20 359 10.5 13.2 99.00 99.00 99.00 999 1031.3  -4.8   5.5 -11.0 99.0 99.00 
2025 01 22 09 30   1 10.1 13.8 99.00 99.00 99.00 999 1031.2  -4.7   5.5 -10.4 99.0 99.00 
2025 01 22 09 40 356 10.3 14.0  1.50  5.00  4.26 357 1031.2  -4.7   5.5 -10.5 99.0 99.00 
2025 01 22 09 50   1 10.0 13.2 99.00 99.00 99.00 999 1031.3  -4.9   5.5 -10.8 99.0 99.00 
2025 01 22 10 00 356  9.7 12.3 99.00 99.00 99.00 999 1031.4  -4.9   5.5 -11.3 99.0 99.00 
2025 01 22 10 10 360  9.8 13.6  1.51  5.00  4.31   3 1031.5  -4.8   5.5 -11.0 99.0 99.00 
2025 01 22 10 20 360  9.9 13.7 99.00 99.00 99.00 999 1031.2  -4.8   5.5 -11.1 99.0 99.00 
2025 01 22 10 30 358  9.8 13.4 99.00 99.00 99.00 999 1031.2  -4.9   5.4 -11.5 99.0 99.00 
2025 01 22 10 40   1 10.2 13.8  1.46  5.26  4.17   7 1030.9  -4.9   5.5 -11.4 99.0 99.00 
2025 01 22 10 50 359  9.9 13.8 99.00 99.00 99.00 999 1031.1  -5.0   5.5 -11.7 99.0 99.00 
2025 01 22 11 00   4  9.9 13.3 99.00 99.00 99.00 999 1030.8  -5.0   5.4 -11.3 99.0 99.00 
2025 01 22 11 10   6 10.0 12.4  1.47  5.00  4.20   9 1030.9  -5.0   5.4 -11.3 99.0 99.00 
2025 01 22 11 20 357  9.9 13.4 99.00 99.00 99.00 999 1030.9  -5.0   5.5 -11.2 99.0 99.00 
2025 01 22 11 30   1 10.2 13.6 99.00 99.00 99.00 999 1030.9  -5.1   5.4 -11.4 99.0 99.00 
2025 01 22 11 40   2  9.7 12.9  1.64  5.26  4.36  11 1030.9  -5.1   5.5 -11.6 99.0 99.00 
2025 01 22 11 50   4 10.2 12.8 99.00 99.00 99.00 999 1030.7  -5.1   5.4 -11.5 99.0 99.00 
2025 01 22 12 00   8 10.0 13.2 99.00 99.00 99.00 999 1031.0  -5.1   5.4 -11.4 99.0 99.00 
2025 01 22 12 10 360 10.7 13.4  1.52  5.56  4.33  23 1031.1  -5.0   5.4 -11.0 99.0 99.00 
2025 01 22 12 20 357 10.0 14.2 99.00 99.00 99.00 999 1031.3  -5.0   5.4 -11.3 99.0 99.00 
2025 01 22 12 30   8 10.1 13.7 99.00 99.00 99.00 999 1031.0  -5.1   5.5 -11.6 99.0 99.00 
2025 01 22 12 40   8 10.0 13.6  1.64  5.26  4.32  14 1030.7  -5.0   5.5 -10.9 99.0 99.00 
2025 01 22 12 50   5 10.1 13.3 99.00 99.00 99.00 999 1030.8  -5.0   5.5 -11.0 99.0 99.00 
2025 01 22 13 00  10 10.2 13.6 99.00 99.00 99.00 999 1030.8  -4.9   5.5 -10.4 99.0 99.00 
2025 01 22 13 10   4 10.1 13.6  1.72  5.88  4.43  29 1031.2  -5.1   5.5 -11.1 99.0 99.00 
2025 01 22 13 20 359 10.2 13.8 99.00 99.00 99.00 999 1031.1  -5.1   5.5 -11.4 99.0 99.00 
2025 01 22 13 30 359 10.3 13.3 99.00 99.00 99.00 999 1031.0  -5.1   5.4 -11.4 99.0 99.00 
2025 01 22 13 40   2 10.2 12.9  1.55  5.00  4.37  20 1031.2  -5.2   5.4 -11.4 99.0 99.00 
2025 01 22 13 50 357 11.0 13.7 99.00 99.00 99.00 999 1030.9  -5.2   5.4 -11.5 99.0 99.00 
2025 01 22 14 00   3 10.2 13.0 99.00 99.00 99.00 999 1031.1  -5.0   5.4 -10.6 99.0 99.00 
2025 01 22 14 10 358 10.4 13.7  1.58  5.88  4.45  41 1031.5  -5.0   5.4 -11.0 99.0 99.00 
2025 01 22 14 20   3 10.5 13.4 99.00 99.00 99.00 999 1031.3  -4.9   5.4 -10.9 99.0 99.00 
2025 01 22 14 30 360  9.9 12.7 99.00 99.00 99.00 999 1031.6  -5.0   5.4 -11.4 99.0 99.00 
2025 01 22 14 40 357 10.1 14.7  1.76  5.88  4.58  38 1031.6  -5.0   5.4 -11.2 99.0 99.00 
2025 01 22 14 50 359 10.0 12.9 99.00 99.00 99.00 999 1032.0  -5.0   5.4 -11.7 99.0 99.00 
2025 01 22 15 00   3 10.1 12.9 99.00 99.00 99.00 999 1032.2  -5.0   5.4 -11.0 99.0 99.00 
2025 01 22 15 10 357  9.9 14.5  1.72  5.88  4.66  35 1032.3  -5.2   5.5 -11.5 99.0 99.00 
2025 01 22 15 20 360  9.8 12.6 99.00 99.00 99.00 999 1032.6  -5.1   5.5 -11.1 99.0 99.00 
2025 01 22 15 30 357  9.0 12.0 99.00 99.00 99.00 999 1032.1  -5.2   5.5 -10.7 99.0 99.00 
2025 01 22 15 40 355  8.5 10.7  1.76  5.88  4.67  40 1032.4  -5.3   5.5 -11.5 99.0 99.00 
2025 01 22 15 50 354  8.0 11.0 99.00 99.00 99.00 999 1032.7  -5.3   5.5 -11.0 99.0 99.00 
2025 01 22 16 00 352  8.2 11.8 99.00 99.00 99.00 999 1032.9  -5.6   5.5 -11.9 99.0 99.00 
2025 01 22 16 10 353  8.2 10.7  1.51  4.76  4.42  20 1032.7  -5.5   5.5 -11.4 99.0 99.00 
2025 01 22 16 20 349  7.8 10.7 99.00 99.00 99.00 999 1033.1  -5.5   5.5 -11.4 99.0 99.00 
2025 01 22 16 30 352  7.6 10.3 99.00 99.00 99.00 999 1033.1  -5.6   5.6 -12.0 99.0 99.00 
2025 01 22 16 40 347  7.5  9.7  1.45  5.56  4.43  33 1033.1  -5.5   5.6 -11.9 99.0 99.00 
2025 01 22 16 50 352  7.2 10.3 99.00 99.00 99.00 999 1033.2  -5.5   5.6 -12.0 99.0 99.00 
2025 01 22 17 00 350  6.8  9.0 99.00 99.00 99.00 999 1033.2  -5.6   5.6 -12.4 99.0 99.00 
2025 01 22 17 10 346  6.7  9.2  1.48  5.56  4.51  32 1033.1  -5.6   5.6 -12.4 99.0 99.00 
2025 01 22 17 20 350  6.5  8.7 99.00 99.00 99.00 999 1033.0  -5.6   5.7 -12.4 99.0 99.00 
2025 01 22 17 30 349  6.2  9.2 99.00 99.00 99.00 999 1032.9  -5.6   5.7 -12.5 99.0 99.00 
2025 01 22 17 40 343  6.4  9.3  1.50  5.88  4.46  40 1032.6  -5.7   5.8 -12.7 99.0 99.00 
2025 01 22 17 50 346  6.5  9.1 99.00 99.00 99.00 999 1032.7  -5.5   5.8 -12.2 99.0 99.00 
2025 01 22 18 00 347  6.1  8.6 99.00 99.00 99.00 999 1032.7  -5.4   5.8 -12.0 99.0 99.00 
2025 01 22 18 10 339  5.8  8.6  1.31  5.88  4.36  44 1032.9  -5.6   5.8 -12.5 99.0 99.00 
2025 01 22 18 20 336  6.2  8.7 99.00 99.00 99.00 999 1032.8  -5.5   5.7 -12.1 99.0 99.00 
2025 01 22 18 30 349  6.5  8.6 99.00 99.00 99.00 999 1032.6  -5.5   5.7 -11.9 99.0 99.00 
2025 01 22 18 40 339  6.5  9.5  1.29  5.56  4.32  33 1032.6  -5.5   5.7 -11.6 99.0 99.00 
2025 01 22 18 50 335  7.0  9.5 99.00 99.00 99.00 999 1032.5  -5.5   5.7 -11.2 99.0 99.00 
2025 01 22 19 00 343  6.5  9.2 99.00 99.00 99.00 999 1032.4  -5.4   5.6 -10.8 99.0 99.00 
2025 01 22 19 10 340  6.3  9.5  1.21  5.56  4.24  33 1032.4  -5.4   5.6 -10.8 99.0 99.00 
2025 01 22 19 20 332  7.3  9.4 99.00 99.00 99.00 999 1032.6  -5.4   5.6 -10.8 99.0 99.00 
2025 01 22 19 30 336  7.1 10.0 99.00 99.00 99.00 999 1032.9  -5.4   5.5 -10.8 99.0 99.00 
2025 01 22 19 40 331  6.5  9.8  1.12  5.56  4.12  32 1032.9  -5.4   5.5 -11.0 99.0 99.00 
2025 01 22 19 50 339  5.9  8.9 99.00 99.00 99.00 999 1033.0  -5.3   5.4 -10.7 99.0 99.00 
2025 01 22 20 00 335  5.6  7.5 99.00 99.00 99.00 999 1032.9  -5.5   5.4 -11.4 99.0 99.00 
2025 01 22 20 10 338  5.0  8.0  1.07  5.26  4.17  35 1032.9  -5.4   5.3 -11.3 99.0 99.00 
2025 01 22 20 20 349  4.6  7.5 99.00 99.00 99.00 999 1032.5  -5.3   5.2 -11.2 99.0 99.00 
2025 01 22 20 30 357  4.6  7.4 99.00 99.00 99.00 999 1032.3  -5.4   5.2 -11.4 99.0 99.00 
2025 01 22 20 40 343  4.0  7.2  1.07  5.00  4.07  40 1032.5  -5.4   5.2 -11.7 99.0 99.00 
2025 01 22 20 50 355  4.7  6.9 99.00 99.00 99.00 999 1032.8  -5.2   5.2 -11.1 99.0 99.00 
2025 01 22 21 00 325  3.8  6.3 99.00 99.00 99.00 999 1033.1  -5.3   5.2 -11.4 99.0 99.00 
2025 01 22 21 10 349  4.6  6.6  1.11  5.56  4.22  41 1032.8  -5.1   5.2 -10.9 99.0 99.00 
2025 01 22 21 20 340  3.6  7.2 99.00 99.00 99.00 999 1032.6  -5.1   5.2 -11.1 99.0 99.00 
2025 01 22 21 30 355  4.3  6.2 99.00 99.00 99.00 999 1032.6  -5.1   5.2 -11.0 99.0 99.00 
2025 01 22 21 40 356  3.5  6.5  0.98  5.56  4.17  52 1032.6  -5.1   5.2 -10.9 99.0 99.00 
2025 01 22 21 50 327  3.8  6.5 99.00 99.00 99.00 999 1032.5  -5.1   5.3 -10.8 99.0 99.00 
2025 01 22 22 00 356  3.9  5.8 99.00 99.00 99.00 999 1032.4  -5.1   5.4 -10.7 99.0 99.00 
2025 01 22 22 10 359  3.3  6.1  0.90  5.26  4.15  38 1032.3  -5.0   5.4 -10.6 99.0 99.00 
2025 01 22 22 20 354  2.9  5.5 99.00 99.00 99.00 999 1032.3  -5.1   5.5 -10.8 99.0 99.00 
2025 01 22 22 30  13  3.0  6.0 99.00 99.00 99.00 999 1032.2  -5.0   5.6 -10.5 99.0 99.00 
2025 01 22 22 40  32  2.3  4.5  0.94  5.56  4.31  44 1032.3  -4.8   5.6 -10.3 99.0 99.00 
2025 01 22 22 50  48  2.7  4.4 99.00 99.00 99.00 999 1032.6  -4.7   5.5 -10.3 99.0 99.00 
2025 01 22 23 00  28  3.1  5.5 99.00 99.00 99.00 999 1032.5  -4.6   5.6 -10.1 99.0 99.00 
2025 01 22 23 10  17  2.9  5.6  0.87  4.76  4.07  45 1032.7  -4.6   5.6 -10.2 99.0 99.00 
2025 01 22 23 20  14  2.2  5.3 99.00 99.00 99.00 999 1032.9  -4.5   5.7 -10.0 99.0 99.00 
2025 01 22 23 30  25  3.2  5.1 99.00 99.00 99.00 999 1032.9  -4.4   5.7  -9.8 99.0 99.00 
2025 01 22 23 40  39  2.5  4.5  0.80  4.76  4.23  31 1032.6  -4.3   5.6  -9.8 99.0 99.00 
2025 01 22 23 50  52  2.6  4.4 99.00 99.00 99.00 999 1032.7  -4.3   5.7 -10.0 99.0 99.00 
2025 01 23 00 00  44  2.5  4.6 99.00 99.00 99.00 999 1032.5  -4.3   5.9  -9.9 99.0 99.00 
2025 01 23 00 10  37  3.3  6.2  0.80  5.00  4.32  46 1032.5  -4.2   6.0  -9.8 99.0 99.00 
2025 01 23 00 20  35  2.7  4.6 99.00 99.00 99.00 999 1032.4  -4.2   6.1 -10.0 99.0 99.00 
2025 01 23 00 30  41  2.6  5.0 99.00 99.00 99.00 999 1032.2  -4.1   6.2  -9.4 99.0 99.00 
2025 01 23 00 40  48  3.0  4.9  0.87  5.26  4.45  43 1031.8  -4.1   6.2  -9.3 99.0 99.00 
2025 01 23 00 50  51  2.8  4.9 99.00 99.00 99.00 999 1032.3  -4.1   6.2  -9.6 99.0 99.00 
2025 01 23 01 00  25  2.5  5.5 99.00 99.00 99.00 999 1032.2  -4.0   6.2  -9.3 99.0 99.00 
2025 01 23 01 10  33  3.5  5.9  0.83  5.26  4.54  47 1031.9  -3.9   6.2  -9.1 99.0 99.00 
2025 01 23 01 20  65  3.6  5.3 99.00 99.00 99.00 999 1032.0  -3.8   6.2  -8.8 99.0 99.00 
2025 01 23 01 30  39  2.7  4.0 99.00 99.00 99.00 999 1032.0  -3.7   6.3  -8.6 99.0 99.00 
2025 01 23 01 40  60  2.9  5.5  0.84  5.56  4.69  49 1032.1  -3.5   6.3  -8.3 99.0 99.00 
2025 01 23 01 50  39  2.6  5.4 99.00 99.00 99.00 999 1032.3  -3.5   6.4  -8.3 99.0 99.00 
2025 01 23 02 00  24  2.7  4.9 99.00 99.00 99.00 999 1032.1  -3.4   6.4  -8.3 99.0 99.00 
2025 01 23 02 10  47  3.4  5.8  0.82  5.26  4.66  50 1031.6  -3.4   6.4  -8.2 99.0 99.00 
2025 01 23 02 20  39  2.2  4.1 99.00 99.00 99.00 999 1031.7  -3.3   6.4  -7.9 99.0 99.00 
2025 01 23 02 30  43  2.6  4.9 99.00 99.00 99.00 999 1031.8  -3.2   6.4  -7.9 99.0 99.00 
2025 01 23 02 40  46  2.8  5.3  0.81  5.56  4.74  40 1031.8  -3.2   6.4  -8.2 99.0 99.00 
2025 01 23 02 50  41  1.4  3.3 99.00 99.00 99.00 999 1031.6  -3.2   6.4  -8.1 99.0 99.00 
2025 01 23 03 00  60  2.8  4.5 99.00 99.00 99.00 999 1031.5  -3.0   6.4  -7.6 99.0 99.00 
2025 01 23 03 10  77  2.4  4.0  0.78  5.26  4.71  42 1031.8  -3.1   6.4  -8.1 99.0 99.00 
2025 01 23 03 20  60  0.7  2.4 99.00 99.00 99.00 999 1031.6  -3.1   6.5  -8.1 99.0 99.00 
2025 01 23 03 30  62  1.5  2.9 99.00 99.00 99.00 999 1031.4  -3.0   6.5  -7.8 99.0 99.00 
2025 01 23 03 40 360  1.2  2.9  0.75  5.56  4.63  49 1031.6  -2.8   6.5  -7.4 99.0 99.00 
2025 01 23 03 50 342  1.8  3.0 99.00 99.00 99.00 999 1031.6  -2.8   6.5  -7.5 99.0 99.00 
2025 01 23 04 00  32  1.2  2.5 99.00 99.00 99.00 999 1031.4  -2.7   6.6  -7.4 99.0 99.00 
2025 01 23 04 10  28  1.8  4.0  0.78  9.09  4.92 125 1030.7  -2.8   6.6  -7.5 99.0 99.00 
2025 01 23 04 20  50  2.8  4.8 99.00 99.00 99.00 999 1030.5  -2.7   6.6  -7.2 99.0 99.00 
2025 01 23 04 30  57  1.6  3.7 99.00 99.00 99.00 999 1030.5  -2.6   6.6  -7.3 99.0 99.00 
2025 01 23 04 40  36  2.0  3.4  0.82  9.09  5.07 133 1030.2  -2.6   6.7  -7.2 99.0 99.00 
2025 01 23 04 50  45  2.2  4.6 99.00 99.00 99.00 999 1029.9  -2.6   6.7  -7.2 99.0 99.00 
2025 01 23 05 00  58  2.7  5.0 99.00 99.00 99.00 999 1029.7  -2.4   6.7  -6.8 99.0 99.00 
2025 01 23 05 10  50  2.2  3.9  0.81  9.09  5.17 133 1029.9  -2.3   6.8  -6.8 99.0 99.00 
2025 01 23 05 20  49  2.1  4.2 99.00 99.00 99.00 999 1030.0  -2.3   6.8  -6.6 99.0 99.00 
2025 01 23 05 30 360  1.9  4.1 99.00 99.00 99.00 999 1030.2  -2.2   6.8  -6.5 99.0 99.00 
2025 01 23 05 40   5  1.7  2.8  0.83  9.09  5.27 145 1029.9  -2.1   6.8  -6.4 99.0 99.00 
2025 01 23 05 50  11  1.7  3.8 99.00 99.00 99.00 999 1030.1  -2.2   6.8  -6.6 99.0 99.00 
2025 01 23 06 00   2  2.1  3.5 99.00 99.00 99.00 999 1030.1  -2.1   6.8  -6.4 99.0 99.00 
2025 01 23 06 10  10  3.1  5.1  0.87  9.09  5.19 132 1030.1  -2.0   6.8  -5.7 99.0 99.00 
2025 01 23 06 20   8  4.2  5.6 99.00 99.00 99.00 999 1029.6  -2.2   6.9  -5.5 99.0 99.00 
2025 01 23 06 30  13  4.5  6.1 99.00 99.00 99.00 999 1029.4  -2.2   6.9  -5.3 99.0 99.00 
2025 01 23 06 40   2  4.5  5.9  0.90  6.25  5.18  55 1029.3  -2.4   6.9  -5.4 99.0 99.00 
2025 01 23 06 50 359  4.2  5.9 99.00 99.00 99.00 999 1029.6  -2.5   6.9  -5.5 99.0 99.00 
2025 01 23 07 00 345  4.6  6.2 99.00 99.00 99.00 999 1029.9  -2.6   6.9  -5.6 99.0 99.00 
2025 01 23 07 10 358  4.4  6.1  0.84  5.88  4.77  68 1029.7  -2.6   6.9  -5.6 99.0 99.00 
2025 01 23 07 20 356  4.5  6.1 99.00 99.00 99.00 999 1029.5  -2.7   6.9  -5.8 99.0 99.00 
2025 01 23 07 30 358  4.0  5.8 99.00 99.00 99.00 999 1029.2  -2.6   6.9  -5.5 99.0 99.00 
2025 01 23 07 40   4  4.3  6.8  0.92  5.88  4.92  58 1029.1  -2.7   6.9  -5.7 99.0 99.00 
2025 01 23 07 50   5  4.6  6.1 99.00 99.00 99.00 999 1029.0  -2.6   6.9  -5.5 99.0 99.00 
2025 01 23 08 00 360  4.7  6.5 99.00 99.00 99.00 999 1028.8  -2.6   6.8  -5.6 99.0 99.00 
2025 01 23 08 10   1  4.8  6.9  0.90  6.25  4.79  67 1028.8  -2.7   6.8  -5.6 99.0 99.00 
2025 01 23 08 20   2  5.3  7.2 99.00 99.00 99.00 999 1028.7  -2.5   6.8  -5.3 99.0 99.00 
2025 01 23 08 30  10  4.7  6.4 99.00 99.00 99.00 999 1028.5  -2.5   6.8  -5.3 99.0 99.00 
2025 01 23 08 40   5  4.9  7.4  0.82  6.67  4.59  79 1028.1  -2.5   6.8  -5.3 99.0 99.00 
2025 01 23 08 50  12  4.6  6.6 99.00 99.00 99.00 999 1028.0  -2.5   6.8  -5.2 99.0 99.00 
2025 01 23 09 00   9  5.0  7.1 99.00 99.00 99.00 999 1027.9  -2.5   6.8  -5.2 99.0 99.00 
2025 01 23 09 10  12  4.8  6.1  0.87  6.25  4.62  76 1027.9  -2.4   6.8  -5.1 99.0 99.00 
2025 01 23 09 20   7  4.8  7.0 99.00 99.00 99.00 999 1027.8  -2.4   6.8  -5.0 99.0 99.00 
2025 01 23 09 30  11  4.7  6.5 99.00 99.00 99.00 999 1027.8  -2.3   6.8  -4.8 99.0 99.00 
2025 01 23 09 40   6  4.6  6.6  0.85  5.88  4.58  68 1027.8  -2.2   6.8  -4.7 99.0 99.00 
2025 01 23 09 50   8  4.6  6.6 99.00 99.00 99.00 999 1027.7  -2.0   6.8  -4.5 99.0 99.00 
2025 01 23 10 00   8  4.5  6.3 99.00 99.00 99.00 999 1027.8  -1.9   6.8  -4.3 99.0 99.00 
2025 01 23 10 10 360  4.5  6.1  0.84  6.25  4.57  64 1027.9  -1.9   6.8  -4.4 99.0 99.00 
2025 01 23 10 20   4  4.5  6.6 99.00 99.00 99.00 999 1027.9  -1.8   6.8  -4.2 99.0 99.00 
2025 01 23 10 30 359  4.8  6.4 99.00 99.00 99.00 999 1027.7  -1.8   6.8  -4.2 99.0 99.00 
2025 01 23 10 40   1  4.8  6.5  0.88  9.09  4.84 129 1027.8  -1.8   6.8  -4.2 99.0 99.00 
2025 01 23 10 50 357  4.9  6.4 99.00 99.00 99.00 999 1027.7  -1.8   6.8  -4.2 99.0 99.00 
2025 01 23 11 00 359  4.7  6.8 99.00 99.00 99.00 999 1027.6  -1.9   6.8  -4.2 99.0 99.00 
2025 01 23 11 10   6  4.6  6.2  0.90  9.09  4.66 140 1027.6  -1.8   6.8  -4.1 99.0 99.00 
2025 01 23 11 20   3  4.3  6.2 99.00 99.00 99.00 999 1027.6  -1.8   6.8  -4.1 99.0 99.00 
2025 01 23 11 30  10  4.4  7.2 99.00 99.00 99.00 999 1027.6  -1.7   6.8  -3.9 99.0 99.00 
2025 01 23 11 40   2  4.9  6.6  0.92  5.88  4.84  52 1027.7  -1.7   6.8  -3.9 99.0 99.00 
2025 01 23 11 50   6  4.8  6.4 99.00 99.00 99.00 999 1027.7  -1.7   6.8  -3.8 99.0 99.00 
2025 01 23 12 00 359  5.0  7.2 99.00 99.00 99.00 999 1027.7  -1.8   6.8  -3.9 99.0 99.00 
2025 01 23 12 10   3  5.3  6.6  0.87  9.09  4.85 131 1027.5  -1.7   6.8  -3.7 99.0 99.00 
2025 01 23 12 20 359  5.5  7.1 99.00 99.00 99.00 999 1027.4  -1.7   6.8  -3.7 99.0 99.00 
2025 01 23 12 30 356  5.6  7.4 99.00 99.00 99.00 999 1027.4  -1.9   6.8  -3.9 99.0 99.00 
2025 01 23 12 40   2  5.4  7.4  0.95  9.09  4.80 132 1027.3  -1.9   6.8  -3.8 99.0 99.00 
2025 01 23 12 50   3  5.5  7.1 99.00 99.00 99.00 999 1027.1  -1.8   6.8  -3.6 99.0 99.00 
2025 01 23 13 00   1  5.6  7.4 99.00 99.00 99.00 999 1027.0  -1.7   6.8  -3.5 99.0 99.00 
2025 01 23 13 10 359  6.1  7.4  0.91  9.09  4.93 127 1026.8  -1.6   6.8  -3.4 99.0 99.00 
2025 01 23 13 20 358  6.0  7.2 99.00 99.00 99.00 999 1026.7  -1.6   6.8  -3.4 99.0 99.00 
2025 01 23 13 30   2  5.7  7.3 99.00 99.00 99.00 999 1026.5  -1.4   6.8  -3.2 99.0 99.00 
2025 01 23 13 40 360  5.6  7.2  0.90  9.09  4.67 129 1026.6  -1.4   6.8  -3.1 99.0 99.00 
2025 01 23 13 50 355  5.4  6.9 99.00 99.00 99.00 999 1026.6  -1.2   6.8  -2.9 99.0 99.00 
2025 01 23 14 00 351  5.3  6.7 99.00 99.00 99.00 999 1026.7  -1.0   6.8  -2.6 99.0 99.00 
2025 01 23 14 10 352  5.4  7.1  0.94  9.09  4.61 122 1026.5  -1.1   6.8  -2.8 99.0 99.00 
2025 01 23 14 20 350  5.8  7.1 99.00 99.00 99.00 999 1026.5  -1.0   6.8  -2.7 99.0 99.00 
2025 01 23 14 30 348  5.8  7.4 99.00 99.00 99.00 999 1026.6  -1.1   6.8  -2.8 99.0 99.00 
2025 01 23 14 40 344  6.1  7.7  0.87 10.00  4.64 106 1026.5  -1.3   6.8  -3.1 99.0 99.00 
2025 01 23 14 50 343  6.0  7.9 99.00 99.00 99.00 999 1026.4  -1.4   6.8  -3.2 99.0 99.00 
2025 01 23 15 00 341  6.1  7.6 99.00 99.00 99.00 999 1026.4  -1.5   6.8  -3.3 99.0 99.00 
2025 01 23 15 10 342  6.1  7.9  0.96  9.09  4.77 125 1026.3  -1.6   6.8  -3.3 99.0 99.00 
2025 01 23 15 20 340  6.6  8.8 99.00 99.00 99.00 999 1026.4  -1.7   6.8  -3.5 99.0 99.00 
2025 01 23 15 30 341  6.8  8.2 99.00 99.00 99.00 999 1026.4  -1.7   6.8  -3.5 99.0 99.00 
2025 01 23 15 40 341  6.5  8.1  0.99  9.09  4.63 122 1026.2  -1.8   6.7  -3.6 99.0 99.00 
2025 01 23 15 50 340  6.5  8.4 99.00 99.00 99.00 999 1026.3  -1.9   6.7  -3.8 99.0 99.00 
2025 01 23 16 00 337  6.0  7.7 99.00 99.00 99.00 999 1026.0  -2.0   6.7  -3.9 99.0 99.00 
2025 01 23 16 10 335  6.1  7.5  0.94  8.33  4.60 128 1025.9  -1.8   6.7  -3.7 99.0 99.00 
2025 01 23 16 20 335  6.0  7.5 99.00 99.00 99.00 999 1025.7  -1.9   6.7  -3.9 99.0 99.00 
2025 01 23 16 30 334  6.0  7.7 99.00 99.00 99.00 999 1025.7  -1.9   6.7  -4.0 99.0 99.00 
2025 01 23 16 40 335  6.4  8.6  0.95  9.09  4.47 134 1025.4  -1.9   6.7  -4.0 99.0 99.00 
2025 01 23 16 50 334  6.7  8.5 99.00 99.00 99.00 999 1025.2  -2.0   6.7  -4.0 99.0 99.00 
2025 01 23 17 00 336  6.6  9.1 99.00 99.00 99.00 999 1025.2  -1.9   6.7  -3.8 99.0 99.00 
2025 01 23 17 10 333  6.1  8.0  0.94  9.09  4.61 110 1024.7  -1.9   6.7  -3.9 99.0 99.00 
2025 01 23 17 20 334  6.4  8.6 99.00 99.00 99.00 999 1024.4  -2.0   6.7  -4.2 99.0 99.00 
2025 01 23 17 30 341  6.0  7.7 99.00 99.00 99.00 999 1024.0  -2.1   6.7  -4.4 99.0 99.00 
2025 01 23 17 40 330  6.4  8.0  0.95  9.09  4.38 118 1024.1  -1.9   6.7  -4.0 99.0 99.00 
2025 01 23 17 50 325  6.6  8.9 99.00 99.00 99.00 999 1023.9  -1.8   6.7  -4.0 99.0 99.00 
2025 01 23 18 00 326  6.3  8.4 99.00 99.00 99.00 999 1023.8  -1.9   6.7  -4.5 99.0 99.00 
2025 01 23 18 10 325  5.8  7.5  0.94  9.09  4.42 127 1023.8  -1.8   6.7  -4.6 99.0 99.00 
2025 01 23 18 20 322  5.9  8.3 99.00 99.00 99.00 999 1023.6  -1.9   6.7  -4.8 99.0 99.00 
2025 01 23 18 30 326  5.8  7.3 99.00 99.00 99.00 999 1023.4  -1.8   6.7  -4.7 99.0 99.00 
2025 01 23 18 40 323  5.9  7.3  0.97  9.09  4.38 124 1023.3  -1.9   6.7  -4.9 99.0 99.00 
2025 01 23 18 50 320  5.6  7.6 99.00 99.00 99.00 999 1023.2  -2.0   6.7  -5.1 99.0 99.00 
2025 01 23 19 00 320  5.3  7.2 99.00 99.00 99.00 999 1023.0  -2.0   6.7  -5.2 99.0 99.00 
2025 01 23 19 10 320  5.5  7.6  0.95  9.09  4.46 122 1023.1  -2.0   6.7  -5.3 99.0 99.00 
2025 01 23 19 20 322  5.5  7.4 99.00 99.00 99.00 999 1022.8  -2.1   6.7  -5.7 99.0 99.00 
2025 01 23 19 30 321  5.6  7.5 99.00 99.00 99.00 999 1022.7  -2.0   6.7  -5.7 99.0 99.00 
2025 01 23 19 40 321  5.5  7.2  0.96  9.09  4.52 128 1022.6  -1.9   6.7  -5.8 99.0 99.00 
2025 01 23 19 50 309  5.2  6.8 99.00 99.00 99.00 999 1022.5  -1.9   6.7  -6.0 99.0 99.00 
2025 01 23 20 00 317  4.3  6.7 99.00 99.00 99.00 999 1022.6  -1.9   6.7  -6.3 99.0 99.00 
2025 01 23 20 10 310  3.4  4.9  0.92  9.09  4.48 118 1022.3  -1.8   6.7  -6.4 99.0 99.00 
2025 01 23 20 20 300  2.5  4.1 99.00 99.00 99.00 999 1021.9  -1.8   6.7  -6.6 99.0 99.00 
2025 01 23 20 30 308  1.8  3.4 99.00 99.00 99.00 999 1021.8  -1.7   6.7  -6.5 99.0 99.00 
2025 01 23 20 40 310  2.6  4.0  0.92  9.09  4.64 122 1021.8  -1.6   6.7  -6.4 99.0 99.00 
2025 01 23 20 50 303  2.9  4.9 99.00 99.00 99.00 999 1021.9  -1.6   6.7  -6.4 99.0 99.00 
2025 01 23 21 00 308  3.2  4.4 99.00 99.00 99.00 999 1022.2  -1.5   6.7  -6.2 99.0 99.00 
2025 01 23 21 10 311  3.0  4.8  0.92  9.09  4.96 111 1022.0  -1.5   6.7  -6.5 99.0 99.00 
2025 01 23 21 20 313  2.6  4.5 99.00 99.00 99.00 999 1022.1  -1.6   6.7  -7.1 99.0 99.00 
2025 01 23 21 30 302  2.9  5.3 99.00 99.00 99.00 999 1022.1  -1.5   6.7  -7.4 99.0 99.00 
2025 01 23 21 40 304  2.6  4.5  0.89  9.09  4.84 123 1022.1  -1.5   6.7  -7.8 99.0 99.00 
2025 01 23 21 50 311  2.6  4.3 99.00 99.00 99.00 999 1022.2  -1.3   6.7  -7.4 99.0 99.00 
2025 01 23 22 00 288  3.4  4.9 99.00 99.00 99.00 999 1022.1  -1.3   6.7  -8.0 99.0 99.00 
2025 01 23 22 10 294  2.7  4.3  0.94  9.09  5.20 117 1022.0  -1.3   6.7  -8.0 99.0 99.00 
2025 01 23 22 20 275  2.6  4.4 99.00 99.00 99.00 999 1022.0  -1.3   6.7  -8.1 99.0 99.00 
2025 01 23 22 30 282  3.5  5.7 99.00 99.00 99.00 999 1022.2  -1.2   6.7  -7.9 99.0 99.00 
2025 01 23 22 40 289  3.3  4.8  0.81  9.09  5.20 102 1022.1  -1.1   6.7  -7.9 99.0 99.00 
2025 01 23 22 50 285  3.4  5.1 99.00 99.00 99.00 999 1022.2  -1.0   6.7  -7.8 99.0 99.00 
2025 01 23 23 00 286  3.5  5.9 99.00 99.00 99.00 999 1022.2  -0.9   6.7  -7.6 99.0 99.00 
2025 01 23 23 10 287  4.1  5.9  0.87  9.09  5.53 125 1022.4  -0.9   6.6  -8.4 99.0 99.00 
2025 01 23 23 20 290  3.9  5.7 99.00 99.00 99.00 999 1022.5  -0.8   6.6  -8.1 99.0 99.00 
2025 01 23 23 30 285  4.5  6.0 99.00 99.00 99.00 999 1022.6  -0.6   6.6  -8.3 99.0 99.00 
2025 01 23 23 40 284  4.5  6.3  0.91  8.33  5.74 120 1022.5  -0.5   6.6  -8.1 99.0 99.00 
2025 01 23 23 50 275  4.5  6.6 99.00 99.00 99.00 999 1022.6  -0.4   6.6  -8.0 99.0 99.00 
2025 01 24 00 00 280  5.2  6.9 99.00 99.00 99.00 999 1022.5  -0.4   6.6  -8.2 99.0 99.00 
2025 01 24 00 10 276  5.1  6.9  0.77  7.14  5.41 101 1022.5  -0.4   6.6  -8.6 99.0 99.00 
2025 01 24 00 20 284  5.4  7.1 99.00 99.00 99.00 999 1022.5  -0.3   6.6  -8.3 99.0 99.00 
2025 01 24 00 30 279  5.7  7.6 99.00 99.00 99.00 999 1022.5  -0.3   6.6  -8.2 99.0 99.00 
2025 01 24 00 40 285  5.9  8.1  0.80  9.09  5.20 120 1022.6  -0.3   6.6  -8.0 99.0 99.00 
2025 01 24 00 50 278  5.8  7.5 99.00 99.00 99.00 999 1022.5  -0.3   6.6  -7.9 99.0 99.00 
2025 01 24 01 00 281  5.8  7.6 99.00 99.00 99.00 999 1022.5  -0.3   6.6  -7.6 99.0 99.00 
2025 01 24 01 10 279  5.9  7.7  0.82  9.09  4.73 114 1022.5  -0.3   6.6  -7.9 99.0 99.00 
2025 01 24 01 20 281  5.8  7.6 99.00 99.00 99.00 999 1022.4  -0.3   6.6  -7.9 99.0 99.00 
2025 01 24 01 30 277  6.1  7.4 99.00 99.00 99.00 999 1022.4  -0.3   6.6  -7.8 99.0 99.00 
2025 01 24 01 40 279  6.2  8.1  0.86  7.69  4.55 101 1022.5  -0.3   6.6  -7.7 99.0 99.00 
2025 01 24 01 50 279  6.0  7.7 99.00 99.00 99.00 999 1022.6  -0.2   6.6  -7.4 99.0 99.00 
2025 01 24 02 00 270  5.6  7.2 99.00 99.00 99.00 999 1022.6  -0.3   6.6  -7.5 99.0 99.00 
2025 01 24 02 10 265  6.0  7.6  0.78 10.00  4.42 112 1022.6  -0.4   6.6  -7.5 99.0 99.00 
2025 01 24 02 20 261  6.3  7.6 99.00 99.00 99.00 999 1022.6  -0.4   6.6  -7.0 99.0 99.00 
2025 01 24 02 30 264  6.4  8.1 99.00 99.00 99.00 999 1022.7  -0.4   6.6  -6.7 99.0 99.00 
2025 01 24 02 40 265  6.7  8.2  0.85 10.00  4.68 116 1022.7  -0.6   6.6  -7.2 99.0 99.00 
2025 01 24 02 50 264  6.6  8.7 99.00 99.00 99.00 999 1022.7  -0.5   6.6  -6.8 99.0 99.00 
2025 01 24 03 00 265  6.7  8.1 99.00 99.00 99.00 999 1022.7  -0.5   6.6  -7.2 99.0 99.00 
2025 01 24 03 10 271  6.5  8.4  0.87  7.69  4.58  97 1022.7  -0.4   6.6  -6.9 99.0 99.00 
2025 01 24 03 20 266  6.2  8.6 99.00 99.00 99.00 999 1022.5  -0.3   6.6  -6.8 99.0 99.00 
2025 01 24 03 30 270  5.9  7.2 99.00 99.00 99.00 999 1022.6  -0.2   6.6  -6.8 99.0 99.00 
2025 01 24 03 40 268  6.4  8.1  0.89 10.00  4.73  96 1022.5   0.0   6.6  -5.8 99.0 99.00 
2025 01 24 03 50 261  6.6  8.1 99.00 99.00 99.00 999 1022.5   0.0   6.6  -5.1 99.0 99.00 
2025 01 24 04 00 266  6.2  7.7 99.00 99.00 99.00 999 1022.5  -0.1   6.6  -5.4 99.0 99.00 
2025 01 24 04 10 259  6.5  8.0  0.85 10.00  4.50  84 1022.5  -0.1   6.6  -5.6 99.0 99.00 
2025 01 24 04 20 260  6.5  8.0 99.00 99.00 99.00 999 1022.3   0.0   6.6  -5.3 99.0 99.00 
2025 01 24 04 30 259  6.6  8.0 99.00 99.00 99.00 999 1022.3   0.2   6.6  -5.0 99.0 99.00 
2025 01 24 04 40 255  6.7  8.4  0.83  8.33  4.40  89 1022.2   0.2   6.6  -5.3 99.0 99.00 
2025 01 24 04 50 254  6.5  8.0 99.00 99.00 99.00 999 1022.2   0.3   6.6  -5.3 99.0 99.00 
2025 01 24 05 00 248  6.5  8.6 99.00 99.00 99.00 999 1022.2   0.3   6.6  -5.1 99.0 99.00 
2025 01 24 05 10 249  6.8  8.2  0.87  3.33  4.18 258 1022.2   0.4   6.6  -5.0 99.0 99.00 
2025 01 24 05 20 256  6.7  8.4 99.00 99.00 99.00 999 1022.1   0.4   6.6  -5.1 99.0 99.00 
2025 01 24 05 30 257  6.5  8.4 99.00 99.00 99.00 999 1022.1   0.5   6.6  -4.9 99.0 99.00 
2025 01 24 05 40 259  7.0  8.9  0.90 10.00  4.41 104 1022.0   0.6   6.6  -5.0 99.0 99.00 
2025 01 24 05 50 262  6.9  8.7 99.00 99.00 99.00 999 1021.9   0.5   6.6  -4.9 99.0 99.00 
2025 01 24 06 00 260  7.0  8.4 99.00 99.00 99.00 999 1021.7   0.6   6.6  -4.6 99.0 99.00 
2025 01 24 06 10 261  7.1  8.6  0.85  9.09  4.37  88 1021.7   0.7   6.6  -4.4 99.0 99.00 
2025 01 24 06 20 261  7.2  8.9 99.00 99.00 99.00 999 1021.7   0.7   6.6  -4.1 99.0 99.00 
2025 01 24 06 30 265  7.5  9.2 99.00 99.00 99.00 999 1021.9   0.8   6.6  -4.0 99.0 99.00 
2025 01 24 06 40 265  7.3  9.0  0.88 10.00  4.29  93 1021.9   0.9   6.6  -3.7 99.0 99.00 
2025 01 24 06 50 269  7.9  9.3 99.00 99.00 99.00 999 1021.9   0.9   6.6  -3.8 99.0 99.00 
2025 01 24 07 00 271  8.0 10.0 99.00 99.00 99.00 999 1022.0   1.1   6.6  -3.8 99.0 99.00 
2025 01 24 07 10 275  8.3 10.8  0.91  9.09  4.29  97 1022.1   1.1   6.6  -3.7 99.0 99.00 
2025 01 24 07 20 281  8.1 10.2 99.00 99.00 99.00 999 1022.2   1.2   6.6  -3.8 99.0 99.00 
2025 01 24 07 30 282  8.4 10.1 99.00 99.00 99.00 999 1022.2   1.2   6.6  -3.7 99.0 99.00 
2025 01 24 07 40 284  8.4 11.6  0.91 12.90  4.01  97 1022.2   1.3   6.6  -3.8 99.0 99.00 
2025 01 24 07 50 282  8.3 10.7 99.00 99.00 99.00 999 1022.2   1.2   6.6  -3.8 99.0 99.00 
2025 01 24 08 00 285  8.4 11.6 99.00 99.00 99.00 999 1022.2   1.3   6.6  -3.6 99.0 99.00 
2025 01 24 08 10 288  8.8 11.5  0.91  8.33  4.13  88 1022.2   1.2   6.6  -3.9 99.0 99.00 
2025 01 24 08 20 294  8.6 10.5 99.00 99.00 99.00 999 1022.2   1.2   6.6  -3.8 99.0 99.00 
2025 01 24 08 30 299  8.8 11.5 99.00 99.00 99.00 999 1022.1   1.0   6.6  -4.0 99.0 99.00 
2025 01 24 08 40 305  8.9 11.8  0.94 10.00  3.98  98 1022.1   0.9   6.6  -3.9 99.0 99.00 
2025 01 24 08 50 307  9.0 11.1 99.00 99.00 99.00 999 1022.0   0.9   6.6  -3.6 99.0 99.00 
2025 01 24 09 00 307  9.3 11.4 99.00 99.00 99.00 999 1022.0   0.9   6.6  -3.3 99.0 99.00 
2025 01 24 09 10 310  9.5 12.2  0.96  3.33  3.86 268 1022.0   1.0   6.6  -3.4 99.0 99.00 
2025 01 24 09 20 317  9.5 11.8 99.00 99.00 99.00 999 1022.2   1.0   6.6  -3.4 99.0 99.00 
2025 01 24 09 30 321  9.3 11.4 99.00 99.00 99.00 999 1022.1   1.0   6.6  -3.3 99.0 99.00 
2025 01 24 09 40 320  9.0 11.2  1.02  3.45  4.05 280 1022.3   1.1   6.6  -3.3 99.0 99.00 
2025 01 24 09 50 320  9.0 11.6 99.00 99.00 99.00 999 1022.5   0.9   6.6  -3.7 99.0 99.00 
2025 01 24 10 00 318  8.9 11.0 99.00 99.00 99.00 999 1022.5   1.0   6.6  -3.4 99.0 99.00 
2025 01 24 10 10 320  9.1 11.9  1.03  3.70  4.05 302 1022.6   1.0   6.6  -3.3 99.0 99.00 
2025 01 24 10 20 319  9.4 11.5 99.00 99.00 99.00 999 1022.6   1.0   6.6  -3.3 99.0 99.00 
2025 01 24 10 30 323  9.1 11.5 99.00 99.00 99.00 999 1022.9   1.0   6.6  -3.3 99.0 99.00 
2025 01 24 10 40 327  8.5 11.0  1.10  3.70  3.99 307 1022.9   0.9   6.6  -3.5 99.0 99.00 
2025 01 24 10 50 326  8.4 10.2 99.00 99.00 99.00 999 1023.1   0.9   6.6  -3.6 99.0 99.00 
2025 01 24 11 00 326  7.8 10.2 99.00 99.00 99.00 999 1023.3   1.0   6.6  -3.6 99.0 99.00 
2025 01 24 11 10 319  7.7 10.6  1.09  3.70  4.16 309 1023.5   1.1   6.6  -3.5 99.0 99.00 
2025 01 24 11 20 320  7.8  9.7 99.00 99.00 99.00 999 1023.6   1.1   6.6  -3.7 99.0 99.00 
2025 01 24 11 30 323  7.9  9.7 99.00 99.00 99.00 999 1023.8   1.1   6.6  -3.8 99.0 99.00 
2025 01 24 11 40 317  7.7  9.6  1.04  4.17  4.02 334 1023.8   1.1   6.6  -3.9 99.0 99.00 
2025 01 24 11 50 324  7.9  9.7 99.00 99.00 99.00 999 1023.8   1.1   6.6  -3.9 99.0 99.00 
2025 01 24 12 00 321  7.8  9.8 99.00 99.00 99.00 999 1023.9   1.0   6.6  -3.8 99.0 99.00 
2025 01 24 12 10 323  7.6  9.5  1.12  4.35  4.15 338 1023.9   0.9   6.6  -3.8 99.0 99.00 
2025 01 24 12 20 324  7.6  9.2 99.00 99.00 99.00 999 1023.9   0.9   6.6  -3.8 99.0 99.00 
2025 01 24 12 30 326  6.9  8.5 99.00 99.00 99.00 999 1023.9   0.9   6.6  -4.1 99.0 99.00 
2025 01 24 12 40 325  6.1  7.5  1.04 10.00  4.29 106 1023.9   1.1   6.6  -3.8 99.0 99.00 
2025 01 24 12 50 331  6.0  7.5 99.00 99.00 99.00 999 1023.8   1.0   6.6  -4.1 99.0 99.00 
2025 01 24 13 00 334  6.1  7.7 99.00 99.00 99.00 999 1023.8   1.0   6.6  -4.3 99.0 99.00 
2025 01 24 13 10 328  5.8  7.9  0.91 10.81  4.15 110 1023.9   1.0   6.6  -4.2 99.0 99.00 
2025 01 24 13 20 332  5.0  6.3 99.00 99.00 99.00 999 1023.9   1.0   6.6  -4.2 99.0 99.00 
2025 01 24 13 30 327  4.6  6.0 99.00 99.00 99.00 999 1024.0   1.1   6.6  -3.9 99.0 99.00 
2025 01 24 13 40 330  5.1  6.6  0.91 10.81  4.72 111 1024.1   1.1   6.6  -4.1 99.0 99.00 
2025 01 24 13 50 330  4.9  6.2 99.00 99.00 99.00 999 1024.2   1.0   6.6  -4.1 99.0 99.00 
2025 01 24 14 00 328  4.7  6.3 99.00 99.00 99.00 999 1024.3   1.0   6.6  -3.9 99.0 99.00 
2025 01 24 14 10 317  4.2  5.9  0.90 10.00  5.05 121 1024.5   1.1   6.6  -3.7 99.0 99.00 
2025 01 24 14 20 315  4.2  5.9 99.00 99.00 99.00 999 1024.7   1.2   6.6  -3.8 99.0 99.00 
2025 01 24 14 30 314  4.4  5.6 99.00 99.00 99.00 999 1024.6   1.3   6.6  -3.9 99.0 99.00 
2025 01 24 14 40 318  5.2  6.4  0.87 10.00  5.21 110 1024.6   1.4   6.6  -3.8 99.0 99.00 
2025 01 24 14 50 321  5.4  6.8 99.00 99.00 99.00 999 1024.6   1.4   6.6  -4.2 99.0 99.00 
2025 01 24 15 00 325  5.1  6.3 99.00 99.00 99.00 999 1024.7   1.6   6.6  -4.3 99.0 99.00 
2025 01 24 15 10 320  4.8  6.2  0.82 11.43  5.02 122 1024.7   1.6   6.6  -4.2 99.0 99.00 
2025 01 24 15 20 321  4.9  6.3 99.00 99.00 99.00 999 1024.8   1.6   6.6  -4.6 99.0 99.00 
2025 01 24 15 30 328  4.9  6.8 99.00 99.00 99.00 999 1024.9   1.7   6.6  -4.3 99.0 99.00 
2025 01 24 15 40 337  5.2  6.9  0.75 11.43  4.98 128 1024.8   1.7   6.6  -4.0 99.0 99.00 
2025 01 24 15 50 341  5.1  6.9 99.00 99.00 99.00 999 1024.8   1.5   6.6  -4.0 99.0 99.00 
2025 01 24 16 00 348  5.2  6.6 99.00 99.00 99.00 999 1024.7   1.4   6.6  -4.1 99.0 99.00 
2025 01 24 16 10 341  4.6  6.3  0.76 10.81  5.32 122 1024.7   1.5   6.6  -3.8 99.0 99.00 
2025 01 24 16 20 347  4.5  6.1 99.00 99.00 99.00 999 1024.6   1.5   6.6  -4.0 99.0 99.00 
2025 01 24 16 30 349  4.5  5.9 99.00 99.00 99.00 999 1024.4   1.5   6.6  -3.9 99.0 99.00 
2025 01 24 16 40 348  4.4  6.4  0.78 10.81  5.41 118 1024.2   1.5   6.6  -4.3 99.0 99.00 
2025 01 24 16 50 348  4.2  5.4 99.00 99.00 99.00 999 1024.0   1.5   6.6  -4.3 99.0 99.00 
2025 01 24 17 00 345  4.1  6.3 99.00 99.00 99.00 999 1023.9   1.7   6.6  -4.2 99.0 99.00 
2025 01 24 17 10 347  4.7  5.8  0.69 12.12  5.43 107 1023.7   1.6   6.6  -4.5 99.0 99.00 
2025 01 24 17 20 337  4.3  6.9 99.00 99.00 99.00 999 1023.5   1.7   6.6  -4.3 99.0 99.00 
2025 01 24 17 30 335  4.8  7.0 99.00 99.00 99.00 999 1023.5   1.7   6.6  -4.2 99.0 99.00 
2025 01 24 17 40 334  4.0  5.6  0.71 10.00  5.47 108 1023.2   1.6   6.7  -4.3 99.0 99.00 
2025 01 24 17 50 340  4.2  5.8 99.00 99.00 99.00 999 1023.1   1.7   6.7  -4.3 99.0 99.00 
2025 01 24 18 00 335  5.0  6.5 99.00 99.00 99.00 999 1022.9   1.6   6.7  -4.6 99.0 99.00 
2025 01 24 18 10 340  5.4  7.0  0.74 10.81  5.76  98 1022.7   1.7   6.7  -4.1 99.0 99.00 
2025 01 24 18 20 347  4.9  6.8 99.00 99.00 99.00 999 1022.3   1.6   6.7  -4.0 99.0 99.00 
2025 01 24 18 30 340  5.3  7.1 99.00 99.00 99.00 999 1022.2   1.5   6.7  -4.3 99.0 99.00 
2025 01 24 18 40 341  5.2  6.9  0.75 10.00  5.59  88 1022.3   1.4   6.7  -4.3 99.0 99.00 
2025 01 24 18 50 347  5.4  7.3 99.00 99.00 99.00 999 1022.2   1.5   6.7  -4.0 99.0 99.00 
2025 01 24 19 00 356  5.2  6.5 99.00 99.00 99.00 999 1022.2   1.4   6.7  -4.1 99.0 99.00 
2025 01 24 19 10 351  4.8  6.5  0.71 12.12  4.94  67 1022.1   1.4   6.7  -4.3 99.0 99.00 
2025 01 24 19 20 357  4.9  6.5 99.00 99.00 99.00 999 1022.2   1.4   6.7  -4.2 99.0 99.00 
2025 01 24 19 30 351  4.9  7.0 99.00 99.00 99.00 999 1022.1   1.4   6.7  -4.2 99.0 99.00 
2025 01 24 19 40 346  5.1  7.0  0.76 12.12  5.24  87 1022.1   1.4   6.7  -4.3 99.0 99.00 
2025 01 24 19 50 359  5.1  6.9 99.00 99.00 99.00 999 1022.0   1.3   6.7  -4.7 99.0 99.00 
2025 01 24 20 00 359  4.9  6.3 99.00 99.00 99.00 999 1022.0   1.4   6.7  -4.3 99.0 99.00 
2025 01 24 20 10 355  4.7  6.6  0.73 11.43  5.25  97 1021.9   1.5   6.7  -4.2 99.0 99.00 
2025 01 24 20 20 349  5.0  6.4 99.00 99.00 99.00 999 1022.0   1.5   6.6  -4.4 99.0 99.00 
2025 01 24 20 30 346  4.6  6.5 99.00 99.00 99.00 999 1022.1   1.6   6.6  -4.6 99.0 99.00 
2025 01 24 20 40 352  4.5  6.1  0.78 12.12  4.94  78 1022.3   1.6   6.6  -4.7 99.0 99.00 
2025 01 24 20 50 344  4.2  5.4 99.00 99.00 99.00 999 1022.4   1.7   6.6  -4.5 99.0 99.00 
2025 01 24 21 00 345  4.1  5.8 99.00 99.00 99.00 999 1022.4   1.6   6.6  -4.8 99.0 99.00 
2025 01 24 21 10 344  3.6  5.1  0.73 12.12  5.08  82 1022.5   1.5   6.6  -4.9 99.0 99.00 
2025 01 24 21 20 331  3.7  5.2 99.00 99.00 99.00 999 1022.8   1.5   6.6  -5.2 99.0 99.00 
2025 01 24 21 30 330  3.4  5.3 99.00 99.00 99.00 999 1023.0   1.5   6.6  -5.1 99.0 99.00 
2025 01 24 21 40 317  3.1  5.2  0.72 12.12  5.07 122 1023.3   1.6   6.6  -5.1 99.0 99.00 
2025 01 24 21 50 325  3.2  4.8 99.00 99.00 99.00 999 1023.3   1.7   6.6  -4.9 99.0 99.00 
2025 01 24 22 00 318  2.8  4.2 99.00 99.00 99.00 999 1023.3   1.7   6.6  -5.0 99.0 99.00 
2025 01 24 22 10 310  2.2  3.8  0.79 10.00  5.22 101 1023.3   1.7   6.6  -4.7 99.0 99.00 
2025 01 24 22 20 312  1.9  3.2 99.00 99.00 99.00 999 1023.4   1.7   6.6  -4.7 99.0 99.00 
2025 01 24 22 30 294  1.4  3.5 99.00 99.00 99.00 999 1023.5   1.8   6.6  -4.5 99.0 99.00 
2025 01 24 22 40 319  2.0  3.4  0.74 12.12  5.24  88 1023.6   1.8   6.6  -4.6 99.0 99.00 
2025 01 24 22 50 322  1.3  2.6 99.00 99.00 99.00 999 1023.8   1.9   6.6  -4.2 99.0 99.00 
2025 01 24 23 00 294  2.7  4.4 99.00 99.00 99.00 999 1023.9   2.0   6.6  -4.0 99.0 99.00 
2025 01 24 23 10 317  2.7  4.0  0.75 11.43  5.08  88 1024.1   2.0   6.6  -4.1 99.0 99.00 
2025 01 24 23 20 301  1.8  3.3 99.00 99.00 99.00 999 1024.5   2.0   6.6  -4.0 99.0 99.00 
2025 01 24 23 30 307  1.4  3.2 99.00 99.00 99.00 999 1024.4   2.0   6.6  -4.0 99.0 99.00 
2025 01 24 23 40 267  2.1  3.0  0.70 12.12  5.17 121 1024.8   2.2   6.6  -3.7 99.0 99.00 
2025 01 24 23 50 271  2.8  4.4 99.00 99.00 99.00 999 1024.7   2.2   6.6  -3.8 99.0 99.00 
2025 01 25 00 00 265  3.1  4.5 99.00 99.00 99.00 999 1024.7   2.1   6.6  -3.9 99.0 99.00 
2025 01 25 00 10 236  2.8  4.4  0.65 10.00  4.81 102 1024.8   2.1   6.6  -3.6 99.0 99.00 
2025 01 25 00 20 252  2.8  4.2 99.00 99.00 99.00 999 1024.8   2.0   6.6  -3.8 99.0 99.00 
2025 01 25 00 30 251  2.3  4.2 99.00 99.00 99.00 999 1024.9   2.0   6.6  -3.8 99.0 99.00 
2025 01 25 00 40 246  2.5  4.4  0.69 12.12  5.40  96 1025.0   1.9   6.6  -3.9 99.0 99.00 
2025 01 25 00 50 241  2.5  3.9 99.00 99.00 99.00 999 1025.1   2.0   6.6  -3.6 99.0 99.00 
2025 01 25 01 00 236  2.2  3.4 99.00 99.00 99.00 999 1025.1   1.9   6.6  -3.9 99.0 99.00 
2025 01 25 01 10 246  2.4  3.9  0.64 11.43  5.13  94 1025.3   1.8   6.6  -4.0 99.0 99.00 
2025 01 25 01 20 256  2.8  4.3 99.00 99.00 99.00 999 1025.4   1.9   6.6  -3.6 99.0 99.00 
2025 01 25 01 30 259  2.7  3.9 99.00 99.00 99.00 999 1025.3   1.9   6.6  -3.7 99.0 99.00 
2025 01 25 01 40 255  2.7  5.4  0.62 11.43  5.17  86 1025.2   1.9   6.6  -3.9 99.0 99.00 
2025 01 25 01 50 270  2.8  4.9 99.00 99.00 99.00 999 1025.2   1.9   6.6  -4.0 99.0 99.00 
2025 01 25 02 00 264  1.7  3.7 99.00 99.00 99.00 999 1025.2   1.9   6.6  -3.9 99.0 99.00 
2025 01 25 02 10 298  3.0  4.8  0.63 10.00  4.87 107 1025.3   1.9   6.6  -4.0 99.0 99.00 
2025 01 25 02 20 301  2.6  3.9 99.00 99.00 99.00 999 1025.4   1.9   6.6  -4.2 99.0 99.00 
2025 01 25 02 30 310  2.5  4.0 99.00 99.00 99.00 999 1025.5   1.9   6.6  -4.0 99.0 99.00 
2025 01 25 02 40 303  2.7  4.3  0.62  9.09  5.09  92 1025.7   1.8   6.6  -4.2 99.0 99.00 
2025 01 25 02 50 292  2.6  4.3 99.00 99.00 99.00 999 1025.8   1.8   6.6  -4.2 99.0 99.00 
2025 01 25 03 00 301  3.0  4.3 99.00 99.00 99.00 999 1026.1   1.8   6.6  -4.0 99.0 99.00 
2025 01 25 03 10 294  3.1  4.6  0.58 10.00  5.30 101 1026.1   1.8   6.6  -4.1 99.0 99.00 
2025 01 25 03 20 322  3.2  4.7 99.00 99.00 99.00 999 1026.1   1.8   6.6  -4.5 99.0 99.00 
2025 01 25 03 30 318  3.1  4.2 99.00 99.00 99.00 999 1026.1   1.8   6.6  -4.4 99.0 99.00 
2025 01 25 03 40 321  2.9  4.4  0.54 10.81  4.75  72 1026.0   1.8   6.6  -4.5 99.0 99.00 
2025 01 25 03 50 307  2.6  4.6 99.00 99.00 99.00 999 1025.8   1.7   6.6  -4.7 99.0 99.00 
2025 01 25 04 00 318  2.5  3.8 99.00 99.00 99.00 999 1025.8   1.7   6.6  -4.6 99.0 99.00 
2025 01 25 04 10 299  2.4  3.5  0.53 11.43  5.07  74 1025.8   1.7   6.6  -4.7 99.0 99.00 
2025 01 25 04 20 316  3.3  4.6 99.00 99.00 99.00 999 1025.8   1.7   6.6  -4.5 99.0 99.00 
2025 01 25 04 30 330  2.8  4.4 99.00 99.00 99.00 999 1025.8   1.6   6.6  -5.0 99.0 99.00 
2025 01 25 04 40 324  2.8  3.9  0.61 11.43  5.77  75 1025.9   1.7   6.6  -4.8 99.0 99.00 
2025 01 25 04 50 327  3.2  4.6 99.00 99.00 99.00 999 1026.1   1.7   6.6  -5.2 99.0 99.00 
2025 01 25 05 00 341  3.2  4.7 99.00 99.00 99.00 999 1026.1   1.7   6.6  -5.7 99.0 99.00 
2025 01 25 05 10 335  3.7  5.5  0.57 11.43  5.61  89 1026.2   1.7   6.6  -6.2 99.0 99.00 
2025 01 25 05 20 338  4.0  5.6 99.00 99.00 99.00 999 1026.3   1.7   6.6  -4.8 99.0 99.00 
2025 01 25 05 30 348  4.0  5.4 99.00 99.00 99.00 999 1026.3   1.6   6.6  -5.1 99.0 99.00 
2025 01 25 05 40 339  3.2  5.1  0.51  8.33  4.99 117 1026.0   1.6   6.6  -5.6 99.0 99.00 
2025 01 25 05 50 334  3.1  4.4 99.00 99.00 99.00 999 1026.1   1.6   6.5  -5.9 99.0 99.00 
2025 01 25 06 00 336  3.0  5.3 99.00 99.00 99.00 999 1026.1   1.5   6.6  -5.6 99.0 99.00 
2025 01 25 06 10 320  2.4  4.1  0.53 11.43  5.15  85 1026.2   1.5   6.5  -6.0 99.0 99.00 
2025 01 25 06 20 339  3.0  5.0 99.00 99.00 99.00 999 1026.3   1.5   6.5  -5.7 99.0 99.00 
2025 01 25 06 30 345  3.2  4.5 99.00 99.00 99.00 999 1026.5   1.5   6.5  -5.7 99.0 99.00 
2025 01 25 06 40 341  3.7  5.0  0.49 11.43  5.07 123 1026.6   1.5   6.5  -5.7 99.0 99.00 
2025 01 25 06 50 336  4.0  5.9 99.00 99.00 99.00 999 1026.8   1.5   6.5  -5.4 99.0 99.00 
2025 01 25 07 00 333  4.4  6.1 99.00 99.00 99.00 999 1026.8   1.5   6.5  -5.5 99.0 99.00 
2025 01 25 07 10 332  4.5  5.9  0.49 11.43  5.03  98 1026.9   1.5   6.5  -5.5 99.0 99.00 
2025 01 25 07 20 336  4.4  5.9 99.00 99.00 99.00 999 1026.9   1.5   6.5  -5.4 99.0 99.00 
2025 01 25 07 30 336  4.7  6.4 99.00 99.00 99.00 999 1026.8   1.5   6.5  -5.6 99.0 99.00 
2025 01 25 07 40 342  4.9  6.5  0.51 11.43  5.06  85 1027.0   1.5   6.5  -5.7 99.0 99.00 
2025 01 25 07 50 340  4.7  6.3 99.00 99.00 99.00 999 1027.0   1.4   6.5  -5.7 99.0 99.00 
2025 01 25 08 00 342  4.7  6.0 99.00 99.00 99.00 999 1027.0   1.5   6.5  -5.4 99.0 99.00 
2025 01 25 08 10 343  4.6  6.9  0.51 11.43  4.58 115 1027.1   1.4   6.5  -5.5 99.0 99.00 
2025 01 25 08 20 347  4.7  6.3 99.00 99.00 99.00 999 1027.1   1.3   6.5  -5.6 99.0 99.00 
2025 01 25 08 30 350  4.6  6.6 99.00 99.00 99.00 999 1026.9   1.2   6.5  -5.4 99.0 99.00 
2025 01 25 08 40 344  4.5  5.8  0.50 10.81  4.79  91 1026.9   1.1   6.5  -6.1 99.0 99.00 
2025 01 25 08 50 347  4.5  6.3 99.00 99.00 99.00 999 1027.0   1.1   6.5  -5.8 99.0 99.00 
2025 01 25 09 00 346  4.6  6.4 99.00 99.00 99.00 999 1027.2   1.0   6.5  -6.1 99.0 99.00 
2025 01 25 09 10 338  4.7  6.7  0.48 10.81  4.39  82 1027.4   1.0   6.5  -6.0 99.0 99.00 
2025 01 25 09 20 346  4.8  6.5 99.00 99.00 99.00 999 1027.3   1.0   6.5  -6.2 99.0 99.00 
2025 01 25 09 30 345  4.7  6.4 99.00 99.00 99.00 999 1027.3   1.0   6.5  -6.5 99.0 99.00 
2025 01 25 09 40 335  4.9  6.5  0.53 11.43  4.69 111 1027.2   1.0   6.5  -6.5 99.0 99.00 
2025 01 25 09 50 346  5.0  6.5 99.00 99.00 99.00 999 1027.3   0.9   6.5  -6.7 99.0 99.00 
2025 01 25 10 00 339  4.9  6.3 99.00 99.00 99.00 999 1027.4   1.0   6.5  -6.7 99.0 99.00 
2025 01 25 10 10 333  5.1  7.0  0.54 10.81  4.38 117 1027.7   1.0   6.5  -6.6 99.0 99.00 
2025 01 25 10 20 335  5.4  7.3 99.00 99.00 99.00 999 1027.7   1.0   6.5  -6.2 99.0 99.00 
2025 01 25 10 30 334  5.3  7.1 99.00 99.00 99.00 999 1028.0   1.0   6.5  -6.1 99.0 99.00 
2025 01 25 10 40 326  5.7  7.1  0.52 10.81  4.02  73 1028.2   0.9   6.5  -6.1 99.0 99.00 
2025 01 25 10 50 331  5.3  7.9 99.00 99.00 99.00 999 1028.4   0.8   6.5  -6.1 99.0 99.00 
2025 01 25 11 00 331  5.5  7.1 99.00 99.00 99.00 999 1028.6   0.8   6.5  -5.8 99.0 99.00 
2025 01 25 11 10 336  5.5  7.0  0.52 10.81  4.06 139 1028.6   0.7   6.5  -5.4 99.0 99.00 
2025 01 25 11 20 332  5.6  8.0 99.00 99.00 99.00 999 1028.8   0.7   6.5  -5.5 99.0 99.00 
2025 01 25 11 30 338  5.7  7.6 99.00 99.00 99.00 999 1029.0   0.7   6.5  -3.9 99.0 99.00 
2025 01 25 11 40 336  5.6  7.2  0.58  9.09  3.62 125 1029.1   0.5   6.5  -3.7 99.0 99.00 
2025 01 25 11 50 339  5.7  7.5 99.00 99.00 99.00 999 1029.3   0.3   6.5  -4.6 99.0 99.00 
2025 01 25 12 00 339  6.0  7.6 99.00 99.00 99.00 999 1029.4   0.3   6.5  -4.9 99.0 99.00 
2025 01 25 12 10 343  5.9  7.4  0.59  9.09  3.66 130 1029.4   0.1   6.5  -5.3 99.0 99.00 
2025 01 25 12 20 342  5.6  7.2 99.00 99.00 99.00 999 1029.7   0.0   6.5  -5.5 99.0 99.00 
2025 01 25 12 30 342  5.2  7.1 99.00 99.00 99.00 999 1029.7   0.0   6.5  -5.5 99.0 99.00 
2025 01 25 12 40 341  4.9  6.6  0.64  9.09  3.68 133 1029.7  -0.1   6.5  -5.9 99.0 99.00 
2025 01 25 12 50 343  4.9  6.3 99.00 99.00 99.00 999 1029.7  -0.1   6.5  -5.9 99.0 99.00 
2025 01 25 13 00 340  4.4  6.0 99.00 99.00 99.00 999 1029.8   0.0   6.5  -5.9 99.0 99.00 
2025 01 25 13 10 340  4.1  5.8  0.62 10.81  3.79 132 1030.0  -0.1   6.5  -6.0 99.0 99.00 
2025 01 25 13 20 335  4.1  5.5 99.00 99.00 99.00 999 1030.1   0.0   6.5  -6.3 99.0 99.00 
2025 01 25 13 30 333  4.2  6.1 99.00 99.00 99.00 999 1030.1   0.1   6.5  -6.3 99.0 99.00 
2025 01 25 13 40 331  4.3  6.4  0.63 10.00  3.71 110 1030.2   0.1   6.5  -6.6 99.0 99.00 
2025 01 25 13 50 330  4.4  6.3 99.00 99.00 99.00 999 1030.4   0.1   6.5  -6.6 99.0 99.00 
2025 01 25 14 00 316  4.5  6.3 99.00 99.00 99.00 999 1030.5   0.1   6.5  -7.3 99.0 99.00 
2025 01 25 14 10 316  5.0  6.9  0.59  3.23  3.65 355 1030.7   0.2   6.5  -6.9 99.0 99.00 
2025 01 25 14 20 315  5.0  6.6 99.00 99.00 99.00 999 1030.6   0.2   6.5  -6.7 99.0 99.00 
2025 01 25 14 30 322  4.8  6.6 99.00 99.00 99.00 999 1030.8   0.2   6.5  -6.5 99.0 99.00 
2025 01 25 14 40 322  4.7  6.6  0.62 10.00  3.73  91 1030.9   0.1   6.5  -6.8 99.0 99.00 
2025 01 25 14 50 328  4.6  6.1 99.00 99.00 99.00 999 1030.8   0.2   6.5  -6.6 99.0 99.00 
2025 01 25 15 00 326  4.7  6.1 99.00 99.00 99.00 999 1030.9   0.2   6.5  -6.8 99.0 99.00 
2025 01 25 15 10 320  4.9  6.3  0.59 10.00  3.87  90 1030.9   0.2   6.5  -7.0 99.0 99.00 
2025 01 25 15 20 315  4.3  5.8 99.00 99.00 99.00 999 1030.9   0.2   6.5  -6.9 99.0 99.00 
2025 01 25 15 30 328  3.9  5.4 99.00 99.00 99.00 999 1030.8   0.3   6.5  -6.5 99.0 99.00 
2025 01 25 15 40 334  3.7  5.0  0.58  9.09  3.92 122 1030.5   0.3   6.6  -6.6 99.0 99.00 
2025 01 25 15 50 342  3.4  5.0 99.00 99.00 99.00 999 1030.4   0.3   6.5  -6.5 99.0 99.00 
2025 01 25 16 00 331  2.6  4.6 99.00 99.00 99.00 999 1030.3   0.3   6.6  -7.2 99.0 99.00 
2025 01 25 16 10 322  3.2  4.8  0.53  9.09  3.84 146 1030.4   0.4   6.6  -7.7 99.0 99.00 
2025 01 25 16 20 319  3.4  4.8 99.00 99.00 99.00 999 1030.4   0.4   6.6  -7.6 99.0 99.00 
2025 01 25 16 30 306  3.9  5.8 99.00 99.00 99.00 999 1030.4   0.4   6.6  -7.3 99.0 99.00 
2025 01 25 16 40 289  3.7  5.9  0.53 10.00  4.21 126 1030.4   0.4   6.6  -7.7 99.0 99.00 
2025 01 25 16 50 282  3.3  5.0 99.00 99.00 99.00 999 1030.3   0.6   6.6  -7.1 99.0 99.00 
2025 01 25 17 00 286  3.3  4.9 99.00 99.00 99.00 999 1030.1   0.5   6.6  -7.4 99.0 99.00 
2025 01 25 17 10 290  3.2  4.9  0.49 10.00  4.33 127 1029.7   0.5   6.6  -7.1 99.0 99.00 
2025 01 25 17 20 293  3.6  5.0 99.00 99.00 99.00 999 1029.5   0.5   6.6  -7.2 99.0 99.00 
2025 01 25 17 30 310  3.4  5.2 99.00 99.00 99.00 999 1029.3   0.4   6.6  -7.3 99.0 99.00 
2025 01 25 17 40 305  3.8  5.1  0.48 10.00  4.21  99 1029.5   0.4   6.6  -7.8 99.0 99.00 
2025 01 25 17 50 305  3.4  5.6 99.00 99.00 99.00 999 1029.4   0.5   6.6  -7.7 99.0 99.00 
2025 01 25 18 00 305  3.6  4.8 99.00 99.00 99.00 999 1029.3   0.5   6.6  -7.8 99.0 99.00 
2025 01 25 18 10 293  2.8  4.2  0.46 10.00  4.25 135 1028.9   0.6   6.6  -7.8 99.0 99.00 
2025 01 25 18 20 286  2.1  3.8 99.00 99.00 99.00 999 1028.5   0.8   6.6  -7.7 99.0 99.00 
2025 01 25 18 30 252  2.0  3.1 99.00 99.00 99.00 999 1028.4   1.0   6.6  -7.7 99.0 99.00 
2025 01 25 18 40 252  1.8  2.9  0.46 10.00  4.46 115 1028.5   1.1   6.6  -8.0 99.0 99.00 
2025 01 25 18 50 253  1.7  2.9 99.00 99.00 99.00 999 1028.4   1.2   6.6  -7.4 99.0 99.00 
2025 01 25 19 00 251  1.7  3.3 99.00 99.00 99.00 999 1028.1   1.3   6.6  -7.5 99.0 99.00 
2025 01 25 19 10 231  1.8  3.3  0.42 10.00  4.58 125 1028.1   1.4   6.6  -7.7 99.0 99.00 
2025 01 25 19 20 220  2.1  3.3 99.00 99.00 99.00 999 1028.1   1.5   6.6  -7.2 99.0 99.00 
2025 01 25 19 30 203  3.1  4.5 99.00 99.00 99.00 999 1028.1   1.5   6.6  -6.8 99.0 99.00 
2025 01 25 19 40 197  4.1  5.4  0.39 10.00  5.04 116 1028.1   1.4   6.6  -6.8 99.0 99.00 
2025 01 25 19 50 197  4.8  6.3 99.00 99.00 99.00 999 1028.1   1.4   6.6  -6.2 99.0 99.00 
2025 01 25 20 00 198  5.2  6.5 99.00 99.00 99.00 999 1027.9   1.5   6.6  -5.7 99.0 99.00 
2025 01 25 20 10 194  5.4  6.9  0.39  9.09  5.31 128 1027.8   1.5   6.6  -5.7 99.0 99.00 
2025 01 25 20 20 201  5.4  6.8 99.00 99.00 99.00 999 1027.6   1.7   6.6  -5.1 99.0 99.00 
2025 01 25 20 30 202  6.0  7.7 99.00 99.00 99.00 999 1027.6   2.0   6.6  -4.9 99.0 99.00 
2025 01 25 20 40 198  6.8  8.5  0.40  9.09  4.83 124 1027.6   2.1   6.6  -4.1 99.0 99.00 
2025 01 25 20 50 200  7.0  8.6 99.00 99.00 99.00 999 1027.5   2.2   6.6  -3.9 99.0 99.00 
2025 01 25 21 00 199  7.1  8.9 99.00 99.00 99.00 999 1027.4   2.4   6.6  -3.6 99.0 99.00 
2025 01 25 21 10 196  7.5  9.2  0.45 10.00  3.40 131 1027.2   2.5   6.6  -3.7 99.0 99.00 
2025 01 25 21 20 195  8.3  9.8 99.00 99.00 99.00 999 1027.1   2.4   6.6  -3.5 99.0 99.00 
2025 01 25 21 30 196  8.5 10.0 99.00 99.00 99.00 999 1027.0   2.4   6.6  -3.4 99.0 99.00 
2025 01 25 21 40 194  8.1  9.7  0.57  2.74  3.24 203 1026.9   2.5   6.6  -2.9 99.0 99.00 
2025 01 25 21 50 194  7.8  9.4 99.00 99.00 99.00 999 1026.9   2.6   6.6  -2.8 99.0 99.00 
2025 01 25 22 00 197  8.1  9.8 99.00 99.00 99.00 999 1027.0   2.6   6.6  -2.7 99.0 99.00 
2025 01 25 22 10 198  9.0 11.0  0.61  3.03  3.29 202 1027.0   2.6   6.5  -2.6 99.0 99.00 
2025 01 25 22 20 199  8.8 11.1 99.00 99.00 99.00 999 1027.0   2.7   6.5  -2.3 99.0 99.00 
2025 01 25 22 30 203  9.0 11.1 99.00 99.00 99.00 999 1026.9   2.8   6.5  -2.2 99.0 99.00 
2025 01 25 22 40 206  8.8 10.9  0.75  3.33  3.29 204 1027.1   2.8   6.5  -2.2 99.0 99.00 
2025 01 25 22 50 212  8.8 10.8 99.00 99.00 99.00 999 1027.1   2.8   6.5  -2.1 99.0 99.00 
2025 01 25 23 00 214  9.1 11.2 99.00 99.00 99.00 999 1027.1   2.9   6.5  -1.9 99.0 99.00 
2025 01 25 23 10 216  9.2 11.1  0.84  3.70  3.40 218 1027.4   2.9   6.5  -1.9 99.0 99.00 
2025 01 25 23 20 214  9.2 11.1 99.00 99.00 99.00 999 1027.4   2.9   6.5  -1.7 99.0 99.00 
2025 01 25 23 30 216  9.0 11.0 99.00 99.00 99.00 999 1027.6   3.0   6.5  -1.4 99.0 99.00 
2025 01 25 23 40 219  9.0 11.1  0.84  3.45  3.47 209 1027.6   2.9   6.5  -1.6 99.0 99.00 
2025 01 25 23 50 220  8.8 10.7 99.00 99.00 99.00 999 1027.7   3.0   6.5  -1.3 99.0 99.00 
2025 01 26 00 00 220  8.7 10.5 99.00 99.00 99.00 999 1027.5   3.0   6.5  -1.2 99.0 99.00 
2025 01 26 00 10 217  8.6 10.6  1.05  4.00  3.70 222 1027.4   3.0   6.5  -1.3 99.0 99.00 
2025 01 26 00 20 216  8.5 10.0 99.00 99.00 99.00 999 1027.3   3.1   6.5  -1.1 99.0 99.00 
2025 01 26 00 30 213  8.3 10.4 99.00 99.00 99.00 999 1027.2   3.1   6.5  -1.0 99.0 99.00 
2025 01 26 00 40 211  8.1  9.8  0.97  4.00  3.67 216 1027.3   3.2   6.5  -0.8 99.0 99.00 
2025 01 26 00 50 213  8.0  9.6 99.00 99.00 99.00 999 1027.2   3.2   6.5  -0.9 99.0 99.00 
2025 01 26 01 00 212  7.9  9.5 99.00 99.00 99.00 999 1027.2   3.3   6.5  -0.9 99.0 99.00 
2025 01 26 01 10 214  8.2  9.8  1.02  4.17  3.74 213 1027.3   3.4   6.5  -0.9 99.0 99.00 
2025 01 26 01 20 214  8.2 10.1 99.00 99.00 99.00 999 1027.1   3.5   6.5  -1.0 99.0 99.00 
2025 01 26 01 30 213  8.2  9.6 99.00 99.00 99.00 999 1027.0   3.6   6.5  -0.9 99.0 99.00 
2025 01 26 01 40 211  8.2 10.0  0.97  4.35  3.71 220 1027.0   3.7   6.5  -0.6 99.0 99.00 
2025 01 26 01 50 212  8.4 10.3 99.00 99.00 99.00 999 1026.9   3.8   6.5  -0.5 99.0 99.00 
2025 01 26 02 00 211  8.3  9.9 99.00 99.00 99.00 999 1026.8   3.9   6.5  -0.2 99.0 99.00 
2025 01 26 02 10 211  9.0 10.7  1.04  4.17  3.70 217 1026.8   3.9   6.5  -0.2 99.0 99.00 
2025 01 26 02 20 209  9.3 11.6 99.00 99.00 99.00 999 1026.8   4.0   6.5  -0.2 99.0 99.00 
2025 01 26 02 30 212  9.4 11.5 99.00 99.00 99.00 999 1026.8   4.1   6.5   0.0 99.0 99.00 
2025 01 26 02 40 211  9.3 11.7  1.05  4.55  3.82 215 1026.8   4.1   6.5   0.4 99.0 99.00 
2025 01 26 02 50 209  9.7 12.3 99.00 99.00 99.00 999 1026.8   4.2   6.5   0.7 99.0 99.00 
2025 01 26 03 00 209  9.5 11.7 99.00 99.00 99.00 999 1026.8   4.3   6.5   0.8 99.0 99.00 
2025 01 26 03 10 208  9.2 11.8  1.18  4.55  3.87 208 1026.8   4.4   6.5   1.1 99.0 99.00 
2025 01 26 03 20 207  9.9 12.0 99.00 99.00 99.00 999 1026.6   4.4   6.5   0.9 99.0 99.00 
2025 01 26 03 30 207  9.6 12.0 99.00 99.00 99.00 999 1026.6   4.5   6.5   1.1 99.0 99.00 
2025 01 26 03 40 208  9.5 11.6  1.21  4.55  3.91 212 1026.5   4.7   6.5   1.4 99.0 99.00 
2025 01 26 03 50 207  9.7 12.1 99.00 99.00 99.00 999 1026.5   4.7   6.6   1.3 99.0 99.00 
2025 01 26 04 00 207  9.6 11.7 99.00 99.00 99.00 999 1026.3   4.8   6.6   1.6 99.0 99.00 
2025 01 26 04 10 207  9.7 12.2  1.23  4.76  3.95 205 1026.2   4.9   6.5   1.6 99.0 99.00 
2025 01 26 04 20 208  9.6 12.2 99.00 99.00 99.00 999 1026.0   5.0   6.5   1.6 99.0 99.00 
2025 01 26 04 30 210  9.8 12.5 99.00 99.00 99.00 999 1026.0   5.1   6.5   1.6 99.0 99.00 
2025 01 26 04 40 213 10.2 12.3  1.29  4.76  4.06 203 1025.9   5.1   6.5   1.3 99.0 99.00 
2025 01 26 04 50 214  9.6 11.6 99.00 99.00 99.00 999 1025.8   5.0   6.5   1.5 99.0 99.00 
2025 01 26 05 00 212  9.9 12.0 99.00 99.00 99.00 999 1025.8   5.0   6.5   1.4 99.0 99.00 
2025 01 26 05 10 216  9.9 12.3  1.17  5.00  3.94 204 1025.7   5.0   6.5   1.4 99.0 99.00 
2025 01 26 05 20 218  9.6 12.5 99.00 99.00 99.00 999 1025.5   5.0   6.5   1.5 99.0 99.00 
2025 01 26 05 30 219 10.0 12.1 99.00 99.00 99.00 999 1025.5   5.0   6.5   1.2 99.0 99.00 
2025 01 26 05 40 217  9.9 12.3  1.30  4.76  4.09 205 1025.4   5.0   6.5   1.2 99.0 99.00 
2025 01 26 05 50 217  9.7 12.1 99.00 99.00 99.00 999 1025.2   4.9   6.5   1.2 99.0 99.00 
2025 01 26 06 00 217  9.8 11.6 99.00 99.00 99.00 999 1025.0   4.9   6.5   1.2 99.0 99.00 
2025 01 26 06 10 216 10.0 12.0  1.42  5.00  4.17 199 1024.6   5.0   6.5   1.2 99.0 99.00 
2025 01 26 06 20 215 10.1 12.3 99.00 99.00 99.00 999 1024.5   5.0   6.5   1.2 99.0 99.00 
2025 01 26 06 30 217 10.0 12.3 99.00 99.00 99.00 999 1024.4   5.0   6.5   1.2 99.0 99.00 
2025 01 26 06 40 216 10.1 12.1  1.31  5.00  4.09 200 1024.3   5.0   6.5   1.2 99.0 99.00 
2025 01 26 06 50 217  9.7 12.4 99.00 99.00 99.00 999 1024.3   5.0   6.5   1.4 99.0 99.00 
2025 01 26 07 00 217 10.0 12.4 99.00 99.00 99.00 999 1024.2   4.9   6.5   1.2 99.0 99.00 
2025 01 26 07 10 217 10.1 12.2  1.38  5.56  4.20 197 1024.2   4.9   6.5   1.2 99.0 99.00 
2025 01 26 07 20 217 10.0 11.9 99.00 99.00 99.00 999 1024.1   4.9   6.5   1.3 99.0 99.00 
2025 01 26 07 30 219 10.1 12.3 99.00 99.00 99.00 999 1023.9   4.9   6.5   1.3 99.0 99.00 
2025 01 26 07 40 221  9.9 11.8  1.36  4.76  4.21 196 1023.9   4.8   6.5   1.3 99.0 99.00 
2025 01 26 07 50 221  9.7 12.1 99.00 99.00 99.00 999 1023.8   4.8   6.5   1.4 99.0 99.00 
2025 01 26 08 00 220  9.9 12.1 99.00 99.00 99.00 999 1023.6   4.7   6.5   1.3 99.0 99.00 
2025 01 26 08 10 219  9.8 12.2  1.39  5.26  4.14 198 1023.3   4.7   6.5   1.3 99.0 99.00 
2025 01 26 08 20 220  9.5 11.8 99.00 99.00 99.00 999 1023.1   4.7   6.6   1.4 99.0 99.00 
2025 01 26 08 30 220  9.9 12.0 99.00 99.00 99.00 999 1023.0   4.7   6.6   1.2 99.0 99.00 
2025 01 26 08 40 218  9.7 11.6  1.34  5.26  4.26 195 1022.9   4.7   6.6   1.3 99.0 99.00 
2025 01 26 08 50 220  9.6 11.3 99.00 99.00 99.00 999 1022.7   4.6   6.6   1.1 99.0 99.00 
2025 01 26 09 00 220  9.2 11.3 99.00 99.00 99.00 999 1022.7   4.7   6.6   1.2 99.0 99.00 
2025 01 26 09 10 221  9.0 11.6  1.35  5.56  4.27 188 1022.7   4.7   6.6   1.2 99.0 99.00 
2025 01 26 09 20 225  9.2 11.0 99.00 99.00 99.00 999 1022.8   4.6   6.6   1.1 99.0 99.00 
2025 01 26 09 30 228  8.7 10.5 99.00 99.00 99.00 999 1022.8   4.6   6.6   1.2 99.0 99.00 
2025 01 26 09 40 230  8.7 10.2  1.41  5.56  4.37 190 1022.8   4.5   6.6   1.0 99.0 99.00 
2025 01 26 09 50 231  8.5 10.0 99.00 99.00 99.00 999 1023.0   4.5   6.6   1.0 99.0 99.00 
2025 01 26 10 00 234  8.5 10.2 99.00 99.00 99.00 999 1022.9   4.4   6.6   0.7 99.0 99.00 
2025 01 26 10 10 237  8.1  9.9  1.37  5.26  4.33 194 1022.9   4.4   6.6   0.7 99.0 99.00 
2025 01 26 10 20 237  7.8  9.6 99.00 99.00 99.00 999 1022.9   4.4   6.6   0.6 99.0 99.00 
2025 01 26 10 30 242  7.4  8.9 99.00 99.00 99.00 999 1022.9   4.3   6.6   0.5 99.0 99.00 
2025 01 26 10 40 242  7.4  9.4  1.21  5.88  4.23 188 1022.9   4.3   6.6   0.3 99.0 99.00 
2025 01 26 10 50 246  7.4  8.9 99.00 99.00 99.00 999 1023.0   4.2   6.6   0.3 99.0 99.00 
2025 01 26 11 00 250  7.0  8.4 99.00 99.00 99.00 999 1023.0   4.2   6.6   0.2 99.0 99.00 
2025 01 26 11 10 252  7.0  8.7  1.24  5.88  4.19 183 1023.0   4.2   6.6  -0.1 99.0 99.00 
2025 01 26 11 20 250  7.8  9.4 99.00 99.00 99.00 999 1023.0   4.2   5.7  -0.4 99.0 99.00 
2025 01 26 11 30 249  7.9  9.8 99.00 99.00 99.00 999 1023.0   4.1   5.4  -0.7 99.0 99.00 
2025 01 26 11 40 249  7.7  9.6  1.37  6.25  4.46 175 1023.1   4.1   5.3  -0.7 99.0 99.00 
2025 01 26 11 50 251  7.0  8.6 99.00 99.00 99.00 999 1023.2   4.0   5.2  -0.4 99.0 99.00 
2025 01 26 12 00 248  7.1  8.5 99.00 99.00 99.00 999 1023.2   3.9   5.0  -0.5 99.0 99.00 
2025 01 26 12 10 247  7.4  8.7  1.18  5.88  4.27 175 1023.1   3.9   4.9  -0.6 99.0 99.00 
2025 01 26 12 20 244  7.4  8.9 99.00 99.00 99.00 999 1023.2   3.9   4.8  -0.5 99.0 99.00 
2025 01 26 12 30 243  7.6  9.4 99.00 99.00 99.00 999 1023.3   3.9   4.8  -0.6 99.0 99.00 
2025 01 26 12 40 239  7.4  9.0  1.13  5.56  4.25 190 1023.3   3.8   4.7  -0.5 99.0 99.00 
2025 01 26 12 50 235  7.4  8.9 99.00 99.00 99.00 999 1023.3   3.8   4.6  -0.3 99.0 99.00 
2025 01 26 13 00 240  7.6  9.0 99.00 99.00 99.00 999 1023.2   3.8   4.6  -0.5 99.0 99.00 
2025 01 26 13 10 242  7.4  9.0  1.15  5.56  4.32 191 1023.3   3.8   4.6  -0.5 99.0 99.00 
2025 01 26 13 20 240  7.0  8.4 99.00 99.00 99.00 999 1023.3   3.8   4.7  -0.2 99.0 99.00 
2025 01 26 13 30 240  7.5  8.9 99.00 99.00 99.00 999 1023.3   3.8   4.7  -0.3 99.0 99.00 
2025 01 26 13 40 238  7.8 10.2  1.19  5.88  4.32 189 1023.4   3.8   4.8  -0.4 99.0 99.00 
2025 01 26 13 50 239  7.6  9.2 99.00 99.00 99.00 999 1023.5   3.8   4.5  -0.4 99.0 99.00 
2025 01 26 14 00 242  7.2  8.8 99.00 99.00 99.00 999 1023.6   3.8   4.5  -0.3 99.0 99.00 
2025 01 26 14 10 239  7.2  8.5  1.08  5.88  4.32 176 1023.6   3.8   4.5  -0.3 99.0 99.00 
2025 01 26 14 20 236  7.1  8.5 99.00 99.00 99.00 999 1023.6   3.8   4.6  -0.3 99.0 99.00 
2025 01 26 14 30 237  7.1  8.5 99.00 99.00 99.00 999 1023.6   3.8   4.4  -0.1 99.0 99.00 
2025 01 26 14 40 238  7.0  8.4  1.03  5.88  4.27 183 1023.5   3.9   4.3   0.1 99.0 99.00 
2025 01 26 14 50 237  6.8  8.4 99.00 99.00 99.00 999 1023.6   3.9   4.3   0.3 99.0 99.00 
2025 01 26 15 00 239  6.6  7.8 99.00 99.00 99.00 999 1023.6   3.9   4.3   0.3 99.0 99.00 
2025 01 26 15 10 240  6.6  7.7  1.07  5.56  4.35 184 1023.6   4.0   4.3   0.3 99.0 99.00 
2025 01 26 15 20 243  6.1  7.8 99.00 99.00 99.00 999 1023.6   4.1   4.3   0.4 99.0 99.00 
2025 01 26 15 30 243  6.4  7.5 99.00 99.00 99.00 999 1023.6   4.1   4.3   0.6 99.0 99.00 
2025 01 26 15 40 240  5.9  6.9  0.93  5.88  4.31 178 1023.6   4.1   4.2   0.8 99.0 99.00 
2025 01 26 15 50 242  5.2  6.5 99.00 99.00 99.00 999 1023.4   4.2   4.2   1.1 99.0 99.00 
2025 01 26 16 00 245  5.3  6.2 99.00 99.00 99.00 999 1023.2   4.3   4.2   0.9 99.0 99.00 
2025 01 26 16 10 244  5.1  6.1  0.96  5.88  4.42 186 1023.4   4.5   4.3   0.9 99.0 99.00 
2025 01 26 16 20 240  4.9  5.9 99.00 99.00 99.00 999 1023.4   4.6   4.3   1.1 99.0 99.00 
2025 01 26 16 30 243  5.5  6.7 99.00 99.00 99.00 999 1023.2   4.7   4.3   0.4 99.0 99.00 
2025 01 26 16 40 244  5.1  6.4  0.96  5.56  4.43 184 1023.1   4.8   4.3   0.5 99.0 99.00 
2025 01 26 16 50 242  5.1  6.1 99.00 99.00 99.00 999 1023.0   4.9   3.9   0.6 99.0 99.00 
2025 01 26 17 00 249  5.1  6.0 99.00 99.00 99.00 999 1022.8   5.0   3.8   0.6 99.0 99.00 
2025 01 26 17 10 252  5.1  6.2  0.93  5.88  4.53 182 1022.7   4.9 999.0   0.6 99.0 99.00 
2025 01 26 17 20 256  4.8  5.8 99.00 99.00 99.00 999 1022.4   4.8   3.8   0.7 99.0 99.00 
2025 01 26 17 30 256  5.1  5.8 99.00 99.00 99.00 999 1022.4   4.9   3.8   0.7 99.0 99.00 
2025 01 26 17 40 257  4.8  5.6  0.93  6.25  4.56 174 1022.2   5.1   3.8   0.7 99.0 99.00 
2025 01 26 17 50 261  4.5  5.3 99.00 99.00 99.00 999 1022.0   5.2   3.8   0.6 99.0 99.00 
2025 01 26 18 00 265  4.2  4.9 99.00 99.00 99.00 999 1022.1   5.3   3.8   0.6 99.0 99.00 
2025 01 26 18 10 263  3.6  4.5  0.95  5.88  4.68 181 1022.1   5.3   3.8   0.9 99.0 99.00 
2025 01 26 18 20 261  3.2  3.7 99.00 99.00 99.00 999 1022.2   5.2   3.8   1.0 99.0 99.00 
2025 01 26 18 30 259  3.0  3.4 99.00 99.00 99.00 999 1022.3   5.2   3.8   1.2 99.0 99.00 
2025 01 26 18 40 274  2.6  3.2  0.91  5.56  4.61 182 1022.3   5.2   3.8   1.4 99.0 99.00 
2025 01 26 18 50 298  2.2  2.9 99.00 99.00 99.00 999 1022.2   5.1   3.9   1.7 99.0 99.00 
2025 01 26 19 00 291  2.1  2.8 99.00 99.00 99.00 999 1022.1   5.0   3.8   1.6 99.0 99.00 
2025 01 26 19 10 290  2.0  2.5  0.89  5.88  4.58 182 1022.1   5.1   3.8   1.5 99.0 99.00 
2025 01 26 19 20 297  2.1  2.8 99.00 99.00 99.00 999 1021.9   5.1   3.9   1.5 99.0 99.00 
2025 01 26 19 30 277  1.5  2.1 99.00 99.00 99.00 999 1021.9   5.2   3.9   1.6 99.0 99.00 
2025 01 26 19 40 280  1.7  2.4  0.85  6.25  4.57 178 1021.9   5.3 999.0   1.5 99.0 99.00 
2025 01 26 19 50 277  1.8  2.3 99.00 99.00 99.00 999 1021.8   5.4   4.0   1.4 99.0 99.00 
2025 01 26 20 00 303  2.0  3.0 99.00 99.00 99.00 999 1021.9   5.5   4.0   1.1 99.0 99.00 
2025 01 26 20 10 309  1.8  3.0  0.92  6.25  4.65 179 1021.9   5.6   4.0   1.0 99.0 99.00 
2025 01 26 20 20 315  2.3  3.7 99.00 99.00 99.00 999 1022.1   5.6   4.0   0.8 99.0 99.00 
2025 01 26 20 30 316  2.7  3.8 99.00 99.00 99.00 999 1022.0   5.5   4.0   1.1 99.0 99.00 
2025 01 26 20 40 311  2.2  3.4  0.94  5.88  4.76 181 1022.0   5.5   4.1   1.4 99.0 99.00 
2025 01 26 20 50 314  2.8  4.0 99.00 99.00 99.00 999 1022.0   5.3   4.1   1.6 99.0 99.00 
2025 01 26 21 00 314  2.9  4.1 99.00 99.00 99.00 999 1022.0   5.2   4.1   1.3 99.0 99.00 
2025 01 26 21 10 316  3.6  4.9  0.93  5.88  4.78 179 1022.0   5.2   4.2   1.3 99.0 99.00 
2025 01 26 21 20 320  3.5  5.1 99.00 99.00 99.00 999 1022.1   5.2   4.2   1.2 99.0 99.00 
2025 01 26 21 30 321  3.5  4.6 99.00 99.00 99.00 999 1022.2   5.2   4.3   1.3 99.0 99.00 
2025 01 26 21 40 319  3.0  4.4  0.87  6.25  4.71 174 1022.3   5.2   4.7   1.4 99.0 99.00 
2025 01 26 21 50 324  2.5  3.2 99.00 99.00 99.00 999 1022.2   5.2   4.9   1.5 99.0 99.00 
2025 01 26 22 00 315  2.4  3.3 99.00 99.00 99.00 999 1022.4   5.2   4.9   1.5 99.0 99.00 
2025 01 26 22 10 311  1.9  2.8  0.87  5.88  4.79 179 1022.4   5.0   4.9   1.5 99.0 99.00 
2025 01 26 22 20 314  1.4  2.0 99.00 99.00 99.00 999 1022.5   4.9   4.9   1.5 99.0 99.00 
2025 01 26 22 30 326  0.9  1.7 99.00 99.00 99.00 999 1022.4   4.9   4.9   1.5 99.0 99.00 
2025 01 26 22 40 327  1.5  3.4  0.77  5.88  4.38 184 1022.5   5.0   4.9   1.2 99.0 99.00 
2025 01 26 22 50 336  2.3  3.2 99.00 99.00 99.00 999 1022.7   5.0   4.9   1.7 99.0 99.00 
2025 01 26 23 00 324  2.0  3.0 99.00 99.00 99.00 999 1022.7   4.9   4.8   1.5 99.0 99.00 
2025 01 26 23 10 333  2.5  3.3  0.80  5.56  4.48 189 1022.8   5.0   4.8   1.5 99.0 99.00 
2025 01 26 23 20 333  2.0  2.8 99.00 99.00 99.00 999 1022.8   5.0   4.8   1.5 99.0 99.00 
2025 01 26 23 30 329  2.1  2.8 99.00 99.00 99.00 999 1022.8   5.0   4.7   1.4 99.0 99.00 
2025 01 26 23 40 319  1.9  2.5  0.74  5.56  4.42 196 1022.7   5.1   4.7   1.3 99.0 99.00 
2025 01 26 23 50 312  1.4  2.0 99.00 99.00 99.00 999 1022.7   5.1   4.6   1.4 99.0 99.00 
2025 01 27 00 00 298  1.5  2.2 99.00 99.00 99.00 999 1022.8   5.1   4.5   0.9 99.0 99.00 
2025 01 27 00 10 302  1.5  2.2  0.77  5.56  4.38 178 1022.9   5.1   4.5   0.8 99.0 99.00 
2025 01 27 00 20 252  1.1  1.5 99.00 99.00 99.00 999 1022.8   5.1   4.5   1.3 99.0 99.00 
2025 01 27 00 30 240  1.5  2.5 99.00 99.00 99.00 999 1023.0   4.8   4.5   1.5 99.0 99.00 
2025 01 27 00 40 231  1.9  2.4  0.74  5.00  4.50 190 1022.9   5.0   4.5   1.4 99.0 99.00 
2025 01 27 00 50 201  1.6  2.2 99.00 99.00 99.00 999 1022.9   4.8   4.5   1.9 99.0 99.00 
2025 01 27 01 00 191  1.2  1.7 99.00 99.00 99.00 999 1023.0   4.6   4.5   1.7 99.0 99.00 
2025 01 27 01 10 206  1.6  1.9  0.69  5.00  4.50 189 1023.0   4.6   4.4   1.1 99.0 99.00 
2025 01 27 01 20 197  1.4  1.8 99.00 99.00 99.00 999 1022.9   4.7   4.4   1.0 99.0 99.00 
2025 01 27 01 30 191  1.4  1.8 99.00 99.00 99.00 999 1022.8   4.7   4.4   0.7 99.0 99.00 
2025 01 27 01 40 183  1.5  1.9  0.67  5.26  4.54 195 1022.7   4.8   4.3  -0.3 99.0 99.00 
2025 01 27 01 50 174  1.9  2.3 99.00 99.00 99.00 999 1022.7   4.9   4.3   0.6 99.0 99.00 
2025 01 27 02 00 173  1.8  2.2 99.00 99.00 99.00 999 1022.6   4.7   4.3   1.1 99.0 99.00 
2025 01 27 02 10 178  1.7  2.0  0.65  5.88  4.65 166 1022.5   4.7   4.3   1.0 99.0 99.00 
2025 01 27 02 20 178  1.6  2.2 99.00 99.00 99.00 999 1022.3   4.7   4.3   0.7 99.0 99.00 
2025 01 27 02 30 164  2.1  2.5 99.00 99.00 99.00 999 1022.1   4.7   4.3   1.1 99.0 99.00 
2025 01 27 02 40 161  2.1  2.6  0.72  5.56  4.93 178 1022.1   4.7   4.3   1.6 99.0 99.00 
2025 01 27 02 50 160  2.0  2.4 99.00 99.00 99.00 999 1022.1   4.7   4.3   1.5 99.0 99.00 
2025 01 27 03 00 164  2.1  2.9 99.00 99.00 99.00 999 1022.1   4.8   4.3   1.8 99.0 99.00 
2025 01 27 03 10 182  2.8  3.8  0.66  6.67  4.88 159 1022.2   4.8   4.3   2.1 99.0 99.00 
2025 01 27 03 20 185  3.1  3.8 99.00 99.00 99.00 999 1022.2   4.9   4.2   2.1 99.0 99.00 
2025 01 27 03 30 183  2.9  3.4 99.00 99.00 99.00 999 1022.1   4.9   4.2   2.1 99.0 99.00 
2025 01 27 03 40 182  2.6  3.1  0.65  6.67  4.79 155 1022.1   5.0   4.2   2.2 99.0 99.00 
2025 01 27 03 50 177  2.5  3.1 99.00 99.00 99.00 999 1022.0   5.0   4.2   2.4 99.0 99.00 
2025 01 27 04 00 175  2.6  3.1 99.00 99.00 99.00 999 1022.0   5.1   4.2   2.7 99.0 99.00 
2025 01 27 04 10 173  2.3  2.6  0.59  5.26  4.71 181 1021.9   5.1   4.2   2.9 99.0 99.00 
2025 01 27 04 20 172  2.6  3.0 99.00 99.00 99.00 999 1021.7   5.1   4.2   3.0 99.0 99.00 
2025 01 27 04 30 172  2.1  2.6 99.00 99.00 99.00 999 1021.6   5.1   4.2   3.1 99.0 99.00 
2025 01 27 04 40 169  1.7  2.2  0.62  6.25  4.80 156 1021.3   5.0   4.2   3.4 99.0 99.00 
2025 01 27 04 50 165  1.7  2.0 99.00 99.00 99.00 999 1021.3   4.9   4.2   3.4 99.0 99.00 
2025 01 27 05 00 174  1.9  2.2 99.00 99.00 99.00 999 1021.2   4.8   4.2   3.5 99.0 99.00 
2025 01 27 05 10 175  2.2  2.5  0.62  6.25  4.78 167 1021.2   4.7   4.2   3.5 99.0 99.00 
2025 01 27 05 20 178  2.2  2.6 99.00 99.00 99.00 999 1021.1   4.6   4.2   3.3 99.0 99.00 
2025 01 27 05 30 185  2.1  3.0 99.00 99.00 99.00 999 1021.0   4.6   4.2   3.0 99.0 99.00 
2025 01 27 05 40 194  1.8  2.2  0.57  5.00  4.69 182 1020.8   4.6   4.2   3.0 99.0 99.00 
2025 01 27 05 50 189  1.8  2.1 99.00 99.00 99.00 999 1020.6   4.6   4.2   3.0 99.0 99.00 
2025 01 27 06 00 187  1.9  2.9 99.00 99.00 99.00 999 1020.5   4.6   4.2   3.0 99.0 99.00 
2025 01 27 06 10 190  3.1  4.0  0.60  5.26  4.79 181 1020.3   4.5   4.2   2.9 99.0 99.00 
2025 01 27 06 20 190  3.1  3.9 99.00 99.00 99.00 999 1020.0   4.6   4.2   2.8 99.0 99.00 
2025 01 27 06 30 201  3.0  3.8 99.00 99.00 99.00 999 1020.0   4.6   4.2   2.6 99.0 99.00 
2025 01 27 06 40 205  2.8  3.4  0.56  5.56  4.68 162 1019.8   4.6   4.2   2.8 99.0 99.00 
2025 01 27 06 50 210  2.7  3.4 99.00 99.00 99.00 999 1019.9   4.6   4.2   2.9 99.0 99.00 
2025 01 27 07 00 211  2.9  3.3 99.00 99.00 99.00 999 1019.8   4.6   4.2   2.8 99.0 99.00 
2025 01 27 07 10 212  2.7  3.4  0.54  5.88  4.63 167 1019.8   4.6   4.3   2.8 99.0 99.00 
2025 01 27 07 20 222  2.6  3.2 99.00 99.00 99.00 999 1019.7   4.7   4.3   2.6 99.0 99.00 
2025 01 27 07 30 223  2.5  2.8 99.00 99.00 99.00 999 1019.7   4.8   4.2   2.6 99.0 99.00 
2025 01 27 07 40 208  2.6  3.0  0.56  5.88  4.68 161 1019.7   4.7   4.3   2.7 99.0 99.00 
2025 01 27 07 50 202  2.3  2.7 99.00 99.00 99.00 999 1019.7   4.6   4.2   2.8 99.0 99.00 
2025 01 27 08 00 206  2.3  2.7 99.00 99.00 99.00 999 1019.5   4.6   4.2   2.8 99.0 99.00 
2025 01 27 08 10 215  2.1  2.7  0.52  5.26  4.56 183 1019.3   4.5   4.2   2.8 99.0 99.00 
2025 01 27 08 20 218  2.3  3.4 99.00 99.00 99.00 999 1019.2   4.5   4.3   2.7 99.0 99.00 
2025 01 27 08 30 224  3.7  4.9 99.00 99.00 99.00 999 1019.0   4.5   4.3   2.4 99.0 99.00 
2025 01 27 08 40 236  4.8  6.2  0.54  5.88  4.57 142 1019.1   4.6   4.3   2.2 99.0 99.00 
2025 01 27 08 50 254  5.1  6.6 99.00 99.00 99.00 999 1019.0   4.6   4.3   1.9 99.0 99.00 
2025 01 27 09 00 279  4.2  5.6 99.00 99.00 99.00 999 1018.9   4.2   4.3   2.0 99.0 99.00 
2025 01 27 09 10 271  4.3  5.0  0.51  5.26  4.63 181 1018.7   3.9   4.3   1.5 99.0 99.00 
2025 01 27 09 20 274  4.2  5.0 99.00 99.00 99.00 999 1018.7   3.9   4.4   1.0 99.0 99.00 
2025 01 27 09 30 278  4.1  4.9 99.00 99.00 99.00 999 1018.6   3.8   4.4   0.7 99.0 99.00 
2025 01 27 09 40 289  3.9  4.6  0.51  5.26  4.59 169 1018.6   3.8   4.4   0.4 99.0 99.00 
2025 01 27 09 50 297  4.0  4.8 99.00 99.00 99.00 999 1018.4   3.7   4.4   0.2 99.0 99.00 
2025 01 27 10 00 306  3.8  4.7 99.00 99.00 99.00 999 1018.4   3.6   4.4   0.8 99.0 99.00 
2025 01 27 10 10 312  3.4  4.7  0.54  5.56  4.69 171 1018.3   3.5   4.4   0.5 99.0 99.00 
2025 01 27 10 20 312  3.1  4.0 99.00 99.00 99.00 999 1018.4   3.6   4.4   0.8 99.0 99.00 
2025 01 27 10 30 311  3.1  4.0 99.00 99.00 99.00 999 1018.4   3.8   4.4   1.1 99.0 99.00 
2025 01 27 10 40 295  2.9  3.7  0.52  5.56  4.74 179 1018.4   3.8   4.5   1.0 99.0 99.00 
2025 01 27 10 50 289  2.9  3.6 99.00 99.00 99.00 999 1018.5   3.8   4.5   0.9 99.0 99.00 
2025 01 27 11 00 283  2.9  3.5 99.00 99.00 99.00 999 1018.6   3.8   4.5   0.9 99.0 99.00 
2025 01 27 11 10 280  2.9  3.7  0.46  5.88  4.68 163 1018.8   3.7   4.4   1.0 99.0 99.00 
2025 01 27 11 20 284  3.2  4.0 99.00 99.00 99.00 999 1018.8   3.6   4.4   0.9 99.0 99.00 
2025 01 27 11 30 280  3.3  4.0 99.00 99.00 99.00 999 1018.8   3.5   4.4   0.8 99.0 99.00 
2025 01 27 11 40 276  3.1  3.7  0.47  5.26  4.78 173 1018.9   3.4   4.4   0.8 99.0 99.00 
2025 01 27 11 50 274  2.9  3.6 99.00 99.00 99.00 999 1018.9   3.4   4.4   0.9 99.0 99.00 
2025 01 27 12 00 278  2.9  3.4 99.00 99.00 99.00 999 1018.9   3.3   4.4   0.8 99.0 99.00 
2025 01 27 12 10 292  3.1  3.9  0.50  5.88  4.61 148 1018.8   3.3   4.4   0.8 99.0 99.00 
2025 01 27 12 20 302  3.3  4.1 99.00 99.00 99.00 999 1019.0   3.4   4.4   1.0 99.0 99.00 
2025 01 27 12 30 301  3.3  4.0 99.00 99.00 99.00 999 1019.2   3.4   4.4   1.0 99.0 99.00 
2025 01 27 12 40 303  3.6  4.3  0.48  5.26  4.48 176 1019.3   3.6   4.4   1.1 99.0 99.00 
2025 01 27 12 50 308  3.6  4.5 99.00 99.00 99.00 999 1019.5   3.8   4.4   1.1 99.0 99.00 
2025 01 27 13 00 312  3.5  4.1 99.00 99.00 99.00 999 1019.6   4.0   4.4   1.1 99.0 99.00 
2025 01 27 13 10 312  3.2  3.8  0.48  5.56  4.67 167 1019.7   4.0   4.4   1.2 99.0 99.00 
2025 01 27 13 20 317  3.3  3.8 99.00 99.00 99.00 999 1019.7   4.1   4.6   1.1 99.0 99.00 
2025 01 27 13 30 319  3.2  3.9 99.00 99.00 99.00 999 1019.8   4.3   4.6   1.0 99.0 99.00 
2025 01 27 13 40 319  3.0  4.0  0.45  6.25  5.11 147 1019.9   4.5   4.5   1.1 99.0 99.00 
2025 01 27 13 50 323  3.5  4.5 99.00 99.00 99.00 999 1020.1   4.5   4.5   0.9 99.0 99.00 
2025 01 27 14 00 316  3.2  4.0 99.00 99.00 99.00 999 1020.3   4.5   4.5   1.2 99.0 99.00 
2025 01 27 14 10 303  3.8  4.8  0.41  5.88  4.86 162 1020.5   4.5   4.5   1.0 99.0 99.00 
2025 01 27 14 20 300  4.0  5.4 99.00 99.00 99.00 999 1020.6   4.5   4.5   0.5 99.0 99.00 
2025 01 27 14 30 293  3.9  4.6 99.00 99.00 99.00 999 1020.7   4.8   4.5   0.2 99.0 99.00 
2025 01 27 14 40 297  4.3  5.3  0.43  5.88  4.85 161 1020.7   4.9   4.5  -0.1 99.0 99.00 
2025 01 27 14 50 298  4.5  5.4 99.00 99.00 99.00 999 1020.6   4.9   4.5  -0.7 99.0 99.00 
2025 01 27 15 00 299  4.9  6.1 99.00 99.00 99.00 999 1020.5   5.0   4.5  -1.3 99.0 99.00 
2025 01 27 15 10 296  4.9  5.8  0.44  5.26  4.77 167 1020.5   4.9   4.5  -1.7 99.0 99.00 
2025 01 27 15 20 294  4.5  5.4 99.00 99.00 99.00 999 1020.4   4.9   4.5  -1.7 99.0 99.00 
2025 01 27 15 30 295  4.3  5.4 99.00 99.00 99.00 999 1020.4   4.8   4.5  -1.5 99.0 99.00 
2025 01 27 15 40 293  3.8  4.8  0.43  5.88  4.60 163 1020.5   4.8   4.4  -1.5 99.0 99.00 
2025 01 27 15 50 299  3.6  4.5 99.00 99.00 99.00 999 1020.3   4.8   4.4  -1.4 99.0 99.00 
2025 01 27 16 00 294  3.1  3.9 99.00 99.00 99.00 999 1020.2   4.9   4.4  -1.8 99.0 99.00 
2025 01 27 16 10 290  2.7  3.4  0.42  5.26  4.62 170 1020.0   4.9   4.4  -2.4 99.0 99.00 
2025 01 27 16 20 288  2.7  3.4 99.00 99.00 99.00 999 1019.9   4.9   4.4  -2.6 99.0 99.00 
2025 01 27 16 30 302  3.1  3.7 99.00 99.00 99.00 999 1019.6   4.8   4.4  -2.2 99.0 99.00 
2025 01 27 16 40 307  3.0  3.8  0.43  5.56  4.68 166 1019.3   4.7   4.4  -2.1 99.0 99.00 
2025 01 27 16 50 308  2.4  3.0 99.00 99.00 99.00 999 1019.0   4.7   4.4  -2.9 99.0 99.00 
2025 01 27 17 00 316  2.1  2.8 99.00 99.00 99.00 999 1018.8   4.7   4.4  -3.8 99.0 99.00 
2025 01 27 17 10 310  1.4  2.2  0.44  5.56  4.90 170 1018.5   4.8   4.4  -4.2 99.0 99.00 
2025 01 27 17 20 313  1.6  2.2 99.00 99.00 99.00 999 1018.1   4.9   4.5  -3.9 99.0 99.00 
2025 01 27 17 30 338  1.8  2.4 99.00 99.00 99.00 999 1017.9   4.8   4.5  -4.0 99.0 99.00 
2025 01 27 17 40 339  1.3  1.9  0.43  5.26  4.91 164 1017.5   4.8   4.5  -4.6 99.0 99.00 
2025 01 27 17 50 309  0.4  1.2 99.00 99.00 99.00 999 1017.2   5.0   4.5  -5.4 99.0 99.00 
2025 01 27 18 00 267  0.0  0.2 99.00 99.00 99.00 999 1017.0   6.2   4.5  -5.6 99.0 99.00 
2025 01 27 18 10 182  0.2  0.6  0.39  5.88  4.71 168 1016.7   7.2   4.5  -5.1 99.0 99.00 
2025 01 27 18 20 171  0.3  0.7 99.00 99.00 99.00 999 1016.6   6.6   4.4  -5.0 99.0 99.00 
2025 01 27 18 30 160  1.0  1.4 99.00 99.00 99.00 999 1016.3   5.9   4.4  -5.2 99.0 99.00 
2025 01 27 18 40 156  1.2  1.8  0.41  5.88  4.94 165 1016.1   5.5   4.4  -4.7 99.0 99.00 
2025 01 27 18 50 151  1.7  2.1 99.00 99.00 99.00 999 1015.8   5.1   4.4  -4.0 99.0 99.00 
2025 01 27 19 00 146  1.8  2.4 99.00 99.00 99.00 999 1015.6   5.0   4.5  -3.8 99.0 99.00 
2025 01 27 19 10 151  2.0  2.5  0.41  5.88  4.84 158 1015.4   5.0   4.4  -3.5 99.0 99.00 
2025 01 27 19 20 146  1.9  2.5 99.00 99.00 99.00 999 1015.2   5.0   4.5  -3.0 99.0 99.00 
2025 01 27 19 30 148  2.4  2.9 99.00 99.00 99.00 999 1015.1   5.0   4.7  -3.2 99.0 99.00 
2025 01 27 19 40 152  2.9  3.5  0.39  5.56  4.75 177 1015.0   5.0   4.7  -2.9 99.0 99.00 
2025 01 27 19 50 156  3.2  3.8 99.00 99.00 99.00 999 1014.6   5.0   4.7  -3.0 99.0 99.00 
2025 01 27 20 00 156  3.2  3.8 99.00 99.00 99.00 999 1014.5   5.0   4.7  -2.3 99.0 99.00 
2025 01 27 20 10 157  3.5  4.1  0.40  5.56  4.71 182 1014.4   5.1   4.7  -2.1 99.0 99.00 
2025 01 27 20 20 161  3.6  4.4 99.00 99.00 99.00 999 1014.1   5.1   4.5  -1.9 99.0 99.00 
2025 01 27 20 30 168  4.6  5.6 99.00 99.00 99.00 999 1014.0   5.2   4.6  -1.4 99.0 99.00 
2025 01 27 20 40 168  4.4  5.5  0.40  5.56  4.76 171 1013.7   5.2   4.7  -1.4 99.0 99.00 
2025 01 27 20 50 163  4.0  4.8 99.00 99.00 99.00 999 1013.6   5.3   4.8  -1.5 99.0 99.00 
2025 01 27 21 00 163  4.1  4.8 99.00 99.00 99.00 999 1013.4   5.3   4.8  -1.7 99.0 99.00 
2025 01 27 21 10 169  4.2  5.4  0.43  5.56  4.60 153 1013.4   5.4   4.8  -1.3 99.0 99.00 
2025 01 27 21 20 178  5.3  6.1 99.00 99.00 99.00 999 1013.2   5.4   4.7  -1.2 99.0 99.00 
2025 01 27 21 30 183  5.3  6.4 99.00 99.00 99.00 999 1013.2   5.4   4.6  -1.0 99.0 99.00 
2025 01 27 21 40 182  5.1  6.0  0.43  5.56  4.45 168 1013.1   5.4   4.6  -0.9 99.0 99.00 
2025 01 27 21 50 182  4.8  6.0 99.00 99.00 99.00 999 1013.1   5.4   4.6  -1.1 99.0 99.00 
2025 01 27 22 00 182  4.9  5.9 99.00 99.00 99.00 999 1013.2   5.3   4.7  -1.3 99.0 99.00 
2025 01 27 22 10 183  5.0  5.8  0.44  5.56  4.07 161 1013.0   5.3   4.7  -0.8 99.0 99.00 
2025 01 27 22 20 189  4.5  5.3 99.00 99.00 99.00 999 1012.9   5.2   4.7  -1.0 99.0 99.00 
2025 01 27 22 30 184  5.2  6.0 99.00 99.00 99.00 999 1012.6   5.2   4.7  -1.3 99.0 99.00 
2025 01 27 22 40 185  4.8  6.0  0.45  5.26  3.99 186 1012.7   5.2   4.7  -1.1 99.0 99.00 
2025 01 27 22 50 187  4.9  5.8 99.00 99.00 99.00 999 1012.5   5.3   4.7  -0.4 99.0 99.00 
2025 01 27 23 00 187  4.9  5.6 99.00 99.00 99.00 999 1012.4   5.3   4.7   0.4 99.0 99.00 
2025 01 27 23 10 188  5.0  6.1  0.44  5.26  4.06 171 1012.3   5.3   4.7   0.8 99.0 99.00 
2025 01 27 23 20 188  5.4  6.5 99.00 99.00 99.00 999 1012.1   5.3   4.7   1.1 99.0 99.00 
2025 01 27 23 30 192  6.0  7.0 99.00 99.00 99.00 999 1012.0   5.4   4.8   1.0 99.0 99.00 
2025 01 27 23 40 192  5.5  6.5  0.49  5.00  3.89 170 1011.8   5.4   4.9   1.3 99.0 99.00 
2025 01 27 23 50 191  5.4  6.3 99.00 99.00 99.00 999 1011.7   5.4   5.0   1.7 99.0 99.00 
2025 01 28 00 00 192  5.4  6.6 99.00 99.00 99.00 999 1011.6   5.4   5.1   2.1 99.0 99.00 
2025 01 28 00 10 193  5.5  6.6  0.50  5.56  3.81 175 1011.3   5.4   5.2   2.5 99.0 99.00 
2025 01 28 00 20 194  5.6  6.7 99.00 99.00 99.00 999 1011.1   5.3   5.3   2.8 99.0 99.00 
2025 01 28 00 30 192  5.8  6.9 99.00 99.00 99.00 999 1011.0   5.3   5.3   3.0 99.0 99.00 
2025 01 28 00 40 193  6.0  7.0  0.52  4.76  3.76 172 1010.9   5.3   5.4   3.2 99.0 99.00 
2025 01 28 00 50 193  5.7  6.9 99.00 99.00 99.00 999 1010.8   5.2   5.4   3.1 99.0 99.00 
2025 01 28 01 00 196  4.9  5.9 99.00 99.00 99.00 999 1010.7   5.3   5.4   3.2 99.0 99.00 
2025 01 28 01 10 195  4.6  5.6  0.52  4.35  3.61 179 1010.4   5.3   5.3   3.2 99.0 99.00 
2025 01 28 01 20 194  4.7  5.9 99.00 99.00 99.00 999 1010.2   5.3   5.2   3.2 99.0 99.00 
2025 01 28 01 30 197  4.9  6.0 99.00 99.00 99.00 999 1010.1   5.3   5.2   3.1 99.0 99.00 
2025 01 28 01 40 199  4.9  6.0  0.52  4.76  3.59 170 1010.0   5.4   5.1   3.1 99.0 99.00 
2025 01 28 01 50 196  5.2  6.3 99.00 99.00 99.00 999 1009.9   5.5   5.1   3.0 99.0 99.00 
2025 01 28 02 00 196  4.8  5.9 99.00 99.00 99.00 999 1009.8   5.5   5.1   3.1 99.0 99.00 
2025 01 28 02 10 195  4.8  5.6  0.51  5.26  3.83 163 1009.7   5.5   5.1   3.3 99.0 99.00 
2025 01 28 02 20 195  4.6  5.3 99.00 99.00 99.00 999 1009.5   5.4   5.0   3.4 99.0 99.00 
2025 01 28 02 30 195  4.7  5.7 99.00 99.00 99.00 999 1009.3   5.5   4.8   3.4 99.0 99.00 
2025 01 28 02 40 198  4.5  5.1  0.47  5.56  3.88 153 1009.1   5.5   4.8   3.6 99.0 99.00 
2025 01 28 02 50 203  4.7  5.8 99.00 99.00 99.00 999 1008.8   5.5   4.8   3.7 99.0 99.00 
2025 01 28 03 00 208  4.8  5.8 99.00 99.00 99.00 999 1008.7   5.5   4.8   3.8 99.0 99.00 
2025 01 28 03 10 213  4.8  5.8  0.46  5.88  3.87 141 1008.6   5.5   4.8   4.0 99.0 99.00 
2025 01 28 03 20 217  5.3  6.5 99.00 99.00 99.00 999 1008.5   5.5   4.8   4.2 99.0 99.00 
2025 01 28 03 30 225  6.1  7.4 99.00 99.00 99.00 999 1008.2   5.4   4.8   4.2 99.0 99.00 
2025 01 28 03 40 228  6.7  8.5  0.50  5.88  3.75 149 1008.1   5.3   4.8   4.1 99.0 99.00 
2025 01 28 03 50 232  6.9  9.4 99.00 99.00 99.00 999 1007.9   5.2   4.7   4.0 99.0 99.00 
2025 01 28 04 00 227  7.3  8.7 99.00 99.00 99.00 999 1007.7   5.3   4.7   3.9 99.0 99.00 
2025 01 28 04 10 222  7.0  8.6  0.54  4.76  3.58 163 1007.4   5.1   4.7   3.8 99.0 99.00 
2025 01 28 04 20 221  6.9  8.0 99.00 99.00 99.00 999 1007.4   4.9   4.6   3.7 99.0 99.00 
2025 01 28 04 30 217  7.0  8.0 99.00 99.00 99.00 999 1007.2   4.9   4.6   3.7 99.0 99.00 
2025 01 28 04 40 222  7.0  8.6  0.61  3.57  3.41 166 1007.1   5.0   4.6   3.7 99.0 99.00 
2025 01 28 04 50 222  7.3  8.7 99.00 99.00 99.00 999 1007.0   5.0   4.6   3.6 99.0 99.00 
2025 01 28 05 00 227  7.3  8.6 99.00 99.00 99.00 999 1007.0   5.0   4.6   3.5 99.0 99.00 
2025 01 28 05 10 228  7.2  9.1  0.67  3.45  3.41 172 1006.9   5.1   4.6   3.5 99.0 99.00 
2025 01 28 05 20 226  7.0  8.2 99.00 99.00 99.00 999 1006.7   5.1   4.6   3.4 99.0 99.00 
2025 01 28 05 30 231  7.1  8.6 99.00 99.00 99.00 999 1006.7   5.1   4.5   3.3 99.0 99.00 
2025 01 28 05 40 233  7.3  8.6  0.76  4.00  3.55 164 1006.5   5.1   4.5   3.2 99.0 99.00 
2025 01 28 05 50 234  7.3  8.9 99.00 99.00 99.00 999 1006.4   5.1   4.5   3.1 99.0 99.00 
2025 01 28 06 00 234  7.3  8.7 99.00 99.00 99.00 999 1006.1   5.1   4.5   3.2 99.0 99.00 
2025 01 28 06 10 231  7.5  9.0  0.84  4.17  3.68 171 1005.8   5.2   4.5   3.1 99.0 99.00 
2025 01 28 06 20 236  7.4  8.8 99.00 99.00 99.00 999 1005.7   5.2   4.5   3.1 99.0 99.00 
2025 01 28 06 30 236  7.4  8.7 99.00 99.00 99.00 999 1005.6   5.2   4.5   3.1 99.0 99.00 
2025 01 28 06 40 236  7.2  8.9  0.92  4.55  3.72 164 1005.5   5.2   4.5   3.1 99.0 99.00 
2025 01 28 06 50 234  7.2  8.5 99.00 99.00 99.00 999 1005.5   5.2   4.5   3.1 99.0 99.00 
2025 01 28 07 00 232  7.6  9.2 99.00 99.00 99.00 999 1005.3   5.1   4.5   3.1 99.0 99.00 
2025 01 28 07 10 232  7.4  8.8  1.03  5.88  3.94 147 1005.5   5.1   4.5   3.1 99.0 99.00 
2025 01 28 07 20 231  6.9  8.4 99.00 99.00 99.00 999 1005.2   4.9   4.5   3.0 99.0 99.00 
2025 01 28 07 30 232  7.0  8.6 99.00 99.00 99.00 999 1005.2   4.9   4.5   3.0 99.0 99.00 
2025 01 28 07 40 234  7.2  8.9  1.14  5.56  4.20 158 1005.0   4.9   4.5   3.0 99.0 99.00 
2025 01 28 07 50 236  7.0  8.5 99.00 99.00 99.00 999 1005.0   4.9   4.5   3.1 99.0 99.00 
2025 01 28 08 00 239  6.5  7.9 99.00 99.00 99.00 999 1005.0   4.8   4.5   3.1 99.0 99.00 
2025 01 28 08 10 246  7.1  8.6  1.12  5.56  4.22 168 1005.0   4.8   4.6   2.9 99.0 99.00 
2025 01 28 08 20 248  7.7  9.1 99.00 99.00 99.00 999 1005.0   4.9   4.6   2.9 99.0 99.00 
2025 01 28 08 30 247  8.3 10.3 99.00 99.00 99.00 999 1004.8   4.8   4.7   2.8 99.0 99.00 
2025 01 28 08 40 245  8.1 10.3  1.11  5.56  4.21 168 1004.6   4.9   4.7   2.8 99.0 99.00 
2025 01 28 08 50 248  7.2  8.9 99.00 99.00 99.00 999 1004.6   4.8   4.7   2.8 99.0 99.00 
2025 01 28 09 00 250  7.2  8.7 99.00 99.00 99.00 999 1004.6   4.8   4.8   2.7 99.0 99.00 
2025 01 28 09 10 249  7.3  9.1  1.22  6.25  4.39 170 1004.6   4.8   4.8   2.6 99.0 99.00 
2025 01 28 09 20 249  7.3  8.9 99.00 99.00 99.00 999 1004.4   4.8   4.8   2.6 99.0 99.00 
2025 01 28 09 30 248  7.8  9.7 99.00 99.00 99.00 999 1004.2   4.7   4.9   2.4 99.0 99.00 
2025 01 28 09 40 245  8.1  9.8  1.22  5.56  4.51 171 1004.3   4.8   4.9   2.5 99.0 99.00 
2025 01 28 09 50 245  7.9  9.6 99.00 99.00 99.00 999 1004.4   4.9   4.9   2.4 99.0 99.00 
2025 01 28 10 00 249  8.2  9.5 99.00 99.00 99.00 999 1004.4   4.9   5.0   2.4 99.0 99.00 
2025 01 28 10 10 247  8.3 10.2  1.28  6.25  4.44 166 1004.3   4.8   5.0   2.3 99.0 99.00 
2025 01 28 10 20 247  7.7  9.3 99.00 99.00 99.00 999 1004.4   4.8   5.0   2.4 99.0 99.00 
2025 01 28 10 30 244  8.1 10.0 99.00 99.00 99.00 999 1004.4   4.9   5.0   2.3 99.0 99.00 
2025 01 28 10 40 248  8.2 10.2  1.31  6.25  4.44 172 1004.6   5.0   5.0   2.3 99.0 99.00 
2025 01 28 10 50 250  8.5 10.1 99.00 99.00 99.00 999 1004.6   5.1   5.0   2.4 99.0 99.00 
2025 01 28 11 00 248  8.3 10.1 99.00 99.00 99.00 999 1004.5   5.0   5.1   2.2 99.0 99.00 
2025 01 28 11 10 249  8.1 11.0  1.35  6.25  4.49 169 1004.8   5.0   5.1   2.1 99.0 99.00 
2025 01 28 11 20 249  8.0  9.9 99.00 99.00 99.00 999 1004.9   5.0   5.1   2.1 99.0 99.00 
2025 01 28 11 30 253  8.4 10.1 99.00 99.00 99.00 999 1005.0   5.0   5.1   2.0 99.0 99.00 
2025 01 28 11 40 254  8.2 10.1  1.34  6.67  4.52 156 1005.0   4.9   5.1   1.9 99.0 99.00 
2025 01 28 11 50 254  8.4 10.0 99.00 99.00 99.00 999 1005.1   4.9   5.2   1.8 99.0 99.00 
2025 01 28 12 00 251  8.3 10.0 99.00 99.00 99.00 999 1005.3   4.9   5.2   1.9 99.0 99.00 
2025 01 28 12 10 251  8.5 10.6  1.28  5.88  4.34 171 1005.3   4.9   5.2   1.8 99.0 99.00 
2025 01 28 12 20 253  8.3  9.6 99.00 99.00 99.00 999 1005.6   4.9   5.2   1.8 99.0 99.00 
2025 01 28 12 30 252  8.1  9.5 99.00 99.00 99.00 999 1005.7   4.9   5.2   1.7 99.0 99.00 
2025 01 28 12 40 252  8.0  9.6  1.28  5.88  4.43 171 1005.7   4.9   5.2   1.8 99.0 99.00 
2025 01 28 12 50 254  8.0  9.7 99.00 99.00 99.00 999 1005.8   5.0   5.2   1.9 99.0 99.00 
2025 01 28 13 00 262  7.9  9.7 99.00 99.00 99.00 999 1006.2   4.9   5.2   1.8 99.0 99.00 
2025 01 28 13 10 269  7.7 10.3  1.17  6.25  4.45 163 1006.5   4.9   5.2   1.7 99.0 99.00 
2025 01 28 13 20 265  8.7 10.7 99.00 99.00 99.00 999 1006.5   5.4   5.2   0.9 99.0 99.00 
2025 01 28 13 30 260  7.6  9.7 99.00 99.00 99.00 999 1006.7   5.5   5.1   1.2 99.0 99.00 
2025 01 28 13 40 264  7.0  8.7  1.21  6.25  4.55 162 1007.1   5.2   5.1   1.3 99.0 99.00 
2025 01 28 13 50 274  6.0  7.6 99.00 99.00 99.00 999 1007.2   5.0   5.1   1.5 99.0 99.00 
2025 01 28 14 00 276  6.2  7.9 99.00 99.00 99.00 999 1007.5   4.9   5.1   1.3 99.0 99.00 
2025 01 28 14 10 285  6.5  8.6  1.09  5.88  4.38 170 1007.7   5.0   5.1   1.2 99.0 99.00 
2025 01 28 14 20 288  6.6  8.9 99.00 99.00 99.00 999 1007.9   5.1   5.0   0.7 99.0 99.00 
2025 01 28 14 30 283  5.9  7.1 99.00 99.00 99.00 999 1007.9   5.2   4.9   0.4 99.0 99.00 
2025 01 28 14 40 271  6.1  8.2  1.10  6.67  4.36 155 1007.7   5.3   4.9   0.0 99.0 99.00 
2025 01 28 14 50 260  5.9  7.4 99.00 99.00 99.00 999 1007.7   5.2   4.9   0.2 99.0 99.00 
2025 01 28 15 00 265  5.8  7.0 99.00 99.00 99.00 999 1007.7   5.3   4.9   0.3 99.0 99.00 
2025 01 28 15 10 271  6.7  8.4  1.08  5.56  4.50 178 1007.9   5.5   4.9  -0.1 99.0 99.00 
2025 01 28 15 20 280  7.8 12.2 99.00 99.00 99.00 999 1007.8   5.9   5.0  -0.3 99.0 99.00 
2025 01 28 15 30 288  9.1 12.0 99.00 99.00 99.00 999 1007.9   6.3   5.0  -0.3 99.0 99.00 
2025 01 28 15 40 290  9.2 11.5  1.14  5.88  4.43 172 1008.0   6.3   5.0  -0.1 99.0 99.00 
2025 01 28 15 50 285  9.0 11.3 99.00 99.00 99.00 999 1008.1   6.4   5.0  -0.1 99.0 99.00 
2025 01 28 16 00 278  8.8 11.3 99.00 99.00 99.00 999 1008.0   6.5   5.0  -0.1 99.0 99.00 
2025 01 28 16 10 277  8.9 11.4  1.08  5.56  4.04 165 1007.9   6.5   5.0   0.0 99.0 99.00 
2025 01 28 16 20 282 10.1 12.5 99.00 99.00 99.00 999 1007.9   6.6   4.9  -0.2 99.0 99.00 
2025 01 28 16 30 280 11.2 14.5 99.00 99.00 99.00 999 1007.9   6.8   5.0  -0.5 99.0 99.00 
2025 01 28 16 40 277 10.4 13.6  1.22  3.70  3.80 311 1007.9   6.9   5.0  -0.4 99.0 99.00 
2025 01 28 16 50 280 10.3 13.9 99.00 99.00 99.00 999 1007.7   6.8   5.0  -0.5 99.0 99.00 
2025 01 28 17 00 283 10.5 13.2 99.00 99.00 99.00 999 1007.7   6.8   5.0  -0.5 99.0 99.00 
2025 01 28 17 10 288  9.9 12.6  1.20  4.00  3.89 302 1007.9   6.7   5.0  -0.3 99.0 99.00 
2025 01 28 17 20 291  9.0 11.3 99.00 99.00 99.00 999 1007.9   6.6   5.0   0.0 99.0 99.00 
2025 01 28 17 30 292  8.7 11.1 99.00 99.00 99.00 999 1007.8   6.5   5.0  -0.1 99.0 99.00 
2025 01 28 17 40 290  8.4  9.8  1.23  4.00  3.97 298 1007.7   6.4   5.0   0.2 99.0 99.00 
2025 01 28 17 50 291  8.5 10.2 99.00 99.00 99.00 999 1007.7   6.4   5.0   0.1 99.0 99.00 
2025 01 28 18 00 292  7.6  9.5 99.00 99.00 99.00 999 1007.7   6.3   5.0   0.5 99.0 99.00 
2025 01 28 18 10 289  6.7  8.0  1.19  5.88  4.04 180 1007.7   6.1   5.0   1.0 99.0 99.00 
2025 01 28 18 20 290  6.9  8.4 99.00 99.00 99.00 999 1007.7   6.2   5.0   0.4 99.0 99.00 
2025 01 28 18 30 294  6.4  8.0 99.00 99.00 99.00 999 1007.8   6.3   5.0   0.6 99.0 99.00 
2025 01 28 18 40 291  6.1  7.6  1.11  4.35  4.07 292 1007.7   6.3   5.0   0.7 99.0 99.00 
2025 01 28 18 50 293  6.2  9.2 99.00 99.00 99.00 999 1007.6   6.1   5.0   0.6 99.0 99.00 
2025 01 28 19 00 288  5.9  7.7 99.00 99.00 99.00 999 1007.7   6.2   5.0   0.6 99.0 99.00 
2025 01 28 19 10 289  5.6  7.0  1.07  3.85  4.08 303 1007.5   6.2   5.0   0.6 99.0 99.00 
2025 01 28 19 20 290  4.7  6.5 99.00 99.00 99.00 999 1007.6   6.2   5.0   0.7 99.0 99.00 
2025 01 28 19 30 280  4.1  5.0 99.00 99.00 99.00 999 1007.4   6.3   5.0   1.0 99.0 99.00 
2025 01 28 19 40 285  4.6  5.5  1.03  6.25  4.28 175 1007.3   6.6   5.2   1.0 99.0 99.00 
2025 01 28 19 50 281  4.3  5.2 99.00 99.00 99.00 999 1007.4   6.6   5.4   1.2 99.0 99.00 
2025 01 28 20 00 273  4.0  5.4 99.00 99.00 99.00 999 1007.5   6.5   5.3   1.1 99.0 99.00 
2025 01 28 20 10 262  3.7  5.1  0.89  6.25  4.19 182 1007.4   6.3   5.2   1.5 99.0 99.00 
2025 01 28 20 20 264  4.0  4.9 99.00 99.00 99.00 999 1007.3   6.3   5.2   1.3 99.0 99.00 
2025 01 28 20 30 271  4.0  5.0 99.00 99.00 99.00 999 1007.4   6.5   5.2   1.1 99.0 99.00 
2025 01 28 20 40 261  2.7  4.0  0.90  4.00  4.09 281 1007.4   6.4   5.2   1.6 99.0 99.00 
2025 01 28 20 50 262  2.3  2.9 99.00 99.00 99.00 999 1007.4   6.4   5.2   1.7 99.0 99.00 
2025 01 28 21 00 236  1.9  2.7 99.00 99.00 99.00 999 1007.4   6.4   5.1   1.7 99.0 99.00 
2025 01 28 21 10 190  1.8  2.6  0.81  5.88  4.20 168 1007.4   6.1   5.1   1.7 99.0 99.00 
2025 01 28 21 20 221  1.1  1.8 99.00 99.00 99.00 999 1007.4   6.5   5.1   0.6 99.0 99.00 
2025 01 28 21 30 217  1.4  2.2 99.00 99.00 99.00 999 1007.5   6.6   5.2   0.5 99.0 99.00 
2025 01 28 21 40 226  1.6  2.5  0.81  5.56  4.22 177 1007.6   6.8   5.2   0.4 99.0 99.00 
2025 01 28 21 50 230  1.6  2.6 99.00 99.00 99.00 999 1007.6   6.5   5.2   1.0 99.0 99.00 
2025 01 28 22 00 195  3.2  5.1 99.00 99.00 99.00 999 1007.7   6.1   5.2   1.7 99.0 99.00 
2025 01 28 22 10 213  3.8  5.6  0.77  5.26  4.23 175 1007.6   6.1   5.2   2.0 99.0 99.00 
2025 01 28 22 20 224  4.1  5.4 99.00 99.00 99.00 999 1007.9   6.4   5.2   1.3 99.0 99.00 
2025 01 28 22 30 215  3.5  4.1 99.00 99.00 99.00 999 1007.9   6.4   5.2   1.8 99.0 99.00 
2025 01 28 22 40 202  3.2  4.3  0.72  5.56  4.13 181 1008.0   6.1   5.2   2.3 99.0 99.00 
2025 01 28 22 50 197  3.7  4.5 99.00 99.00 99.00 999 1008.0   5.9   5.3   2.3 99.0 99.00 
2025 01 28 23 00 190  3.2  4.0 99.00 99.00 99.00 999 1008.0   6.0   5.3   2.1 99.0 99.00 
2025 01 28 23 10 183  3.4  5.7  0.67  5.56  4.17 174 1008.1   6.1   5.3   2.0 99.0 99.00 
2025 01 28 23 20 182  5.3  6.4 99.00 99.00 99.00 999 1008.0   6.1   5.4   2.5 99.0 99.00 
2025 01 28 23 30 184  5.1  6.5 99.00 99.00 99.00 999 1008.1   5.9   5.4   2.8 99.0 99.00 
2025 01 28 23 40 190  5.3  6.3  0.65  6.25  4.12 160 1008.0   5.8   5.4   2.9 99.0 99.00 
2025 01 28 23 50 189  5.3  6.5 99.00 99.00 99.00 999 1008.2   5.8   5.4   3.1 99.0 99.00 
2025 01 29 00 00 190  4.9  5.8 99.00 99.00 99.00 999 1008.3   5.7   5.4   3.1 99.0 99.00 
2025 01 29 00 10 191  5.8  7.1  0.66  6.25  4.28 180 1008.4   5.7   5.4   3.1 99.0 99.00 
2025 01 29 00 20 195  6.6  7.9 99.00 99.00 99.00 999 1008.3   5.8   5.4   3.0 99.0 99.00 
2025 01 29 00 30 194  6.7  9.0 99.00 99.00 99.00 999 1008.2   5.9   5.4   3.0 99.0 99.00 
2025 01 29 00 40 194  6.2  7.2  0.70  6.25  4.20 173 1008.2   5.9   5.3   3.0 99.0 99.00 
2025 01 29 00 50 191  6.5  7.8 99.00 99.00 99.00 999 1008.0   6.0   5.3   3.0 99.0 99.00 
2025 01 29 01 00 189  6.1  7.2 99.00 99.00 99.00 999 1008.0   6.0   5.3   3.0 99.0 99.00 
2025 01 29 01 10 188  5.9  6.8  0.62  6.67  3.77 176 1007.8   6.0   5.3   3.0 99.0 99.00 
2025 01 29 01 20 186  5.5  6.6 99.00 99.00 99.00 999 1007.4   6.0   5.2   2.8 99.0 99.00 
2025 01 29 01 30 184  5.5  6.8 99.00 99.00 99.00 999 1007.3   6.1   5.1   2.9 99.0 99.00 
2025 01 29 01 40 182  5.7  6.8  0.59  6.67  3.79 170 1007.0   6.1   5.1   2.9 99.0 99.00 
2025 01 29 01 50 182  5.9  6.8 99.00 99.00 99.00 999 1006.9   6.1   5.0   2.9 99.0 99.00 
2025 01 29 02 00 182  6.2  7.3 99.00 99.00 99.00 999 1006.7   6.2   4.9   3.0 99.0 99.00 
2025 01 29 02 10 185  6.6  8.0  0.60  7.14  3.84 146 1006.7   6.2   4.9   3.1 99.0 99.00 
2025 01 29 02 20 186  7.0  8.2 99.00 99.00 99.00 999 1006.6   6.3   4.8   3.1 99.0 99.00 
2025 01 29 02 30 188  7.6  9.1 99.00 99.00 99.00 999 1006.5   6.3   4.7   3.4 99.0 99.00 
2025 01 29 02 40 191  7.9  9.7  0.64  6.25  3.50 165 1006.5   6.4   4.7   3.4 99.0 99.00 
2025 01 29 02 50 191  8.1 10.4 99.00 99.00 99.00 999 1006.4   6.5   4.6   3.7 99.0 99.00 
2025 01 29 03 00 189  8.3  9.7 99.00 99.00 99.00 999 1006.2   6.5   4.6   3.8 99.0 99.00 
2025 01 29 03 10 188  8.5 10.7  0.70  6.67  3.49 153 1006.2   6.6   4.6   4.0 99.0 99.00 
2025 01 29 03 20 190  8.6 10.1 99.00 99.00 99.00 999 1006.1   6.6   4.7   4.0 99.0 99.00 
2025 01 29 03 30 190  9.0 10.9 99.00 99.00 99.00 999 1006.0   6.6   4.6   4.1 99.0 99.00 
2025 01 29 03 40 192  9.5 11.6 99.00 99.00 99.00 999 1005.6   6.6   4.6   4.2 99.0 99.00 
2025 01 29 03 50 192  9.7 12.0 99.00 99.00 99.00 999 1005.5 999.0   4.6 999.0 99.0 99.00 
2025 01 29 04 00 192 10.5 12.8 99.00 99.00 99.00 999 1005.1   6.7   4.5   4.1 99.0 99.00 
2025 01 29 04 10 195 10.5 13.0 99.00 99.00 99.00 999 1005.0   6.8   4.5   4.1 99.0 99.00 
2025 01 29 04 20 197 10.7 13.1 99.00 99.00 99.00 999 1004.9   6.9   4.4   4.0 99.0 99.00 
2025 01 29 04 30 999 99.0 99.0 99.00 99.00 99.00 999 9999.0 999.0   4.4 999.0 99.0 99.00 
2025 01 29 04 40 200 11.0 13.7 99.00 99.00 99.00 999 1004.4   7.1   4.3   3.9 99.0 99.00 
2025 01 29 04 50 204  9.9 11.9 99.00 99.00 99.00 999 1004.7   7.0   4.3   3.9 99.0 99.00 
2025 01 29 05 00 999 99.0 99.0 99.00 99.00 99.00 999 9999.0 999.0   4.3 999.0 99.0 99.00 
2025 01 29 05 10 207 10.0 12.0 99.00 99.00 99.00 999 1004.4   6.8   4.3   3.9 99.0 99.00 
2025 01 29 05 20 212  9.4 11.3 99.00 99.00 99.00 999 1004.4   6.8   4.3   4.0 99.0 99.00 
2025 01 29 05 30 208  9.9 12.4 99.00 99.00 99.00 999 1004.1   6.8   4.3   4.0 99.0 99.00 
2025 01 29 05 40 211  9.3 11.1 99.00 99.00 99.00 999 1004.1   6.7   4.2   3.8 99.0 99.00 
2025 01 29 05 50 211  9.2 11.5 99.00 99.00 99.00 999 1003.9 999.0   4.2 999.0 99.0 99.00 
2025 01 29 06 00 214  9.5 11.3 99.00 99.00 99.00 999 1003.7   6.4   4.2   3.6 99.0 99.00 
2025 01 29 06 10 215  9.4 11.5 99.00 99.00 99.00 999 1003.6   6.3   4.1   3.4 99.0 99.00 
2025 01 29 06 20 215  9.4 11.6 99.00 99.00 99.00 999 1003.4   6.1   4.1   3.4 99.0 99.00 
2025 01 29 06 30 214  9.2 11.2 99.00 99.00 99.00 999 1003.2 999.0   4.1 999.0 99.0 99.00 
2025 01 29 06 40 207  9.9 11.8 99.00 99.00 99.00 999 1002.6   5.9   4.1   3.3 99.0 99.00 
2025 01 29 06 50 211  9.4 12.0 99.00 99.00 99.00 999 1002.9   5.9   4.1   3.2 99.0 99.00 
2025 01 29 07 00 212  9.2 10.8 99.00 99.00 99.00 999 1002.9   5.9   4.1   3.2 99.0 99.00 
2025 01 29 07 10 216  8.8 10.6  1.38  5.26  4.29 181 1002.9   5.8   4.1   3.1 99.0 99.00 
2025 01 29 07 20 216  8.7 10.5 99.00 99.00 99.00 999 1002.6 999.0   4.1 999.0 99.0 99.00 
2025 01 29 07 30 212  9.1 11.0 99.00 99.00 99.00 999 1002.3   5.9   4.1   3.2 99.0 99.00 
2025 01 29 07 40 217  8.8 10.6 99.00 99.00 99.00 999 1002.4   5.9   4.1   3.0 99.0 99.00 
2025 01 29 07 50 215  9.0 11.2 99.00 99.00 99.00 999 1002.3   5.9   4.1   2.9 99.0 99.00 
2025 01 29 08 00 220  8.7 10.6 99.00 99.00 99.00 999 1002.3 999.0   4.1 999.0 99.0 99.00 
2025 01 29 08 10 218  8.5  9.8  1.43  5.26  4.30 177 1002.3   5.9   4.2   3.0 99.0 99.00 
2025 01 29 08 20 219  8.2  9.7 99.00 99.00 99.00 999 1002.3   5.9   4.2   3.0 99.0 99.00 
2025 01 29 08 30 220  8.5 10.2 99.00 99.00 99.00 999 1002.3   6.0   4.2   2.9 99.0 99.00 
2025 01 29 08 40 220  8.0 10.3  1.54  5.56  4.54 174 1002.2   6.1   4.2   2.9 99.0 99.00 
2025 01 29 08 50 999 99.0 99.0 99.00 99.00 99.00 999 9999.0 999.0   4.3 999.0 99.0 99.00 
2025 01 29 09 00 225  7.9 10.0 99.00 99.00 99.00 999 1002.2   6.1   4.3   2.6 99.0 99.00 
2025 01 29 09 10 229  7.9  9.3 99.00 99.00 99.00 999 1002.3   6.1   4.4   2.6 99.0 99.00 
2025 01 29 09 20 232  8.2  9.6 99.00 99.00 99.00 999 1002.0   5.9   4.4   2.5 99.0 99.00 
2025 01 29 09 30 233  8.3 10.3 99.00 99.00 99.00 999 1001.8   5.9   4.4   2.4 99.0 99.00 
2025 01 29 09 40 236  8.1  9.9 99.00 99.00 99.00 999 1001.9   6.0   4.4   2.3 99.0 99.00 
2025 01 29 09 50 236  8.1 10.2 99.00 99.00 99.00 999 1002.1   6.2   4.5   2.2 99.0 99.00 
2025 01 29 10 00 237  7.9  9.5 99.00 99.00 99.00 999 1002.2 999.0   4.5 999.0 99.0 99.00 
2025 01 29 10 10 231  7.8  9.1 99.00 99.00 99.00 999 1002.2 999.0   4.5 999.0 99.0 99.00 
2025 01 29 10 20 231  7.6  9.1 99.00 99.00 99.00 999 1002.2 999.0   4.5 999.0 99.0 99.00 
2025 01 29 10 30 228  7.5  9.0 99.00 99.00 99.00 999 1002.1 999.0   4.5 999.0 99.0 99.00 
2025 01 29 10 40 227  7.7  9.2 99.00 99.00 99.00 999 1002.0 999.0   4.5 999.0 99.0 99.00 
2025 01 29 10 50 226  8.0  9.4 99.00 99.00 99.00 999 1002.1   6.0   4.5   2.4 99.0 99.00 
2025 01 29 11 00 229  8.0 10.1 99.00 99.00 99.00 999 1001.9   6.1   4.5   2.3 99.0 99.00 
2025 01 29 11 10 231  8.0  9.4 99.00 99.00 99.00 999 1002.1   6.2   4.5   2.1 99.0 99.00 
2025 01 29 11 20 232  7.7  9.1 99.00 99.00 99.00 999 1002.2   6.2   4.5   2.2 99.0 99.00 
2025 01 29 11 30 233  7.4  9.1 99.00 99.00 99.00 999 1002.2   6.1   4.6   2.2 99.0 99.00 
2025 01 29 11 40 233  7.1  8.5 99.00 99.00 99.00 999 1002.3   6.0   4.6   2.2 99.0 99.00 
2025 01 29 11 50 236  6.8  8.2 99.00 99.00 99.00 999 1002.3   6.0   4.6   2.3 99.0 99.00 
2025 01 29 12 00 236  6.8  8.4 99.00 99.00 99.00 999 1002.3   5.9   4.6   2.2 99.0 99.00 
2025 01 29 12 10 235  7.0  8.7 99.00 99.00 99.00 999 1002.2   5.9   4.6   2.1 99.0 99.00 
2025 01 29 12 20 235  6.5  7.7 99.00 99.00 99.00 999 1002.3   5.9   4.6   2.2 99.0 99.00 
2025 01 29 12 30 235  6.6  7.6 99.00 99.00 99.00 999 1002.3   5.9   4.6   2.2 99.0 99.00 
2025 01 29 12 40 232  6.7  8.0  1.22  5.88  4.43 184 1002.2   6.0   4.6   2.3 99.0 99.00 
2025 01 29 12 50 233  6.8  7.9 99.00 99.00 99.00 999 1002.2   6.0   4.6   2.2 99.0 99.00 
2025 01 29 13 00 230  6.6  7.7 99.00 99.00 99.00 999 1002.1   6.1   4.6   2.3 99.0 99.00 
2025 01 29 13 10 227  6.8  8.4  1.12  5.88  4.41 175 1002.0   6.1   4.7   2.2 99.0 99.00 
2025 01 29 13 20 229  6.9  8.1 99.00 99.00 99.00 999 1002.2   6.3   4.7   2.2 99.0 99.00 
2025 01 29 13 30 231  6.6  7.8 99.00 99.00 99.00 999 1002.2   6.3   4.7   2.2 99.0 99.00 
2025 01 29 13 40 229  6.7  8.1  1.12  5.56  4.43 177 1002.3   6.3   4.7   2.2 99.0 99.00 
2025 01 29 13 50 229  6.7  7.7 99.00 99.00 99.00 999 1002.3   6.3   4.7   2.2 99.0 99.00 
2025 01 29 14 00 228  6.2  7.3 99.00 99.00 99.00 999 1002.5   6.2   4.7   2.4 99.0 99.00 
2025 01 29 14 10 230  6.8  8.1  1.15  5.56  4.67 178 1002.5   6.2   4.8   2.3 99.0 99.00 
2025 01 29 14 20 232  6.8  8.0 99.00 99.00 99.00 999 1002.6   6.3   4.8   2.3 99.0 99.00 
2025 01 29 14 30 232  6.4  7.5 99.00 99.00 99.00 999 1002.6   6.2   4.8   2.5 99.0 99.00 
2025 01 29 14 40 228  6.6  8.0  1.16  5.88  4.69 179 1002.6   6.2   4.8   2.7 99.0 99.00 
2025 01 29 14 50 229  6.5  7.5 99.00 99.00 99.00 999 1002.8   6.3   4.8   2.8 99.0 99.00 
2025 01 29 15 00 230  6.3  7.5 99.00 99.00 99.00 999 1002.8   6.3   4.9   2.8 99.0 99.00 
2025 01 29 15 10 231  6.1  7.1  1.13  6.25  4.56 174 1002.9   6.3   4.9   2.9 99.0 99.00 
2025 01 29 15 20 228  6.2  7.2 99.00 99.00 99.00 999 1002.9   6.4   4.8   3.0 99.0 99.00 
2025 01 29 15 30 226  6.5  7.7 99.00 99.00 99.00 999 1002.9   6.5   4.6   3.0 99.0 99.00 
2025 01 29 15 40 227  6.5  7.6  1.05  6.25  4.50 168 1002.9   6.7   4.5   3.1 99.0 99.00 
2025 01 29 15 50 223  6.3  7.4 99.00 99.00 99.00 999 1002.9   6.8   4.5   3.2 99.0 99.00 
2025 01 29 16 00 213  5.7  6.8 99.00 99.00 99.00 999 1002.7   6.7   4.5   3.4 99.0 99.00 
2025 01 29 16 10 214  6.2  7.6  1.04  6.25  4.52 170 1002.5   6.6   4.4   3.4 99.0 99.00 
2025 01 29 16 20 214  5.7  6.8 99.00 99.00 99.00 999 1002.4   6.6   4.4   3.5 99.0 99.00 
2025 01 29 16 30 214  5.8  6.9 99.00 99.00 99.00 999 1002.3   6.5   4.4   3.5 99.0 99.00 
2025 01 29 16 40 209  5.9  7.2  1.08  6.25  4.72 166 1002.0   6.6   4.4   3.6 99.0 99.00 
2025 01 29 16 50 206  5.8  7.2 99.00 99.00 99.00 999 1001.9   6.6   4.4   3.7 99.0 99.00 
2025 01 29 17 00 210  6.1  7.3 99.00 99.00 99.00 999 1001.6   6.8   4.4   3.7 99.0 99.00 
2025 01 29 17 10 212  6.6  7.5  1.03  5.88  4.72 176 1001.4   7.0   4.5   3.5 99.0 99.00 
2025 01 29 17 20 210  5.4  7.0 99.00 99.00 99.00 999 1001.2   7.0   4.5   3.7 99.0 99.00 
2025 01 29 17 30 216  6.0  7.6 99.00 99.00 99.00 999 1000.9   7.2   4.6   3.6 99.0 99.00 
2025 01 29 17 40 218  6.2  7.6  1.10  5.56  4.78 177 1000.9   7.3   4.6   3.6 99.0 99.00 
2025 01 29 17 50 221  6.0  7.4 99.00 99.00 99.00 999 1000.7   7.3   4.5   3.6 99.0 99.00 
2025 01 29 18 00 217  6.5  7.8 99.00 99.00 99.00 999 1000.6   7.3   4.5   3.5 99.0 99.00 
2025 01 29 18 10 219  6.0  7.0  1.15  6.25  4.80 174 1000.7   7.3   4.4   3.7 99.0 99.00 
2025 01 29 18 20 220  6.1  7.9 99.00 99.00 99.00 999 1000.5   7.3   4.4   3.7 99.0 99.00 
2025 01 29 18 30 223  5.8  7.1 99.00 99.00 99.00 999 1000.6   7.4   4.4   3.7 99.0 99.00 
2025 01 29 18 40 224  5.2  6.2  1.17  5.88  4.82 172 1000.8   7.3   4.5   3.8 99.0 99.00 
2025 01 29 18 50 226  5.0  6.5 99.00 99.00 99.00 999 1000.9   7.2   4.5   3.8 99.0 99.00 
2025 01 29 19 00 235  4.4  6.3 99.00 99.00 99.00 999 1000.9   7.5   4.5   3.8 99.0 99.00 
2025 01 29 19 10 234  4.0  5.2  1.24  6.25  4.81 175 1000.9   7.6   4.6   3.8 99.0 99.00 
2025 01 29 19 20 244  3.8  5.2 99.00 99.00 99.00 999 1001.2   7.6   4.6   3.8 99.0 99.00 
2025 01 29 19 30 257  3.8  5.5 99.00 99.00 99.00 999 1001.3   7.8   4.6   3.7 99.0 99.00 
2025 01 29 19 40 261  5.1  6.0  1.18  5.56  4.61 171 1001.4   9.0   4.6   3.1 99.0 99.00 
2025 01 29 19 50 251  4.9  6.8 99.00 99.00 99.00 999 1001.5   9.3   4.7   2.8 99.0 99.00 
2025 01 29 20 00 262  4.3  5.3 99.00 99.00 99.00 999 1001.7   9.0   4.7   3.1 99.0 99.00 
2025 01 29 20 10 277  5.7  7.5  1.33  5.88  4.86 179 1001.8   8.7 999.0   3.1 99.0 99.00 
2025 01 29 20 20 290  5.8  7.3 99.00 99.00 99.00 999 1002.0   9.0   4.7   2.9 99.0 99.00 
2025 01 29 20 30 290  5.3  6.8 99.00 99.00 99.00 999 1002.4   9.2   4.7   2.9 99.0 99.00 
2025 01 29 20 40 290  4.7  6.2  1.18  6.25  4.53 177 1002.6   9.5   4.7   2.6 99.0 99.00 
2025 01 29 20 50 285  4.5  6.2 99.00 99.00 99.00 999 1002.8   9.3   4.8   2.6 99.0 99.00 
2025 01 29 21 00 298  4.3  5.3 99.00 99.00 99.00 999 1003.0   8.5   4.7   3.0 99.0 99.00 
2025 01 29 21 10 311  6.3  8.5  1.24  6.25  4.77 174 1003.1   8.6   4.7   2.9 99.0 99.00 
2025 01 29 21 20 309  7.2  9.1 99.00 99.00 99.00 999 1003.4   9.0   4.7   2.6 99.0 99.00 
2025 01 29 21 30 308  6.0  8.3 99.00 99.00 99.00 999 1003.8   8.6   4.7   2.7 99.0 99.00 
2025 01 29 21 40 311  5.6  8.5  1.25  6.25  4.62 175 1004.1   8.2   4.7   2.8 99.0 99.00 
2025 01 29 21 50 319  6.2  7.7 99.00 99.00 99.00 999 1004.4   8.6   4.7   2.5 99.0 99.00 
2025 01 29 22 00 320  7.3  9.6 99.00 99.00 99.00 999 1004.7   8.4   4.7   2.4 99.0 99.00 
2025 01 29 22 10 324  6.8  8.7  1.27  5.56  4.59 182 1005.0   7.8   4.7   2.6 99.0 99.00 
2025 01 29 22 20 318  6.2  8.2 99.00 99.00 99.00 999 1005.4   7.4   4.7   2.7 99.0 99.00 
2025 01 29 22 30 318  6.4  7.8 99.00 99.00 99.00 999 1005.7   7.4   4.7   2.6 99.0 99.00 
2025 01 29 22 40 326  5.9  7.8  1.24  6.25  4.54 172 1006.1   7.6   4.7   2.6 99.0 99.00 
2025 01 29 22 50 324  5.7  6.9 99.00 99.00 99.00 999 1006.3   7.5   4.7   2.6 99.0 99.00 
2025 01 29 23 00 320  5.6  7.2 99.00 99.00 99.00 999 1006.6   7.6   4.7   2.5 99.0 99.00 
2025 01 29 23 10 322  5.0  6.6  1.21  5.88  4.47 177 1007.0   7.5   4.7   2.6 99.0 99.00 
2025 01 29 23 20 331  3.1  4.4 99.00 99.00 99.00 999 1007.2   6.9   4.7   2.8 99.0 99.00 
2025 01 29 23 30 326  3.7  5.1 99.00 99.00 99.00 999 1007.4   6.8   4.8   2.8 99.0 99.00 
2025 01 29 23 40 321  5.4  8.4  1.07  5.88  4.30 179 1007.6   6.9   4.8   2.5 99.0 99.00 
2025 01 29 23 50 318  5.9  7.5 99.00 99.00 99.00 999 1007.8   7.3   4.8   2.1 99.0 99.00 
2025 01 30 00 00 305  6.7  9.3 99.00 99.00 99.00 999 1007.9   7.8   4.8   1.4 99.0 99.00 
2025 01 30 00 10 299  6.3  8.0  1.05  6.25  4.39 174 1008.1   7.7   4.8   1.4 99.0 99.00 
2025 01 30 00 20 276  5.0  7.1 99.00 99.00 99.00 999 1008.3   7.6   4.8   1.4 99.0 99.00 
2025 01 30 00 30 286  6.4 11.7 99.00 99.00 99.00 999 1008.3   7.4   4.8   1.4 99.0 99.00 
2025 01 30 00 40 321 12.6 16.0  0.99  6.25  3.95 169 1008.5   7.9   4.8   1.0 99.0 99.00 
2025 01 30 00 50 320 12.1 15.5 99.00 99.00 99.00 999 1008.9   8.1   4.9   0.7 99.0 99.00 
2025 01 30 01 00 318 10.8 15.4 99.00 99.00 99.00 999 1009.5   8.3   5.0   0.7 99.0 99.00 
2025 01 30 01 10 313  8.6 10.8  1.19  4.17  4.04 307 1009.8   7.9   5.0   0.9 99.0 99.00 
2025 01 30 01 20 309  7.9  9.3 99.00 99.00 99.00 999 1010.0   7.7   4.9   0.9 99.0 99.00 
2025 01 30 01 30 304  7.5  9.0 99.00 99.00 99.00 999 1010.4   7.6   4.9   1.1 99.0 99.00 
2025 01 30 01 40 301  7.8  9.6  1.13  4.55  4.10 315 1010.6   7.6   4.9   0.8 99.0 99.00 
2025 01 30 01 50 298  7.6  9.4 99.00 99.00 99.00 999 1010.9   7.7   4.9   0.7 99.0 99.00 
2025 01 30 02 00 297  6.7  7.9 99.00 99.00 99.00 999 1011.2   7.4   4.9   1.1 99.0 99.00 
2025 01 30 02 10 297  5.9  7.0  1.12  4.35  4.12 317 1011.4   7.1   4.9   1.3 99.0 99.00 
2025 01 30 02 20 290  5.6  6.5 99.00 99.00 99.00 999 1011.5   6.9   4.9   1.6 99.0 99.00 
2025 01 30 02 30 289  5.7  6.5 99.00 99.00 99.00 999 1011.6   6.7   4.9   1.7 99.0 99.00 
2025 01 30 02 40 287  5.9  7.1  1.04  5.00  4.21 338 1011.8   6.6   4.9   1.6 99.0 99.00 
2025 01 30 02 50 286  6.6  8.0 99.00 99.00 99.00 999 1011.8   6.8   4.9   1.2 99.0 99.00 
2025 01 30 03 00 287  6.5  7.9 99.00 99.00 99.00 999 1012.1   6.9   4.7   1.2 99.0 99.00 
2025 01 30 03 10 285  5.7  6.7  0.90  5.56  4.11 175 1012.3   6.6   4.7   1.4 99.0 99.00 
2025 01 30 03 20 290  6.1  7.1 99.00 99.00 99.00 999 1012.5   6.6   4.8   1.3 99.0 99.00 
2025 01 30 03 30 291  6.6  8.3 99.00 99.00 99.00 999 1012.7   6.6   4.7   1.2 99.0 99.00 
2025 01 30 03 40 289  6.9  8.5  0.78  6.67  3.88 163 1013.0   6.7   4.7   1.3 99.0 99.00 
2025 01 30 03 50 284  6.1  7.1 99.00 99.00 99.00 999 1013.3   6.4   4.7   1.5 99.0 99.00 
2025 01 30 04 00 324  5.6  7.1 99.00 99.00 99.00 999 1013.8   6.1   4.7   1.8 99.0 99.00 
2025 01 30 04 10 324  5.8  7.6  0.80  3.57  3.87 312 1014.0   5.9   4.7   1.7 99.0 99.00 
2025 01 30 04 20 317  5.2  6.5 99.00 99.00 99.00 999 1014.2   5.7   4.7   2.0 99.0 99.00 
2025 01 30 04 30 319  5.7  6.9 99.00 99.00 99.00 999 1014.3   5.5   4.7   1.9 99.0 99.00 
2025 01 30 04 40 322  6.0  7.5  0.79  6.67  3.77 169 1014.6   5.4   4.7   1.9 99.0 99.00 
2025 01 30 04 50 323  6.7  9.3 99.00 99.00 99.00 999 1014.8   5.3   4.7   1.7 99.0 99.00 
2025 01 30 05 00 324  7.8  9.8 99.00 99.00 99.00 999 1014.8   5.3   4.7   1.6 99.0 99.00 
2025 01 30 05 10 324  8.2 10.5  0.83  3.57  3.56 323 1014.9   5.4   4.8   1.6 99.0 99.00 
2025 01 30 05 20 322  8.2 10.0 99.00 99.00 99.00 999 1015.1   5.3   4.8   1.4 99.0 99.00 
2025 01 30 05 30 320  7.3  9.3 99.00 99.00 99.00 999 1015.3   5.3   4.8   1.6 99.0 99.00 
2025 01 30 05 40 318  7.0  8.6  0.86  3.33  3.64 329 1015.4   5.2   4.8   1.6 99.0 99.00 
2025 01 30 05 50 314  6.6  8.6 99.00 99.00 99.00 999 1015.4   5.1   4.7   1.6 99.0 99.00 
2025 01 30 06 00 312  6.2  7.5 99.00 99.00 99.00 999 1015.7   5.0   4.7   1.6 99.0 99.00 
2025 01 30 06 10 311  5.9  7.6  0.81  4.00  3.71 331 1015.9   4.9   4.7   1.8 99.0 99.00 
2025 01 30 06 20 314  6.2  7.7 99.00 99.00 99.00 999 1016.2   4.8   4.7   1.6 99.0 99.00 
2025 01 30 06 30 315  6.2  8.1 99.00 99.00 99.00 999 1016.4   4.9   4.7   1.6 99.0 99.00 
2025 01 30 06 40 310  5.5  6.8  0.78  4.17  3.71 344 1016.7   4.9   4.7   1.7 99.0 99.00 
2025 01 30 06 50 306  5.2  6.6 99.00 99.00 99.00 999 1016.8   4.8   4.7   1.6 99.0 99.00 
2025 01 30 07 00 306  4.6  5.9 99.00 99.00 99.00 999 1017.1   4.8   4.7   1.7 99.0 99.00 
2025 01 30 07 10 307  4.3  5.4  0.75  4.35  3.95 334 1017.3   4.7   4.7   1.6 99.0 99.00 
2025 01 30 07 20 304  4.4  5.9 99.00 99.00 99.00 999 1017.5   4.7   4.7   1.6 99.0 99.00 
2025 01 30 07 30 301  4.4  5.9 99.00 99.00 99.00 999 1017.6   4.7   4.7   1.5 99.0 99.00 
2025 01 30 07 40 301  4.6  6.2  0.76  4.00  3.87 336 1017.6   4.7   4.7   1.3 99.0 99.00 
2025 01 30 07 50 305  4.9  6.4 99.00 99.00 99.00 999 1017.8   4.8   4.7   1.2 99.0 99.00 
2025 01 30 08 00 310  5.2  6.6 99.00 99.00 99.00 999 1017.9   4.8   4.7   1.0 99.0 99.00 
2025 01 30 08 10 315  5.2  6.6  0.67  3.85  3.79 335 1018.0   4.8   4.7   1.0 99.0 99.00 
2025 01 30 08 20 316  6.0  7.9 99.00 99.00 99.00 999 1018.1   4.8   4.7   0.8 99.0 99.00 
2025 01 30 08 30 316  6.3  8.0 99.00 99.00 99.00 999 1018.2   4.8   4.7   0.8 99.0 99.00 
2025 01 30 08 40 315  6.4  8.2  0.65  6.67  3.82 158 1018.3   4.8   4.7   0.8 99.0 99.00 
2025 01 30 08 50 315  6.4  7.8 99.00 99.00 99.00 999 1018.5   4.8   4.8   0.9 99.0 99.00 
2025 01 30 09 00 318  6.6  8.1 99.00 99.00 99.00 999 1018.7   4.7   4.8   0.8 99.0 99.00 
2025 01 30 09 10 320  6.5  8.9  0.69  7.14  3.78 152 1018.9   4.7   4.8   0.9 99.0 99.00 
2025 01 30 09 20 322  6.0  7.5 99.00 99.00 99.00 999 1019.2   4.6   4.8   0.9 99.0 99.00 
2025 01 30 09 30 324  5.9  7.2 99.00 99.00 99.00 999 1019.4   4.6   4.8   1.0 99.0 99.00 
2025 01 30 09 40 323  6.0  7.4  0.70  3.57  3.90 346 1019.6   4.5   4.8   1.0 99.0 99.00 
2025 01 30 09 50 328  6.1  7.9 99.00 99.00 99.00 999 1019.7   4.5   4.8   1.3 99.0 99.00 
2025 01 30 10 00 336  6.8  8.3 99.00 99.00 99.00 999 1019.8   4.4   4.8   1.2 99.0 99.00 
2025 01 30 10 10 339  7.0  9.4  0.70  6.67  3.83 160 1020.1   4.3   4.8   0.5 99.0 99.00 
2025 01 30 10 20 338  6.0  7.4 99.00 99.00 99.00 999 1020.3   4.3   4.9   0.1 99.0 99.00 
2025 01 30 10 30 340  5.8  7.1 99.00 99.00 99.00 999 1020.4   4.2   4.9  -0.3 99.0 99.00 
2025 01 30 10 40 347  6.3  7.9  0.68  3.57  3.82 344 1020.6   4.1   4.9  -0.2 99.0 99.00 
2025 01 30 10 50 347  7.0  8.2 99.00 99.00 99.00 999 1020.7   4.0   4.9  -0.6 99.0 99.00 
2025 01 30 11 00 344  7.1  8.7 99.00 99.00 99.00 999 1021.0   4.0   4.9  -0.4 99.0 99.00 
2025 01 30 11 10 344  7.0  8.7  0.70  3.57  3.87 338 1021.3   3.9   4.9  -0.5 99.0 99.00 
2025 01 30 11 20 348  6.4  8.0 99.00 99.00 99.00 999 1021.6   3.8   4.9  -0.5 99.0 99.00 
2025 01 30 11 30 348  6.4  7.7 99.00 99.00 99.00 999 1021.8   3.8   4.9  -0.6 99.0 99.00 
2025 01 30 11 40 348  7.3  9.1  0.74  3.85  3.79 351 1021.8   3.7   4.9  -1.0 99.0 99.00 
2025 01 30 11 50 345  7.7  9.2 99.00 99.00 99.00 999 1022.1   3.7   4.9  -1.2 99.0 99.00 
2025 01 30 12 00 342  7.8  9.4 99.00 99.00 99.00 999 1022.5   3.7   4.9  -1.4 99.0 99.00 
2025 01 30 12 10 347  7.9 10.0  0.77  4.17  3.84 357 1022.9   3.7   4.9  -1.3 99.0 99.00 
2025 01 30 12 20 348  7.6  9.5 99.00 99.00 99.00 999 1023.0   3.7   4.9  -1.5 99.0 99.00 
2025 01 30 12 30 343  7.2  9.2 99.00 99.00 99.00 999 1023.1   3.7   4.9  -1.7 99.0 99.00 
2025 01 30 12 40 345  7.1  8.5  0.81  4.17  3.86   3 1023.2   3.6   4.9  -2.1 99.0 99.00 
2025 01 30 12 50 348  6.9  8.0 99.00 99.00 99.00 999 1023.5   3.7   5.0  -2.0 99.0 99.00 
2025 01 30 13 00 349  6.6  8.2 99.00 99.00 99.00 999 1023.7   3.7   5.0  -1.8 99.0 99.00 
2025 01 30 13 10 352  6.7  8.0  0.85  4.17  3.91   3 1023.9   3.7   4.9  -2.0 99.0 99.00 
2025 01 30 13 20 348  5.8  6.9 99.00 99.00 99.00 999 1024.3   3.7   5.0  -1.9 99.0 99.00 
2025 01 30 13 30 347  5.7  7.1 99.00 99.00 99.00 999 1024.6   3.8   5.0  -1.9 99.0 99.00 
2025 01 30 13 40 347  5.3  6.7  0.79  4.00  3.90 356 1024.7   3.8   5.0  -1.8 99.0 99.00 
2025 01 30 13 50 351  6.2  7.4 99.00 99.00 99.00 999 1024.9   3.8   5.0  -2.2 99.0 99.00 
2025 01 30 14 00 347  5.9  7.1 99.00 99.00 99.00 999 1025.0   3.8   5.0  -2.1 99.0 99.00 
2025 01 30 14 10 346  5.9  7.3  0.71  4.00  3.68 355 1025.1   3.7   5.0  -2.4 99.0 99.00 
2025 01 30 14 20 347  5.3  7.0 99.00 99.00 99.00 999 1025.1   3.7   5.0  -2.4 99.0 99.00 
2025 01 30 14 30 347  5.0  6.0 99.00 99.00 99.00 999 1025.1   3.6   5.0  -2.8 99.0 99.00 
2025 01 30 14 40 351  4.5  6.2  0.74  4.00  3.71 357 1025.1   3.6   5.0  -2.7 99.0 99.00 
2025 01 30 14 50 360  3.6  4.9 99.00 99.00 99.00 999 1025.2   3.6   5.0  -2.7 99.0 99.00 
2025 01 30 15 00 359  4.2  5.4 99.00 99.00 99.00 999 1025.3   3.6   5.0  -2.9 99.0 99.00 
2025 01 30 15 10 357  3.9  5.1  0.72  3.70  3.79   3 1025.6   3.6   5.0  -2.9 99.0 99.00 
2025 01 30 15 20 347  2.9  4.3 99.00 99.00 99.00 999 1025.9   3.6   5.0  -2.9 99.0 99.00 
2025 01 30 15 30 355  3.0  4.2 99.00 99.00 99.00 999 1025.8   3.6   5.0  -2.9 99.0 99.00 
2025 01 30 15 40 359  2.2  3.7  0.68  4.17  3.82   5 1025.6   3.7   5.0  -3.0 99.0 99.00 
2025 01 30 15 50 352  1.8  3.0 99.00 99.00 99.00 999 1025.7   3.7   5.0  -3.2 99.0 99.00 
2025 01 30 16 00 351  1.9  2.5 99.00 99.00 99.00 999 1025.7   3.7   5.0  -3.3 99.0 99.00 
2025 01 30 16 10 342  1.4  2.3  0.68  4.00  3.89  15 1025.9   3.8   5.1  -2.9 99.0 99.00 
2025 01 30 16 20 327  1.4  2.2 99.00 99.00 99.00 999 1026.1   3.9   5.1  -3.1 99.0 99.00 
2025 01 30 16 30 342  1.7  2.5 99.00 99.00 99.00 999 1026.4   3.9   5.1  -3.3 99.0 99.00 
2025 01 30 16 40 314  1.6  2.3  0.69  4.17  3.98  22 1026.5   3.9   5.1  -3.3 99.0 99.00 
2025 01 30 16 50 317  1.7  3.0 99.00 99.00 99.00 999 1026.5   3.9   5.1  -3.2 99.0 99.00 
2025 01 30 17 00 330  1.8  3.0 99.00 99.00 99.00 999 1026.5   3.9   5.2  -3.2 99.0 99.00 
2025 01 30 17 10 332  2.3  3.2  0.68  4.17  4.09  15 1026.2   3.9   5.1  -3.2 99.0 99.00 
2025 01 30 17 20 341  2.2  3.0 99.00 99.00 99.00 999 1025.9   3.8   5.1  -3.2 99.0 99.00 
2025 01 30 17 30 347  2.7  3.7 99.00 99.00 99.00 999 1025.8   3.7   5.1  -3.3 99.0 99.00 
2025 01 30 17 40 349  3.2  4.1  0.64  3.85  4.05  12 1025.5   3.7   5.1  -3.1 99.0 99.00 
2025 01 30 17 50 356  3.0  3.9 99.00 99.00 99.00 999 1025.5   3.7   5.1  -3.0 99.0 99.00 
2025 01 30 18 00   4  4.2  5.3 99.00 99.00 99.00 999 1025.2   3.7   5.2  -2.8 99.0 99.00 
2025 01 30 18 10   1  4.5  5.6  0.60  9.09  4.25 145 1024.9   3.7   5.1  -2.9 99.0 99.00 
2025 01 30 18 20 357  4.3  5.1 99.00 99.00 99.00 999 1024.8   3.7   5.1  -2.9 99.0 99.00 
2025 01 30 18 30   8  3.9  5.0 99.00 99.00 99.00 999 1024.8   3.7   5.1  -3.5 99.0 99.00 
2025 01 30 18 40  22  3.1  3.9  0.60  7.69  4.22 127 1025.2   3.8 999.0  -3.3 99.0 99.00 
2025 01 30 18 50  22  2.8  3.6 99.00 99.00 99.00 999 1025.4   3.9   5.1  -3.4 99.0 99.00 
2025 01 30 19 00  13  2.6  3.4 99.00 99.00 99.00 999 1025.5   4.0   5.1  -3.0 99.0 99.00 
2025 01 30 19 10  25  2.5  3.1  0.59  8.33  4.25 141 1025.3   4.0   5.1  -2.7 99.0 99.00 
2025 01 30 19 20  36  3.7  4.4 99.00 99.00 99.00 999 1025.2   3.9   5.1  -2.4 99.0 99.00 
2025 01 30 19 30  44  3.5  4.4 99.00 99.00 99.00 999 1025.0   3.9   5.1  -2.4 99.0 99.00 
2025 01 30 19 40  73  2.8  3.9  0.61  8.33  4.47 135 1024.9   4.0   5.1  -2.3 99.0 99.00 
2025 01 30 19 50  95  3.0  3.8 99.00 99.00 99.00 999 1024.6   4.1   5.1  -2.5 99.0 99.00 
2025 01 30 20 00 107  2.4  3.1 99.00 99.00 99.00 999 1024.5   4.2   5.2  -2.2 99.0 99.00 
2025 01 30 20 10 107  2.6  3.6  0.57  5.26  4.54  37 1024.6   4.3   5.1  -2.5 99.0 99.00 
2025 01 30 20 20 130  2.6  3.5 99.00 99.00 99.00 999 1024.5   4.4   5.1  -2.1 99.0 99.00 
2025 01 30 20 30 134  2.5  3.4 99.00 99.00 99.00 999 1024.6   4.4   5.1  -2.1 99.0 99.00 
2025 01 30 20 40 137  2.4  3.1  0.59  9.09  4.82 162 1024.6   4.3   5.1  -2.5 99.0 99.00 
2025 01 30 20 50 162  3.2  4.3 99.00 99.00 99.00 999 1025.1   4.3   5.1  -1.9 99.0 99.00 
2025 01 30 21 00 169  3.7  4.5 99.00 99.00 99.00 999 1025.2   4.4   5.1  -1.5 99.0 99.00 
2025 01 30 21 10 170  3.9  4.8  0.54  8.33  4.86 153 1024.9   4.3   5.1  -1.4 99.0 99.00 
2025 01 30 21 20 167  4.0  4.7 99.00 99.00 99.00 999 1024.8   4.3   5.1  -1.4 99.0 99.00 
2025 01 30 21 30 165  4.1  5.1 99.00 99.00 99.00 999 1024.7   4.3   5.1  -1.0 99.0 99.00 
2025 01 30 21 40 169  4.5  5.3  0.59  9.09  5.12 156 1024.9   4.3   5.1  -0.9 99.0 99.00 
2025 01 30 21 50 164  4.3  5.3 99.00 99.00 99.00 999 1025.1   4.3   5.1  -0.9 99.0 99.00 
2025 01 30 22 00 161  3.5  4.4 99.00 99.00 99.00 999 1025.2   4.3   5.1  -0.7 99.0 99.00 
2025 01 30 22 10 161  3.8  4.5  0.55  9.09  5.19 152 1025.2   4.4   5.0  -0.6 99.0 99.00 
2025 01 30 22 20 165  3.9  4.7 99.00 99.00 99.00 999 1025.3   4.5   5.0  -0.2 99.0 99.00 
2025 01 30 22 30 163  4.2  5.0 99.00 99.00 99.00 999 1025.2   4.6   5.1   0.1 99.0 99.00 
2025 01 30 22 40 160  4.3  5.2  0.57  9.09  5.42 143 1025.1   4.7   5.0   0.5 99.0 99.00 
2025 01 30 22 50 152  4.5  5.4 99.00 99.00 99.00 999 1025.0   4.8   5.0   0.8 99.0 99.00 
2025 01 30 23 00 151  4.9  5.7 99.00 99.00 99.00 999 1024.9   5.0   5.0   1.3 99.0 99.00 
2025 01 30 23 10 152  4.9  5.9  0.53  9.09  5.12 189 1024.9   5.1   5.0   1.6 99.0 99.00 
2025 01 30 23 20 152  5.0  6.3 99.00 99.00 99.00 999 1024.9   5.2   5.1   1.8 99.0 99.00 
2025 01 30 23 30 152  4.5  5.7 99.00 99.00 99.00 999 1025.1   5.3   5.1   2.1 99.0 99.00 
2025 01 30 23 40 153  4.2  5.1  0.55  8.33  5.36 172 1025.2   5.4   5.1   2.5 99.0 99.00 
2025 01 30 23 50 155  4.4  5.4 99.00 99.00 99.00 999 1024.8   5.6   5.1   3.0 99.0 99.00 
2025 01 31 00 00 158  5.2  6.5 99.00 99.00 99.00 999 1024.7   5.8   5.0   3.4 99.0 99.00 
2025 01 31 00 10 156  5.2  6.1  0.57  9.09  5.32 134 1024.7   5.9   5.0   3.5 99.0 99.00 
2025 01 31 00 20 152  4.9  5.8 99.00 99.00 99.00 999 1024.5   6.0   5.0   3.6 99.0 99.00 
2025 01 31 00 30 155  5.3  6.3 99.00 99.00 99.00 999 1024.5   6.0   5.0   3.8 99.0 99.00 
2025 01 31 00 40 160  5.5  6.6  0.52  8.33  4.49 204 1024.6   6.1   5.0   3.9 99.0 99.00 
2025 01 31 00 50 161  5.3  6.5 99.00 99.00 99.00 999 1024.8   6.1   5.0   4.0 99.0 99.00 
2025 01 31 01 00 164  5.4  6.4 99.00 99.00 99.00 999 1024.9   6.2   5.0   4.2 99.0 99.00 
2025 01 31 01 10 164  5.6  6.6  0.59 10.00  4.23 122 1025.1   6.3   5.0   4.3 99.0 99.00 
2025 01 31 01 20 162  5.7  6.8 99.00 99.00 99.00 999 1025.0   6.3   5.0   4.4 99.0 99.00 
2025 01 31 01 30 162  5.5  6.4 99.00 99.00 99.00 999 1025.0   6.4   5.0   4.5 99.0 99.00 
2025 01 31 01 40 162  5.5  6.6  0.60 10.00  3.84 135 1025.0   6.4   5.1   4.5 99.0 99.00 
2025 01 31 01 50 162  5.5  6.9 99.00 99.00 99.00 999 1024.9   6.5   5.1   4.6 99.0 99.00 
2025 01 31 02 00 160  5.4  6.2 99.00 99.00 99.00 999 1024.9   6.5   5.1   4.7 99.0 99.00 
2025 01 31 02 10 157  5.2  6.0  0.61  9.09  3.74 143 1024.7   6.5   5.1   4.7 99.0 99.00 
2025 01 31 02 20 158  5.6  7.0 99.00 99.00 99.00 999 1024.6   6.5   5.1   4.7 99.0 99.00 
2025 01 31 02 30 158  5.8  6.8 99.00 99.00 99.00 999 1024.6   6.6   5.1   4.7 99.0 99.00 
2025 01 31 02 40 157  5.9  7.4  0.62  8.33  3.73 112 1024.5   6.7   5.1   4.9 99.0 99.00 
2025 01 31 02 50 155  6.3  7.9 99.00 99.00 99.00 999 1024.2   6.7   5.1   4.9 99.0 99.00 
2025 01 31 03 00 153  6.2  7.3 99.00 99.00 99.00 999 1023.9   6.7   5.1   4.9 99.0 99.00 
2025 01 31 03 10 152  6.4  7.5  0.63  3.33  3.69 155 1023.7   6.7   5.1   5.0 99.0 99.00 
2025 01 31 03 20 153  6.6  7.6 99.00 99.00 99.00 999 1023.6   6.8   5.1   5.1 99.0 99.00 
2025 01 31 03 30 152  6.5  7.7 99.00 99.00 99.00 999 1023.5   6.8   5.1   5.1 99.0 99.00 
2025 01 31 03 40 152  6.5  7.9  0.67  3.57  3.70 150 1023.6   6.8   5.1   5.1 99.0 99.00 
2025 01 31 03 50 155  6.5  7.9 99.00 99.00 99.00 999 1023.5   6.9   5.1   5.2 99.0 99.00 
2025 01 31 04 00 157  6.9  8.1 99.00 99.00 99.00 999 1023.6   6.9   5.1   5.1 99.0 99.00 
2025 01 31 04 10 157  6.8  7.9  0.81  3.85  3.85 155 1023.5   6.9   5.2   5.1 99.0 99.00 
2025 01 31 04 20 158  6.5  7.5 99.00 99.00 99.00 999 1023.4   6.9   5.2   5.2 99.0 99.00 
2025 01 31 04 30 157  6.4  7.5 99.00 99.00 99.00 999 1023.2   6.9   5.1   5.2 99.0 99.00 
2025 01 31 04 40 158  6.5  8.0  0.77  4.00  3.80 147 1023.0   6.9   5.1   5.2 99.0 99.00 
2025 01 31 04 50 158  6.6  7.7 99.00 99.00 99.00 999 1022.8   6.9   5.1   5.2 99.0 99.00 
2025 01 31 05 00 159  6.8  8.3 99.00 99.00 99.00 999 1022.5   6.9   5.1   5.2 99.0 99.00 
2025 01 31 05 10 154  7.4  9.1  0.78  4.17  3.72 147 1022.3   6.9   5.1   5.0 99.0 99.00 
2025 01 31 05 20 154  7.7  9.6 99.00 99.00 99.00 999 1022.1   7.0   5.1   5.0 99.0 99.00 
2025 01 31 05 30 159  7.0  9.6 99.00 99.00 99.00 999 1022.1   7.0   5.1   5.0 99.0 99.00 
2025 01 31 05 40 158  6.5  8.0  0.83  4.17  3.83 146 1021.9   6.9   5.1   5.0 99.0 99.00 
2025 01 31 05 50 157  6.8  8.0 99.00 99.00 99.00 999 1021.8   7.0   5.1   4.9 99.0 99.00 
2025 01 31 06 00 153  6.7  8.1 99.00 99.00 99.00 999 1021.4   7.1   5.1   4.9 99.0 99.00 
2025 01 31 06 10 154  7.0  8.0  0.84  4.17  3.89 159 1021.2   7.1   5.1   4.8 99.0 99.00 
2025 01 31 06 20 159  7.3  8.9 99.00 99.00 99.00 999 1021.4   7.1   5.1   4.8 99.0 99.00 
2025 01 31 06 30 166  6.8  8.2 99.00 99.00 99.00 999 1021.5   7.1   5.1   4.8 99.0 99.00 
2025 01 31 06 40 169  7.1  8.5  0.85  4.35  3.88 152 1021.6   7.2   5.1   4.9 99.0 99.00 
2025 01 31 06 50 173  7.3  9.7 99.00 99.00 99.00 999 1021.6   7.3   5.0   5.0 99.0 99.00 
2025 01 31 07 00 177  7.2  9.5 99.00 99.00 99.00 999 1021.4   7.5   5.1   5.2 99.0 99.00 
2025 01 31 07 10 173  6.8  7.9  0.90  4.35  3.90 155 1021.5   7.2   5.1   5.1 99.0 99.00 
2025 01 31 07 20 174  6.8  7.9 99.00 99.00 99.00 999 1021.7   7.1   5.1   5.2 99.0 99.00 
2025 01 31 07 30 177  6.5  7.6 99.00 99.00 99.00 999 1021.5   7.2   5.1   5.3 99.0 99.00 
2025 01 31 07 40 172  5.9  7.1  0.86  4.35  3.92 155 1021.4   7.1   5.1   5.4 99.0 99.00 
2025 01 31 07 50 169  5.1  6.3 99.00 99.00 99.00 999 1021.1   6.9   5.1   5.4 99.0 99.00 
2025 01 31 08 00 174  5.4  6.5 99.00 99.00 99.00 999 1021.1   6.9   5.1   5.4 99.0 99.00 
2025 01 31 08 10 169  5.3  6.4  0.88  4.55  4.03 161 1020.4   7.0   5.1   5.4 99.0 99.00 
2025 01 31 08 20 156  4.9  5.6 99.00 99.00 99.00 999 1020.0   7.0   5.0   5.5 99.0 99.00 
2025 01 31 08 30 159  4.6  5.4 99.00 99.00 99.00 999 1019.9   7.0   5.0   5.5 99.0 99.00 
2025 01 31 08 40 156  5.2  6.3  0.87  4.55  4.12 156 1019.5   7.0   5.0   5.7 99.0 99.00 
2025 01 31 08 50 156  5.4  6.4 99.00 99.00 99.00 999 1019.5   7.1   5.0   5.8 99.0 99.00 
2025 01 31 09 00 160  5.7  7.0 99.00 99.00 99.00 999 1019.2   7.1   5.0   5.9 99.0 99.00 
2025 01 31 09 10 154  5.8  6.9  0.87  4.76  4.12 147 1019.0   7.2   5.0   6.1 99.0 99.00 
2025 01 31 09 20 150  5.2  6.5 99.00 99.00 99.00 999 1018.9   7.2   5.0   6.1 99.0 99.00 
2025 01 31 09 30 150  4.9  6.1 99.00 99.00 99.00 999 1018.9   7.2   5.0   6.2 99.0 99.00 
2025 01 31 09 40 154  5.1  6.0  0.85  4.35  4.10 143 1018.7   7.2   5.0   6.3 99.0 99.00 
2025 01 31 09 50 154  3.9  5.1 99.00 99.00 99.00 999 1018.6   7.2   5.0   6.4 99.0 99.00 
2025 01 31 10 00 155  2.6  4.1 99.00 99.00 99.00 999 1018.5   7.2   5.0   6.5 99.0 99.00 
2025 01 31 10 10 154  2.9  4.4  0.87  4.35  4.08 162 1018.0   7.4   5.0   6.8 99.0 99.00 
2025 01 31 10 20 153  3.5  5.0 99.00 99.00 99.00 999 1017.9   7.6   5.0   7.0 99.0 99.00 
2025 01 31 10 30 152  4.4  5.5 99.00 99.00 99.00 999 1017.6   7.5   5.0   6.9 99.0 99.00 
2025 01 31 10 40 146  4.5  5.7  0.82  4.35  4.09 141 1017.5   7.5   5.0   7.1 99.0 99.00 
2025 01 31 10 50 149  4.3  5.6 99.00 99.00 99.00 999 1017.3   7.4   5.0   7.0 99.0 99.00 
2025 01 31 11 00 144  4.4  5.3 99.00 99.00 99.00 999 1017.0   7.3   5.0   7.0 99.0 99.00 
2025 01 31 11 10 138  4.5  5.0  0.77  4.17  3.96 156 1016.7   7.3   5.0   7.0 99.0 99.00 
2025 01 31 11 20 134  4.7  5.5 99.00 99.00 99.00 999 1016.3   7.3   5.0   7.1 99.0 99.00 
2025 01 31 11 30 132  4.8  6.1 99.00 99.00 99.00 999 1016.2   7.5   5.0   7.3 99.0 99.00 
2025 01 31 11 40 141  5.2  6.4  0.75  4.17  4.04 129 1015.9   7.5   5.0   7.3 99.0 99.00 
2025 01 31 11 50 149  6.2  7.3 99.00 99.00 99.00 999 1015.6   7.8   5.1   7.7 99.0 99.00 
2025 01 31 12 00 156  6.5  7.9 99.00 99.00 99.00 999 1015.5   8.0   5.1   7.8 99.0 99.00 
2025 01 31 12 10 161  6.9  8.2  0.74  4.00  3.80 141 1015.4   8.1   5.1   7.8 99.0 99.00 
2025 01 31 12 20 168  7.5  9.1 99.00 99.00 99.00 999 1015.3   8.4   5.1   8.1 99.0 99.00 
2025 01 31 12 30 176  8.2 10.1 99.00 99.00 99.00 999 1015.3   8.6   5.1   8.3 99.0 99.00 
2025 01 31 12 40 180  8.5 10.0  0.75  3.85  3.50 145 1015.3   8.7   5.2   8.4 99.0 99.00 
2025 01 31 12 50 179  8.7 10.3 99.00 99.00 99.00 999 1015.2   8.7   5.2   8.4 99.0 99.00 
2025 01 31 13 00 184  8.0  9.4 99.00 99.00 99.00 999 1015.3   8.7   5.2   8.5 99.0 99.00 
2025 01 31 13 10 184  8.1  9.5  0.83  3.85  3.51 154 1015.1   8.6   5.2   8.4 99.0 99.00 
2025 01 31 13 20 190  8.0 10.0 99.00 99.00 99.00 999 1015.2   8.5   5.2   8.4 99.0 99.00 
2025 01 31 13 30 232  8.2 11.6 99.00 99.00 99.00 999 1016.0   8.6   5.2   8.5 99.0 99.00 
2025 01 31 13 40 252  5.6  7.0  0.83  3.70  3.62 167 1016.3   7.3   5.2   7.0 99.0 99.00 
2025 01 31 13 50 251  6.3  7.8 99.00 99.00 99.00 999 1016.4   7.1   5.2   7.0 99.0 99.00 
2025 01 31 14 00 239  6.5  8.4 99.00 99.00 99.00 999 1016.3   7.3   5.2   7.3 99.0 99.00 
2025 01 31 14 10 233  5.8  6.8  0.83  4.00  3.69 160 1016.5   7.2   5.1   7.2 99.0 99.00 
2025 01 31 14 20 232  5.9  8.0 99.00 99.00 99.00 999 1016.2   7.0   5.1   7.0 99.0 99.00 
2025 01 31 14 30 221  6.3  8.1 99.00 99.00 99.00 999 1016.1   7.1   5.1   7.1 99.0 99.00 
2025 01 31 14 40 215  6.1  7.0  0.79  4.17  3.85 151 1015.8   6.9   5.1   6.9 99.0 99.00 
2025 01 31 14 50 212  6.7  8.1 99.00 99.00 99.00 999 1015.6   6.9   5.1   6.9 99.0 99.00 
2025 01 31 15 00 211  6.9  8.1 99.00 99.00 99.00 999 1015.3   7.1   5.1   7.1 99.0 99.00 
2025 01 31 15 10 208  6.5  7.6  0.79  3.70  3.64 178 1015.1   7.2   5.1   7.2 99.0 99.00 
2025 01 31 15 20 204  6.9  8.4 99.00 99.00 99.00 999 1014.9   7.3   5.1   7.3 99.0 99.00 
2025 01 31 15 30 204  6.8  8.2 99.00 99.00 99.00 999 1014.7   7.5   5.1   7.5 99.0 99.00 
2025 01 31 15 40 201  7.2  8.5  0.81  4.17  3.66 174 1014.3   7.4   5.0   7.4 99.0 99.00 
2025 01 31 15 50 200  6.8  8.0 99.00 99.00 99.00 999 1014.3   7.1   5.0   7.1 99.0 99.00 
2025 01 31 16 00 204  6.0  7.2 99.00 99.00 99.00 999 1014.1   7.2   5.0   7.2 99.0 99.00 
2025 01 31 16 10 203  5.9  7.0  0.86  4.35  3.81 176 1014.0   7.1   5.0   7.1 99.0 99.00 
2025 01 31 16 20 203  5.3  6.3 99.00 99.00 99.00 999 1014.0   7.0   5.0   7.0 99.0 99.00 
2025 01 31 16 30 208  6.2  7.5 99.00 99.00 99.00 999 1013.7   7.0   5.0   7.0 99.0 99.00 
2025 01 31 16 40 213  5.7  7.0  0.86  4.35  3.94 189 1013.4   6.9   5.0   6.9 99.0 99.00 
2025 01 31 16 50 216  4.8  5.8 99.00 99.00 99.00 999 1013.4   6.9   5.0   6.9 99.0 99.00 
2025 01 31 17 00 227  3.7  5.1 99.00 99.00 99.00 999 1013.0   6.8   5.0   6.8 99.0 99.00 
2025 01 31 17 10 214  3.8  5.0  0.91  4.55  4.06 174 1012.6   6.8   5.0   6.8 99.0 99.00 
2025 01 31 17 20 205  5.2  7.0 99.00 99.00 99.00 999 1012.1   6.8   5.0   6.8 99.0 99.00 
2025 01 31 17 30 216  5.5  6.8 99.00 99.00 99.00 999 1012.6   7.2   5.0 999.0 99.0 99.00 
2025 01 31 17 40 225  4.4  5.5  0.89  4.55  4.20 174 1012.3   7.2   5.0 999.0 99.0 99.00 
2025 01 31 17 50 224  3.8  5.0 99.00 99.00 99.00 999 1011.8   7.2   5.0   7.2 99.0 99.00 
2025 01 31 18 00 228  4.9  6.8 99.00 99.00 99.00 999 1011.4   7.4   5.0 999.0 99.0 99.00 
2025 01 31 18 10 236  6.6  8.9  0.88  4.55  4.21 178 1011.8   7.6   5.0 999.0 99.0 99.00 
2025 01 31 18 20 234  8.5 10.0 99.00 99.00 99.00 999 1011.6   8.1   5.0 999.0 99.0 99.00 
2025 01 31 18 30 231  8.0 10.5 99.00 99.00 99.00 999 1011.1   8.4   5.0 999.0 99.0 99.00 
2025 01 31 18 40 228  8.0  9.4  0.89  5.00  4.03 166 1011.1   8.2   5.0 999.0 99.0 99.00 
2025 01 31 18 50 225  7.7  9.5 99.00 99.00 99.00 999 1011.1   7.8   5.0   7.8 99.0 99.00 
2025 01 31 19 00 223  7.4  8.8 99.00 99.00 99.00 999 1011.1   7.6   5.0   7.6 99.0 99.00 
2025 01 31 19 10 220  7.5  9.1  1.11  4.76  4.37 179 1011.0   7.4   5.1 999.0 99.0 99.00 
2025 01 31 19 20 215  7.1  8.7 99.00 99.00 99.00 999 1010.6   7.4   5.1 999.0 99.0 99.00 
2025 01 31 19 30 208  7.0  8.5 99.00 99.00 99.00 999 1010.3   7.5   5.1 999.0 99.0 99.00 
2025 01 31 19 40 206  7.9 10.2  1.20  5.26  4.56 168 1009.9   7.8   5.1 999.0 99.0 99.00 
2025 01 31 19 50 200  8.6 10.1 99.00 99.00 99.00 999 1009.7   8.2   5.1 999.0 99.0 99.00 
2025 01 31 20 00 201  7.7  9.8 99.00 99.00 99.00 999 1009.8   8.1   5.1 999.0 99.0 99.00 
2025 01 31 20 10 203  7.2  9.1  1.29  5.88  4.70 159 1009.7   7.9   5.1   7.9 99.0 99.00 
2025 01 31 20 20 204  6.6  7.7 99.00 99.00 99.00 999 1009.7   7.5   5.1   7.5 99.0 99.00 
2025 01 31 20 30 205  6.5  7.9 99.00 99.00 99.00 999 1009.7   7.3   5.1   7.3 99.0 99.00 
2025 01 31 20 40 209  6.1  7.2  1.29  6.67  4.73 155 1009.6   7.3   5.1   7.3 99.0 99.00 
2025 01 31 20 50 211  6.0  7.8 99.00 99.00 99.00 999 1009.6   7.4   5.1 999.0 99.0 99.00 
2025 01 31 21 00 210  6.6  8.6 99.00 99.00 99.00 999 1009.1   7.7   5.1 999.0 99.0 99.00 
2025 01 31 21 10 208  6.5  7.7  1.55  6.67  5.16 155 1008.8   7.7   5.1 999.0 99.0 99.00 
2025 01 31 21 20 205  6.7  8.0 99.00 99.00 99.00 999 1008.8   7.6   5.1 999.0 99.0 99.00 
2025 01 31 21 30 207  6.4  7.5 99.00 99.00 99.00 999 1008.8   7.5   5.1   7.5 99.0 99.00 
2025 01 31 21 40 205  6.5  7.9  1.57  6.67  5.11 155 1008.8   7.5   5.1 999.0 99.0 99.00 
2025 01 31 21 50 199  6.6  7.9 99.00 99.00 99.00 999 1008.4   7.6   5.1 999.0 99.0 99.00 
2025 01 31 22 00 199  6.8  8.3 99.00 99.00 99.00 999 1008.5   7.8   5.1 999.0 99.0 99.00 
2025 01 31 22 10 201  6.8  8.1  1.44  6.25  4.99 152 1008.4   7.9   5.1 999.0 99.0 99.00 
2025 01 31 22 20 197  6.4  7.4 99.00 99.00 99.00 999 1008.2   7.7   5.1   7.7 99.0 99.00 
2025 01 31 22 30 198  7.1  8.9 99.00 99.00 99.00 999 1008.5   7.8   5.1 999.0 99.0 99.00 
2025 01 31 22 40 205  6.9  8.4  1.45  7.14  4.86 144 1008.7   7.9   5.1 999.0 99.0 99.00 
2025 01 31 22 50 208  6.9  8.2 99.00 99.00 99.00 999 1008.6   7.9   5.1 999.0 99.0 99.00 
2025 01 31 23 00 210  7.4  8.6 99.00 99.00 99.00 999 1008.7   7.8   5.1   7.8 99.0 99.00 
2025 01 31 23 10 214  7.4  8.9  1.49  6.67  4.98 144 1008.7   7.8   5.1   7.8 99.0 99.00 
2025 01 31 23 20 209  8.3 10.3 99.00 99.00 99.00 999 1008.6   8.0   5.1 999.0 99.0 99.00 
2025 01 31 23 30 209  8.8 10.2 99.00 99.00 99.00 999 1008.3   8.3   5.1   8.3 99.0 99.00 
2025 01 31 23 40 209  8.6 10.9  1.42  6.25  4.80 159 1008.5   8.3   5.1   8.3 99.0 99.00 
2025 01 31 23 50 213  8.1  9.6 99.00 99.00 99.00 999 1008.8   8.1   5.1   8.1 99.0 99.00 
